Step,Agent_ID,Yard
1,0,100
1,1,96
1,2,84
1,0,66
1,1,8
1,2,4
2,0,13
2,1,89
2,2,102
2,0,90
2,1,77
2,2,17
3,0,98
3,1,36
3,2,25
3,0,86
3,1,40
3,2,46
4,0,91
4,1,63
4,2,6
4,0,10
4,1,41
4,2,69
5,0,67
5,1,6
5,2,62
5,0,31
5,1,34
5,2,4
6,0,97
6,1,10
6,2,27
6,0,8
6,1,33
6,2,13
7,0,38
7,1,96
7,2,0
7,0,14
7,1,20
7,2,0
8,0,88
8,1,98
8,2,55
8,0,96
8,1,79
8,2,61
9,0,42
9,1,75
9,2,7
9,0,23
9,1,51
9,2,29
10,0,24
10,1,62
10,2,9
10,0,42
10,1,31
10,2,37
11,0,7
11,1,84
11,2,62
11,0,23
11,1,85
11,2,17
12,0,33
12,1,101
12,2,51
12,0,48
12,1,61
12,2,91
13,0,71
13,1,55
13,2,42
13,0,71
13,1,27
13,2,93
14,0,47
14,1,83
14,2,89
14,0,82
14,1,1
14,2,17
15,0,89
15,1,96
15,2,54
15,0,68
15,1,19
15,2,1
16,0,34
16,1,28
16,2,29
16,0,85
16,1,60
16,2,99
17,0,88
17,1,8
17,2,57
17,0,81
17,1,63
17,2,64
18,0,66
18,1,19
18,2,101
18,0,9
18,1,3
18,2,62
19,0,28
19,1,43
19,2,24
19,0,51
19,1,4
19,2,31
20,0,49
20,1,88
20,2,77
20,0,64
20,1,97
20,2,47
21,0,37
21,1,18
21,2,35
21,0,48
21,1,53
21,2,34
22,0,90
22,1,39
22,2,67
22,0,58
22,1,26
22,2,21
23,0,28
23,0,47
23,1,4
23,1,1
23,2,49
23,2,7
24,0,58
24,0,71
24,2,68
24,1,3
24,2,59
25,0,41
25,1,9
25,2,47
25,0,17
25,1,82
25,2,64
26,0,72
26,1,91
26,2,44
26,0,23
26,1,72
26,2,29
27,0,89
27,1,29
27,2,40
27,0,82
27,1,100
27,2,91
28,0,74
28,1,33
28,2,10
28,0,77
28,1,81
28,2,87
29,0,18
29,1,5
29,2,67
29,0,58
29,1,62
29,2,36
30,0,64
30,1,103
30,0,99
30,2,20
30,1,93
30,2,20
31,0,101
31,1,56
31,2,33
31,0,94
31,1,51
31,2,11
32,0,6
32,1,50
32,2,94
32,0,15
32,1,57
32,2,87
33,0,77
33,1,62
33,2,74
33,0,31
33,1,85
33,2,80
34,0,94
34,1,27
34,2,88
34,0,28
34,1,15
34,2,8
35,0,94
35,1,21
35,2,27
35,0,50
35,1,90
35,2,64
36,0,90
36,1,56
36,0,92
36,2,4
36,1,55
36,2,66
37,0,63
37,1,11
37,2,6
37,0,20
37,1,43
37,2,69
38,0,5
38,1,36
38,2,99
38,0,79
38,1,97
38,2,68
39,0,10
39,1,9
39,2,28
39,0,52
39,1,34
39,2,34
40,0,32
40,1,61
40,2,89
40,0,3
40,1,96
40,2,2
41,0,48
41,1,50
41,2,61
41,0,69
41,1,82
41,2,99
42,0,100
42,1,71
42,2,39
42,0,63
42,1,59
42,2,52
43,0,29
43,1,38
43,2,41
43,0,40
43,1,98
43,2,50
44,0,20
44,1,39
44,2,101
44,0,60
44,1,43
44,2,14
45,0,90
45,1,48
45,2,69
45,0,22
45,1,55
45,2,95
46,0,59
46,1,34
46,2,30
46,0,49
46,1,4
46,2,30
47,0,4
47,1,44
47,2,44
47,0,86
47,1,23
47,2,51
48,0,32
48,1,32
48,2,44
48,0,37
48,1,58
48,2,15
49,0,66
49,1,65
49,2,60
49,0,14
49,1,93
49,2,71
50,0,66
50,1,79
50,2,56
50,0,16
50,1,69
50,2,40
51,0,54
51,1,14
51,2,40
51,0,0
51,1,48
51,2,17
52,0,3
52,1,60
52,2,88
52,0,78
52,1,69
52,2,99
53,0,55
53,1,3
53,2,36
53,0,33
53,1,82
53,2,87
54,0,51
54,1,75
54,2,41
54,0,2
54,1,10
54,2,39
55,0,65
55,1,11
55,2,9
55,0,80
55,1,20
55,2,1
56,0,73
56,1,65
56,2,28
56,0,100
56,1,40
56,2,41
57,0,27
57,1,93
57,2,0
57,0,87
57,1,8
57,2,18
58,0,95
58,1,75
58,2,3
58,0,8
58,1,86
58,2,45
59,0,63
59,1,23
59,2,28
59,0,54
59,1,48
59,2,6
60,0,30
60,1,74
60,2,73
60,0,8
60,1,1
60,2,93
61,0,79
61,1,83
61,2,34
61,0,68
61,1,4
61,2,65
62,0,88
62,1,51
62,2,41
62,0,72
62,1,77
62,2,95
63,0,76
63,1,24
63,2,85
63,0,10
63,1,74
63,2,87
64,0,96
64,1,63
64,2,23
64,0,96
64,1,74
64,2,68
65,0,32
65,1,99
65,2,48
65,0,23
65,1,67
65,2,77
66,0,88
66,1,55
66,2,15
66,0,50
66,1,32
66,2,60
67,0,83
67,1,64
67,2,68
67,0,52
67,1,79
67,2,90
68,0,37
68,1,75
68,2,75
68,0,27
68,1,103
68,2,55
69,0,75
69,1,77
69,2,73
69,0,95
69,1,6
69,2,25
70,0,45
70,1,73
70,2,83
70,0,47
70,1,58
70,2,31
71,0,87
71,1,24
71,2,56
71,0,7
71,1,17
71,2,30
72,0,47
72,1,25
72,2,39
72,0,25
72,1,35
72,2,20
73,0,17
73,1,61
73,2,48
73,0,89
73,1,93
73,2,65
74,0,85
74,1,81
74,2,42
74,0,71
74,1,45
74,2,21
75,0,42
75,1,38
75,0,47
75,2,53
75,1,90
75,2,62
76,0,63
76,1,33
76,2,51
76,0,9
76,1,63
76,2,78
77,0,50
77,1,72
77,2,39
77,0,1
77,1,77
77,2,80
78,0,95
78,1,17
78,2,1
78,0,76
78,1,42
78,2,90
79,0,36
79,1,5
79,2,82
79,0,53
79,1,41
79,2,58
80,0,61
80,1,87
80,2,52
80,0,85
80,1,97
80,2,65
81,0,41
81,1,40
81,2,11
81,0,44
81,1,27
81,2,75
82,0,66
82,1,4
82,2,5
82,0,101
82,1,44
82,2,49
83,0,70
83,1,36
83,2,20
83,0,29
83,1,74
83,2,91
84,0,4
84,1,70
84,2,82
84,0,102
84,1,8
84,2,84
85,0,92
85,1,1
85,2,49
85,0,15
85,1,78
85,2,91
86,0,51
86,1,70
86,2,46
86,0,28
86,1,39
86,2,6
87,0,15
87,1,42
87,2,13
87,0,18
87,1,43
87,2,26
88,0,77
88,1,73
88,2,72
88,0,57
88,1,82
88,2,41
89,0,28
89,1,23
89,2,68
89,0,2
89,1,98
89,2,95
90,0,34
90,1,72
90,2,71
90,0,78
90,1,77
90,2,10
91,0,81
91,1,52
91,2,88
91,0,66
91,1,68
91,2,17
92,0,32
92,1,10
92,2,62
92,0,45
92,1,0
92,2,56
93,0,96
93,1,91
93,2,66
94,0,75
94,1,81
94,2,47
93,0,76
93,1,13
93,2,15
95,0,63
95,1,77
95,2,72
94,0,81
94,1,88
94,2,7
96,0,42
96,1,61
96,2,48
95,0,58
95,1,63
95,2,32
97,0,39
97,1,91
97,2,28
96,0,13
96,1,75
96,2,42
98,0,11
98,1,20
98,2,37
97,0,56
97,1,33
97,2,58
99,0,59
99,1,29
99,2,99
98,0,74
98,1,62
98,2,83
100,0,82
100,1,28
100,2,73
99,0,49
99,1,61
99,2,46
100,0,65
100,1,47
100,2,59
101,0,43
101,1,81
101,2,74
102,0,52
102,1,55
102,2,100
101,0,34
101,1,8
101,2,2
103,0,45
103,1,4
103,2,87
102,0,97
102,1,14
102,2,18
104,0,29
103,0,57
104,1,65
103,1,69
104,2,68
103,2,78
104,0,8
105,0,38
104,1,36
105,1,65
104,2,14
105,2,60
105,0,66
106,0,26
105,1,4
106,1,78
106,2,25
105,2,41
106,0,63
107,0,26
106,1,10
107,1,47
106,2,13
107,2,58
108,0,98
108,1,69
108,2,90
107,0,81
107,1,102
107,2,75
109,0,53
109,1,55
109,2,9
108,0,24
108,1,7
108,2,29
110,0,45
110,1,80
110,2,10
109,0,7
109,1,18
109,2,87
110,0,97
110,1,10
110,2,34
111,0,2
111,1,19
111,2,95
112,0,82
112,1,58
112,2,31
111,0,24
111,1,29
111,2,67
112,0,68
112,1,73
112,2,100
113,0,27
113,1,3
113,2,94
113,0,62
113,1,44
113,2,96
114,0,75
114,1,66
114,2,73
114,0,12
114,1,21
114,2,33
115,0,63
115,1,97
115,2,41
115,0,82
115,1,96
115,2,4
116,0,64
116,1,91
116,2,34
116,0,19
116,1,14
116,2,81
117,0,13
117,1,65
117,2,81
117,0,44
117,1,80
117,2,10
118,0,53
118,1,68
118,2,48
118,0,83
118,1,50
118,2,99
119,0,2
119,1,100
119,2,22
119,0,29
119,1,102
119,2,89
120,0,48
120,1,5
120,2,61
121,0,17
121,1,27
121,2,73
120,0,82
120,1,38
120,2,7
122,0,44
122,1,96
122,2,83
121,0,25
121,1,18
121,2,59
123,0,41
123,1,48
123,2,49
122,0,58
122,1,85
122,2,40
124,0,27
124,1,44
124,2,93
123,0,10
123,1,100
123,2,63
125,0,101
125,1,18
125,2,78
124,0,58
124,1,1
124,2,29
126,0,67
126,1,25
126,2,42
125,0,2
125,1,79
125,2,97
127,0,57
126,0,14
127,1,83
126,1,42
127,2,73
126,2,98
127,0,16
128,0,50
127,1,63
128,1,84
127,2,101
128,2,42
128,0,7
128,1,4
129,0,5
128,2,46
129,1,42
129,2,38
130,0,18
130,1,1
130,2,50
129,0,70
129,1,69
129,2,89
131,0,96
131,1,76
131,2,53
130,0,56
130,1,8
130,2,39
132,0,14
132,1,80
132,2,6
131,0,18
131,1,8
131,2,0
133,0,18
133,1,56
133,2,25
132,0,37
132,1,22
132,2,19
134,0,93
134,1,69
134,2,19
133,0,87
133,1,70
133,2,30
135,0,38
135,1,61
135,2,7
134,0,20
134,1,84
134,2,81
136,0,8
136,1,90
136,2,55
135,0,73
135,1,15
135,2,28
137,0,67
137,1,6
137,2,62
136,0,65
136,1,70
136,2,40
138,0,11
138,1,90
138,2,61
137,0,58
137,1,37
137,2,48
139,0,64
139,1,77
139,2,59
138,0,95
138,1,59
138,2,103
140,0,31
140,1,101
140,2,29
139,0,72
139,1,2
139,2,53
141,0,74
141,1,68
141,2,78
140,0,43
140,1,8
140,2,100
142,0,6
142,1,100
142,2,51
141,0,49
141,1,78
141,2,38
143,0,74
143,1,100
143,2,88
142,0,43
142,1,32
142,2,12
144,0,67
144,1,19
144,2,78
143,0,79
143,1,46
143,2,16
145,0,28
145,1,0
145,2,21
144,0,76
144,1,81
144,2,12
146,0,3
146,1,47
146,2,99
145,0,28
145,1,77
145,2,102
147,0,4
147,1,20
147,2,74
146,0,97
146,1,28
146,2,78
148,0,65
148,1,44
148,2,71
147,0,69
147,1,99
147,2,83
149,0,80
149,1,50
149,2,49
148,0,53
148,1,10
148,2,63
150,0,43
150,1,51
150,2,88
149,0,100
149,1,80
149,2,56
151,0,50
151,1,14
151,2,59
150,0,59
150,1,55
150,2,18
152,0,82
152,1,78
152,2,12
151,0,61
151,1,66
151,2,51
153,0,46
153,1,11
153,2,87
152,0,54
152,1,34
152,2,51
154,0,53
154,1,69
154,2,59
153,0,45
153,1,79
153,2,31
155,0,49
155,1,75
155,2,101
154,0,5
154,1,42
154,2,56
156,0,49
156,1,81
156,2,91
155,0,20
155,1,34
155,2,28
157,0,40
157,1,0
157,2,30
158,0,43
158,1,38
156,0,91
158,2,21
156,1,91
156,2,2
159,0,16
157,0,97
159,1,10
157,1,12
159,2,33
157,2,31
160,0,88
160,1,67
160,2,97
158,0,94
158,1,45
158,2,88
161,0,6
161,1,3
161,2,96
159,0,89
159,1,92
159,2,62
160,0,51
160,1,65
160,2,90
162,0,96
162,1,27
162,2,73
161,0,81
161,1,22
161,2,6
163,0,36
163,1,24
163,2,28
162,0,84
162,1,20
162,2,9
164,0,46
164,1,77
164,2,17
163,0,100
163,1,5
163,2,90
165,0,7
165,1,67
165,2,63
164,0,28
164,1,90
164,2,43
166,0,7
166,1,56
166,2,74
165,0,61
165,1,76
165,2,20
167,0,62
167,1,59
167,2,6
166,0,16
168,0,47
166,1,33
168,1,68
166,2,77
168,2,13
167,0,32
167,1,75
167,2,103
169,0,40
169,1,97
169,2,61
168,0,86
168,1,64
168,2,11
170,0,17
170,1,98
170,2,41
169,0,19
169,1,58
169,2,75
171,0,87
171,1,0
171,2,73
170,0,66
170,1,90
170,2,71
172,0,17
172,1,37
172,2,38
171,0,64
171,1,47
171,2,0
173,0,53
173,1,79
173,2,35
172,0,23
172,1,1
172,2,97
174,0,88
174,1,92
174,2,93
173,0,51
173,1,58
175,0,61
173,2,39
175,1,59
175,2,15
174,0,21
174,1,98
176,0,55
174,2,27
176,1,37
176,2,47
177,0,19
177,1,31
177,2,11
175,0,96
175,1,43
175,2,23
178,0,2
178,1,85
178,2,56
176,0,19
176,1,77
176,2,36
179,0,0
179,1,62
179,2,55
177,0,15
177,1,82
177,2,58
180,0,25
178,0,17
178,1,102
178,2,80
179,0,24
179,1,34
181,0,36
179,2,86
181,1,90
181,2,43
180,0,40
180,1,63
182,0,98
180,2,0

182,2,20
183,0,43
183,1,30
181,0,19
181,1,22
181,2,103
182,0,91
182,1,21
184,2,88
182,2,5
185,0,90
185,1,76
185,2,23
183,0,100
183,1,67
183,2,94
184,0,81
184,1,46
184,2,75
186,0,42
186,1,31
186,2,20
185,0,95
185,1,82
185,2,56
187,0,97
187,1,33
187,2,22
186,0,98
186,1,31
186,2,58
188,0,28
188,1,89
188,2,100
187,0,32
187,1,77
187,2,1
189,0,30
189,1,44
189,2,64
188,0,47
188,1,62
188,2,23
190,0,87
190,1,98
190,2,62
189,0,51
189,1,27
189,2,100
191,0,19
191,1,28
191,2,0
190,0,66
190,1,4
190,2,43
192,0,58
192,1,91
192,2,44
191,0,2
191,1,28
191,2,73
193,0,79
193,1,96
193,2,28
192,0,67
192,1,80
192,2,53
194,0,78
194,1,91
194,2,100
193,0,73
193,1,81
193,2,2
195,0,65
195,1,16
195,2,40
194,0,49
194,1,53
194,2,73
196,0,2
196,1,82
196,2,15
195,0,94
195,1,56
195,2,25
197,0,27
197,1,55
197,2,15
198,0,18
198,1,15
198,2,37
196,0,52
196,1,21
196,2,31
199,0,46
197,1,56
199,1,93
197,2,28
199,2,43
198,0,65
200,0,40
198,1,27
200,1,28
198,2,65
200,2,7
199,0,41
199,1,16
199,2,35
200,0,16
200,1,30
200,2,96
201,0,52
201,1,70
201,2,95
202,0,11
202,1,9
202,2,59
201,0,26
201,1,6
201,2,48
203,0,11
203,1,12
203,2,62
204,0,51
204,1,89
204,2,20
202,0,22
202,1,73
202,2,1
203,0,54
203,1,33
203,2,36
205,0,46
205,1,59
205,2,54
204,0,72
204,1,47
204,2,59
206,0,82
206,1,21
206,2,65
205,0,61
205,1,60
205,2,87
207,0,13
207,1,13
207,2,74
206,0,54
206,1,69
206,2,66
208,0,68
208,1,60
208,2,43
207,0,12
207,1,31
207,2,85
209,0,42
209,1,15
209,2,30
208,0,23
208,1,94
208,2,37
210,0,95
210,1,14
210,2,2
209,0,86
209,1,80
209,2,48
211,0,60
211,1,80
211,2,59
210,0,74
210,1,38
210,2,89
212,0,20
212,1,47
212,2,44
211,0,3
211,1,58
211,2,10
213,0,85
213,1,98
213,2,16
212,0,22
212,1,68
212,2,24
214,0,39
214,1,10
214,2,43
213,0,35
213,1,78
215,0,58
213,2,55
215,1,32
215,2,10
214,0,12
214,1,68
214,2,50
216,0,0
216,1,69
216,2,18
217,0,56
217,1,72
217,2,41
215,0,39
215,1,38
215,2,7
218,0,6
218,1,12
218,2,63
216,0,85
216,1,52
216,2,21
219,0,21
219,1,2
217,0,62
219,2,37
217,1,77
217,2,48
220,0,53
220,1,42
220,2,30
218,0,65
218,1,20
218,2,40
221,0,85
221,1,91
221,2,76
219,0,60
219,1,64
219,2,11
222,0,42
222,1,20
222,2,81
220,0,3
220,1,7
220,2,59
223,0,94
223,1,13
223,2,88
221,0,34
221,1,83
221,2,57
224,0,98
224,1,3
224,2,20
222,0,43
222,1,48
222,2,35
225,0,93
225,1,30
225,2,31
223,0,93
223,1,73
223,2,59
226,0,16
226,1,100
226,2,54
224,0,55
224,1,90
224,2,21
227,0,63
227,1,36
227,2,11
225,0,34
225,1,25
225,2,88
228,0,70
228,1,61
228,2,101
226,0,23
226,1,66
226,2,82
229,0,44
229,1,71
229,2,53
227,0,17
227,1,16
227,2,41
230,0,46
230,1,82
230,2,15
231,0,52
231,1,55
231,2,3
228,0,52
228,1,82
228,2,15
232,0,53
232,1,1
232,2,95
229,0,46
233,0,36
229,1,44
233,1,86
229,2,47
233,2,1
234,0,44
234,1,64
234,2,9
230,0,48
230,1,15
230,2,97
235,0,74
235,1,76
231,0,32
235,2,101
231,1,53
231,2,47
236,0,40
236,1,49
236,2,40
232,0,95
232,1,18
232,2,27
237,0,13
237,1,42
237,2,34
233,0,72
233,1,25
233,2,11
238,0,32
238,1,63
238,2,10
239,0,100
239,1,62
239,2,84
234,0,84
234,1,73
234,2,20
240,0,48
240,1,55
240,2,46
235,0,77
235,1,45
235,2,103
236,0,55
241,0,24
236,1,82
241,1,70
236,2,4
241,2,45
242,0,20
242,1,36
242,2,53
237,0,91
237,1,90
237,2,40
238,0,0
238,1,95
238,2,45
243,0,79
243,1,6
243,2,99
239,0,101
239,1,7
239,2,92
244,0,36
244,1,95
244,2,44
245,0,76
245,1,8
240,0,70
245,2,58
240,1,100
240,2,20
241,0,83
241,1,4
241,2,27
246,0,26
246,1,0
246,2,79
242,0,93
242,1,66
242,2,7
247,0,72
247,1,86
247,2,1
243,0,100
243,1,70
243,2,25
248,0,35
248,1,88
248,2,45
244,0,84
244,1,94
244,2,49
249,0,91
249,1,59
249,2,47
245,0,26
245,1,36
245,2,54
250,0,73
250,1,37
250,2,62
246,0,5
246,1,83
246,2,50
251,0,27
251,1,90
251,2,57
247,0,43
247,1,56
247,2,22
252,0,40
252,1,84
252,2,88
248,0,56
248,1,18
248,2,102
253,0,53
253,1,14
253,2,43
249,0,50
249,1,49
249,2,45
254,0,42
254,1,30
254,2,76
250,0,88
250,1,60
250,2,101
255,0,3
255,1,99
255,2,46
251,0,71
251,1,88
251,2,53
256,0,13
256,1,98
256,2,25
252,0,98
252,1,3
252,2,45
257,0,52
257,1,5
257,2,26
253,0,89
253,1,91
253,2,40
258,0,26
258,1,58
258,2,6
254,0,98
254,1,8
254,2,0
259,0,23
259,1,55
259,2,54
255,0,84
255,1,39
255,2,34
260,0,58
260,1,23
260,2,67
256,0,99
256,1,58
256,2,39
261,0,101
261,1,12
261,2,13
257,0,76
262,0,9
257,1,47
262,1,28
257,2,55
262,2,48
263,0,75
263,1,9
263,2,50
258,0,69
258,1,54
258,2,48
264,0,96
264,1,35
264,2,24
259,0,48
259,1,67
259,2,102
265,0,45
265,1,17
265,2,34
260,0,102
260,1,70
260,2,11
266,0,12
261,1,100
266,1,70
266,2,86
261,2,13
267,0,29
262,1,46
267,1,15
267,2,59
262,2,34
268,0,74
268,1,55
263,0,55
268,2,5
263,1,8
263,2,86
264,0,86
264,1,52
269,0,34
269,1,9
269,2,98
265,0,73
270,0,14
270,1,50
265,1,53
270,2,89
265,2,68
271,0,41
271,1,20
271,2,23
266,0,12
266,1,77
266,2,6
267,0,63
267,1,80
267,2,87
272,0,57
272,1,32
272,2,52
268,0,28
268,1,33
268,2,96
273,0,95
273,1,20
273,2,7
269,0,31
269,1,43
269,2,17
274,0,28
274,1,63
274,2,9
270,0,48
270,1,33
270,2,42
275,0,65
275,1,68
275,2,46
276,0,6
271,0,25
276,1,49
271,1,87
276,2,91
271,2,62
277,0,30
277,1,12
277,2,13
272,0,5
272,1,99
272,2,85
278,0,29
278,1,87
278,2,2
273,0,87
273,1,100
273,2,31
279,0,73
279,1,48
279,2,88
274,0,53
274,1,16
274,2,59
280,0,39
280,1,32
280,2,80
275,0,70
275,1,69
275,2,19
281,0,21
281,1,6
281,2,20
276,0,34
276,1,52
276,2,51
282,0,13
282,1,96
282,2,54
277,0,3
277,1,51
277,2,17
283,0,89
283,1,64
283,2,58
278,0,42
278,1,32
278,2,69
284,0,11
284,1,56
284,2,97
279,0,82
279,1,57
279,2,91
285,0,65
285,1,81
285,2,28
280,0,83
280,1,80
280,2,77
286,0,68
286,1,96
286,2,3
281,0,8
281,1,28
281,2,11
287,0,97
287,1,77
287,2,35
282,0,49
282,1,49
282,2,103
288,0,91
288,1,4
288,2,73
283,0,102
283,1,19
283,2,85
289,0,3
289,1,67
289,2,70
284,0,97
284,1,11
284,2,55
290,0,98
290,1,46
290,2,17
285,0,22
285,1,98
285,2,0
291,0,9
286,0,47
291,1,64
286,1,24
291,2,76
286,2,95
292,0,72
292,1,64
292,2,36
287,0,73
287,1,71
287,2,17
293,0,33
293,1,82
293,2,83
288,0,76
288,1,46
288,2,23
294,0,47
294,1,34
294,2,72
289,0,93
289,1,43
289,2,95
295,0,85
295,1,81
295,2,82
290,0,95
290,1,11
290,2,96
296,0,24
296,1,18
296,2,23
291,0,28
291,1,43
291,2,41
297,0,23
297,1,18
292,0,71
297,2,11
292,1,23
292,2,92
293,0,76
293,1,36
298,0,62
293,2,102
298,1,92
298,2,13
299,0,13
299,1,0
299,2,47
294,0,17
294,1,51
294,2,11
300,0,32
300,1,68
300,2,65
295,0,28
295,1,93
295,2,43
296,0,31
296,1,79
296,2,97
297,0,11
297,1,67
297,2,21
298,0,100
298,1,82
298,2,62
301,0,64
301,1,90
301,2,70
299,0,33
299,1,38
299,2,99
302,0,27
302,1,12
302,2,7
300,0,90
300,1,99
300,2,89
303,0,69
303,1,52
303,2,92
304,0,95
304,1,94
304,2,68
305,0,29
305,1,39
305,2,92
306,0,64
306,1,25
306,2,29
301,0,93
301,1,41
301,2,15
307,0,41
307,1,92
307,2,90
302,0,94
302,1,1
302,2,85
308,0,24
308,1,44
308,2,3
309,0,65
309,1,66
309,2,66
303,0,12
303,1,33
303,2,24
310,0,101
310,1,30
310,2,86
304,0,42
304,1,90
304,2,24
305,0,65
305,1,50
305,2,12
311,0,7
311,1,80
311,2,43
306,0,78
306,1,33
306,2,55
312,0,32
312,1,5
312,2,55
307,0,18
307,1,94
307,2,100
313,0,41
313,1,57
313,2,83
308,0,81
308,1,43
308,2,34
314,0,34
314,1,82
314,2,62
309,0,72
309,1,17
309,2,10
315,0,11
315,1,29
315,2,34
310,0,73
310,1,53
310,2,91
316,0,15
316,1,89
316,2,3
311,0,103
311,1,24
311,2,82
317,0,94
317,1,2
317,2,64
312,0,72
312,1,34
312,2,92
318,0,59
318,1,28
318,2,63
313,0,21
313,1,43
313,2,76
319,0,7
319,1,11
319,2,59
314,0,46
314,1,0
314,2,88
315,0,33
320,0,46
315,1,17
320,1,15
315,2,30
320,2,21
321,0,63
321,1,51
321,2,92
316,0,86
316,1,94
316,2,7
322,0,42
322,1,8
322,2,14
317,0,67
317,1,35
317,2,11
323,0,37
323,1,96
323,2,22
318,0,103
318,1,73
318,2,94
324,0,101
324,1,33
324,2,10
319,0,31
319,1,43
319,2,11
325,0,7
325,1,74
325,2,1
320,0,59
320,1,102
320,2,86
326,0,73
326,1,87
326,2,34
321,0,2
321,1,19
321,2,79
327,0,28
327,1,55
327,2,19
322,0,66
322,1,53
322,2,19
328,0,74
328,1,98
328,2,25
323,0,76
323,1,54
323,2,37
329,0,60
329,1,73
329,2,76
324,0,12
324,1,81
324,2,100
330,0,37
330,1,98
330,2,90
325,0,41
325,1,84
325,2,48
331,0,14
331,1,50
331,2,30
326,0,55
326,1,7
326,2,30
332,0,73
332,1,90
332,2,18
327,0,6
327,1,40
327,2,46
328,0,73
328,1,8
328,2,26
333,0,25
333,1,83
333,2,97
329,0,38
329,1,92
329,2,87
334,0,32
334,1,91
334,2,41
330,0,27
330,1,7
330,2,102
335,0,31
335,1,96
335,2,7
331,0,19
331,1,68
331,2,33
336,0,14
336,1,71
336,2,65
332,0,22
332,1,35
332,2,17
337,0,52
337,1,59
337,2,96
333,0,67
333,1,23
333,2,0
338,0,86
338,1,61
338,2,53
334,0,91
334,1,48
334,2,58
339,0,4
339,1,7
339,2,30
335,0,8
335,1,44
335,2,92
340,0,90
340,1,97
340,2,22
336,0,76
336,1,30
336,2,46
341,0,82
341,1,84
341,2,33
337,0,9
337,1,96
337,2,57
342,0,94
342,1,58
342,2,15
338,0,73
338,1,24
338,2,42
343,0,96
343,1,43
343,2,69
339,0,31
339,1,63
339,2,40
344,0,17
344,1,42
344,2,20
340,0,56
340,1,22
340,2,39
345,0,30
345,1,94
345,2,71
341,0,6
341,1,9
341,2,69
346,0,81
346,1,91
346,2,63
342,0,99
342,1,16
342,2,78
347,0,95
347,1,75
347,2,65
343,0,51
343,1,19
343,2,85
348,0,19
348,1,54
348,2,23
344,0,2
344,1,38
344,2,100
349,0,6
349,1,34
349,2,82
345,0,60
345,1,24
345,2,31
350,0,66
350,1,100
350,2,94
346,0,21
346,1,43
346,2,39
351,0,73
351,1,59
351,2,93
347,0,70
347,1,1
352,0,66
347,2,49
352,1,79
352,2,14
348,0,15
348,1,101
348,2,62
353,0,82
353,1,6
353,2,39
349,0,62
349,1,98
349,2,84
354,0,48
354,1,7
354,2,16
350,0,24
350,1,78
350,2,74
355,0,36
355,1,70
355,2,8
351,0,6
351,1,2
351,2,28
356,0,2
356,1,52
356,2,94
352,0,23
352,1,32
352,2,76
353,0,0
353,1,56
353,2,83
357,0,46
357,1,75
357,2,68
354,0,8
354,1,25
354,2,99
358,0,46
358,1,63
358,2,27
355,0,72
355,1,92
355,2,63
359,0,39
359,1,84
359,2,19
360,0,66
360,1,55
360,2,28
356,0,36
356,1,27
356,2,93
361,0,63
361,1,72
361,2,80
357,0,19
357,1,91
357,2,33
362,0,42
362,1,28
362,2,93
358,0,31
358,1,33
358,2,20
363,0,75
363,1,101
363,2,63
359,0,78
359,1,13
359,2,68
364,0,40
364,1,40
364,2,12
360,0,26
360,1,82
360,2,31
365,0,85
365,1,42
365,2,15
361,0,65
361,1,20
361,2,40
366,0,7
366,1,76
366,2,20
362,0,89
362,1,26
362,2,26
367,0,29
367,1,52
367,2,55
363,0,1
363,1,38
363,2,80
368,0,99
368,1,85
368,2,25
364,0,10
364,1,43
364,2,57
369,0,60
369,1,35
369,2,97
365,0,32
365,1,5
365,2,56
370,0,93
370,1,14
370,2,49
366,0,26
366,1,24
366,2,33
371,0,32
371,1,63
371,2,62
367,0,90
367,1,65
367,2,82
372,0,89
372,1,66
372,2,21
368,0,15
368,1,16
368,2,61
373,0,96
373,1,51
373,2,99
369,0,25
369,1,3
369,2,95
374,0,62
374,1,9
374,2,65
370,0,10
370,1,98
370,2,64
375,0,37
375,1,39
375,2,17
371,0,1
371,1,103
371,2,51
376,0,89
376,1,56
376,2,86
372,0,4
372,1,11
372,2,77
377,0,18
377,1,31
377,2,36
373,0,41
373,1,82
373,2,14
378,0,72
378,1,58
378,2,47
374,0,12
374,1,45
374,2,25
379,0,37
379,1,97
379,2,32
375,0,69
375,1,56
375,2,3
380,0,23
380,1,21
380,2,44
376,0,78
376,1,82
376,2,62
381,0,86
381,1,85
381,2,93
382,0,15
382,1,87
382,2,6
377,0,99
377,1,9
377,2,74
383,0,29
383,1,88
383,2,42
378,0,60
378,1,2
378,2,73
379,0,48
384,0,78
379,1,94
384,1,61
379,2,53
384,2,72
385,0,14
385,1,6
385,2,93
380,0,19
380,1,35
380,2,38
386,0,67
386,1,22
386,2,100
381,0,51
381,1,45
381,2,60
387,0,93
387,1,3
387,2,69
382,0,56
382,1,97
382,2,60
383,0,87
383,1,58
388,0,40
383,2,89
388,1,89
388,2,54
384,0,78
384,1,88
389,0,77
384,2,68
389,1,66
389,2,96
385,0,89
385,1,60
385,2,19
390,0,30
390,1,92
390,2,86
386,0,22
386,1,74
386,2,57
391,0,82
391,1,36
391,2,21
387,0,63
387,1,73
387,2,89
392,0,45
392,1,46
392,2,101
388,0,35
388,1,29
388,2,86
393,0,73
393,1,18
393,2,17
389,0,83
389,1,74
389,2,36
394,0,20
394,1,82
394,2,70
390,0,41
390,1,24
390,2,4
395,0,7
395,1,9
395,2,101
391,0,48
391,1,70
391,2,76
396,0,11
396,1,66
396,2,95
392,0,27
392,1,77
392,2,88
397,0,71
397,1,32
397,2,17
393,0,54
393,1,26
393,2,76
398,0,41
398,1,98
398,2,31
394,0,56
394,1,60
394,2,43
399,0,33
399,1,89
399,2,83
395,0,83
395,1,81
395,2,41
400,0,37
400,1,94
400,2,1
396,0,9
396,1,66
396,2,89
397,0,64
397,1,19
397,2,26
398,0,25
398,1,20
398,2,83
401,0,94
401,1,73
401,2,46
399,0,94
399,1,40
399,2,34
402,0,34
402,1,85
402,2,41
400,0,74
400,1,17
400,2,102
403,0,3
403,1,43
403,2,88
404,0,90
404,1,42
404,2,41
405,0,49
405,1,95
405,2,16
406,0,88
406,1,39
406,2,40
401,0,19
401,1,44
401,2,87
407,0,97
407,1,55
407,2,93
402,0,39
402,1,61
402,2,90
408,0,88
408,1,18
408,2,72
403,0,21
403,1,40
403,2,25
409,0,53
409,1,59
409,2,88
404,0,9
404,1,88
404,2,35
410,0,49
410,1,73
410,2,17
405,0,101
405,1,81
405,2,24
411,0,14
411,1,6
406,0,87
406,1,2
411,2,7
406,2,97
412,0,25
412,1,31
412,2,48
407,0,27
407,1,90
407,2,44
413,0,56
413,1,3
413,2,28
414,0,35
414,1,80
414,2,48
408,0,44
408,1,70
408,2,86
415,0,73
415,1,68
415,2,12
409,0,32
409,1,75
409,2,85
410,0,95
410,1,36
410,2,93
416,0,99
416,1,6
416,2,44
417,0,20
417,1,14
411,0,2
417,2,76
411,1,89
411,2,6
412,0,20
412,1,32
412,2,53
418,0,46
418,1,65
418,2,46
413,0,41
413,1,65
413,2,70
419,0,58
419,1,28
419,2,70
414,0,12
414,1,4
414,2,17
420,0,36
420,1,82
420,2,51
415,0,71
415,1,7
415,2,90
421,0,22
421,1,14
421,2,11
416,0,101
416,1,44
422,0,17
422,1,52
416,2,94
422,2,57
417,0,74
417,1,69
417,2,59
423,0,93
423,1,29
423,2,63
418,0,23
418,1,56
418,2,5
424,0,57
424,1,75
424,2,3
419,0,65
419,1,46
419,2,71
425,0,10
425,1,62
425,2,41
426,0,71
426,1,2
426,2,67
420,0,93
420,1,82
420,2,40
421,0,23
421,1,97
421,2,83
427,0,51
427,1,94
427,2,53
428,0,86
422,0,60
428,1,91
422,1,69
428,2,101
422,2,32
429,0,101
429,1,70
429,2,79
423,0,67
423,1,59
423,2,99
424,0,23
424,1,18
424,2,21
430,0,30
430,1,92
430,2,81
425,0,29
425,1,76
425,2,64
431,0,3
431,1,50
431,2,28
426,0,26
426,1,22
426,2,2
432,0,77
432,1,67
432,2,25
427,0,101
427,1,55
427,2,50
433,0,84
433,1,17
433,2,23
428,0,73
434,0,9
428,1,92
434,1,86
428,2,11
434,2,4
435,0,11
435,1,46
435,2,2
429,0,0
429,1,97
429,2,61
436,0,53
436,1,79
436,2,81
430,0,15
430,1,93
430,2,56
437,0,72
437,1,53
437,2,86
431,0,96
431,1,64
431,2,91
438,0,75
438,1,63
438,2,97
432,0,11
432,1,57
432,2,71
439,0,27
439,1,94
433,0,95
439,2,57
433,1,49
433,2,47
440,0,36
440,1,65
440,2,1
434,0,94
434,1,30
434,2,96
435,0,0
435,1,53
435,2,22
441,0,34
441,1,30
441,2,63
436,0,40
442,0,98
436,1,82
442,1,69
436,2,40
442,2,9
443,0,20
443,1,41
443,2,31
437,0,83
437,1,89
437,2,1
444,0,74
444,1,51
444,2,68
438,0,97
438,1,67
438,2,71
445,0,23
445,1,88
445,2,73
439,0,102
439,1,55
439,2,10
446,0,24
446,1,28
446,2,100
440,0,101
440,1,16
440,2,12
447,0,61
447,1,86
447,2,88
441,0,12
441,1,89
441,2,7
448,0,97
448,1,52
448,2,29
442,0,34
442,1,20
442,2,69
449,0,100
449,1,94
449,2,101
443,0,30
443,1,81
443,2,0
450,0,38
450,1,95
450,2,99
444,0,85
444,1,72
444,2,1
451,0,90
451,1,70
451,2,96
445,0,57
445,1,51
445,2,50
452,0,79
452,1,78
452,2,56
446,0,15
446,1,44
446,2,92
453,0,1
453,1,21
453,2,26
447,0,91
447,1,37
447,2,102
454,0,80
454,1,7
454,2,20
448,0,48
448,1,68
448,2,28
455,0,94
455,1,53
455,2,14
456,0,43
456,1,72
456,2,66
449,0,7
449,1,101
449,2,33
457,0,65
457,1,94
457,2,56
450,0,48
450,1,71
450,2,60
451,0,44
451,1,56
451,2,85
458,0,61
458,1,98
458,2,11
452,0,91
452,1,33
452,2,59
459,0,82
459,1,48
459,2,37
460,0,2
460,1,35
460,2,51
453,0,30
453,1,69
453,2,5
461,0,82
461,1,82
461,2,14
454,0,34
454,1,17
454,2,23
462,0,53
462,1,50
462,2,0
455,0,24
455,1,86
455,2,1
463,0,72
463,1,80
463,2,56
456,0,58
456,1,64
456,2,48
457,0,66
457,1,27
457,2,33
464,0,11
464,1,83
464,2,56
458,0,5
458,1,18
458,2,74
465,0,34
465,1,21
465,2,58
459,0,21
459,1,92
459,2,49
466,0,58
466,1,51
466,2,100
460,0,77
460,1,80
460,2,57
467,0,95
467,1,39
467,2,5
461,0,101
461,1,97
461,2,77
468,0,5
468,1,56
468,2,53
462,0,78
462,1,63
462,2,92
469,0,92
469,1,7
469,2,58
463,0,70
463,1,100
463,2,5
464,0,56
470,0,15
464,1,47
470,1,60
464,2,10
470,2,96
471,0,36
465,0,72
471,1,54
465,1,69
471,2,20
465,2,60
472,0,8
472,1,80
472,2,37
466,0,84
466,1,100
466,2,62
473,0,23
473,1,68
473,2,12
467,0,58
467,1,6
467,2,65
474,0,47
474,1,34
474,2,45
468,0,16
468,1,16
468,2,22
469,0,25
469,1,54
469,2,92
475,0,13
475,1,93
475,2,43
476,0,66
476,1,31
476,2,5
470,0,68
470,1,20
470,2,98
477,0,99
477,1,17
477,2,29
471,0,32
471,1,7
471,2,48
478,0,48

478,1,1
472,1,41
478,2,5
472,2,68
479,0,51
479,1,33
473,0,22
479,2,28
473,1,53
473,2,93
474,0,35
474,1,12
474,2,103
480,0,37
480,1,7
480,2,88
475,0,62
475,1,3
475,2,22
481,0,91
481,1,57
481,2,94
476,0,30
476,1,73
476,2,75
482,0,68
482,1,56
482,2,81
477,0,12
477,1,16
477,2,67
483,0,48
483,1,55
483,2,60
478,0,83
478,1,9
478,2,55
484,0,26
484,1,87
484,2,51
479,0,98
479,1,69
479,2,16
485,0,58
485,1,90
485,2,44
480,0,102
480,1,23
480,2,52
486,0,79
486,1,40
486,2,27
481,0,74
481,1,56
481,2,16
487,0,14
487,1,93
487,2,19
482,0,47
482,1,79
482,2,75
488,0,94
488,1,21
488,2,58
483,0,12
483,1,56
483,2,83
489,0,2
489,1,99
489,2,88
484,0,88
484,1,11
484,2,65
490,0,58
490,1,7
490,2,32
485,0,2
485,1,96
485,2,52
491,0,61
491,1,66
491,2,40
486,0,31
486,1,93
486,2,13
492,0,77
492,1,32
492,2,64
487,0,85
487,1,41
487,2,23
493,0,29
493,1,48
493,2,71
488,0,28
488,1,37
488,2,88
494,0,88
494,1,56
494,2,5
489,0,79
489,1,27
489,2,80
495,0,2
495,1,29
495,2,16
490,0,56
490,1,98
490,2,86
496,0,41
496,1,99
496,2,88
491,0,11
491,1,94
491,2,79
497,0,59
497,1,41
497,2,98
492,0,29
492,1,47
492,2,3
498,0,35
498,1,9
498,2,1
493,0,99
493,1,51
493,2,55
499,0,39
499,1,90
499,2,34
494,0,91
494,1,55
494,2,40
500,0,88
500,1,94
500,2,63
495,0,84
495,1,48
495,2,11
496,0,15
496,1,31
496,2,69
497,0,12
497,1,13
497,2,39
498,0,72
498,1,56
498,2,52
501,0,86
501,1,5
501,2,68
499,0,65
499,1,99
499,2,55
502,0,27
502,1,56
502,2,75
500,0,35
500,1,70
500,2,29
503,0,99
503,1,10
503,2,58
504,0,59
504,1,49
504,2,71
505,0,9
505,1,35
505,2,98
506,0,82
506,1,27
506,2,96
501,0,21
501,1,47
501,2,27
507,0,87
507,1,50
507,2,59
502,0,50
502,1,94
502,2,67
508,0,18
508,1,44
508,2,101
503,0,41
503,1,82
503,2,43
509,0,93
509,1,8
509,2,0
504,0,13
504,1,97
504,2,12
510,0,10
510,1,84
510,2,38
505,0,64
505,1,47
505,2,44
511,0,42
511,1,82
511,2,33
506,0,66
506,1,57
506,2,0
512,0,12
512,1,7
512,2,101
507,0,45
507,1,42
507,2,8
513,0,25
513,1,50
513,2,29
508,0,86
508,1,25
508,2,48
514,0,56
514,1,65
514,2,77
509,0,1
509,1,17
509,2,29
515,0,82
515,1,24
515,2,29
510,0,15
510,1,96
510,2,26
516,0,50
516,1,2
516,2,17
511,0,101
511,1,20
511,2,50
517,0,22
517,1,85
517,2,82
512,0,89
512,1,85
512,2,74
518,0,85
518,1,45
518,2,44
513,0,41
513,1,82
513,2,20
519,0,54
519,1,41
519,2,89
514,0,98
514,1,44
514,2,32
520,0,37
520,1,40
520,2,76
515,0,86
515,1,25
515,2,34
521,0,95
521,1,30
521,2,92
516,0,89
516,1,52
516,2,68
522,0,12
522,1,62
522,2,14
517,0,37
517,1,25
517,2,28
523,0,48
523,1,91
523,2,41
518,0,95
518,1,11
518,2,44
524,0,78
524,1,84
524,2,96
519,0,14
519,1,69
519,2,4
525,0,25
525,1,74
525,2,26
520,0,46
520,1,26
520,2,85
526,0,93
526,1,34
526,2,13
521,0,18
521,1,60
521,2,21
527,0,60
527,1,32
527,2,38
522,0,36
522,1,6
522,2,74
528,0,47
528,1,81
528,2,8
523,0,9
523,1,78
523,2,71
529,0,13
529,1,11
529,2,84
524,0,82
524,1,23
524,2,62
530,0,27
530,1,94
530,2,44
531,0,97
531,1,67
531,2,18
525,0,70
525,1,49
525,2,26
532,0,30
532,1,71
526,0,46
532,2,87
526,1,66
526,2,56
533,0,19
533,1,26
533,2,58
527,0,57
527,1,102
527,2,51
534,0,41
534,1,82
534,2,101
528,0,40
528,1,45
528,2,75
535,0,55
529,0,59
535,1,36
529,1,74
535,2,73
529,2,6
530,0,86
530,1,40
530,2,19
536,0,90
536,1,18
536,2,44
531,0,19
531,1,84
537,0,17
531,2,95
537,1,72
537,2,62
538,0,97
538,1,51
538,2,72
532,0,21
532,1,11
532,2,43
539,0,58
539,1,3
539,2,77
533,0,57
533,1,88
533,2,88
540,0,81
540,1,62
540,2,4
534,0,54
534,1,9
534,2,34
541,0,93
541,1,44
541,2,67
535,0,72
535,1,58
535,2,52
542,0,82
542,1,28
542,2,19
536,0,75
536,1,41
536,2,47
543,0,51
543,1,13
543,2,8
537,0,13
537,1,79
537,2,7
544,0,20
544,1,90
544,2,99
538,0,58
538,1,17
538,2,98
545,0,56
545,1,60
545,2,38
539,0,50
539,1,45
539,2,77
546,0,45
546,1,39
546,2,44
540,0,31
540,1,52
540,2,97
547,0,93
547,1,86
547,2,93
541,0,74
541,1,15
541,2,14
548,0,40
548,1,40
548,2,77
542,0,14
542,1,60
542,2,65
549,0,85
549,1,5
549,2,58
543,0,65
543,1,80
543,2,6
550,0,35
550,1,32
550,2,12
544,0,9
544,1,92
544,2,89
551,0,20
551,1,93
551,2,30
545,0,44
545,1,18
545,2,51
552,0,71
552,1,70
552,2,24
546,0,6
546,1,33
546,2,46
553,0,4
553,1,94
553,2,19
554,0,77
554,1,38
554,2,49
547,0,64
547,1,48
547,2,100
555,0,95
555,1,12
555,2,90
548,0,71
548,1,50
548,2,26
556,0,53
556,1,94
556,2,85
557,0,95
557,1,7
549,0,82
557,2,78
549,1,0
549,2,97
558,0,1
550,0,57
558,1,45
550,1,17
558,2,43
550,2,3
559,0,14
559,1,44
559,2,101
551,0,45
551,1,75
551,2,85
560,0,77
560,1,3
560,2,43
552,0,29
552,1,14
552,2,75
561,0,31
561,1,34
561,2,101
553,0,97
553,1,102
553,2,28
562,0,92
562,1,6
562,2,49
554,0,59
554,1,56
554,2,70
563,0,49
563,1,2
563,2,4
555,0,71
555,1,83
555,2,71
564,0,45
564,1,60
564,2,44
556,0,86
556,1,4
556,2,2
565,0,86
565,1,31
565,2,101
557,0,93
557,1,50
557,2,30
566,0,70
566,1,36
566,2,87
558,0,100
558,1,46
558,2,49
567,0,86
567,1,42
567,2,41
559,0,25
559,1,67
559,2,89
568,0,97
568,1,29
568,2,59
560,0,15
560,1,83
560,2,3
569,0,46
569,1,25
569,2,40
561,0,5
561,1,62
561,2,34
570,0,89
570,1,60
570,2,94
562,0,101
562,1,92
562,2,38
571,0,89
571,1,94
571,2,71
563,0,66
563,1,46
563,2,56
572,0,30
572,1,81
572,2,63
564,0,43
564,1,53
564,2,57
573,0,77
573,1,7
573,2,45
565,0,39
565,1,98
565,2,84
574,0,91
574,1,61
574,2,9
566,0,90
566,1,30
566,2,63
575,0,90
575,1,62
575,2,59
567,0,34
567,1,33
567,2,45
576,0,9
576,1,0
576,2,97
568,0,40
568,1,32
568,2,64
577,0,0
577,1,1
577,2,16
569,0,89
569,1,29
569,2,72
578,0,16
578,1,25
578,2,25
579,0,24
579,1,18
570,0,37
579,2,27
570,1,46
570,2,38
580,0,29
580,1,48
580,2,84
571,0,98
571,1,48
571,2,93
581,0,83
581,1,58
581,2,57
572,0,57
572,1,98
572,2,103
582,0,79
582,1,93
582,2,18
573,0,38
573,1,58
573,2,13
583,0,17
583,1,30
583,2,97
574,0,3
574,1,83
574,2,58
584,0,17
584,1,50
584,2,56
575,0,5
575,1,100
575,2,14
585,0,6
585,1,47
585,2,89
576,0,80
576,1,77
576,2,46
586,0,48
586,1,58
586,2,87
577,0,19
577,1,27
577,2,82
587,0,36
587,1,71
587,2,14
578,0,73
578,1,84
578,2,34
588,0,24
588,1,86
588,2,1
579,0,61
579,1,17
579,2,41
589,0,56
589,1,22
589,2,64
580,0,53
580,1,88
580,2,89
590,0,66
590,1,74
590,2,20
581,0,97
581,1,43
581,2,41
591,0,42
591,1,90
591,2,70
582,0,85
582,1,3
582,2,29
592,0,62
592,1,23
592,2,20
583,0,63
583,1,21
583,2,87
593,0,57
593,1,14
593,2,23
584,0,32
584,1,52
584,2,59
594,0,65
594,1,26
594,2,18
585,0,3
585,1,90
585,2,26
595,0,16
595,1,62
595,2,25
586,0,33
586,1,17
586,2,33
596,0,1
596,1,65
596,2,23
587,0,88
587,1,86
587,2,10
597,0,92
597,1,66
597,2,82
588,0,75
588,1,16
588,2,97
598,0,6
598,1,16
598,2,64
589,0,52
589,1,11
589,2,97
599,0,76
599,1,31
599,2,7
590,0,8
590,1,97
590,2,34
600,0,41
600,1,37
600,2,3
591,0,91
591,1,26
591,2,6
592,0,24
592,1,68
592,2,98
593,0,86
593,1,54
593,2,61
594,0,7
594,1,1
594,2,67
601,0,89
601,1,61
601,2,32
595,0,91
595,1,15
595,2,20
602,0,21
602,1,35
602,2,99
596,0,32
596,1,82
596,2,98
603,0,79
603,1,75
603,2,13
597,0,34
597,1,36
597,2,76
604,0,54
604,1,82
604,2,0
598,0,28
598,1,90
598,2,53
605,0,29
605,1,72
605,2,68
599,0,36
599,1,30
599,2,5
606,0,93
606,1,45
606,2,17
600,0,86
600,1,4
600,2,66
607,0,2
607,1,51
607,2,65
608,0,48
608,1,90
608,2,95
609,0,70
609,1,1
609,2,42
601,0,0
601,1,22
601,2,82
610,0,85
610,1,49
610,2,7
602,0,8
602,1,6
602,2,6
611,0,23
611,1,26
611,2,83
603,0,39
603,1,76
603,2,38
612,0,20
612,1,3
612,2,34
604,0,51
604,1,25
604,2,75
613,0,43
613,1,71
613,2,65
605,0,60
605,1,94
605,2,12
614,0,48
614,1,89
614,2,82
606,0,102
606,1,65
606,2,34
615,0,73
615,1,11
615,2,16
607,0,32
607,1,95
607,2,39
616,0,8
608,0,64
608,1,9

608,2,103
609,0,82
609,1,96
609,2,89
617,0,60
617,1,42
617,2,98
610,0,75
610,1,86
610,2,15
618,0,69
618,1,8
618,2,72
619,0,77
619,1,73
619,2,82
611,0,80
611,1,26
611,2,83
620,0,66
620,1,29
620,2,6
612,0,48
612,1,60
612,2,0
621,0,47
621,1,19
621,2,45
613,0,37
613,1,80
613,2,88
622,0,43
622,1,9
622,2,12
614,0,41
614,1,14
614,2,90
623,0,54
623,1,84
623,2,52
615,0,41
615,1,17
615,2,85
616,0,101
616,1,30
616,2,18
624,0,73
624,1,49
624,2,89
625,0,64
625,1,32
625,2,16
617,0,29
617,1,18
617,2,30
626,0,91
618,0,58
626,1,16
618,1,86
626,2,88
618,2,47
627,0,18
627,1,89
627,2,99
619,0,34
619,1,36
619,2,21
628,0,25
628,1,25
628,2,47
620,0,34
620,1,13
620,2,89
629,0,8
629,1,24
629,2,23
621,0,49
621,1,62
621,2,29
630,0,25
630,1,71
630,2,35
622,0,64
631,0,27
622,1,4
631,1,75
622,2,57
631,2,9
632,0,49
632,1,6
632,2,36
623,0,22
623,1,4
623,2,6
633,0,33
633,1,87
624,0,60
633,2,71
624,2,91
625,0,81
634,0,71
625,1,7
634,1,92
625,2,29
634,2,93
626,0,75
626,1,57
626,2,42
635,0,9
635,1,98
635,2,99
627,0,103
627,1,58
627,2,87
636,0,66
636,1,81
636,2,87
628,0,10
628,1,65
628,2,34
637,0,44
637,1,43
637,2,50
629,0,59
629,1,39
629,2,63
638,0,68
638,1,3
638,2,10
630,0,38
630,1,71
630,2,75
639,0,0
639,1,4
639,2,76
631,0,84
631,1,16
631,2,31
640,0,98
640,1,61
640,2,96
632,0,13
632,1,68
632,2,4
641,0,35
641,1,62
641,2,60
633,0,75
633,1,44
633,2,100
642,0,90
642,1,101
642,2,86
643,0,55
643,1,48
643,2,52
634,0,19
634,1,59
634,2,92
644,0,2
644,1,97
644,2,84
635,0,96
635,1,87
635,2,13
645,0,93
645,1,87
645,2,35
636,0,85
636,1,48
636,2,64
646,0,54
637,0,67
646,1,41
637,1,99
646,2,79
637,2,64
638,0,71
638,1,93
647,1,74
638,2,51
647,2,71
648,0,68
648,1,37
648,2,16
639,0,76
639,1,80
639,2,47
649,0,86
649,1,66
649,2,55
640,0,81
640,1,54
640,2,44
650,0,68
650,1,26
650,2,5
641,0,5
641,1,91
641,2,45
651,0,31
651,1,50
651,2,69
642,0,7
642,1,94
642,2,86
652,0,45
652,1,87
652,2,92
643,0,7
643,1,63
643,2,87
653,0,43
653,1,79
653,2,21
644,0,37
644,1,54
644,2,52
654,0,18
654,1,89
654,2,45
645,0,90
645,1,44
645,2,51
655,0,98
655,1,89
655,2,76
646,0,102
646,1,49
646,2,76
656,0,97
656,1,31
656,2,1
647,0,45
647,1,3
647,2,21
657,0,71
657,1,88
657,2,42
648,0,7
648,1,94
648,2,51
658,0,82
658,1,57
658,2,83
649,0,96
649,1,16
649,2,12
659,0,66
659,1,0
659,2,24
650,0,86
650,1,58
650,2,94
660,0,48
660,1,87
660,2,13
651,0,96
651,1,40
651,2,83
661,0,43
661,1,93
661,2,70
652,0,95
652,1,65
652,2,12
662,0,14
662,1,45
662,2,44
653,0,47
653,1,4
653,2,57
663,0,101
663,1,44
663,2,86
654,0,40
654,1,19
654,2,17
664,0,39
664,1,84
664,2,87
655,0,11
655,1,44
655,2,101
665,0,25
665,1,62
665,2,90
656,0,39
656,1,47
656,2,101
666,0,10
666,1,87
666,2,38
657,0,16
657,1,35
657,2,27
667,0,61
667,1,13
667,2,4
658,0,46
658,1,48
658,2,73
668,0,11
668,1,74
668,2,16
659,0,73
659,1,82
659,2,84
669,0,92
669,1,43
669,2,70
660,0,55
660,1,44
660,2,20
670,0,4
670,1,53
670,2,79
661,0,33
661,1,38
661,2,22
671,0,36
671,1,4
671,2,54
662,0,50
662,1,20
662,2,37
672,0,66
672,1,29
672,2,60
663,0,28
663,1,90
663,2,32
673,0,37
673,1,99
673,2,34
664,0,16
664,1,13
664,2,66
674,0,91
674,1,75
674,2,39
665,0,43
665,1,92
665,2,23
675,0,28
675,1,15
675,2,77
666,0,64
666,1,92
666,2,19
676,0,24
676,1,11
676,2,76
667,0,69
667,1,76
667,2,29
677,0,37
677,1,32
677,2,32
668,0,7
668,1,4
668,2,36
678,0,38
678,1,2
678,2,67
669,0,76
669,1,68
669,2,5
679,0,6
679,1,101
679,2,17
670,0,69
670,1,83
670,2,28
680,0,4
680,1,70
680,2,31
671,0,25
671,1,57
671,2,37
681,0,14
681,1,14
681,2,81
672,0,54
672,1,25
672,2,89
682,0,25
682,1,27
682,2,68
673,0,64
673,1,96
673,2,3
683,0,87
683,1,93
683,2,55
674,0,29
674,1,50
674,2,10
684,0,16
684,1,92
684,2,93
675,0,52
675,1,87
675,2,41
685,0,77
685,1,52
685,2,24
676,0,12
676,1,48
676,2,76
686,0,50
686,1,8
686,2,58
677,0,25
677,1,95
677,2,57
687,0,30
687,1,86
687,2,12
678,0,96
678,1,56
678,2,19
688,0,76
688,1,58
688,2,5
679,0,89
679,1,41
679,2,55
689,0,33
689,1,97
689,2,52
680,0,62
680,1,60
680,2,72
690,0,47
690,1,66
690,2,31
681,0,22
681,1,41
681,2,94
691,0,84
691,1,57
691,2,35
682,0,75
682,1,64
682,2,5
692,0,98
692,1,43
692,2,3
683,0,56
683,1,99
683,2,50
693,0,95
693,1,67
693,2,64
684,0,27
684,1,30
684,2,21
694,0,15
694,1,10
694,2,82
685,0,80
685,1,88
685,2,92
695,0,2
695,1,4
695,2,55
686,0,27
686,1,83
686,2,88
696,0,92
696,1,39
696,2,41
687,0,78
687,1,13
687,2,89
697,0,44
697,1,96
697,2,8
688,0,68
688,1,88
688,2,66
698,0,79
698,1,48
698,2,36
689,0,91
689,1,59
689,2,102
699,0,79
699,1,23
699,2,6
690,0,82
690,1,82
690,2,18
700,0,0
700,1,13
700,2,34
691,0,89
691,1,64
691,2,17
692,0,85
692,1,53
692,2,44
693,0,25
693,1,88
693,2,103
701,0,7
701,1,42
701,2,95
694,0,18
694,1,36
694,2,75
702,0,66
702,1,19
702,2,71
695,0,99
695,1,41
695,2,89
703,0,79
703,1,79
703,2,23
696,0,34
696,1,5
696,2,38
704,0,44
704,1,37
704,2,10
697,0,91
697,1,41
697,2,10
705,0,1
705,1,85
705,2,44
698,0,39
698,1,91
698,2,96
706,0,28
706,1,54
706,2,0
699,0,100
699,1,3
699,2,72
707,0,50
707,1,44
707,2,51
700,0,53
700,1,68
700,2,72
708,0,38
708,1,63
708,2,30
709,0,27
709,1,28
709,2,20
710,0,54
710,1,93
710,2,46
701,0,60
701,1,95
701,2,101
711,0,1
711,1,65
711,2,20
702,0,0
702,1,40
702,2,30
712,0,95
712,1,41
712,2,31
703,0,46
703,1,77
703,2,39
713,0,51
713,1,14
713,2,84
704,0,98
704,1,101
704,2,89
714,0,29
714,1,20
714,2,95
705,0,102
705,1,16
705,2,32
715,0,41
715,1,18
715,2,23
706,0,56
706,1,100
706,2,7
716,0,4
716,1,43
716,2,0
707,0,97
707,1,10
707,2,71
717,0,24
717,1,58
717,2,13
708,0,90
708,1,81
708,2,83
718,0,18
718,1,64
718,2,50
709,0,19
709,1,98
709,2,77
719,0,74
719,1,81
719,2,52
710,0,13
710,1,89
710,2,95
720,0,48
720,1,99
720,2,20
711,0,41
711,1,103
721,0,61
711,2,19
721,1,2
721,2,42
712,0,11
722,0,27
712,1,39
722,1,32
712,2,29
722,2,45
713,0,11
713,1,66
713,2,27
723,0,74
723,1,14
723,2,2
714,0,70
714,1,78
714,2,92
724,0,88
724,1,28
724,2,26
715,0,38
715,1,8
725,0,19
715,2,82
725,1,49
725,2,80
726,0,99
716,0,103
726,1,8
716,1,82
726,2,82
716,2,78
727,0,95
727,1,65
727,2,3
717,0,10
717,1,90
717,2,66
728,0,50
728,1,57
728,2,59
718,0,36
718,1,37
718,2,28
729,0,53
729,1,71
729,2,35
719,0,79
719,1,41
719,2,74
730,0,83
730,1,29
730,2,96
720,0,50
720,1,69
720,2,91
731,0,26
731,1,51
731,2,9
721,0,4
721,1,29
721,2,99
732,0,71
732,1,100
732,2,49
722,0,53
722,1,39
722,2,68
733,0,50
733,1,77
733,2,82
723,0,64
723,1,94
723,2,80
734,0,20
734,1,100
734,2,55
724,0,60
724,1,43
724,2,77
735,0,48
735,1,22
735,2,49
725,0,13
725,1,31
725,2,7
736,0,11
736,1,47
736,2,81
726,0,54
726,1,93
726,2,4
737,0,70
737,1,46
737,2,50
727,0,52
727,1,82
727,2,21
738,0,14
738,1,2
738,2,28
728,0,59
728,1,60
728,2,93
739,0,77
739,1,98
739,2,66
729,0,47
729,1,94
729,2,4
740,0,79
740,1,42
740,2,46
730,0,24
730,1,69
730,2,83
741,0,95
741,1,48
741,2,40
731,0,70
731,1,64
731,2,46
742,0,101
742,1,84
742,2,50
732,0,93
732,1,46
732,2,36
743,0,87
743,1,66
743,2,70
733,0,64
733,1,43
733,2,97
744,0,100
744,1,34
744,2,65
734,0,48
734,1,65
734,2,93
745,0,31
745,1,39
745,2,38
735,0,34
735,1,21
735,2,10
746,0,75
736,0,18
736,1,0

746,2,61
736,2,91
737,0,34
737,1,54
737,2,28
747,0,41
747,1,16
747,2,4
738,0,89
738,1,92
738,2,3
748,0,9
748,1,0
748,2,40
739,0,48
739,1,99
739,2,79
749,0,21
749,1,96
749,2,44
740,0,103
740,1,68
740,2,75
750,0,69
750,1,55
750,2,83
741,0,54
741,1,66
741,2,27
751,0,12
751,1,12
751,2,9
742,0,77
742,1,5
742,2,96
752,0,26
752,1,74
752,2,81
743,0,20
743,1,75
743,2,25
753,0,24
753,1,76
753,2,31
744,0,72
744,1,65
744,2,41
754,0,35
754,1,61
754,2,75
745,0,75
745,1,19
745,2,24
755,0,72
755,1,40
755,2,54
746,0,51
746,1,30
746,2,17
756,0,39
756,1,64
756,2,54
747,0,11
747,1,65
747,2,17
748,0,10
748,1,9
748,2,43
757,0,34
757,1,79
757,2,24
749,0,37
749,1,97
749,2,50
758,0,6
758,1,44
758,2,45
750,0,22
750,1,11
750,2,31
759,0,2
759,1,54
759,2,33
760,0,85
760,1,33
760,2,37
751,0,69
751,1,7
751,2,36
761,0,94
761,1,14
761,2,26
752,2,67
762,0,29
753,0,74
762,1,74
753,1,101
762,2,77
753,2,46
754,0,90
754,1,14
754,2,30
763,0,40
763,1,94
763,2,98
764,0,101
764,1,88
764,2,69
755,0,68
755,1,23
755,2,29
765,0,83
765,1,5
765,2,3
756,0,37
756,1,32
756,2,68
766,0,49
766,1,79
766,2,12
757,0,92
757,1,56
757,2,64
767,0,98
767,1,31
767,2,40
758,0,14
758,1,28
758,2,21
768,0,23
768,1,2
768,2,61
759,0,6
759,1,64
759,2,31
769,0,33
769,1,27
769,2,90
760,0,98
760,1,65
760,2,73
770,0,26
770,1,70
770,2,13
761,0,103
761,1,22
761,2,15
771,0,31
771,1,62
771,2,64
762,0,8
762,1,93
762,2,44
772,0,37
772,1,74
772,2,84
763,0,64
763,1,41
763,2,9
773,0,38
773,1,64
773,2,44
764,0,9
764,1,2
764,2,15
774,0,84
774,1,47
774,2,78
765,0,56
765,1,72
765,2,50
775,0,64
775,1,16
775,2,44
766,0,48
766,1,83
766,2,77
776,0,26
776,1,16
776,2,73
767,0,80
767,1,76
767,2,67
777,0,74
777,1,90
777,2,99
768,0,44
768,1,85
768,2,58
778,0,59
778,1,101
778,2,44
769,0,45
769,1,14
769,2,33
779,0,45
779,1,95
779,2,28
770,0,21
770,1,80
770,2,98
780,0,47
780,1,0
780,2,87
771,0,32
771,1,7
771,2,33
781,0,34
781,1,88
781,2,9
772,0,79
772,1,57
772,2,19
782,0,45
782,1,2
782,2,15
773,0,83
773,1,73
773,2,43
783,0,2
783,1,9
783,2,41
774,0,76
774,1,41
774,2,14
784,0,98
784,1,62
784,2,8
775,0,67
775,1,50
775,2,34
785,0,3
785,1,81
785,2,34
776,0,55
776,1,24
776,2,83
786,0,45
786,1,59
786,2,100
777,0,93
777,1,1
777,2,58
787,0,85
787,1,32
787,2,39
778,0,70
778,1,98
778,2,16
788,0,22
788,1,83
788,2,56
779,0,59
779,1,38
779,2,33
789,0,79
789,1,24
789,2,91
780,0,82
780,1,98
780,2,95
790,0,52
790,1,54
790,2,1
781,0,87
781,1,7
781,2,27
791,0,70
791,1,74
791,2,16
782,0,27
782,1,13
782,2,83
792,0,70
792,1,51
792,2,80
783,0,47
783,1,60
783,2,97
793,0,42
793,1,8
793,2,69
784,0,37
784,1,25
784,2,81
794,0,60
794,1,78
794,2,50
785,0,87
785,1,42
785,2,52
795,0,87
795,1,81
795,2,10
786,0,78
786,1,17
786,2,33
796,0,96
796,1,92
796,2,96
787,0,76
787,1,41
787,2,97
797,0,71
797,1,38
797,2,45
788,0,6
788,1,60
788,2,22
798,0,8
798,1,81
798,2,82
789,0,69
789,1,64
789,2,96
799,0,67
799,1,34
799,2,92
790,0,72
790,1,41
790,2,1
800,0,60
800,1,36
800,2,25
791,0,43
791,1,40
791,2,41
792,0,91
792,1,64
792,2,40
793,0,62
793,1,2
793,2,45
794,0,84
794,1,62
794,2,78
801,0,39
801,1,24
801,2,39
802,0,92
802,1,53
802,2,33
795,0,36
795,1,4
795,2,35
803,0,95
803,1,59
803,2,52
796,0,88
796,1,45
796,2,32
804,0,89
804,1,64
804,2,77
797,0,14
797,1,78
797,2,85
805,0,71
805,1,42
805,2,49
798,0,14
798,1,96
798,2,45
806,0,75
806,1,95
806,2,59
799,0,0
799,1,55
799,2,54
807,0,43
807,1,96
807,2,33
800,0,37
800,1,96
800,2,69
808,0,78
808,1,72
808,2,71
809,0,91
809,1,49
809,2,33
810,0,67
810,1,65
810,2,57
801,0,73
801,1,101
801,2,43
811,0,83
811,1,91
811,2,83
802,0,26
802,1,74
802,2,84
812,0,65
812,1,23
812,2,71
803,0,77
803,1,49
803,2,37
813,0,54
813,1,67
813,2,90
804,0,25
804,1,77
804,2,66
814,0,15
814,1,93
814,2,90
805,0,0
805,1,82
805,2,97
815,0,89
815,1,5
815,2,84
806,0,25
806,1,82
806,2,23
816,0,1
816,1,0
816,2,0
807,0,82
807,1,80
807,2,91
817,0,35
817,1,46
817,2,39
808,0,42
808,1,15
808,2,0
818,0,48
818,1,90
818,2,52
809,0,24
809,1,19
809,2,83
819,0,42
819,1,83
819,2,83
810,0,65
810,1,32
810,2,35
820,0,0
820,1,95
820,2,11
811,0,26
811,1,96
811,2,23
821,0,50
821,1,68
821,2,69
812,0,73
812,1,7
812,2,44
822,0,15
822,1,5
822,2,53
813,0,42
813,1,73
813,2,94
823,0,97
823,1,48
823,2,90
814,0,41
814,1,77
814,2,74
824,0,95
824,1,47
824,2,96
815,0,72
815,1,60
815,2,78
825,0,63
825,1,25
825,2,18
816,0,90
816,1,51
816,2,102
826,0,73
826,1,98
826,2,58
817,0,89
817,1,70
817,2,36
827,0,13
827,1,78
827,2,85
818,0,12
818,1,16
818,2,32
828,0,80
828,1,89
828,2,88
819,0,59
819,1,60
819,2,17
829,0,44
829,1,5
829,2,74
820,0,67
820,1,66
820,2,13
830,0,57
830,1,91
830,2,40
831,0,66
831,1,4
821,0,101
831,2,75
821,1,27
821,2,22
822,0,76
832,0,36
822,1,35
832,1,26
822,2,78
832,2,31
833,0,65
833,1,68
833,2,15
823,0,94
823,1,81
823,2,43
834,0,75
834,1,48
834,2,44
824,0,1
824,1,90
824,2,34
835,0,16
835,1,97
835,2,100
825,0,94
825,1,87
825,2,71
836,0,67
836,1,65
836,2,56
826,0,84
826,1,30
826,2,54
837,0,49
837,1,35
837,2,47
827,0,81
827,1,98
827,2,94
838,0,86
838,1,84
838,2,60
828,0,86
828,1,53
828,2,22
839,0,59
839,1,94
839,2,29
829,0,0
829,1,57
829,2,82
840,0,50
840,1,67
840,2,79
830,0,32
830,1,21
830,2,31
841,0,23
841,1,20
841,2,101
831,0,24
831,1,69
831,2,16
842,0,80
842,1,5
842,2,53
832,0,91
832,1,58
832,2,24
843,0,0
843,1,14
843,2,51
833,0,21
833,1,9
833,2,95
844,0,43
844,1,49
844,2,76
834,0,94
834,1,78
834,2,24
845,0,17
845,1,7
845,2,92
835,0,84
835,1,33
835,2,15
846,0,34
846,1,44
846,2,24
836,0,102
836,1,27
836,2,37
847,0,59
847,1,40
847,2,2
837,0,83
837,1,29
837,2,94
848,0,84
848,1,47
848,2,65
838,0,5
838,1,9
838,2,93
849,0,68
849,1,62
849,2,74
839,0,42
839,1,0
839,2,87
850,0,93
850,1,40
850,2,51
840,0,47
840,1,58
840,2,33
851,0,89
851,1,45
851,2,60
841,0,60
841,1,1
841,2,21
852,0,37
852,1,7
852,2,41
842,0,39
842,1,73
842,2,68
853,0,26
853,1,78
853,2,61
843,0,86
843,1,28
843,2,57
854,0,68
854,1,77
854,2,101
844,0,33
844,1,96
844,2,49
855,0,67
855,1,13
855,2,86
845,0,11
845,1,13
845,2,96
856,0,45
856,1,67
846,0,38
856,2,69
846,1,82
846,2,78
857,0,15
847,0,37
847,1,27
857,2,87
847,2,34
858,0,13
848,0,59
858,1,82
848,1,83
858,2,75
848,2,33
859,0,80
859,1,75
859,2,63
849,0,59
849,1,61
849,2,92
860,0,59
860,1,81
860,2,27
850,0,32
850,1,92
850,2,1
861,0,89
861,1,74
861,2,37
851,0,69
851,1,68
851,2,48
852,0,73
852,1,69
862,0,76
852,2,32
862,1,33
862,2,59
863,0,48
853,0,57
863,1,39
853,1,72
863,2,49
864,0,99
864,1,48
864,2,58
854,0,44
854,1,97
854,2,21
865,0,61
865,1,31
865,2,79
855,0,29
855,1,9
855,2,60
866,0,57
866,1,52
866,2,33
856,0,70
856,1,59
856,2,0
867,0,11
867,1,47
867,2,40
857,0,97
857,1,34
857,2,103
868,0,67
868,1,1
868,2,11
858,0,102
858,1,13
858,2,24
869,0,56
869,1,5
869,2,71
859,0,21
859,1,31
859,2,6
870,0,64
870,1,45
870,2,6
860,0,1
860,1,97
860,2,81
871,0,72
871,1,24
871,2,10
861,0,90
861,1,8
861,2,35
872,0,55
872,1,13
872,2,46
862,0,32
862,1,42
862,2,18
873,0,68
873,1,43
873,2,50
863,0,84
863,1,22
863,2,0
874,0,69
874,1,1
874,2,28
864,0,80
864,1,48
864,2,86
875,0,33
875,1,24
875,2,77
865,0,26
865,1,96
865,2,40
866,0,39
866,1,78
866,2,13
876,0,42
876,1,1
876,2,26
867,0,13
867,1,11
867,2,2
877,0,33
877,1,60
877,2,97
868,0,17
868,1,38
878,0,9
868,2,36
878,1,9
878,2,0
869,0,73
869,1,91
879,1,60
869,2,25
879,2,62
880,0,12
880,1,36
880,2,7
870,0,7
870,1,16
870,2,38
881,0,20
881,1,6
881,2,50
871,0,59
871,1,29
871,2,71
882,0,18
882,1,90
882,2,60
872,0,86
872,1,97
872,2,30
883,0,97
883,1,9
883,2,39
873,0,33
873,1,27
873,2,89
884,0,8
884,1,51
884,2,15
874,0,19
874,1,0
874,2,62
885,0,40
885,1,39
885,2,28
875,0,18
875,1,86
875,2,88
886,0,19
886,1,57
886,2,8
876,0,11
876,1,64
876,2,15
887,0,48
887,1,68
887,2,80
877,0,45
877,1,94
877,2,89
888,0,87
888,1,78
888,2,10
878,0,101
878,1,95
878,2,12
889,0,16
889,1,24
889,2,76
879,0,86
879,1,60
879,2,98
890,0,1
890,1,10
890,2,60
880,0,74
880,1,83
880,2,64
891,0,93
891,1,16
891,2,97
881,0,83
881,1,52
881,2,67
892,0,30
892,1,8
892,2,29
882,0,88
882,1,54
882,2,83
893,0,88
893,1,66
893,2,81
883,0,29
883,1,101
883,2,16
894,0,87
894,1,100
894,2,94
884,0,25
884,1,103
884,2,93
895,0,49
895,1,27
895,2,59
885,0,11
885,1,8
885,2,3
896,0,82
896,1,85
896,2,88
886,0,8
886,1,45
886,2,10
897,0,99
897,1,53
897,2,73
887,0,90
887,1,92
887,2,6
898,0,95
898,1,16
898,2,52
888,0,7
888,1,100
888,2,48
899,0,10
889,0,12
899,1,71
889,1,66
899,2,67
889,2,61
900,0,84
900,1,58
900,2,51
890,0,101
890,1,74
890,2,61
891,0,28
891,1,82
891,2,61
892,0,32
892,1,1
892,2,18
893,0,60
893,1,70
893,2,65
901,0,50
901,1,59
901,2,15
894,0,102
894,1,45
894,2,21
902,0,85
902,1,82
902,2,44
895,0,102
895,1,58
895,2,69
903,0,55
903,1,72
903,2,28
896,0,70
896,1,25
896,2,9
904,0,4
904,1,98
904,2,5
897,0,1
897,1,77
897,2,58
905,0,34
905,1,75
905,2,50
898,0,74
898,1,90
898,2,17
906,0,97
906,1,64
906,2,37
899,0,34
899,1,68
899,2,18
907,0,89
907,1,43
907,2,6
900,0,7
900,1,103
900,2,95
908,0,78
908,1,35
908,2,15
909,0,32
909,1,16
909,2,54
910,0,52
910,1,80
910,2,21
901,0,77
901,1,15
901,2,70
911,0,12
911,1,62
911,2,18
902,0,42
902,1,92
902,2,44
912,0,50
912,1,57
912,2,89
903,0,100
903,1,55
903,2,71
913,0,42
913,1,45
913,2,4
904,0,69
904,1,28
904,2,29
914,0,36
914,1,30
914,2,90
905,0,16
905,1,21
905,2,69
915,0,27
915,1,19
915,2,13
906,0,21
906,1,54
906,2,73
916,0,46
916,1,0
916,2,26
907,0,38
907,1,18
907,2,70
917,0,28
917,1,65
917,2,51
908,0,33
908,1,93
908,2,49
918,0,21
918,1,73
918,2,13
909,0,64
909,1,10
909,2,6
919,0,71
919,1,50
919,2,65
910,0,95
910,1,0
910,2,20
920,0,64
920,1,98
920,2,43
921,0,4
911,0,43
911,1,96
921,1,73
911,2,41
921,2,26
912,0,99
912,1,79
912,2,89
922,0,95
922,1,18
922,2,34
913,0,41
913,1,67
913,2,94
923,0,66
923,1,21
923,2,87
914,0,34
914,1,70
914,2,3
924,0,59
924,1,30
924,2,2
915,0,85
915,1,37
915,2,68
925,0,101
925,1,39
925,2,66
916,0,39
916,1,50
916,2,1
926,0,51
926,1,26
926,2,81
917,0,52
917,1,95
917,2,20
927,0,46
927,1,76
927,2,74
918,0,71
918,1,97
918,2,101
928,0,33
928,1,70
928,2,69
919,0,15
919,1,51
919,2,26
929,0,29
929,1,9
929,2,7
920,0,21
920,1,101
920,2,83
930,0,73
930,1,42
930,2,101
921,0,79
921,1,65
921,2,79
931,0,48
931,1,78
931,2,77
922,0,88
922,1,17
922,2,11
932,0,43
932,1,37
932,2,21
923,0,12
923,1,45
923,2,37
933,0,43
933,1,22
933,2,30
924,0,42
924,1,39
924,2,99
934,0,97
934,1,20
934,2,38
925,0,56
925,1,53
925,2,41
935,0,0
935,1,14
935,2,16
926,0,14
926,1,6
926,2,61
936,0,14
936,1,88
936,2,3
927,0,20
927,1,15
927,2,63
937,0,21
937,1,83
937,2,57
928,0,79
928,1,62
928,2,22
938,0,60
938,1,17
938,2,76
929,0,18
929,1,67
929,2,95
939,0,37
939,1,36
939,2,17
930,0,4
930,1,67
930,2,82
940,0,59
940,1,67
940,2,32
931,0,27
931,1,58
931,2,101
941,0,89
941,1,80
941,2,31
932,0,64
932,1,30
932,2,0
942,0,10
942,1,84
942,2,64
933,0,29
933,1,6
933,2,22
943,0,66
943,1,94
943,2,60
934,0,33
934,1,78
934,2,10
944,0,69
944,1,71
944,2,76
935,0,20
935,1,82
935,2,87
945,0,82
945,1,48
945,2,54
936,0,34
936,1,9
936,2,40
946,0,26
946,1,72
946,2,89
937,0,8
937,1,16
937,2,86
947,0,16
947,1,98
947,2,101
938,0,2
938,1,17
938,2,32
948,0,12
948,1,73
948,2,27
949,0,21
949,1,75
949,2,55
939,0,42
939,1,12
939,2,60
950,0,90
950,1,63
950,2,49
940,0,80
940,1,14
940,2,40
951,0,69
951,1,33
951,2,86
941,0,61
941,1,2
941,2,78
952,0,92
952,1,18
952,2,47
942,0,11
942,1,25
942,2,48
943,0,86
943,1,2
943,2,0
953,0,24
953,1,82
953,2,61
944,0,99
944,1,97
944,2,28
954,0,92
954,1,69
954,2,82
945,0,100
945,1,19
945,2,6
955,0,17
955,1,9
955,2,12
946,0,70
946,1,101
946,2,5
956,0,58
956,1,56
956,2,11
947,0,43
947,1,53
947,2,87
957,0,20
957,1,83
957,2,81
948,0,75
948,1,77
948,2,24
958,0,39
958,1,35
958,2,11
949,0,2
949,1,96
949,2,1
959,0,37
959,1,32
959,2,68
950,0,45
950,1,13
950,2,72
960,0,19
960,1,68
960,2,58
951,0,95
951,1,58
951,2,86
961,0,36
961,1,28
961,2,76
952,0,5
952,1,70
952,2,69
962,0,62
962,1,9
962,2,83
953,0,57
953,1,22
953,2,1
963,0,37
963,1,63
963,2,86
954,0,46
954,1,8
954,2,21
964,0,63
964,1,54
964,2,98
955,0,43
955,1,13
955,2,93
965,0,40
965,1,49
965,2,91
956,0,100
956,1,58
956,2,40
966,0,71
966,1,93
966,2,57
957,0,14
957,1,81
957,2,20
967,0,84
967,1,46
967,2,20
958,0,49
958,1,7
958,2,85
968,0,26
968,1,34
968,2,78
959,0,82
959,1,3
959,2,63
969,0,73
969,1,51
969,2,46
960,0,77
960,1,60
960,2,77
970,0,80
970,1,22
970,2,28
961,0,93
961,1,37
961,2,7
971,0,88
971,1,76
971,2,92
962,0,100
962,1,41
962,2,32
972,0,76
972,1,77
972,2,93
963,0,71
963,1,80
963,2,59
973,0,42
973,1,40
973,2,25
964,0,58
964,1,24
964,2,82
974,0,38
974,1,53
974,2,23
965,0,51
965,1,76
965,2,50
975,0,57
975,1,15
975,2,89
966,0,37
966,1,95
966,2,95
976,0,51
976,1,44
976,2,16
967,0,33
967,1,90
967,2,29
977,0,47
977,1,77
977,2,10
968,0,15
968,1,96
968,2,57
978,0,97
978,1,1
978,2,89
969,0,4
969,1,14
969,2,79
979,0,85
979,1,47
979,2,5
970,0,56
970,1,101
970,2,41
980,0,94
980,1,64
980,2,73
971,0,49
971,1,54
971,2,81
981,0,22
981,1,81
981,2,22
972,0,13
972,1,45
972,2,76
982,0,21
982,1,13
982,2,69
973,0,68
973,1,73
973,2,32
983,0,76
983,1,43
983,2,95
974,0,57
974,1,16
974,2,92
984,0,77
984,1,97
984,2,21
975,0,62
975,1,3
975,2,77
985,0,66
985,1,39
985,2,37
976,0,83
976,1,80
976,2,78
986,0,57
986,1,4
986,2,7
977,0,12
977,1,80
977,2,95
987,0,64
987,1,51
987,2,43
978,0,57
978,1,76
978,2,72
988,0,55
988,1,41
988,2,72
979,0,97
979,1,51
979,2,44
989,0,17
989,1,20
989,2,57
980,0,76
980,1,40
980,2,83
990,0,34
990,1,26
990,2,3
981,0,91
981,1,38
981,2,93
991,0,95
991,1,68
991,2,62
982,0,10
982,1,77
982,2,11
992,0,88
992,1,24
992,2,63
983,0,79
983,1,22
983,2,85
993,0,65
993,1,55
993,2,24
984,0,82
984,1,46
984,2,39
994,0,66
994,1,58
994,2,14
985,0,16
985,1,65
985,2,97
995,0,68
995,1,54
995,2,64
986,0,72
986,1,3
986,2,91
996,0,28
996,1,6
996,2,45
987,0,84
987,1,45
987,2,21
997,0,66
997,1,85
997,2,0
998,0,63
998,1,7
998,2,34
988,0,34
988,1,28
988,2,70
999,0,49
999,1,3
999,2,47
989,0,92
989,1,96
989,2,103
1000,0,69
1000,1,57
1000,2,75
990,0,44
990,1,22
990,2,16
991,0,8
991,1,65
991,2,36
992,0,46
992,1,18
992,2,34
993,0,53
993,1,76
993,2,79
1001,0,96
1001,1,18
1001,2,37
994,0,77
994,1,75
994,2,39
1002,0,9
1002,1,33
1002,2,75
995,0,75
995,1,7
995,2,30
1003,0,69
1003,1,30
1003,2,95
996,0,63
996,1,73
996,2,1
1004,0,90
1004,1,85
1004,2,83
997,0,70
997,1,64
997,2,27
1005,0,16
1005,1,83
1005,2,23
998,0,50
998,1,29
998,2,67
1006,0,34
1006,1,45
1006,2,82
999,0,75
999,1,88
999,2,46
1007,0,59
1007,1,59
1007,2,26
1000,0,54
1000,1,70
1000,2,37
1008,0,6
1008,1,37
1008,2,96
1009,0,74
1009,1,27
1009,2,17
1010,0,77
1010,1,12
1010,2,97
1001,0,24
1001,1,29
1001,2,17
1011,0,14
1011,1,64
1011,2,69
1002,0,80
1002,1,24
1002,2,21
1012,0,79
1012,1,60
1012,2,83
1003,0,81
1003,1,26
1003,2,14
1013,0,54
1013,1,37
1013,2,80
1004,0,49
1004,1,84
1004,2,0
1014,0,16
1014,1,10
1014,2,77
1005,0,56
1005,1,7
1005,2,2
1015,0,4
1015,1,47
1015,2,34
1006,0,16
1006,1,89
1006,2,96
1016,0,67
1016,1,86
1016,2,48
1007,0,44
1007,1,56
1007,2,54
1017,0,99
1017,1,43
1017,2,98
1008,0,18
1008,1,98
1008,2,66
1018,0,61
1018,1,96
1018,2,92
1009,0,1
1009,1,66
1009,2,79
1010,0,75
1010,1,50
1010,2,60
1019,0,48
1019,1,48
1019,2,88
1020,0,49
1020,1,2
1020,2,15
1011,0,73
1011,1,22
1011,2,81
1021,0,66
1021,1,69
1021,2,70
1012,0,90
1012,1,68
1012,2,62
1022,0,63
1022,1,47
1022,2,93
1013,0,26
1013,1,63
1013,2,2
1023,0,53
1023,1,87
1023,2,93
1014,0,9
1014,1,91
1014,2,91
1024,0,87
1024,1,18
1024,2,82
1015,0,49
1015,1,103
1015,2,45
1025,0,58
1025,1,77
1025,2,61
1016,0,95
1016,1,21
1016,2,37
1026,0,10
1026,1,30
1026,2,79
1017,0,15
1017,1,41
1017,2,47
1027,0,20
1027,1,2
1027,2,57
1018,0,75
1018,1,75
1018,2,30
1028,0,49
1028,1,56
1028,2,99
1019,0,62
1019,1,25
1019,2,102
1029,0,90
1029,1,45
1029,2,73
1020,0,84
1020,1,103
1020,2,25
1030,0,56
1030,1,94
1030,2,30
1021,0,46
1021,1,53
1021,2,73
1031,0,73
1031,1,72
1031,2,76
1022,0,21
1022,1,54
1022,2,7
1032,0,77
1032,1,22
1032,2,90
1023,0,98
1023,1,27
1023,2,10
1033,0,2
1033,1,73
1033,2,44
1024,0,78
1024,1,40
1024,2,35
1034,0,28
1034,1,51
1034,2,71
1025,0,52
1025,1,18
1025,2,98
1035,0,77
1035,1,94
1035,2,30
1026,0,83
1026,1,59
1026,2,22
1036,0,55
1036,1,40
1036,2,35
1027,0,45
1027,1,42
1027,2,55
1037,0,73
1037,1,87
1037,2,33
1028,0,53
1028,1,89
1028,2,36
1038,0,69
1038,1,88
1038,2,91
1029,0,96
1029,1,47
1029,2,59
1039,0,97
1039,1,61
1039,2,18
1030,0,36
1030,1,19
1030,2,48
1040,0,41
1040,1,39
1040,2,11
1031,0,89
1031,1,93
1031,2,21
1041,0,55
1041,1,54
1041,2,38
1032,0,2
1032,1,48
1032,2,87
1042,0,41
1042,1,75
1042,2,23
1033,0,96
1033,1,0
1033,2,32
1043,0,88
1043,1,77
1043,2,44
1034,0,56
1034,1,39
1034,2,35
1044,0,7
1044,1,81
1044,2,28
1035,0,73
1035,1,14
1035,2,25
1045,0,72
1045,1,40
1045,2,76
1036,0,65
1036,1,4
1036,2,35
1046,0,80
1046,1,19
1046,2,71
1037,0,93
1037,1,22
1037,2,93
1047,0,56
1047,1,92
1047,2,25
1038,0,12
1038,1,74
1038,2,84
1048,0,41
1048,1,101
1048,2,18
1039,0,17
1039,1,11
1039,2,25
1049,0,81
1049,1,73
1049,2,22
1040,0,48
1040,1,57
1040,2,92
1050,0,17
1050,1,74
1050,2,68
1041,0,8
1041,1,66
1041,2,12
1051,0,91
1051,1,48
1051,2,73
1042,0,87
1042,1,56
1042,2,25
1052,0,65
1052,1,23
1052,2,47
1043,0,39
1043,1,4
1043,2,99
1053,0,96
1053,1,40
1053,2,58
1044,0,24
1044,1,77
1044,2,87
1054,0,89
1054,1,4
1054,2,5
1045,0,81
1045,1,68
1045,2,83
1055,0,54
1055,1,67
1055,2,37
1046,0,53
1046,1,10
1046,2,102
1056,0,73
1056,1,98
1056,2,42
1057,0,89
1057,1,44
1057,2,6
1047,0,102
1047,1,66
1047,2,79
1048,0,87
1048,1,64
1048,2,99
1058,0,68
1058,1,43
1058,2,45
1059,0,73
1059,1,31
1059,2,29
1049,0,14
1049,1,24
1049,2,41
1060,0,59
1060,1,84
1060,2,23
1050,0,17
1050,1,32
1050,2,14
1061,0,76
1061,1,39
1061,2,30
1051,0,63
1051,1,23
1051,2,70
1062,0,83
1062,1,52
1062,2,101
1052,0,67
1052,1,97
1052,2,60
1063,0,96
1053,0,72
1063,1,12
1053,1,30
1063,2,36
1053,2,53
1054,0,91
1064,0,3
1054,1,100
1064,1,4
1054,2,76
1064,2,35
1065,0,96
1055,0,80
1065,2,17
1055,1,79
1055,2,35
1056,0,28
1066,0,68
1056,1,23
1066,1,49
1056,2,72
1066,2,31
1067,0,52
1057,0,76
1067,1,20
1057,1,82
1067,2,11
1057,2,8
1058,0,78
1068,0,88
1058,1,20
1068,1,19
1058,2,11
1068,2,61
1059,0,101
1069,0,93
1059,1,33
1069,1,93
1059,2,73
1069,2,44
1060,0,7
1060,1,48
1060,2,36
1070,0,59
1070,1,77
1070,2,6
1061,0,69
1061,1,5
1071,0,74
1061,2,88
1071,1,14
1071,2,35
1062,0,9
1062,1,25
1062,2,54
1072,0,70
1072,1,66
1072,2,83
1063,0,33
1063,1,103
1073,0,23
1063,2,47
1073,1,99
1073,2,8
1074,0,15
1074,1,15
1074,2,2
1064,0,89
1064,1,12
1064,2,14
1075,0,37
1075,1,82
1075,2,30
1065,0,0
1065,1,68
1065,2,39
1076,0,69
1076,1,74
1076,2,11
1066,0,102
1066,1,59
1066,2,84
1077,0,89
1077,1,24
1077,2,41
1067,0,36
1067,1,78
1067,2,12
1078,0,39
1078,1,49
1078,2,66
1068,0,10
1068,1,36
1068,2,65
1079,0,19
1079,1,64
1079,2,90
1069,0,7
1069,1,23
1069,2,40
1080,0,90
1080,1,42
1080,2,85
1070,0,48
1070,1,55
1070,2,2
1081,0,23
1071,0,73
1081,1,14
1071,1,37
1081,2,52
1071,2,98
1072,0,83
1072,1,53
1082,0,82
1072,2,80
1082,1,93
1082,2,60
1083,0,16
1073,0,25
1083,1,84
1073,1,61
1083,2,13
1073,2,92
1084,0,85
1084,1,99
1084,2,68
1074,0,102
1074,1,27
1074,2,74
1085,0,8
1085,1,22
1085,2,87
1075,0,14
1075,1,49
1075,2,84
1086,0,28
1086,1,13
1086,2,58
1076,0,56
1076,1,72
1076,2,103
1087,0,27
1087,1,15
1087,2,59
1077,0,39
1077,1,48
1077,2,68
1088,0,36
1088,1,48
1088,2,72
1078,0,24
1078,1,22
1078,2,2
1079,0,35
1079,1,101
1079,2,26
1089,0,16
1089,1,11
1089,2,53
1080,0,61
1080,1,13
1080,2,61
1090,0,35
1090,1,47
1090,2,30
1081,0,70
1081,1,17
1081,2,30
1091,0,54
1091,1,10
1091,2,74
1082,0,13
1092,0,5
1082,1,70
1092,1,10
1082,2,71
1092,2,34
1083,0,82
1093,0,0
1083,1,29
1093,1,87
1083,2,20
1093,2,47
1094,0,54
1084,0,99
1094,1,93
1084,1,54
1094,2,11
1084,2,59
1085,0,70
1095,0,65
1085,1,42
1095,2,2
1085,2,65
1096,0,7
1096,1,50
1086,0,64
1096,2,37
1086,1,79
1086,2,48
1087,0,56
1087,1,99
1087,2,12
1097,2,64
1088,0,11
1098,0,60
1088,1,99
1098,1,75
1088,2,26
1098,2,72
1089,0,62
1089,1,52
1089,2,77
1099,0,26
1099,1,41
1099,2,40
1090,0,62
1090,1,91
1090,2,6
1100,0,78
1100,1,64
1100,2,52
1091,0,57
1091,1,34
1091,2,79
1092,0,19
1092,1,4
1092,2,64
1093,0,81
1093,1,73
1093,2,31
1101,0,95
1101,1,32
1101,2,63
1094,0,59
1094,1,63
1094,2,86
1102,0,94
1102,1,42
1102,2,17
1095,0,98
1095,1,86
1095,2,83
1103,0,23
1103,1,10
1103,2,37
1096,0,68
1096,1,4
1096,2,34
1104,0,52
1104,1,70
1104,2,37
1097,0,101
1097,1,52
1097,2,1
1105,0,67
1105,1,91
1105,2,15
1098,0,88
1098,1,101
1098,2,22
1106,0,41
1106,1,78
1106,2,56
1099,0,101
1099,1,70
1099,2,4
1107,0,6
1107,1,78
1107,2,81
1100,0,22
1100,1,2
1100,2,7
1108,0,11
1108,1,38
1108,2,61
1109,0,7
1109,1,7
1109,2,84
1110,0,81
1110,1,35
1110,2,56
1101,0,67
1101,1,15
1101,2,102
1111,0,88
1111,1,3
1111,2,34
1112,0,19
1102,0,82
1112,1,46
1102,1,56
1112,2,77
1102,2,5
1113,0,90
1103,1,69
1113,1,101
1103,2,73
1113,2,20
1104,0,16
1104,1,21
1104,2,89
1114,0,28
1114,1,81
1114,2,67
1105,0,42
1105,1,7
1105,2,51
1115,0,8
1115,1,64
1115,2,76
1106,0,76
1106,1,57
1106,2,9
1116,0,19
1116,1,48
1116,2,69
1107,0,54
1107,1,61
1107,2,89
1117,0,1
1117,1,50
1117,2,68
1108,0,83
1108,1,9
1108,2,101
1118,0,63
1118,1,28
1118,2,73
1109,0,58
1109,1,54
1109,2,23
1119,0,23
1119,1,79
1119,2,7
1110,0,81
1110,1,79
1110,2,41
1120,0,83
1120,1,7
1120,2,5
1121,0,76
1121,1,4
1121,2,57
1111,0,77
1111,1,77
1111,2,76
1122,0,74
1122,1,24
1122,2,95
1112,0,17
1112,1,26
1112,2,101
1123,0,68
1123,1,97
1123,2,7
1113,0,23
1113,1,87
1113,2,29
1124,0,77
1124,1,16
1114,0,88
1124,2,33
1114,1,51
1114,2,21
1125,0,53
1125,1,80
1115,0,68
1125,2,15
1115,1,3
1115,2,97
1126,0,42
1126,1,19
1126,2,85
1116,0,58
1116,1,13
1116,2,45
1117,0,54
1127,0,98
1117,2,7
1127,1,0
1127,2,93
1118,0,63
1118,1,59
1118,2,21
1128,0,43
1128,1,31
1128,2,57
1119,0,22
1119,1,101
1119,2,9
1129,0,55
1129,1,32
1129,2,41
1120,0,60
1120,1,2
1120,2,21
1130,0,55
1130,1,96
1130,2,48
1121,0,20
1131,0,64
1121,1,67
1131,1,18
1121,2,26
1131,2,37
1122,0,49
1122,1,69
1122,2,90
1132,0,88
1132,1,7
1132,2,43
1123,0,93
1133,0,18
1123,1,19
1133,1,28
1123,2,38
1133,2,38
1124,0,62
1124,1,34
1134,0,37
1134,1,89
1134,2,26
1125,0,19
1135,0,64
1125,1,20
1135,1,97
1125,2,51
1135,2,27
1126,0,86
1126,1,45
1126,2,0
1136,0,12
1136,1,79
1136,2,37
1127,0,27
1127,1,20
1137,0,87
1127,2,70
1137,1,10
1137,2,63
1128,0,62
1138,0,101
1128,1,26
1138,1,5
1128,2,24
1138,2,68
1129,0,23
1129,1,97
1129,2,94
1139,0,7
1139,1,19
1139,2,34
1130,0,41
1130,1,69
1130,2,57
1140,0,42
1140,1,45
1140,2,74
1131,0,101
1131,1,92
1131,2,90
1141,0,41
1141,1,53
1141,2,97
1132,0,95
1132,1,53
1132,2,74
1142,0,79
1142,1,64
1142,2,37
1133,0,102
1133,1,79
1133,2,8
1143,0,46
1143,1,49
1143,2,40
1144,0,22
1144,1,58
1144,2,11
1134,0,22
1134,1,42
1134,2,82
1145,0,98
1145,1,44
1145,2,70
1135,0,70
1135,1,23
1135,2,76
1146,0,33
1146,1,60
1146,2,60
1136,0,6
1136,1,30
1136,2,19
1147,0,28
1137,0,77
1147,1,1
1137,1,42
1147,2,62
1137,2,30
1138,0,100
1138,1,50
1138,2,91
1148,0,16
1148,1,20
1148,2,23
1139,0,28
1149,0,62
1139,1,49
1149,1,25
1139,2,31
1149,2,44
1140,0,99
1150,0,45
1140,1,53
1150,1,73
1140,2,73
1150,2,45
1151,0,74
1151,1,15
1141,0,53
1151,2,70
1141,1,2
1141,2,90
1142,0,15
1142,1,64
1152,0,79
1142,2,4
1152,1,79
1152,2,79
1143,0,78
1153,0,92
1153,1,55
1143,2,45
1144,0,61
1144,1,28
1154,0,96
1144,2,85
1154,1,99
1154,2,38
1155,0,55
1145,1,9
1155,1,44
1145,2,46
1155,2,37
1146,0,71
1146,1,61
1146,2,53
1156,0,41
1156,1,81
1156,2,85
1157,0,20
1147,0,71
1147,1,6
1157,1,15
1147,2,44
1157,2,6
1148,0,100
1148,1,54
1148,2,23
1158,0,13
1158,1,101
1158,2,12
1159,0,16
1159,1,53
1149,0,11
1159,2,19
1149,1,16
1149,2,49
1160,0,77
1160,1,95
1150,0,49
1160,2,7
1150,1,0
1150,2,90
1151,0,44
1151,1,60
1161,0,15
1151,2,84
1161,1,90
1161,2,67
1152,0,79
1152,1,53
1152,2,22
1162,0,43
1162,1,8
1162,2,62
1153,0,59
1153,1,50
1153,2,65
1163,0,8
1163,1,79
1163,2,6
1154,0,55
1154,1,4
1164,0,72
1154,2,29
1164,1,4
1164,2,28
1165,0,21
1165,1,29
1155,0,4
1165,2,35
1155,2,87
1156,0,29
1156,1,63
1156,2,70
1166,0,39
1166,1,2
1166,2,52
1157,0,88
1157,1,12
1167,0,38
1167,1,9
1157,2,83
1167,2,53
1158,0,64
1158,1,52
1158,2,5
1168,0,17
1168,1,1
1168,2,68
1159,0,40
1159,1,3
1159,2,95
1169,0,21
1169,1,3
1169,2,42
1160,0,75
1160,1,50
1160,2,10
1170,0,87
1170,1,33
1170,2,15
1161,0,26
1161,1,52
1161,2,53
1171,0,86
1171,1,72
1171,2,12
1162,0,77
1162,1,92
1162,2,1
1172,0,0
1172,1,24
1172,2,84
1163,0,66
1163,1,51
1163,2,2
1173,0,55
1173,1,1
1173,2,21
1164,0,0
1164,1,42
1164,2,38
1174,0,75
1174,1,36
1174,2,89
1165,0,86
1165,1,3
1165,2,8
1175,0,48
1175,1,1
1175,2,47
1166,0,68
1166,1,50
1166,2,25
1176,0,27
1176,1,46
1176,2,53
1167,0,72
1167,1,4
1167,2,72
1177,0,52
1177,1,99
1177,2,57
1168,0,60
1168,1,14
1168,2,28
1178,0,49
1178,1,90
1178,2,46
1169,0,87
1179,0,16
1169,1,3
1179,1,6
1169,2,5
1179,2,92
1170,0,99
1180,0,76
1180,1,27
1180,2,31
1170,2,47
1171,0,97
1171,1,40
1181,0,31
1171,2,42
1181,1,56
1181,2,55
1172,0,60
1172,1,22
1172,2,37
1182,0,84
1182,1,64
1182,2,2
1173,0,86
1173,1,42
1173,2,27
1183,0,75
1183,1,79
1183,2,86
1174,0,64
1174,1,52
1174,2,74
1184,0,37
1184,1,34
1184,2,26
1175,0,3
1175,1,59
1175,2,63
1185,0,82
1185,1,21
1185,2,92
1186,0,48
1176,0,30
1186,1,12
1176,1,100
1186,2,92
1176,2,22
1187,0,91
1187,1,76
1187,2,78
1177,0,3
1177,1,76
1177,2,73
1188,0,95
1188,1,97
1188,2,72
1178,0,10
1178,1,89
1178,2,62
1189,0,78
1179,0,92
1189,1,17
1179,1,69
1189,2,75
1179,2,10
1180,0,52
1180,1,80
1190,1,41
1180,2,64
1190,2,57
1181,0,37
1191,0,46
1181,1,38
1191,1,47
1181,2,26
1191,2,45
1192,0,72
1192,1,91
1182,0,75
1182,1,62
1192,2,10
1182,2,28
1193,0,13
1193,1,16
1183,0,59
1193,2,85
1183,1,17
1183,2,71
1194,0,17
1194,1,83
1194,2,80
1184,0,23
1184,1,35
1184,2,93
1195,0,32
1195,1,46
1195,2,2
1185,0,41
1185,1,88
1185,2,77
1196,0,80
1196,1,3
1196,2,58
1186,0,29
1186,1,37
1186,2,76
1197,0,45
1197,1,36
1197,2,68
1187,0,57
1187,1,52
1187,2,78
1198,0,87
1198,1,4
1198,2,47
1188,0,21
1188,1,7
1188,2,39
1199,0,68
1199,1,52
1199,2,22
1189,0,59
1189,1,28
1189,2,53
1200,0,72
1200,1,81
1200,2,93
1190,0,40
1190,1,62
1190,2,70
1191,0,29
1191,1,2
1191,2,59
1192,0,13
1192,1,8
1192,2,22
1201,0,26
1201,1,71
1201,2,6
1193,0,17
1193,1,8
1193,2,74
1202,0,71
1202,1,46
1202,2,5
1194,0,25
1194,1,96
1194,2,63
1203,0,52
1203,1,97
1203,2,17
1195,0,61
1195,1,54
1195,2,55
1204,0,58
1204,1,16
1204,2,61
1196,0,42
1196,1,22
1196,2,72
1205,0,64
1205,1,3
1205,2,8
1197,0,62
1197,1,37
1206,0,1
1197,2,26
1206,1,90
1206,2,100
1198,0,101
1198,1,30
1198,2,46
1207,0,79
1207,1,92
1207,2,31
1199,0,103
1199,1,31
1199,2,14
1208,0,78
1208,1,43
1208,2,81
1200,0,34
1200,1,27
1200,2,6
1209,0,65
1209,1,97
1209,2,18
1210,0,97
1210,1,0
1210,2,19
1211,0,81
1211,1,96
1211,2,19
1212,0,96
1212,1,38
1212,2,9
1201,0,35
1201,1,66
1201,2,62
1213,0,58
1213,1,74
1213,2,62
1202,0,0
1202,1,44
1202,2,31
1214,0,43
1214,1,71
1214,2,70
1203,0,4
1203,1,69
1203,2,7
1215,0,87
1215,1,80
1215,2,42
1204,0,36
1204,1,87
1204,2,56
1216,0,84
1216,1,62
1216,2,7
1205,0,37
1205,1,16
1205,2,29
1217,0,77
1217,1,78
1217,2,71
1206,0,28
1206,1,45
1206,2,47
1218,0,30
1218,1,21
1218,2,9
1207,0,7
1207,1,55
1207,2,38
1208,0,91
1219,0,27
1208,1,6
1219,1,70
1208,2,19
1219,2,29
1220,0,22
1220,1,79
1220,2,37
1209,0,31
1209,1,23
1209,2,91
1221,0,0
1221,1,4
1221,2,15
1210,0,21
1210,1,64
1210,2,19
1222,0,78
1222,1,17
1222,2,100
1211,0,7
1211,1,100
1211,2,23
1223,0,1
1223,1,45
1223,2,54
1212,0,10
1212,1,46
1212,2,5
1224,0,69
1224,1,94
1224,2,25
1213,0,78
1213,1,89
1213,2,26
1225,0,11
1225,1,6
1225,2,34
1214,0,73
1214,1,70
1214,2,30
1226,0,59
1226,1,100
1226,2,56
1215,0,89
1215,1,64
1215,2,42
1227,0,33
1227,1,54
1227,2,93
1216,0,24
1216,1,96
1216,2,22
1228,0,49
1228,1,51
1228,2,26
1217,0,32
1217,1,61
1217,2,2
1229,0,77
1229,1,86
1229,2,48
1218,0,61
1218,1,94
1218,2,82
1230,0,81
1230,1,84
1230,2,11
1219,0,86
1219,1,1
1219,2,50
1231,0,79
1231,1,13
1231,2,39
1220,0,22
1220,1,103
1220,2,36
1232,0,5
1232,1,70
1232,2,53
1221,0,3
1221,1,45
1221,2,34
1233,0,93
1233,1,18
1233,2,92
1222,0,57
1222,1,74
1222,2,94
1234,0,85
1234,1,89
1234,2,56
1223,0,11
1223,1,41
1223,2,59
1235,0,67
1235,1,80
1235,2,67
1224,0,102
1224,1,5
1224,2,63
1236,0,78
1236,1,52
1236,2,85
1225,0,94
1225,1,13
1225,2,101
1237,0,19
1237,1,91
1237,2,61
1226,0,11
1226,1,12
1226,2,31
1238,0,33
1238,1,101
1238,2,52
1227,0,11
1227,1,77
1227,2,44
1239,0,30
1239,1,86
1239,2,89
1228,0,61
1228,1,66
1228,2,14
1240,0,28
1240,1,100
1240,2,21
1229,0,55
1229,1,80
1229,2,59
1241,0,93
1241,1,59
1241,2,26
1230,0,52
1230,1,90
1230,2,15
1242,0,72
1242,1,18
1242,2,73
1243,0,38
1243,1,35
1231,1,74
1243,2,20
1231,2,94
1244,0,100
1232,0,59
1244,1,33
1232,1,33
1244,2,17
1232,2,97
1245,0,82
1245,1,73
1245,2,32
1233,0,4
1233,1,9
1233,2,82
1246,0,17
1234,0,77
1246,1,53
1234,1,38
1246,2,26
1234,2,31
1247,0,96
1235,0,76
1247,1,49
1235,1,102
1247,2,62
1235,2,42
1248,0,96
1248,1,82
1248,2,58
1236,0,95
1236,1,20
1236,2,76
1249,0,88
1249,1,31
1249,2,24
1237,0,81
1237,1,93
1237,2,89
1250,0,94
1250,1,85
1250,2,17
1238,0,98
1238,1,90
1238,2,42
1251,0,11
1251,1,95
1251,2,54
1239,0,7
1239,1,44
1239,2,95
1252,0,1
1252,1,26
1240,0,62
1252,2,55
1240,1,63
1240,2,53
1253,0,62
1253,1,71
1253,2,48
1241,0,14
1241,1,77
1241,2,14
1254,0,45
1254,1,40
1254,2,27
1242,0,72
1242,1,46
1242,2,37
1255,0,29
1255,1,12
1255,2,53
1243,0,64
1243,1,8
1243,2,61
1256,0,96
1256,1,96
1256,2,13
1244,0,4
1244,1,2
1244,2,93
1257,0,3
1257,1,79
1257,2,38
1245,0,45
1245,1,13
1245,2,20
1258,0,11
1258,1,36
1258,2,50
1246,0,30
1246,1,46
1246,2,51
1247,0,57
1247,1,100
1247,2,88
1259,0,88
1259,1,44
1259,2,71
1248,0,36
1248,1,60
1248,2,91
1260,0,38
1260,1,88
1260,2,37
1249,0,9
1249,1,29
1249,2,88
1261,0,79
1261,1,19
1261,2,18
1250,0,46
1250,1,50
1250,2,16
1262,0,50
1262,1,26
1262,2,52
1251,0,38
1251,1,11
1251,2,9
1263,0,34
1263,1,23
1263,2,91
1252,0,85
1252,1,44
1252,2,47
1264,0,44
1264,1,12
1264,2,9
1253,0,71
1253,1,77
1253,2,17
1265,0,101
1265,1,60
1265,2,16
1254,0,73
1254,1,76
1254,2,89
1266,0,46
1266,1,6
1266,2,41
1255,0,60
1255,1,36
1255,2,83
1267,0,101
1267,1,13
1267,2,0
1256,0,2
1256,1,12
1256,2,41
1268,0,88
1268,1,24
1268,2,38
1257,0,78
1257,1,43
1257,2,6
1269,0,91
1269,1,94
1269,2,78
1258,0,20
1258,1,90
1258,2,67
1270,0,88
1270,1,46
1270,2,50
1259,0,51
1259,1,35
1259,2,93
1271,0,33
1271,1,32
1271,2,15
1260,0,75
1260,1,58
1260,2,53
1272,0,54
1272,1,25
1272,2,7
1261,0,12
1261,1,89
1261,2,59
1273,0,13
1273,1,50
1273,2,46
1262,0,28
1262,1,92
1262,2,41
1274,0,59
1274,1,84
1274,2,19
1263,0,44
1263,1,39
1263,2,0
1275,0,93
1275,1,86
1275,2,43
1264,0,57
1264,1,57
1264,2,93
1276,0,49
1276,1,96
1276,2,29
1265,0,23
1265,1,1
1265,2,11
1277,0,101
1277,1,72
1277,2,25
1266,0,18
1266,1,42
1266,2,92
1278,0,101
1278,1,45
1278,2,96
1267,0,74
1267,1,78
1267,2,68
1279,0,66
1279,1,38
1279,2,1
1268,0,87
1268,1,93
1268,2,87
1280,0,58
1280,1,57
1280,2,40
1269,0,52
1281,0,33
1269,1,91
1281,1,80
1269,2,39
1281,2,31
1282,0,75
1270,0,95
1282,1,3
1270,1,26
1282,2,40
1270,2,68
1283,0,32
1283,1,101
1283,2,86
1271,0,82
1271,1,27
1271,2,46
1284,0,31
1284,1,3
1284,2,8
1272,0,96
1272,1,37
1272,2,22
1285,0,25
1285,1,47
1285,2,88
1273,0,77
1273,1,79
1273,2,19
1286,0,27
1286,1,74
1286,2,26
1274,0,55
1274,1,75
1274,2,13
1287,0,9
1287,1,80
1287,2,35
1275,0,5
1275,1,92
1275,2,53
1288,0,9
1288,1,99
1288,2,37
1276,0,16
1276,1,0
1276,2,0
1289,0,38
1289,1,73
1289,2,81
1277,0,28
1277,1,24
1277,2,27
1290,0,19
1290,1,94
1290,2,22
1278,0,88
1278,1,102
1278,2,79
1291,0,99
1291,1,3
1291,2,38
1279,0,47
1279,1,54
1279,2,66
1292,0,47
1292,1,72
1292,2,55
1280,0,58
1280,1,20
1280,2,20
1293,0,9
1293,1,80
1293,2,82
1281,0,14
1281,1,71
1281,2,80
1294,0,10
1294,1,21
1294,2,2
1282,0,100
1282,1,62
1282,2,44
1295,0,42
1295,1,88
1295,2,11
1283,0,90
1283,1,33
1283,2,93
1296,0,18
1296,1,18
1296,2,71
1284,0,2
1284,1,6
1284,2,64
1297,0,34
1285,0,37
1297,1,4
1297,2,23
1285,1,102
1285,2,53
1298,0,84
1298,1,21
1298,2,15
1286,0,49
1286,1,74
1286,2,95
1299,0,91
1299,1,10
1287,0,49
1299,2,22
1287,1,20
1287,2,96
1300,0,97
1300,1,83
1300,2,46
1288,0,75
1288,1,62
1288,2,22
1289,0,99
1289,1,48
1289,2,61
1290,0,17
1290,1,93
1290,2,38
1291,0,24
1291,1,44
1291,2,48
1301,0,63
1301,1,77
1301,2,57
1292,0,1
1292,1,27
1292,2,63
1302,0,39
1302,1,58
1302,2,87
1293,0,41
1293,1,60
1293,2,12
1303,0,66
1303,1,41
1303,2,91
1294,0,53
1294,1,72
1294,2,41
1304,0,26
1304,1,36
1304,2,63
1295,0,85
1295,1,28
1295,2,18
1305,0,5
1305,1,19
1305,2,91
1296,0,60
1296,1,32
1296,2,31
1306,0,20
1306,1,37
1306,2,54
1297,0,71
1297,1,99
1297,2,32
1307,0,35
1307,1,46
1307,2,73
1298,0,100
1298,1,30
1298,2,74
1308,0,7
1308,1,50
1308,2,3
1299,0,73
1299,1,53
1299,2,16
1309,0,77
1309,1,85
1309,2,77
1300,0,46
1300,1,87
1300,2,61
1310,0,54
1310,1,84
1310,2,67
1311,0,66
1311,1,75
1311,2,31
1312,0,100
1312,1,42
1312,2,24
1313,0,74
1313,1,44
1313,2,88
1301,0,4
1301,1,78
1301,2,29
1314,0,85
1314,1,58
1314,2,70
1315,0,38
1315,1,72
1315,2,46
1302,0,2
1302,1,56
1302,2,59
1316,0,30
1316,1,1
1316,2,90
1303,0,59
1303,1,0
1303,2,83
1317,0,59
1317,1,88
1317,2,77
1304,0,56
1304,1,29
1304,2,66
1305,0,38
1318,0,18
1305,1,101
1318,1,72
1305,2,13
1318,2,86
1319,0,91
1306,0,30
1319,1,26
1306,1,47
1319,2,38
1306,2,73
1320,0,54
1307,0,33
1320,1,96
1307,1,99
1320,2,101
1307,2,44
1321,0,83
1321,1,66
1321,2,23
1308,0,69
1308,1,94
1308,2,101
1322,0,39
1322,1,76
1322,2,97
1309,0,101
1309,1,49
1309,2,78
1323,0,51
1323,1,14
1323,2,64
1310,0,73
1310,1,48
1310,2,99
1324,0,81
1324,1,89
1324,2,91
1311,0,42
1311,1,55
1311,2,80
1325,0,34
1325,1,13
1325,2,57
1312,0,41
1312,1,0
1312,2,96
1326,0,16
1326,1,0
1326,2,25
1313,0,17
1313,1,34
1313,2,60
1327,0,37
1327,1,38
1327,2,2
1314,0,85
1314,1,61
1314,2,58
1328,0,96
1328,1,43
1328,2,95
1315,0,59
1315,1,103
1315,2,81
1329,0,14
1329,1,43
1329,2,23
1316,0,64
1316,1,55
1316,2,23
1330,0,74
1330,1,8
1330,2,90
1317,0,66
1317,1,58
1317,2,44
1331,0,42
1331,1,63
1331,2,7
1318,0,76
1318,1,73
1318,2,102
1332,0,23
1332,1,18
1332,2,33
1333,0,48
1333,1,28
1333,2,40
1319,0,84
1319,1,91
1319,2,40
1334,0,7
1334,1,34
1334,2,65
1320,0,88
1320,1,56
1320,2,78
1335,0,85
1335,1,61
1335,2,48
1321,0,4
1321,1,76
1321,2,81
1336,0,14
1336,1,34
1336,2,13
1322,0,43
1322,1,56
1322,2,38
1337,0,92
1337,1,71
1337,2,53
1323,0,20
1323,1,22
1323,2,52
1338,0,78
1338,1,51
1338,2,31
1324,0,33
1324,1,42
1324,2,24
1339,0,65
1339,1,48
1339,2,62
1325,0,40
1325,1,42
1325,2,69
1340,0,54
1340,1,5
1340,2,14
1326,0,67
1326,1,94
1326,2,35
1341,0,7
1341,1,101
1341,2,20
1327,0,30
1327,1,58
1327,2,75
1342,0,54
1342,1,51
1342,2,23
1328,0,35
1328,1,85
1328,2,29
1343,0,58
1343,1,45
1343,2,44
1329,0,54
1329,1,55
1329,2,2
1344,0,92
1344,1,88
1344,2,13
1330,0,77
1330,1,2
1330,2,4
1345,0,26
1345,1,56
1345,2,39
1331,0,22
1331,1,29
1331,2,95
1346,0,30
1346,1,53
1346,2,53
1332,0,10
1332,1,12
1332,2,73
1347,0,65
1347,1,60
1347,2,96
1333,0,0
1333,1,90
1333,2,100
1348,0,61
1348,1,26
1348,2,19
1334,0,66
1334,1,74
1334,2,103
1349,0,35
1349,1,33
1349,2,52
1335,0,28
1335,1,31
1335,2,63
1350,0,31
1350,1,90
1350,2,78
1351,0,63
1351,1,23
1336,0,95
1351,2,32
1336,1,52
1336,2,61
1352,0,68
1337,0,47
1352,1,2
1337,1,51
1352,2,68
1337,2,42
1338,0,2
1338,1,10
1338,2,7
1353,0,17
1353,1,98
1353,2,72
1339,0,32
1339,1,73
1339,2,96
1354,0,5
1354,1,46
1354,2,25
1340,0,4
1340,1,59
1340,2,94
1355,0,80
1355,1,21
1355,2,32
1356,0,45
1356,1,77
1356,2,57
1341,0,54
1341,1,58
1341,2,43
1342,0,40
1357,0,66
1342,1,21
1342,2,38
1357,1,83
1357,2,81
1343,0,1
1343,1,59
1343,2,29
1358,0,82
1358,1,69
1358,2,31
1344,0,92
1344,1,31
1344,2,95
1359,0,71
1359,1,7
1359,2,56
1345,0,77
1345,1,56
1345,2,22
1360,0,51
1360,1,38
1360,2,96
1346,0,61
1346,1,30
1346,2,42
1361,0,74
1361,1,53
1361,2,37
1347,0,53
1347,1,30
1347,2,38
1362,0,9
1362,1,98
1362,2,62
1348,0,36
1348,1,5
1348,2,25
1363,0,84
1363,1,63
1363,2,45
1349,0,63
1349,1,33
1349,2,68
1364,0,81
1364,1,48
1364,2,50
1350,0,55
1350,1,51
1350,2,43
1365,0,89
1365,1,2
1365,2,83
1351,0,38
1351,1,65
1351,2,103
1366,0,33
1366,1,48
1366,2,92
1352,0,79
1352,1,91
1352,2,55
1367,0,72
1367,1,0
1367,2,51
1353,0,45
1353,1,101
1353,2,64
1368,0,41
1368,1,72
1368,2,15
1354,0,15
1354,1,21
1354,2,80
1369,0,22
1369,1,29
1369,2,48
1355,0,35
1355,1,58
1355,2,59
1370,0,84
1370,1,69
1370,2,66
1356,0,62
1371,0,38
1371,1,78
1356,1,10
1371,2,16
1356,2,92
1372,0,21
1372,1,1
1372,2,78
1357,0,48
1357,1,33
1357,2,68
1373,0,15
1373,1,73
1373,2,91
1358,0,91
1358,1,12
1358,2,47
1374,0,64
1374,1,0
1374,2,8
1359,0,93
1359,1,24
1359,2,91
1375,0,58
1375,1,70
1375,2,80
1360,0,24
1360,1,89
1360,2,57
1376,0,50
1376,1,70
1376,2,4
1361,0,16
1361,1,87
1361,2,72
1377,0,5
1377,1,6
1377,2,75
1362,0,22
1362,1,9
1362,2,44
1378,0,31
1378,1,24
1378,2,54
1363,0,92
1363,1,17
1363,2,3
1379,0,63
1379,1,96
1364,0,47
1379,2,48
1364,1,70
1364,2,30
1365,0,62
1365,1,61
1380,0,55
1365,2,12
1380,1,101
1380,2,18
1381,0,14
1381,1,1
1366,0,70
1381,2,94
1366,1,12
1366,2,26
1367,0,44
1367,1,81
1367,2,59
1382,0,68
1382,1,54
1382,2,60
1368,0,72
1368,1,17
1368,2,13
1383,0,33
1383,1,10
1383,2,75
1369,0,11
1369,1,30
1369,2,51
1384,0,37
1384,1,24
1384,2,74
1370,0,67
1370,1,83
1370,2,49
1385,0,17
1385,1,9
1385,2,28
1371,0,39
1371,1,57
1371,2,1
1386,0,34
1386,1,62
1386,2,6
1372,0,78
1372,1,79
1372,2,4
1387,0,68
1387,1,101
1387,2,72
1373,0,8
1373,1,1
1373,2,27
1388,0,37
1388,1,95
1388,2,37
1374,0,25
1374,1,96
1374,2,65
1389,0,10
1389,1,14
1389,2,39
1375,0,16
1375,1,66
1375,2,61
1390,0,85
1390,1,73
1390,2,17
1376,0,92
1376,1,73
1376,2,6
1391,0,4
1391,1,79
1391,2,31
1377,0,15
1377,1,25
1377,2,21
1392,0,2
1378,0,32
1392,2,71
1378,2,77
1379,0,97
1393,0,36
1379,1,56
1393,1,74
1379,2,37
1393,2,92
1394,0,97
1380,0,74
1394,1,6
1380,1,55
1394,2,39
1380,2,59
1381,0,25
1381,1,94
1395,0,83
1381,2,72
1395,1,36
1395,2,99
1396,0,72
1382,0,92
1396,1,94
1382,1,99
1396,2,8
1382,2,74
1383,0,2
1383,1,62
1383,2,41
1397,0,88
1397,1,24
1397,2,26
1384,0,58
1384,1,76
1384,2,30
1398,0,35
1398,1,67
1398,2,99
1385,0,103
1385,1,21
1385,2,5
1399,0,101
1399,1,20
1399,2,44
1386,0,16
1386,1,102
1386,2,75
1400,0,32
1400,1,25
1400,2,25
1387,0,35
1387,1,81
1387,2,47
1388,0,62
1388,1,12
1388,2,48
1389,0,45
1389,1,83
1389,2,91
1401,0,100
1401,1,64
1401,2,37
1390,0,43
1390,1,65
1390,2,42
1402,0,63
1402,1,84
1402,2,72
1391,0,27
1391,1,77
1391,2,77
1403,0,33
1403,1,69
1403,2,71
1392,0,61
1392,1,55
1392,2,19
1393,0,62
1393,1,51
1393,2,1
1404,0,76
1404,1,92
1404,2,98
1394,0,97
1394,1,60
1394,2,103
1405,0,64
1405,1,2
1405,2,21
1395,0,25
1395,1,70
1395,2,8
1406,0,2
1406,1,73
1406,2,41
1407,0,12
1407,1,85
1407,2,95
1396,0,15
1396,1,73
1396,2,85
1408,0,1
1408,1,93
1397,0,96
1408,2,53
1397,1,75
1397,2,100
1409,0,96
1409,1,20
1409,2,92
1398,0,79
1398,1,9
1398,2,57
1410,0,84
1410,1,88
1410,2,22
1399,0,80
1399,1,41
1399,2,17
1400,0,36
1411,0,11
1400,1,15
1411,1,87
1400,2,58
1411,2,87
1412,0,69
1412,1,9
1412,2,30
1413,0,98
1413,1,63
1413,2,20
1414,0,43
1414,1,91
1414,2,92
1401,0,41
1401,1,8
1401,2,4
1415,0,52
1415,1,7
1415,2,43
1402,0,37
1402,1,40
1402,2,52
1416,0,63
1416,1,78
1416,2,27
1403,0,23
1403,1,87
1403,2,78
1417,0,81
1417,1,2
1417,2,90
1404,0,21
1404,1,48
1404,2,60
1418,0,12
1418,1,25
1418,2,81
1405,0,76
1405,1,71
1405,2,62
1419,0,92
1419,1,86
1419,2,84
1406,0,8
1406,1,4
1406,2,75
1407,0,34
1420,0,75
1407,1,23
1420,1,92
1407,2,101
1420,2,87
1408,0,21
1408,1,103
1408,2,63
1421,0,15
1421,1,16
1421,2,31
1409,0,9
1409,1,13
1409,2,57
1422,0,82
1422,1,2
1422,2,19
1410,0,5
1410,1,59
1410,2,14
1423,0,2
1423,1,2
1423,2,8
1424,0,22
1424,1,87
1424,2,50
1411,0,6
1411,1,78
1411,2,69
1425,0,97
1425,1,71
1425,2,93
1412,0,53
1412,1,7
1412,2,31
1426,0,51
1426,1,14
1426,2,9
1413,0,101
1413,1,57
1413,2,41
1427,0,24
1427,1,37
1427,2,25
1414,0,11
1414,1,93
1414,2,7
1415,0,51
1415,1,45
1415,2,53
1428,0,11
1428,1,91
1428,2,33
1416,0,5
1416,1,32
1416,2,69
1429,0,32
1429,1,0
1429,2,37
1417,0,94
1417,1,24
1417,2,50
1430,0,97
1430,1,24
1430,2,19
1418,0,47
1418,1,70
1418,2,72
1431,0,18
1431,1,19
1431,2,81
1419,0,85
1419,1,42
1419,2,8
1432,0,62
1432,1,25
1432,2,13
1420,0,8
1420,1,42
1420,2,45
1433,0,30
1433,1,50
1433,2,101
1421,0,100
1421,1,36
1421,2,98
1434,0,52
1434,1,10
1434,2,59
1422,0,1
1422,1,63
1422,2,31
1435,0,52
1435,1,77
1435,2,101
1423,0,9
1423,1,56
1423,2,77
1436,0,60
1436,1,65
1436,2,55
1424,0,67
1424,1,25
1424,2,4
1437,0,81
1437,1,8
1437,2,91
1425,0,34
1425,1,57
1425,2,60
1438,0,32
1438,1,28
1438,2,68
1426,0,43
1426,1,31
1426,2,23
1439,0,20
1439,1,53
1439,2,95
1427,0,52
1427,1,97
1427,2,5
1440,0,87
1440,1,22
1440,2,9
1428,0,102
1428,1,22
1428,2,23
1441,0,88
1441,1,82
1441,2,77
1429,0,72
1429,1,41
1429,2,37
1442,0,56
1442,1,46
1442,2,95
1430,0,46
1430,1,70
1430,2,31
1443,0,25
1443,1,46
1443,2,71
1431,0,53
1431,1,42
1431,2,35
1444,0,55
1444,1,26
1444,2,87
1432,0,88
1432,1,34
1432,2,50
1445,0,0
1445,1,98
1445,2,3
1433,0,27
1433,1,55
1433,2,50
1446,0,61
1446,1,74
1446,2,97
1434,0,22
1434,1,67
1434,2,47
1447,0,31
1447,1,33
1447,2,13
1435,0,84
1435,1,35
1435,2,94
1448,0,64
1448,1,88
1448,2,33
1436,0,22
1436,1,100
1436,2,102
1449,0,5
1449,1,59
1449,2,37
1437,0,28
1437,1,79
1437,2,24
1450,0,38
1450,1,7
1450,2,78
1438,0,29
1438,1,78
1438,2,48
1451,0,65
1451,1,38
1451,2,75
1439,0,8
1439,1,37
1439,2,49
1452,0,53
1452,1,39
1452,2,97
1440,0,4
1440,1,5
1440,2,33
1453,0,65
1453,1,50
1453,2,11
1441,0,67
1441,1,85
1441,2,28
1454,0,48
1454,1,20
1454,2,55
1455,0,51
1442,0,30
1455,1,11
1442,1,61
1455,2,68
1442,2,7
1456,0,84
1456,1,33
1443,0,23
1456,2,96
1443,1,101
1443,2,20
1457,0,17
1444,0,29
1457,1,36
1444,1,1
1457,2,58
1444,2,56
1458,0,80
1458,1,27
1445,0,89
1458,2,64
1445,1,30
1445,2,32
1446,0,27
1446,1,27
1446,2,61
1459,0,18
1459,1,81
1459,2,3
1447,0,37
1447,1,87
1447,2,5
1460,0,39
1460,1,37
1460,2,43
1461,0,86
1461,1,62
1461,2,12
1448,0,64
1448,1,41
1448,2,2
1462,0,36
1462,1,71
1462,2,54
1449,0,0
1449,1,87
1449,2,4
1463,0,5
1463,1,79
1463,2,36
1450,0,63
1450,1,94
1450,2,92
1464,0,22
1464,1,81
1464,2,93
1451,0,92
1451,1,32
1451,2,36
1465,0,27
1465,1,49
1465,2,22
1452,0,42
1452,1,6
1452,2,36
1453,0,97
1466,0,41
1453,1,28
1466,1,97
1453,2,46
1466,2,76
1467,0,11
1467,1,8
1467,2,6
1454,0,88
1454,1,1
1454,2,78
1468,0,89
1468,1,63
1455,0,49
1468,2,94
1455,1,64
1455,2,18
1469,0,96
1469,1,4
1469,2,44
1456,0,69
1456,1,10
1456,2,38
1470,0,2
1470,1,22
1470,2,6
1457,0,93
1457,1,61
1457,2,42
1471,0,100
1471,1,67
1471,2,51
1458,0,46
1458,1,20
1458,2,47
1472,0,78
1472,1,34
1472,2,16
1459,0,26
1459,1,92
1459,2,42
1473,0,91
1473,1,72
1473,2,68
1460,0,46
1460,1,87
1460,2,84
1474,0,47
1474,1,76
1474,2,8
1461,0,26
1461,1,43
1461,2,102
1475,0,3
1475,1,82
1475,2,20
1462,0,27
1462,1,12
1462,2,63
1476,0,78
1476,1,20
1476,2,80
1463,0,76
1463,1,73
1463,2,34
1477,0,42
1477,1,80
1477,2,65
1464,0,1
1464,1,34
1464,2,21
1478,0,65
1478,1,54
1478,2,90
1465,0,12
1465,1,17
1465,2,4
1479,0,42
1479,1,0
1479,2,12
1480,0,91
1466,0,52
1480,1,15
1480,2,7

1466,2,101
1481,0,86
1481,1,11
1481,2,38
1467,0,33
1467,1,6
1467,2,102
1468,0,38
1468,1,53
1468,2,57
1482,0,29
1482,1,53
1482,2,37
1469,0,61
1469,1,69
1469,2,103
1483,0,15
1483,1,13
1483,2,29
1470,0,91
1470,1,79
1470,2,59
1484,0,10
1484,1,29
1484,2,42
1471,0,62
1471,1,88
1485,0,16
1471,2,39
1485,1,90
1485,2,89
1472,0,37
1472,1,11
1472,2,5
1486,0,88
1486,1,5
1486,2,61
1487,0,81
1487,1,70
1487,2,3
1473,0,48
1473,1,8
1473,2,89
1488,0,38
1488,1,21
1488,2,75
1474,0,30
1474,1,30
1474,2,65
1489,0,80
1489,1,19
1489,2,63
1475,0,80
1475,1,24
1475,2,10
1490,0,89
1490,1,83
1490,2,68
1476,0,6
1476,1,22
1476,2,69
1491,0,22
1491,1,89
1491,2,60
1492,0,77
1492,1,62
1492,2,98
1477,0,100
1477,1,51
1477,2,41
1493,0,17
1493,1,93
1493,2,89
1478,0,13
1478,1,84
1478,2,93
1494,0,2
1494,1,27
1494,2,61
1479,0,23
1479,1,35
1479,2,15
1495,0,10
1495,1,61
1495,2,85
1480,0,97
1480,1,62
1480,2,96
1496,0,28
1496,1,34
1496,2,85
1481,0,37
1481,1,40
1481,2,93
1497,0,90
1497,1,27
1497,2,101
1482,0,56
1482,1,65
1482,2,95
1498,0,50
1498,1,45
1498,2,90
1483,0,83
1483,1,69
1483,2,39
1499,0,57
1499,1,10
1499,2,80
1484,0,35
1484,1,29
1484,2,17
1500,0,29
1500,1,17
1500,2,34
1485,0,8
1485,1,10
1485,2,10
1486,0,91
1486,1,81
1486,2,9
1487,0,15
1487,1,93
1487,2,7
1501,0,9
1501,1,77
1501,2,16
1488,0,36
1488,1,86
1488,2,73
1502,0,53
1502,1,61
1502,2,98
1489,0,33
1489,1,61
1489,2,99
1503,0,77
1503,1,6
1503,2,42
1490,0,33
1490,1,53
1490,2,20
1504,0,11
1504,1,8
1504,2,67
1491,0,55
1491,1,88
1491,2,12
1505,0,2
1505,1,59
1505,2,84
1492,0,88
1492,1,12
1492,2,99
1506,0,21
1506,1,36
1506,2,15
1493,0,24
1493,1,12
1493,2,17
1507,0,18
1507,1,39
1507,2,20
1494,0,52
1494,1,85
1494,2,42
1508,0,59
1508,1,23
1508,2,66
1495,0,41
1495,1,62
1495,2,100
1509,0,8
1509,1,52
1509,2,13
1496,0,46
1496,1,63
1496,2,102
1510,0,12
1510,1,45
1510,2,89
1497,0,44
1497,1,38
1497,2,74
1498,0,84
1498,1,54
1498,2,51
1511,0,39
1511,1,56
1511,2,7
1499,0,25
1499,1,1
1499,2,56
1512,0,16
1512,1,40
1512,2,76
1500,0,98
1500,1,85
1500,2,7
1513,0,51
1513,1,28
1513,2,9
1514,0,70
1514,1,76
1514,2,13
1515,0,3
1515,1,14
1515,2,53
1516,0,93
1516,1,27
1516,2,44
1501,0,89
1501,1,90
1501,2,39
1517,0,23
1517,1,37
1517,2,1
1502,0,95
1502,1,45
1502,2,22
1518,0,59
1503,0,20
1518,1,32
1503,1,33
1518,2,62
1503,2,33
1519,0,26
1504,0,1
1504,1,9
1504,2,44
1505,0,27
1520,0,35
1505,1,77
1520,1,90
1505,2,5
1520,2,4
1521,0,55
1506,0,74
1506,1,74
1506,2,103
1522,0,6
1522,1,84
1522,2,30
1507,0,17
1507,1,36
1507,2,7
1523,0,99
1523,1,78
1523,2,4
1508,0,88
1508,1,76
1508,2,27
1524,0,2
1524,1,61
1524,2,42
1509,0,20
1509,1,67
1509,2,64
1510,0,86
1525,1,89
1510,1,10
1525,2,9
1510,2,52
1526,0,25
1526,1,65
1526,2,46
1511,0,65
1511,1,91
1511,2,59
1527,0,42
1527,1,72
1527,2,87
1512,0,20
1512,1,49
1512,2,57
1528,0,90
1528,1,37
1528,2,97
1513,0,73
1513,1,6
1513,2,94
1529,0,94
1529,1,41
1529,2,57
1514,0,101
1514,1,101
1514,2,37
1530,0,5
1530,1,62
1530,2,92
1515,0,23
1515,1,35
1515,2,15
1531,0,35
1531,1,62
1531,2,41
1516,0,61
1516,1,95
1516,2,78
1532,0,47
1532,1,84
1532,2,9
1517,0,43
1517,1,20
1517,2,22
1533,0,21
1533,1,8
1533,2,37
1518,0,43
1518,1,98
1518,2,64
1534,0,20
1534,1,89
1534,2,22
1519,0,7
1519,1,60
1519,2,52
1535,0,32
1535,1,76
1535,2,46
1520,0,17
1520,1,85
1520,2,47
1536,0,9
1536,1,82
1536,2,14
1521,0,91
1521,1,102
1521,2,2
1537,0,60
1537,1,46
1537,2,49
1522,0,20
1522,1,100
1522,2,69
1538,0,6
1538,1,52
1538,2,52
1523,0,78
1523,1,33
1523,2,40
1539,0,13
1539,1,35
1539,2,27
1524,0,91
1524,1,88
1524,2,46
1540,0,42
1540,1,22
1540,2,61
1525,0,79
1525,1,64
1525,2,10
1541,0,5
1541,1,40
1541,2,72
1526,0,11
1526,1,98
1526,2,87
1542,0,62
1542,1,74
1542,2,49
1527,0,58
1527,1,73
1527,2,81
1543,0,41
1543,1,92
1543,2,94
1528,0,85
1528,1,76
1528,2,14
1544,0,89
1544,1,0
1544,2,101
1529,0,18
1529,1,1
1529,2,4
1545,0,66
1545,1,93
1545,2,18
1530,0,13
1530,1,73
1530,2,9
1546,0,22
1546,1,85
1546,2,48
1531,0,61
1531,1,24
1531,2,36
1547,0,39
1547,1,13
1547,2,11
1532,0,53
1532,1,47
1532,2,6
1548,0,66
1548,1,98
1548,2,74
1533,0,16
1533,1,76
1533,2,95
1549,0,55
1549,1,15
1549,2,26
1534,0,79
1534,1,65
1534,2,101
1550,0,20
1550,1,55
1550,2,70
1535,0,48
1535,1,12
1535,2,24
1551,0,61
1551,1,87
1551,2,100
1536,0,19
1536,1,6
1536,2,94
1552,0,24
1552,1,8
1552,2,86
1537,0,3
1537,1,102
1537,2,50
1553,0,49
1553,1,7
1553,2,90
1538,0,93
1538,1,86
1538,2,38
1554,0,101
1554,1,14
1554,2,92
1539,0,69
1539,1,92
1539,2,58
1555,0,54
1555,1,0
1555,2,32
1540,0,32
1540,1,76
1540,2,81
1556,0,20
1556,1,70
1556,2,22
1541,0,8
1541,1,78
1541,2,22
1557,0,44
1557,1,13
1557,2,16
1542,0,0
1542,1,57
1558,0,85
1542,2,63
1558,1,97
1558,2,98
1543,0,42
1559,0,101
1543,1,103
1543,2,42
1559,1,88
1559,2,47
1560,0,17
1560,1,94
1560,2,8
1544,0,52
1544,1,86
1544,2,51
1561,0,17
1561,1,30
1561,2,74
1545,0,70
1545,1,103
1545,2,40
1562,0,69
1562,1,57
1562,2,74
1546,0,23
1546,1,40
1546,2,70
1563,0,44
1563,1,32
1563,2,30
1547,0,92
1547,1,8
1547,2,89
1564,0,48
1548,0,49
1564,1,10
1564,2,91
1548,2,30
1549,0,3
1565,0,1
1549,1,99
1565,1,8
1549,2,99
1565,2,5
1566,0,52
1566,1,83
1566,2,4
1550,0,33
1550,1,27
1550,2,61
1567,0,8
1567,1,39
1567,2,62
1551,0,48
1551,1,33
1551,2,24
1552,0,18
1568,0,50
1552,1,37
1568,1,39
1552,2,79
1568,2,53
1569,0,12
1569,1,50
1569,2,10
1553,0,101
1553,1,95
1553,2,17
1570,0,72
1570,1,2
1570,2,47
1554,0,103
1554,1,41
1554,2,101
1571,0,49
1571,1,35
1571,2,39
1555,0,79
1555,1,100
1555,2,47
1572,0,38
1572,1,5
1572,2,34
1556,0,47
1556,1,0
1556,2,18
1573,0,6
1573,1,19
1573,2,23
1557,0,4
1557,1,1
1557,2,88
1574,0,62
1574,1,30
1574,2,87
1558,0,7
1558,1,72
1558,2,87
1575,0,88
1575,1,6
1575,2,50
1559,0,72
1559,1,50
1559,2,5
1576,0,53
1576,1,64
1576,2,90
1560,0,25
1560,1,94
1560,2,86
1577,0,4
1577,1,9
1577,2,7
1561,0,11
1561,1,61
1561,2,41
1578,0,82
1578,1,43
1578,2,15
1562,0,18
1562,1,15
1562,2,98
1579,0,85
1579,1,56
1579,2,100
1563,0,84
1563,1,89
1563,2,35
1580,0,81
1580,1,60
1580,2,71
1564,0,80
1564,1,2
1564,2,40
1581,0,38
1581,1,89
1581,2,36
1565,0,64
1565,1,50
1565,2,95
1582,0,85
1582,1,40
1582,2,16
1566,0,84
1566,1,9
1566,2,19
1583,0,28
1583,1,6
1583,2,46
1567,0,33
1567,1,14
1567,2,78
1584,0,52
1584,1,96
1584,2,68
1568,0,84
1568,1,52
1568,2,7
1585,0,83
1585,1,7
1585,2,65
1569,0,94
1569,1,29
1569,2,6
1586,0,38
1586,1,34
1586,2,2
1570,0,84
1570,1,80
1570,2,37
1587,0,94
1587,1,21
1587,2,53
1571,0,13
1571,1,50
1571,2,2
1588,0,26
1588,1,69
1588,2,6
1572,0,68
1572,1,76
1572,2,65
1589,0,42
1589,1,0
1589,2,86
1573,0,16
1573,1,92
1573,2,36
1590,0,24
1590,1,66
1590,2,2
1574,0,63
1574,1,18
1574,2,11
1591,0,22
1591,1,15
1591,2,62
1575,0,27
1575,1,77
1575,2,86
1592,0,99
1592,1,9
1592,2,48
1576,0,26
1576,1,37
1576,2,12
1593,0,48
1593,1,45
1593,2,57
1577,0,32
1577,1,76
1577,2,100
1594,0,22
1594,1,17
1594,2,18
1578,0,66
1578,1,60
1578,2,12
1595,0,10
1595,1,33
1595,2,20
1579,0,81
1579,1,69
1579,2,27
1596,0,33
1596,1,74
1596,2,38
1580,0,21
1580,1,63
1580,2,53
1597,0,39
1597,1,28
1597,2,85
1581,0,79
1581,1,56
1581,2,14
1598,0,22
1598,1,34
1598,2,51
1582,0,36
1582,1,27
1582,2,6
1599,0,73
1599,1,20
1599,2,41
1583,0,62
1583,1,6
1583,2,38
1600,0,28
1600,1,57
1600,2,31
1584,0,29
1584,1,77
1584,2,26
1585,0,24
1585,1,68
1585,2,21
1586,0,94
1586,1,78
1586,2,36
1601,0,73
1601,1,15
1601,2,75
1587,0,15
1587,1,94
1587,2,32
1602,0,92
1602,1,31
1602,2,51
1588,0,80
1588,1,22
1588,2,42
1603,0,16
1603,1,58
1603,2,12
1589,0,15
1589,1,56
1589,2,13
1604,0,93
1604,1,70
1604,2,18
1590,0,23
1590,1,36
1590,2,74
1605,0,61
1605,1,12
1605,2,44
1591,0,12
1591,1,46
1591,2,12
1606,0,51
1606,1,14
1606,2,77
1592,0,84
1592,1,61
1592,2,94
1607,0,3
1607,1,10
1607,2,43
1593,0,75
1593,1,1
1593,2,39
1608,0,29
1608,1,32
1608,2,0
1594,0,101
1594,1,34
1594,2,96
1609,0,24
1609,1,56
1609,2,20
1595,0,0
1595,1,72
1595,2,51
1610,0,31
1610,1,31
1610,2,53
1596,0,94
1596,1,60
1596,2,76
1611,0,51
1611,1,63
1611,2,32
1597,0,65
1597,1,74
1597,2,51
1612,0,83
1612,1,38
1612,2,57
1598,0,103
1598,1,97
1598,2,50
1613,0,23
1613,1,27
1613,2,61
1599,0,4
1599,1,91
1599,2,46
1614,0,47
1614,1,3
1614,2,64
1600,0,49
1600,1,23
1600,2,22
1615,0,3
1615,1,96
1615,2,97
1616,0,36
1616,1,52
1616,2,55
1617,0,10
1617,1,16
1617,2,9
1601,0,102
1618,0,10
1601,1,71
1618,1,50
1601,2,97
1618,2,27
1619,0,72
1619,1,67
1619,2,14
1602,0,68
1602,1,32
1602,2,35
1603,0,85
1603,1,86
1603,2,61
1620,0,44
1620,1,27
1620,2,44
1604,0,81
1604,1,91
1604,2,77
1621,0,58
1621,1,93
1621,2,6
1605,0,92
1605,1,99
1605,2,92
1622,0,15
1622,1,0
1622,2,25
1606,0,27
1606,1,95
1606,2,74
1623,0,23
1623,1,16
1623,2,87
1607,0,14
1607,1,41
1607,2,54
1624,0,54
1624,1,89
1624,2,42
1608,0,102
1608,1,43
1608,2,50
1625,0,10
1625,1,94
1625,2,1
1609,0,4
1609,1,81
1609,2,20
1626,0,39
1626,1,1
1626,2,1
1610,0,58
1610,1,41
1610,2,71
1627,0,46
1627,1,42
1627,2,96
1611,0,42
1628,0,21
1611,1,93
1628,1,36
1611,2,80
1628,2,42
1612,0,75
1629,0,27
1612,1,31
1629,1,68
1612,2,35
1629,2,52
1613,0,72
1613,1,20
1613,2,69
1630,0,6
1630,1,70
1630,2,60
1614,0,40
1614,1,56
1614,2,59
1631,0,97
1631,1,37
1631,2,20
1615,0,83
1615,1,51
1615,2,19
1632,0,21
1632,1,23
1632,2,100
1616,0,25
1616,1,4
1616,2,35
1633,0,59
1633,1,76
1633,2,22
1617,0,78
1617,1,53
1617,2,81
1634,0,98
1634,1,10
1634,2,80
1618,0,57
1618,1,48
1618,2,32
1635,0,45
1635,1,47
1635,2,40
1636,0,33
1636,1,10
1636,2,21
1619,0,28
1619,1,51
1619,2,15
1620,0,33
1620,1,53
1620,2,37
1637,0,88
1637,1,1
1637,2,11
1638,0,70
1621,0,22
1638,1,96
1621,1,8
1638,2,11
1621,2,30
1622,0,92
1622,1,89
1622,2,86
1639,0,76
1639,1,36
1639,2,0
1640,0,11
1640,1,72
1640,2,24
1623,0,31
1623,1,42
1623,2,22
1641,0,59
1641,1,17
1641,2,25
1624,0,39
1624,1,65
1624,2,65
1642,0,5
1642,1,72
1642,2,18
1625,0,43
1625,1,27
1625,2,56
1643,0,52
1643,1,83
1643,2,72
1626,0,33
1626,1,17
1626,2,85
1644,0,0
1644,1,7
1644,2,48
1627,0,51
1627,1,91
1627,2,30
1645,0,10
1645,1,5
1645,2,9
1628,0,88
1628,1,71
1628,2,81
1646,0,86
1646,1,41
1646,2,98
1629,0,56
1629,1,29
1629,2,91
1647,0,16
1647,1,18
1630,0,37
1647,2,73
1630,1,89
1630,2,66
1648,0,44
1648,1,91
1631,0,8
1648,2,18
1631,1,71
1631,2,79
1632,0,79
1632,1,87
1632,2,76
1649,0,68
1649,1,87
1649,2,5
1633,0,60
1633,1,38
1633,2,5
1650,0,47
1650,1,55
1650,2,87
1634,0,88
1634,1,13
1634,2,12
1651,0,42
1651,1,23
1651,2,15
1635,0,50
1635,1,102
1635,2,1
1652,0,84
1652,1,60
1652,2,52
1636,0,45
1636,1,17
1636,2,34
1653,0,22
1653,1,49
1653,2,5
1637,0,49
1637,1,85
1637,2,15
1654,0,6
1654,1,89
1654,2,18
1638,0,50
1638,1,49
1638,2,7
1655,0,67
1655,1,32
1655,2,40
1639,0,83
1639,1,31
1639,2,19
1656,0,50
1656,1,42
1656,2,47
1640,0,51
1640,1,2
1640,2,52
1657,0,15
1657,1,46
1657,2,31
1641,0,48
1641,1,77
1641,2,93
1658,0,52
1658,1,34
1658,2,62
1642,0,75
1642,1,48
1642,2,22
1659,0,41
1659,1,85
1659,2,8
1643,0,19
1643,1,79
1643,2,23
1660,0,47
1660,1,11
1660,2,83
1644,0,73
1644,1,21
1644,2,98
1661,0,83
1661,1,15
1661,2,26
1645,0,58
1645,1,86
1645,2,8
1662,0,76
1662,1,57
1662,2,41
1646,0,43
1646,1,30
1646,2,22
1663,0,47
1663,1,36
1663,2,33
1647,0,103
1647,1,59
1647,2,65
1664,0,76
1664,1,56
1664,2,59
1648,0,19
1648,1,96
1648,2,83
1665,0,78
1665,1,71
1665,2,101
1649,0,79
1649,1,74
1649,2,73
1666,0,70
1666,1,56
1666,2,90
1650,0,55
1650,1,21
1650,2,43
1667,0,99
1667,1,98
1667,2,1
1651,0,58
1651,1,25
1651,2,73
1668,0,11
1668,1,97
1668,2,84
1652,0,83
1652,1,80
1652,2,81
1669,0,26
1669,1,2
1669,2,17
1653,0,13
1653,1,45
1653,2,38
1670,0,100
1670,1,30
1670,2,17
1654,0,96
1654,1,0
1654,2,35
1671,1,67
1671,2,9
1655,0,98
1655,1,66
1655,2,12
1672,0,85
1672,1,84
1672,2,35
1656,0,63
1656,1,88
1673,0,70
1656,2,68
1673,1,2
1673,2,59
1657,0,60
1657,1,99
1657,2,82
1674,0,78
1674,1,70
1674,2,9
1675,0,88
1658,0,9
1675,1,27
1658,1,86
1675,2,7
1658,2,22
1659,0,41
1659,1,62
1659,2,98
1676,0,88
1676,1,72
1676,2,33
1660,0,66
1660,1,26
1660,2,29
1677,0,61
1677,1,87
1677,2,59
1661,0,60
1661,1,74
1661,2,12
1678,0,23
1678,1,71
1678,2,68
1662,0,71
1662,1,53
1662,2,101
1679,0,66
1679,1,88
1679,2,8
1680,0,48
1663,0,90
1680,1,54
1663,1,8
1680,2,78
1663,2,73
1681,0,63
1681,1,16
1681,2,20
1664,0,96
1664,1,102
1664,2,59
1682,0,58
1682,1,85
1665,0,50
1665,1,28
1665,2,92
1666,0,89
1683,0,32
1666,1,12
1683,1,85
1666,2,40
1683,2,56
1667,0,63
1667,1,29
1667,2,36
1684,0,77
1684,1,61
1684,2,25
1685,0,39
1685,1,43
1685,2,52
1668,0,36
1668,1,30
1668,2,100
1686,0,14
1686,1,39
1686,2,84
1669,0,48
1669,1,19
1669,2,75
1687,0,43
1687,1,32
1687,2,69
1670,0,40
1670,1,18
1670,2,48
1671,0,71
1671,1,19
1688,0,28
1671,2,91
1688,1,7
1688,2,73
1672,0,79
1672,1,17
1672,2,84
1689,0,29
1689,1,70
1689,2,11
1690,0,9
1673,0,11
1690,1,7
1673,1,71
1690,2,77
1673,2,80
1691,0,100
1674,0,54
1691,1,76
1674,1,74
1691,2,70
1674,2,2
1675,0,53
1675,1,32
1692,0,4
1675,2,102
1692,1,80
1692,2,10
1676,0,24
1676,1,91
1676,2,69
1693,0,75
1693,1,94
1693,2,0
1677,0,52
1677,1,67
1677,2,80
1694,0,93
1694,1,51
1694,2,75
1695,0,14
1678,0,39
1695,1,16
1678,1,82
1695,2,35
1678,2,73
1679,0,27
1679,1,42
1679,2,23
1696,0,44
1696,1,91
1696,2,37
1680,0,30
1680,1,37
1680,2,77
1697,0,96
1697,1,88
1697,2,6
1681,0,43
1681,1,62
1681,2,56
1698,0,19
1698,1,62
1698,2,32
1682,0,103
1682,1,40
1682,2,27
1699,0,54
1699,1,32
1699,2,73
1683,0,68
1683,1,50
1683,2,99
1700,0,52
1700,1,41
1700,2,5
1684,0,14
1684,1,67
1684,2,71
1685,0,19
1685,1,33
1685,2,93
1686,0,50
1686,1,24
1686,2,44
1701,0,11
1701,1,85
1701,2,27
1687,0,36
1687,1,62
1687,2,69
1702,0,52
1702,1,96
1702,2,70
1688,0,95
1688,1,0
1688,2,99
1703,0,69
1703,1,65
1703,2,64
1689,0,51
1689,1,30
1689,2,93
1704,0,3
1704,1,71
1704,2,70
1705,0,71
1705,1,71
1705,2,95
1690,0,70
1690,1,86
1690,2,17
1706,0,66
1706,1,100
1706,2,82
1691,0,85
1691,1,37
1691,2,103
1707,0,61
1707,1,1
1707,2,5
1692,0,27
1692,1,40
1692,2,66
1708,0,0
1708,1,62
1708,2,87
1693,0,27
1693,1,43
1693,2,23
1709,0,68
1709,1,60
1709,2,92
1694,0,102
1694,1,24
1694,2,2
1710,0,46
1710,1,7
1710,2,51
1695,0,37
1695,1,48
1695,2,73
1711,0,33
1711,1,67
1711,2,101
1696,0,79
1696,1,89
1696,2,30
1712,0,65
1712,1,101
1712,2,23
1697,0,16
1697,1,38
1697,2,48
1713,0,88
1713,1,18
1713,2,85
1698,0,45
1698,1,72
1698,2,51
1714,0,72
1714,1,72
1699,0,0
1714,2,72
1699,1,46
1699,2,0
1715,0,70
1715,1,83
1715,2,25
1700,0,85
1700,1,73
1700,2,80
1716,0,19
1716,1,4
1716,2,59
1717,0,83
1717,1,69
1717,2,81
1718,0,2
1718,1,55
1718,2,3
1701,0,70
1701,1,82
1701,2,18
1719,0,26
1719,1,71
1719,2,73
1702,0,72
1702,1,95
1702,2,103
1720,0,38
1720,1,45
1720,2,52
1703,0,51
1703,1,25
1703,2,100
1721,0,42
1721,1,1
1721,2,59
1704,0,66
1704,1,68
1704,2,78
1722,0,50
1722,1,41
1722,2,72
1705,0,52
1705,1,66
1705,2,5
1723,0,61
1723,1,26
1723,2,6
1706,0,28
1706,1,54
1706,2,72
1724,0,11
1724,1,66
1724,2,74
1707,0,4
1707,1,9
1707,2,60
1725,0,44
1725,1,93
1725,2,47
1708,0,25
1708,1,61
1708,2,24
1726,0,81
1726,1,64
1726,2,16
1709,0,93
1709,1,82
1709,2,34
1727,0,97
1727,1,9
1727,2,82
1710,0,79
1710,1,35
1710,2,81
1728,0,50
1728,1,41
1728,2,83
1711,0,44
1711,1,36
1711,2,103
1729,0,40
1729,1,60
1729,2,22
1712,0,21
1712,1,81
1712,2,31
1730,0,81
1730,1,63
1730,2,18
1713,0,79
1713,1,43
1713,2,56
1731,0,36
1731,1,35
1731,2,43
1714,0,56
1714,1,88
1714,2,40
1732,0,40
1732,1,73
1732,2,46
1715,0,95
1715,1,66
1715,2,54
1733,0,43
1733,1,1
1733,2,62
1716,0,4
1716,1,100
1716,2,101
1734,0,88
1734,1,43
1734,2,46
1717,0,101
1717,1,67
1717,2,88
1735,0,61
1735,1,68
1735,2,54
1718,0,13
1718,1,28
1718,2,3
1736,0,85
1736,1,99
1736,2,91
1719,0,88
1719,1,50
1719,2,40
1737,0,15
1737,1,24
1737,2,20
1720,0,25
1720,1,35
1720,2,44
1738,0,51
1738,1,37
1738,2,66
1721,0,14
1721,1,68
1721,2,67
1739,0,34
1739,1,43
1739,2,4
1740,0,76
1740,1,83
1740,2,14
1722,0,13
1722,1,43
1722,2,63
1741,0,99
1741,1,2
1741,2,89
1723,0,12
1723,1,17
1723,2,40
1742,0,25
1742,1,4
1742,2,40
1724,0,14
1724,1,91
1724,2,85
1743,0,52
1743,1,54
1743,2,20
1725,0,101
1725,1,88
1725,2,39
1744,0,24
1744,1,40
1744,2,74
1726,0,64
1726,1,28
1726,2,23
1745,0,33
1745,1,43
1745,2,42
1727,0,77
1727,1,32
1727,2,8
1746,0,23
1746,1,23
1746,2,53
1728,0,16
1728,1,22
1728,2,85
1747,0,55
1747,1,28
1747,2,73
1729,0,88
1729,1,44
1729,2,68
1748,0,96
1748,1,61
1748,2,20
1730,0,3
1730,1,32
1730,2,20
1749,0,100
1749,1,25
1749,2,2
1731,0,63
1750,0,3
1731,1,50
1750,1,52
1731,2,35
1750,2,47
1751,0,25
1732,0,55
1751,1,47
1732,1,37
1751,2,79
1752,0,46
1752,1,3
1752,2,52
1733,0,13
1733,1,9
1733,2,83
1753,0,8
1753,1,30
1753,2,80
1734,0,70
1734,1,61
1734,2,77
1754,0,20
1754,1,14
1754,2,30
1735,0,8
1735,1,55
1735,2,9
1755,0,85
1755,1,56
1755,2,72
1736,0,62
1736,1,52
1736,2,76
1756,0,1
1756,1,33
1756,2,0
1737,0,31
1737,1,66
1737,2,24
1757,0,51
1757,1,33
1757,2,90
1738,0,69
1738,1,1
1738,2,71
1758,0,10
1739,0,50
1758,1,15
1739,1,6
1758,2,65
1739,2,61
1740,0,34
1740,1,98
1759,1,6

1759,2,19
1741,0,77
1741,1,45
1741,2,80
1760,0,99
1760,1,88
1760,2,48
1742,0,30
1742,1,67
1742,2,40
1761,0,101
1761,1,33
1761,2,70
1743,0,46
1743,1,54
1743,2,61
1762,0,14
1762,1,56
1762,2,42
1744,0,52
1744,1,22
1744,2,55
1763,0,101
1763,1,86
1763,2,23
1745,0,61
1745,1,73
1745,2,3
1764,0,68
1764,1,17
1764,2,89
1746,0,67
1746,1,46
1746,2,50
1765,0,74
1765,1,25
1765,2,43
1747,0,13
1747,1,14
1747,2,84
1766,0,72
1766,1,92
1766,2,33
1748,0,68
1748,1,23
1748,2,22
1767,0,30
1767,1,47
1767,2,63
1749,0,56
1749,1,70
1749,2,14
1768,0,28
1768,1,80
1768,2,19
1750,0,74
1750,1,44
1750,2,83
1769,0,52
1769,1,61
1769,2,45
1751,0,31
1751,1,66
1751,2,85
1770,0,95
1770,1,6
1770,2,66
1752,0,83
1752,1,94
1752,2,77
1771,0,33
1771,1,25
1771,2,22
1753,0,13
1753,1,50
1753,2,91
1772,0,25
1772,1,28
1772,2,34
1754,0,33
1754,1,33
1754,2,10
1773,0,55
1773,1,69
1773,2,46
1755,0,41
1755,1,102
1755,2,1
1774,0,42
1774,1,10
1774,2,27
1756,0,83
1756,1,31
1756,2,29
1775,0,53
1775,1,35
1775,2,41
1757,0,70
1757,1,0
1757,2,36
1776,0,71
1776,1,65
1776,2,54
1758,0,99
1758,1,43
1758,2,48
1777,0,84
1777,1,34
1777,2,93
1759,0,103
1759,1,87
1759,2,67
1778,0,69
1778,1,42
1778,2,49
1760,0,34
1760,1,53
1760,2,56
1779,0,40
1779,1,18
1779,2,36
1761,0,95
1761,1,46
1761,2,31
1780,0,81
1780,1,0
1780,2,93
1762,0,79
1762,1,98
1762,2,51
1781,0,69
1781,1,42
1781,2,90
1763,0,18
1763,1,66
1763,2,42
1782,0,30
1782,1,60
1782,2,97
1764,0,3
1764,1,58
1764,2,45
1783,0,31
1783,1,64
1783,2,56
1765,0,36
1765,1,14
1765,2,34
1784,0,77
1784,1,85
1784,2,87
1766,0,21
1766,1,81
1766,2,31
1785,0,90
1785,1,50
1785,2,14
1767,0,0
1767,1,61
1767,2,43
1786,0,38
1786,1,18
1786,2,37
1768,0,38
1768,1,9
1768,2,15
1787,0,34
1787,1,38
1787,2,18
1769,0,67
1769,1,3
1769,2,53
1788,0,17
1788,1,94
1788,2,97
1770,0,22
1770,1,29
1770,2,76
1789,0,40
1789,1,42
1789,2,37
1771,0,65
1771,1,13
1771,2,76
1790,0,93
1790,1,18
1790,2,63
1772,0,12
1772,1,78
1772,2,88
1791,0,22
1791,1,10
1791,2,90
1773,0,20
1773,1,13
1773,2,56
1792,0,86
1792,1,56
1792,2,67
1774,0,20
1774,1,41
1774,2,47
1793,0,78
1793,1,76
1793,2,3
1775,0,32
1775,1,30
1775,2,8
1794,0,14
1794,1,15
1794,2,57
1776,0,100
1776,1,41
1776,2,25
1795,0,51
1795,1,6
1795,2,17
1777,0,92
1777,1,92
1796,0,15
1777,2,32
1796,1,97
1796,2,3
1778,0,87
1778,1,0
1778,2,84
1797,0,96
1797,1,53
1797,2,83
1779,0,75
1779,1,14
1779,2,11
1798,0,31
1798,1,15
1798,2,34
1780,0,17
1780,1,7
1780,2,94
1799,0,65
1799,1,15
1799,2,18
1781,0,5
1781,1,76
1781,2,96
1800,0,100
1800,1,53
1800,2,10
1782,0,5
1782,1,62
1782,2,53
1783,0,12
1783,1,103
1783,2,63
1784,0,84
1784,1,95
1784,2,95
1801,0,80
1801,1,37
1801,2,66
1785,0,63
1785,1,101
1785,2,55
1802,0,26
1802,1,10
1802,2,88
1786,0,12
1786,1,96
1786,2,73
1803,0,80
1803,1,79
1803,2,3
1787,0,5
1787,1,73
1787,2,65
1804,0,69
1804,1,0
1804,2,85
1788,0,1
1788,1,58
1788,2,84
1805,0,11
1805,1,79
1805,2,66
1789,0,32
1789,1,87
1789,2,23
1806,0,58
1806,1,40
1806,2,7
1790,0,51
1790,1,25
1790,2,12
1807,0,99
1807,1,88
1807,2,90
1791,0,83
1791,1,36
1791,2,61
1808,0,63
1808,1,32
1808,2,22
1792,0,83
1792,1,102
1792,2,64
1809,0,49
1809,1,14
1809,2,18
1793,0,0
1793,1,93
1793,2,19
1810,0,68
1810,1,71
1810,2,44
1794,0,61
1794,1,60
1794,2,7
1811,0,86
1811,1,60
1811,2,29
1795,0,59
1795,1,53
1795,2,73
1812,0,37
1812,1,84
1812,2,46
1796,0,0
1796,1,81
1796,2,7
1813,0,29
1813,1,98
1813,2,1
1797,0,77
1797,1,3
1797,2,90
1814,0,73
1814,1,12
1814,2,60
1798,0,41
1798,1,59
1798,2,64
1815,0,31
1815,1,80
1815,2,97
1799,0,23
1799,1,46
1799,2,69
1816,0,4
1816,1,26
1816,2,63
1800,0,50
1800,1,66
1800,2,4
1817,0,22
1817,1,32
1817,2,51
1818,0,55
1818,1,44
1818,2,83
1819,0,36
1819,1,83
1819,2,20
1801,0,98
1801,1,18
1801,2,97
1820,0,12
1820,1,27
1820,2,96
1802,0,84
1802,1,33
1802,2,40
1821,0,75
1821,1,45
1821,2,37
1803,0,11
1803,1,90
1803,2,6
1822,0,3
1822,1,73
1822,2,18
1804,0,38
1804,1,58
1804,2,5
1823,0,91
1823,1,17
1823,2,94
1805,0,97
1805,1,99
1805,2,17
1806,0,79
1806,1,94
1806,2,57
1824,0,61
1824,1,39
1824,2,3
1807,0,30
1807,1,62
1807,2,93
1825,0,30
1825,1,53
1825,2,48
1808,0,88
1808,1,16
1808,2,87
1826,0,100
1826,1,63
1826,2,7
1809,0,59
1809,1,51
1809,2,25
1827,0,24
1827,1,79
1827,2,70
1810,0,73
1810,1,61
1810,2,94
1828,0,27
1828,1,73
1828,2,75
1829,0,26
1829,1,27
1829,2,8
1811,0,103
1811,1,31
1811,2,11
1812,0,2

1830,1,80
1812,1,41
1830,2,90
1812,2,39
1813,0,81
1831,0,49
1813,1,65
1831,1,87
1813,2,5
1831,2,66
1832,0,21
1832,1,44
1832,2,7
1814,0,46
1814,1,11
1814,2,47
1833,0,76
1833,1,32
1833,2,90
1815,0,40
1815,1,81
1815,2,37
1834,0,44
1834,1,77
1834,2,80
1816,0,8
1816,1,78
1816,2,60
1817,0,1
1817,1,28
1817,2,63
1835,0,101
1835,1,43
1835,2,91
1818,0,68
1836,0,50
1818,1,74
1836,1,34
1818,2,62
1836,2,81
1837,0,11
1837,1,49
1837,2,67
1819,0,52
1819,1,64
1819,2,50
1820,0,102
1838,0,44
1820,1,19
1838,1,72
1820,2,18
1838,2,99
1821,0,84
1839,0,96
1821,1,17
1839,1,55
1821,2,44
1839,2,80
1840,0,75
1822,0,57
1840,1,28
1822,1,46
1822,2,9
1840,2,49
1841,0,50
1841,1,93
1841,2,11
1823,0,90
1823,1,25
1823,2,62
1842,0,77
1842,1,22
1842,2,76
1824,0,28
1824,1,82
1824,2,46
1843,0,8
1843,1,43
1843,2,64
1825,0,34
1825,1,82
1825,2,89
1844,0,2
1844,1,30
1844,2,78
1826,0,21
1826,1,83
1826,2,88
1845,0,22
1845,1,18
1845,2,56
1827,0,89
1827,1,41
1827,2,86
1846,0,92
1846,1,50
1846,2,84
1828,0,4
1828,1,37
1828,2,78
1847,0,49
1847,1,94
1847,2,35
1829,0,28
1829,1,71
1829,2,84
1848,0,89
1848,1,75
1848,2,99
1830,0,45
1830,1,103
1830,2,54
1849,0,30
1849,1,63
1831,0,36
1849,2,23
1831,1,44
1831,2,37
1832,0,47
1832,1,32
1832,2,83
1850,0,87
1850,1,67
1850,2,66
1833,0,47
1833,1,55
1833,2,78
1851,0,18
1851,1,0
1851,2,99
1834,0,44
1834,1,72
1834,2,18
1852,0,56
1852,1,86
1852,2,16
1835,0,101
1835,1,4
1835,2,9
1853,0,69
1853,1,77
1853,2,63
1836,0,88
1836,1,43
1836,2,59
1854,0,15
1854,1,76
1854,2,20
1837,0,7
1837,1,67
1837,2,19
1855,0,81
1855,1,14
1855,2,62
1838,0,103
1838,1,81
1838,2,44
1856,0,12
1856,1,98
1856,2,3
1839,0,4
1839,1,79
1839,2,40
1857,0,53
1857,1,68
1857,2,68
1840,0,20
1840,1,76
1840,2,81
1858,0,30
1858,1,52
1858,2,47
1841,0,14
1841,1,68
1841,2,1
1859,0,25
1859,1,2
1859,2,10
1842,0,1
1842,1,79
1842,2,55
1860,0,24
1860,1,82
1860,2,7
1843,0,33
1843,1,34
1843,2,22
1861,0,0
1861,1,28
1861,2,100
1844,0,36
1844,1,65
1844,2,16
1862,0,64
1862,1,28
1862,2,67
1845,0,62
1845,1,83
1845,2,7
1863,0,68
1863,1,53
1863,2,51
1864,0,57
1864,1,39
1864,2,48
1846,1,22
1846,2,57
1847,0,32
1847,1,91
1865,0,86
1847,2,30
1865,1,15
1865,2,18
1848,0,90
1848,1,27
1866,0,47
1848,2,20
1866,1,45
1866,2,58
1849,0,65
1849,1,33
1867,0,11
1849,2,4
1867,1,6
1867,2,98
1850,0,9
1850,1,52
1868,0,21
1850,2,42
1868,1,77
1868,2,16
1851,0,20
1851,1,52
1851,2,94
1869,0,84
1869,1,29
1869,2,93
1852,0,28
1852,1,90
1852,2,68
1870,0,10
1870,1,23
1870,2,85
1853,0,77
1853,1,87
1853,2,0
1871,0,27
1871,1,41
1871,2,90
1854,0,91
1854,1,50
1854,2,19
1872,0,53
1872,1,3
1872,2,21
1855,0,78
1855,1,51
1855,2,72
1873,0,74
1873,1,2
1873,2,79
1856,0,26
1856,1,78
1856,2,70
1874,0,14
1874,1,96
1874,2,9
1857,0,19
1857,1,63
1857,2,28
1875,0,21
1875,1,16
1875,2,71
1858,0,79
1858,1,5
1858,2,95
1876,0,21
1876,1,18
1876,2,53
1859,0,76
1859,1,23
1859,2,95
1877,0,82
1877,1,61
1877,2,15
1860,0,18
1860,1,102
1860,2,16
1878,0,38
1878,1,40
1878,2,37
1861,0,6
1861,1,54
1861,2,2
1879,0,25
1879,1,27
1879,2,81
1862,0,81
1862,1,98
1862,2,88
1880,0,96
1880,1,92
1880,2,0
1863,0,77
1863,1,74
1863,2,18
1881,0,50
1881,1,49
1881,2,36
1864,0,22
1864,1,27
1864,2,16
1882,0,77
1882,1,100
1882,2,3
1865,0,87
1865,1,46
1865,2,51
1883,0,13
1883,1,8
1883,2,18
1866,0,37
1866,1,66
1866,2,96
1884,0,28
1884,1,51
1884,2,51
1867,0,21
1867,1,15
1867,2,58
1868,0,62
1885,1,50
1868,1,26
1885,2,95
1868,2,3
1886,0,22
1886,1,80
1886,2,65
1869,0,38
1869,1,33
1869,2,18
1887,0,24
1887,1,1
1887,2,35
1870,0,21
1870,1,13
1870,2,98
1888,0,75
1888,1,48
1888,2,25
1871,0,34
1871,1,5
1871,2,51
1889,0,34
1889,1,64
1889,2,69
1872,0,96
1872,1,35
1872,2,45
1890,0,34
1890,1,63
1873,0,60
1890,2,65
1873,1,52
1873,2,25
1874,0,28
1874,1,71
1874,2,68
1891,0,35
1891,1,86
1891,2,21
1875,0,92
1875,1,40
1875,2,92
1892,0,81
1892,1,36
1892,2,2
1876,0,15
1876,1,10
1876,2,92
1893,0,91
1893,1,88
1893,2,60
1877,0,44
1877,1,26
1877,2,80
1894,0,79
1894,1,40
1894,2,61
1878,0,30
1878,1,86
1878,2,0
1895,0,28
1895,1,84
1895,2,72
1879,0,91
1879,1,24
1879,2,55
1896,0,30
1896,1,29
1896,2,76
1897,0,51
1897,1,16
1880,0,10
1897,2,99
1880,1,96
1880,2,76
1898,0,61
1898,1,60
1898,2,13
1881,1,36
1881,2,74
1899,0,65
1899,1,8
1899,2,13
1882,0,102
1882,1,40
1882,2,82
1900,0,43
1900,1,35
1900,2,8
1883,0,103
1883,1,63
1883,2,72
1884,0,17
1884,1,103
1884,2,45
1885,0,42
1885,1,56
1885,2,27
1886,0,15
1886,1,99
1886,2,84
1901,0,56
1901,1,20
1901,2,81
1887,0,52
1887,1,24
1887,2,61
1902,0,94
1902,1,2
1902,2,43
1888,0,71
1888,1,55
1888,2,100
1903,0,37
1903,1,13
1903,2,21
1889,0,25
1889,1,93
1889,2,24
1904,0,7
1904,1,78
1904,2,101
1890,0,83
1890,1,57
1890,2,68
1905,0,4
1905,1,43
1905,2,24
1891,0,55
1891,1,42
1891,2,21
1906,0,41
1906,1,78
1906,2,59
1892,0,63
1892,1,71
1892,2,11
1907,0,57
1907,1,9
1907,2,66
1893,0,73
1893,1,45
1893,2,86
1908,0,66
1908,1,33
1908,2,58
1894,0,37
1894,1,75
1894,2,90
1909,0,45
1909,1,1
1909,2,19
1895,0,53
1895,1,65
1895,2,17
1910,0,88
1910,1,34
1910,2,20
1896,0,45
1896,1,11
1896,2,5
1911,0,13
1911,1,84
1911,2,33
1897,0,72
1897,1,20
1897,2,0
1912,0,66
1912,1,86
1912,2,29
1898,0,47
1898,1,52
1898,2,94
1913,0,80
1913,1,56
1913,2,16
1899,0,21
1899,1,34
1899,2,88
1914,0,52
1914,1,63
1914,2,75
1900,0,56
1900,1,67
1900,2,98
1915,0,96
1915,1,45
1915,2,39
1916,0,56
1916,1,75
1916,2,64
1917,0,88
1917,1,72
1917,2,84
1901,0,65
1901,1,88
1901,2,62
1902,0,2
1902,1,63
1902,2,5
1918,0,33
1918,1,8
1918,2,82
1903,0,61
1903,1,71
1903,2,97
1919,0,46
1919,1,14
1919,2,89
1904,0,64
1904,1,99
1904,2,69
1920,0,57
1920,1,52
1920,2,48
1905,0,4
1905,1,45
1905,2,13
1921,0,19
1921,1,85
1921,2,85
1906,0,21
1906,1,13
1906,2,63
1922,0,2
1922,1,26
1922,2,89
1907,0,0
1907,1,57
1907,2,18
1923,0,94
1923,1,26
1923,2,59
1908,0,26
1908,1,77
1908,2,37
1924,0,16
1924,1,56
1924,2,56
1909,0,44
1909,1,43
1909,2,67
1925,0,83
1925,1,30
1925,2,7
1910,0,89
1910,1,50
1910,2,97
1926,0,34
1926,1,65
1926,2,44
1911,0,90
1911,1,91
1911,2,18
1927,0,88
1927,1,86
1927,2,91
1912,0,1
1912,1,60
1912,2,20
1928,0,15
1928,1,62
1928,2,53
1913,0,100
1913,1,81
1913,2,37
1929,0,21
1929,1,88
1929,2,98
1914,0,90
1914,1,70
1914,2,39
1930,0,44
1930,1,9
1930,2,27
1915,0,22
1915,1,44
1915,2,45
1931,0,71
1931,1,21
1931,2,20
1916,0,55
1916,1,28
1916,2,73
1932,0,33
1932,1,53
1932,2,35
1917,0,76
1917,1,50
1917,2,42
1933,0,20
1933,1,79
1933,2,1
1918,0,8
1918,1,62
1918,2,2
1934,0,19
1934,1,20
1934,2,85
1919,0,41
1919,1,2
1919,2,13
1935,0,88
1935,1,84
1935,2,7
1920,0,7
1920,1,65
1920,2,84
1936,0,16
1936,1,66
1921,1,93
1936,2,43
1921,2,42
1937,0,48
1937,1,71
1937,2,69
1922,0,51
1922,1,97
1922,2,3
1938,0,34
1938,1,83
1938,2,21
1923,0,71
1923,1,20
1923,2,97
1939,0,79
1939,1,73
1939,2,97
1924,0,95
1924,1,88
1924,2,13
1940,0,85
1940,1,17
1940,2,80
1925,0,46
1925,1,9
1925,2,23
1941,0,76
1941,1,53
1941,2,24
1926,0,66
1926,1,68
1926,2,65
1942,0,94
1942,1,77
1942,2,67
1927,0,48
1927,1,56
1927,2,3
1943,0,5
1943,1,31
1943,2,100
1928,0,20
1928,1,45
1928,2,17
1929,0,44
1929,1,35
1929,2,80
1944,0,71
1944,1,74
1944,2,13
1930,0,64
1930,1,3
1930,2,74
1945,0,100
1945,1,61
1945,2,83
1931,0,93
1931,1,41
1931,2,67
1946,0,82
1946,1,40
1946,2,42
1932,0,73
1932,1,31
1932,2,61
1947,0,40
1947,1,21
1947,2,94
1933,0,3
1933,1,79
1933,2,85
1948,0,82
1948,1,36
1948,2,65
1934,0,11
1934,1,55
1934,2,103
1949,0,75
1949,1,32
1949,2,51
1935,0,69
1935,1,59
1935,2,19
1950,0,97
1950,1,67
1950,2,34
1936,0,14
1936,1,64
1936,2,97
1951,0,68
1951,1,19
1951,2,63
1937,0,11
1937,1,1
1937,2,5
1952,0,42
1952,1,72
1952,2,5
1938,0,41
1938,1,101
1938,2,47
1953,0,11
1953,1,90
1953,2,2
1939,0,40
1939,1,11
1939,2,31
1954,0,58
1954,1,47
1954,2,97
1940,0,66
1940,1,1
1940,2,80
1955,0,86
1955,1,66
1955,2,96
1941,0,93
1941,1,100
1941,2,73
1956,0,33
1956,1,58
1956,2,20
1942,0,71
1942,1,47
1942,2,54
1957,0,19
1957,1,57
1957,2,76
1943,0,32
1943,1,23
1943,2,59
1958,0,21
1944,0,39
1958,1,36
1944,1,42
1958,2,1
1944,2,5
1945,0,100
1945,1,97
1945,2,32
1959,0,82
1959,1,55
1959,2,89
1946,0,7
1946,1,99
1946,2,97
1960,0,49
1960,1,5
1960,2,0
1947,0,22
1947,1,91
1947,2,75
1961,0,56
1961,1,4
1961,2,47
1948,0,42
1948,1,56
1948,2,77
1962,0,54
1962,1,45
1962,2,58
1949,0,31
1949,1,75
1949,2,43
1963,0,27
1963,1,87
1963,2,75
1950,0,40
1950,1,43
1950,2,23
1964,0,14
1964,1,48
1964,2,87
1951,0,26
1951,1,37
1951,2,70
1965,0,10
1965,1,17
1965,2,95
1952,0,100
1952,1,70
1952,2,48
1966,0,57
1966,1,54
1966,2,90
1953,0,7
1953,1,70
1953,2,77
1967,0,79
1967,1,88
1967,2,93
1954,0,18
1954,1,28
1954,2,76
1968,0,59
1968,1,93
1968,2,101
1955,0,102
1955,1,51
1955,2,34
1969,0,73
1969,1,83
1969,2,9
1956,0,41
1956,1,38
1956,2,69
1970,0,12
1970,1,22
1970,2,28
1957,0,18
1957,1,13
1957,2,68
1971,0,56
1971,1,100
1971,2,44
1958,0,38
1958,1,34
1958,2,7
1972,0,38
1972,1,86
1972,2,86
1959,0,90
1959,1,53
1959,2,74
1973,0,39
1973,1,55
1973,2,38
1960,0,45
1960,1,8
1960,2,75
1974,0,54
1974,1,74
1974,2,6
1975,0,15
1961,0,72
1975,1,92
1961,1,24
1975,2,36
1961,2,14
1976,0,22
1976,1,12
1976,2,30
1962,0,56
1962,1,16
1962,2,41
1977,0,75
1977,1,19
1977,2,45
1963,0,98
1963,1,48
1963,2,100
1978,0,27
1978,1,23
1978,2,45
1964,0,19
1964,1,103
1964,2,28
1979,0,75
1979,1,68
1979,2,77
1965,0,46
1965,1,61
1965,2,78
1980,0,23
1980,1,52
1980,2,1
1966,0,68
1966,1,22
1966,2,47
1981,0,57
1981,1,68
1981,2,101
1967,0,50
1967,1,51
1967,2,29
1982,0,71
1982,1,32
1982,2,20
1968,0,34
1968,1,100
1968,2,101
1969,0,73
1969,1,84
1969,2,67
1983,0,20
1983,1,77
1983,2,72
1970,0,84
1970,1,102
1984,0,53
1970,2,60
1984,1,33
1984,2,50
1985,0,42
1971,0,82
1985,1,49
1971,1,13
1985,2,78
1971,2,9
1972,0,22
1972,1,24
1972,2,28
1986,0,99
1986,1,53
1986,2,55
1973,0,63
1973,1,11
1973,2,39
1987,0,67
1987,1,12
1987,2,91
1974,0,28
1974,1,87
1974,2,34
1988,0,35
1988,1,65
1988,2,85
1975,0,93
1975,1,75
1975,2,77
1989,0,60
1989,1,69
1989,2,54
1976,0,41
1976,1,94
1976,2,57
1990,0,38
1990,1,80
1990,2,81
1977,0,13
1977,1,53
1977,2,17
1991,0,94
1991,1,20
1991,2,27
1978,0,98
1978,1,66
1978,2,103
1992,0,101
1992,1,98
1992,2,19
1979,0,94
1979,1,24
1979,2,57
1993,0,45
1993,1,90
1993,2,66
1980,0,92
1980,1,7
1980,2,77
1994,0,24
1994,1,86
1994,2,17
1981,0,31
1981,1,49
1981,2,2
1995,0,2
1995,1,63
1995,2,82
1982,0,49
1982,1,27
1982,2,96
1996,0,69
1996,1,18
1996,2,92
1983,0,1
1983,1,18
1983,2,1
1997,0,49
1997,1,95
1997,2,86
1984,0,4
1984,1,45
1984,2,1
1998,0,80
1998,1,18
1998,2,11
1985,0,53
1985,1,13
1985,2,4
1999,0,52
1999,1,2
1999,2,38
1986,0,3
1986,1,94
1986,2,3
2000,0,87
2000,1,67
2000,2,33
1987,0,24
1987,1,85
1987,2,37
1988,0,1
1988,1,13
1988,2,102
1989,0,53
1989,1,99
1989,2,87
1990,0,15
1990,1,73
1990,2,92
1991,0,56
1991,1,47
1991,2,93
1992,0,43
1992,1,7
1992,2,89
1993,0,96
1993,1,42
1993,2,53
1994,0,76
1994,1,89
1994,2,9
1995,0,81
1995,1,8
1995,2,29
1996,0,23
1996,1,79
1996,2,57
1997,0,40
1997,1,75
1997,2,76
1998,0,48
1998,1,30
1998,2,42
1999,0,42
1999,1,55
1999,2,47
2000,0,52
2000,1,19
2000,2,48
