step,agente,lucro,variabilidade,sustentabilidade,erroEls,erro_anteriorEls,erroEsv,erro_anteriorEsv,erroEvl,erro_anteriorEvl,saidaEvl,saidaEls,saidaEsv,fila
1,0,0,0,0,0,0,0,0,0,0,0,0,0,0
1,1,0.582045039062589,1.0,0.4666666666666667,0.2472393694198335,0,-0.5333333333333333,0,0.7180801018604114,0,-0.5,-0.5,0.5,2
1,2,0.582045039062589,1.0,0.4666666666666667,0.2472393694198335,0,-0.5333333333333333,0,0.7180801018604114,0,-0.5,-0.5,0.5,2
2,0,0.582045039062589,1.0,0.4666666666666667,0.2472393694198335,0,-0.5333333333333333,0,0.7180801018604114,0,-0.5,-0.5,0.5,2
2,1,0.3693404850475659,0.6,0.7333333333333334,-0.4963538840260466,0.2472393694198335,0.22222222222222238,-0.5333333333333333,0.6245172795577186,0.7180801018604114,0.0,0.5,-0.5,0
2,2,0.36551912835583084,0.6666666666666666,0.6694444444444446,-0.4539963227879707,-0.4963538840260466,0.004166666666666985,0.22222222222222238,0.8238899552684158,0.6245172795577186,-0.5,0.01528487752384824,0.09166666666666604,2
3,0,0.3655184770490474,0.75,0.64375,-0.4322043074966255,-0.4539963227879707,-0.1416666666666666,0.004166666666666985,1.0518798558557154,0.8238899552684158,-0.5,0.05641596941730956,0.5,2
3,1,0.30394910798791636,0.62,0.7150000000000001,-0.5748963524644527,-0.4322043074966255,0.15322580645161304,-0.1416666666666666,1.0398151654541075,1.0518798558557154,-0.07587061919678409,0.5,-0.5,0
3,2,0.30394910798791636,0.62,0.7150000000000001,-0.5748963524644527,-0.4322043074966255,0.15322580645161304,-0.1416666666666666,1.0398151654541075,1.0518798558557154,-0.07587061919678409,0.5,-0.5,0
4,0,0.3236615598688763,0.6666666666666666,0.6884259259259259,-0.5298527442388885,-0.5748963524644527,0.032638888888888884,0.15322580645161304,1.0597647336827722,1.0398151654541075,-0.25959654582931824,0.009912783548871618,0.03472222222222223,2
4,1,0.28606412897856026,0.5857142857142856,0.6853174603174603,-0.5825815836560673,-0.5298527442388885,0.1700542005420056,0.032638888888888884,1.047492944346697,1.0597647336827722,-0.07545642132784938,0.5,-0.5,0
4,2,0.28606412897856026,0.5857142857142856,0.6853174603174603,-0.5825815836560673,-0.5298527442388885,0.1700542005420056,0.032638888888888884,1.047492944346697,1.0597647336827722,-0.07545642132784938,0.5,-0.5,0
5,0,0.29754455470974517,0.6375,0.6663194444444445,-0.5534505901177352,-0.5825815836560673,0.045206971677560014,0.1700542005420056,1.1425362686333866,1.047492944346697,-0.5,0.041738012923335926,0.009586056644879982,0
5,1,0.29754455470974517,0.6375,0.6663194444444445,-0.5534505901177352,-0.5825815836560673,0.045206971677560014,0.1700542005420056,1.1425362686333866,1.047492944346697,-0.5,0.041738012923335926,0.009586056644879982,0
5,2,0.29754455470974517,0.6375,0.6663194444444445,-0.5534505901177352,-0.5825815836560673,0.045206971677560014,0.1700542005420056,1.1425362686333866,1.047492944346697,-0.5,0.041738012923335926,0.009586056644879982,0
6,0,0.29754455470974517,0.6375,0.6663194444444445,-0.5534505901177352,-0.5825815836560673,0.045206971677560014,0.1700542005420056,1.1425362686333866,1.047492944346697,-0.5,0.041738012923335926,0.009586056644879982,0
6,1,0.29754455470974517,0.6375,0.6663194444444445,-0.5534505901177352,-0.5825815836560673,0.045206971677560014,0.1700542005420056,1.1425362686333866,1.047492944346697,-0.5,0.041738012923335926,0.009586056644879982,0
6,2,0.2899502084342036,0.6555555555555554,0.6385802469135803,-0.5459455411663511,-0.5534505901177352,-0.025894538606402794,0.045206971677560014,1.260924588037729,1.1425362686333866,-0.5,0.0849899020972317,0.1915436832936179,2
7,0,0.2707552885371625,0.6199999999999999,0.6302777777777778,-0.5704191102980234,-0.5459455411663511,0.01657706093189991,-0.025894538606402794,1.289890636484841,1.260924588037729,-0.3317283875768954,0.2957885530533785,-0.08842795779251102,0
7,1,0.2707552885371625,0.6199999999999999,0.6302777777777778,-0.5704191102980234,-0.5459455411663511,0.01657706093189991,-0.025894538606402794,1.289890636484841,1.260924588037729,-0.3317283875768954,0.2957885530533785,-0.08842795779251102,0
7,2,0.2707552885371625,0.6199999999999999,0.6302777777777778,-0.5704191102980234,-0.5459455411663511,0.01657706093189991,-0.025894538606402794,1.289890636484841,1.260924588037729,-0.3317283875768954,0.2957885530533785,-0.08842795779251102,0
8,0,0.2707552885371625,0.6199999999999999,0.6302777777777778,-0.5704191102980234,-0.5459455411663511,0.01657706093189991,-0.025894538606402794,1.289890636484841,1.260924588037729,-0.3317283875768954,0.2957885530533785,-0.08842795779251102,0
8,1,0.2707552885371625,0.6199999999999999,0.6302777777777778,-0.5704191102980234,-0.5459455411663511,0.01657706093189991,-0.025894538606402794,1.289890636484841,1.260924588037729,-0.3317283875768954,0.2957885530533785,-0.08842795779251102,0
8,2,0.25783001319126136,0.5909090909090908,0.6234848484848485,-0.5864694806652917,-0.5704191102980234,0.05512820512820535,0.01657706093189991,1.2918553336563943,1.289890636484841,-0.11571757737242586,0.22840296293814644,-0.13404255319149055,0
9,0,0.2561420567534139,0.6083333333333333,0.6131944444444445,-0.5822824895527565,-0.5864694806652917,0.00799086757990883,0.05512820512820535,1.374984182777026,1.2918553336563943,-0.5,0.09162601777492965,0.07024897573274506,0
9,1,0.2561420567534139,0.6083333333333333,0.6131944444444445,-0.5822824895527565,-0.5864694806652917,0.00799086757990883,0.05512820512820535,1.374984182777026,1.2918553336563943,-0.5,0.09162601777492965,0.07024897573274506,0
9,2,0.2561420567534139,0.6083333333333333,0.6131944444444445,-0.5822824895527565,-0.5864694806652917,0.00799086757990883,0.05512820512820535,1.374984182777026,1.2918553336563943,-0.5,0.09162601777492965,0.07024897573274506,0
10,0,0.2428115355036722,0.5846153846153845,0.5916666666666667,-0.5896143061909765,-0.5822824895527565,0.012061403508772078,0.00799086757990883,1.4076919714819027,1.374984182777026,-0.36166230963901425,0.1586545331057602,-0.03474733905135914,0
10,1,0.22895969620792817,0.557142857142857,0.5732142857142858,-0.6005687542790039,-0.5896143061909765,0.028846153846154146,0.012061403508772078,1.4333665110949991,1.4076919714819027,-0.3053963169047712,0.18763558470421893,-0.07468712151796572,0
10,2,0.22895969620792817,0.557142857142857,0.5732142857142858,-0.6005687542790039,-0.5896143061909765,0.028846153846154146,0.012061403508772078,1.4333665110949991,1.4076919714819027,-0.3053963169047712,0.18763558470421893,-0.07468712151796572,0
11,0,0.22895969620792817,0.557142857142857,0.5732142857142858,-0.6005687542790039,-0.5896143061909765,0.028846153846154146,0.012061403508772078,1.4333665110949991,1.4076919714819027,-0.3053963169047712,0.18763558470421893,-0.07468712151796572,0
11,1,0.23765596390979263,0.5733333333333334,0.5711111111111111,-0.5838708803135927,-0.6005687542790039,-0.0038759689922480867,0.028846153846154146,1.4124508550139068,1.4333665110949991,-0.058168687837815286,0.06660425206917756,0.07008260196179719,2
11,2,0.22887167350827803,0.55,0.5770833333333334,-0.6033992661228396,-0.5838708803135927,0.04924242424242427,-0.0038759689922480867,1.4030933648069261,1.4124508550139068,-0.08128501958603876,0.25622708647397496,-0.1242134062927501,0
12,0,0.22887167350827803,0.55,0.5770833333333334,-0.6033992661228396,-0.5838708803135927,0.04924242424242427,-0.0038759689922480867,1.4030933648069261,1.4124508550139068,-0.08128501958603876,0.25622708647397496,-0.1242134062927501,0
12,1,0.23603594963031474,0.5764705882352942,0.5666666666666668,-0.5834659712406212,-0.6033992661228396,-0.017006802721088374,0.04924242424242427,1.4422999510802337,1.4030933648069261,-0.4136526901864602,0.060133410235563206,0.17878560719640169,2
12,2,0.23603594963031474,0.5764705882352942,0.5666666666666668,-0.5834659712406212,-0.6033992661228396,-0.017006802721088374,0.04924242424242427,1.4422999510802337,1.4030933648069261,-0.4136526901864602,0.060133410235563206,0.17878560719640169,2
13,0,0.22909893282436228,0.5611111111111112,0.5722222222222223,-0.599632932928299,-0.5834659712406212,0.019801980198019726,-0.017006802721088374,1.449208750969105,1.4422999510802337,-0.1552703991109702,0.2293356935014227,-0.08273003835809697,0
13,1,0.22909893282436228,0.5611111111111112,0.5722222222222223,-0.599632932928299,-0.5834659712406212,0.019801980198019726,-0.017006802721088374,1.449208750969105,1.4422999510802337,-0.1552703991109702,0.2293356935014227,-0.08273003835809697,0
13,2,0.22909893282436228,0.5611111111111112,0.5722222222222223,-0.599632932928299,-0.5834659712406212,0.019801980198019726,-0.017006802721088374,1.449208750969105,1.4422999510802337,-0.1552703991109702,0.2293356935014227,-0.08273003835809697,0
14,0,0.2335777661111909,0.5789473684210528,0.5693957115009747,-0.5897795480484733,-0.599632932928299,-0.016498316498316696,0.019801980198019726,1.478606496071438,1.449208750969105,-0.33518196081866447,0.08029323024034865,0.08229998923226026,2
14,1,0.22340488855604934,0.555,0.590925925925926,-0.6219409595102895,-0.5897795480484733,0.06473139806473138,-0.016498316498316696,1.4842786726251869,1.478606496071438,-0.14537741242999083,0.35729129169452933,-0.4055140953944237,0
14,2,0.22771903965006543,0.5714285714285715,0.5874779541446209,-0.6123785785602309,-0.6219409595102895,0.028086419753086424,0.06473139806473138,1.5093579013273661,1.4842786726251869,-0.3006338296174341,0.08087523809988287,0.011157024793388386,0
15,0,0.21900085224732424,0.5590909090909092,0.5607744107744108,-0.609467108271058,-0.6123785785602309,0.0030111412225232227,0.028086419753086424,1.5529165907514872,1.5093579013273661,-0.44846951539296886,0.09417705942165414,0.03938457403923734,0
15,1,0.2126464531052707,0.5434782608695653,0.5508856682769727,-0.6139916767659366,-0.609467108271058,0.013629629629629648,0.0030111412225232227,1.5557833339478098,1.5529165907514872,-0.12293394557058016,0.13619654795902872,-0.04894453414941394,0
15,2,0.2126464531052707,0.5434782608695653,0.5508856682769727,-0.6139916767659366,-0.609467108271058,0.013629629629629648,0.0030111412225232227,1.5557833339478098,1.5529165907514872,-0.12293394557058016,0.13619654795902872,-0.04894453414941394,0
16,0,0.21191262776759948,0.5333333333333333,0.5510802469135803,-0.615459583328467,-0.6139916767659366,0.03327546296296301,0.013629629629629648,1.5167605109320328,1.5557833339478098,-0.021954353968446052,0.111743252500243,-0.07995839112343969,0
16,1,0.20505288553036458,0.524,0.5379259259259259,-0.6188083235114401,-0.615459583328467,0.026576194515125755,0.03327546296296301,1.5554383136071752,1.5167605109320328,-0.4094224214011394,0.12678992146378523,-0.03135234193179725,0
16,2,0.20505288553036458,0.524,0.5379259259259259,-0.6188083235114401,-0.615459583328467,0.026576194515125755,0.03327546296296301,1.5554383136071752,1.5167605109320328,-0.4094224214011394,0.12678992146378523,-0.03135234193179725,0
17,0,0.2195999494732044,0.5423076923076924,0.5454415954415954,-0.5973905340031614,-0.6188083235114401,0.005778828473863777,0.026576194515125755,1.4695255787108676,1.5554383136071752,0.0,0.05716442098344268,0.02439751334289962,0
17,1,0.21183833936591123,0.5296296296296297,0.5252400548696845,-0.5966828169293568,-0.5973905340031614,-0.008288008288008361,0.005778828473863777,1.5001594669546254,1.4695255787108676,-0.3450711059500623,0.09858456585239064,0.04602686509923696,0
17,2,0.21183833936591123,0.5296296296296297,0.5252400548696845,-0.5966828169293568,-0.5973905340031614,-0.008288008288008361,0.005778828473863777,1.5001594669546254,1.4695255787108676,-0.3450711059500623,0.09858456585239064,0.04602686509923696,0
18,0,0.21183833936591123,0.5296296296296297,0.5252400548696845,-0.5966828169293568,-0.5973905340031614,-0.008288008288008361,0.005778828473863777,1.5001594669546254,1.4695255787108676,-0.3450711059500623,0.09858456585239064,0.04602686509923696,0
18,1,0.222212034834714,0.5428571428571429,0.5316137566137565,-0.5820047316868778,-0.5966828169293568,-0.020711500974659135,-0.008288008288008361,1.4429691364868313,1.5001594669546254,0.0,0.07064382951504214,0.06086883275356568,0
18,2,0.222212034834714,0.5428571428571429,0.5316137566137565,-0.5820047316868778,-0.5966828169293568,-0.020711500974659135,-0.008288008288008361,1.4429691364868313,1.5001594669546254,0.0,0.07064382951504214,0.06086883275356568,0
19,0,0.222212034834714,0.5428571428571429,0.5316137566137565,-0.5820047316868778,-0.5966828169293568,-0.020711500974659135,-0.008288008288008361,1.4429691364868313,1.5001594669546254,0.0,0.07064382951504214,0.06086883275356568,0
19,1,0.2276981380514064,0.5586206896551725,0.5316730523627075,-0.5717327838235619,-0.5820047316868778,-0.048239597622314015,-0.020711500974659135,1.4533388565920342,1.4429691364868313,-0.182957760841623,0.07945610427336805,0.09671080734728808,2
19,2,0.22144639699319812,0.5466666666666667,0.5361728395061729,-0.5869869178805193,-0.5717327838235619,-0.01919602529358631,-0.048239597622314015,1.468618474219104,1.4533388565920342,-0.22223694101655803,0.22203307245565929,-0.011140760927850294,0
20,0,0.22144639699319812,0.5466666666666667,0.5361728395061729,-0.5869869178805193,-0.5717327838235619,-0.01919602529358631,-0.048239597622314015,1.468618474219104,1.4533388565920342,-0.22223694101655803,0.22203307245565929,-0.011140760927850294,0
20,1,0.22144639699319812,0.5466666666666667,0.5361728395061729,-0.5869869178805193,-0.5717327838235619,-0.01919602529358631,-0.048239597622314015,1.468618474219104,1.4533388565920342,-0.22223694101655803,0.22203307245565929,-0.011140760927850294,0
20,2,0.22144639699319812,0.5466666666666667,0.5361728395061729,-0.5869869178805193,-0.5717327838235619,-0.01919602529358631,-0.048239597622314015,1.468618474219104,1.4533388565920342,-0.22223694101655803,0.22203307245565929,-0.011140760927850294,0
21,0,0.22144639699319812,0.5466666666666667,0.5361728395061729,-0.5869869178805193,-0.5717327838235619,-0.01919602529358631,-0.048239597622314015,1.468618474219104,1.4533388565920342,-0.22223694101655803,0.22203307245565929,-0.011140760927850294,0
21,1,0.2280816621475388,0.5612903225806453,0.5371565113500597,-0.5753906778970419,-0.5869869178805193,-0.042997020008514485,-0.01919602529358631,1.4609182399660186,1.468618474219104,-0.08459953149382918,0.07680752003304528,0.08905886265380808,2
21,2,0.2280816621475388,0.5612903225806453,0.5371565113500597,-0.5753906778970419,-0.5869869178805193,-0.042997020008514485,-0.01919602529358631,1.4609182399660186,1.468618474219104,-0.08459953149382918,0.07680752003304528,0.08905886265380808,2
22,0,0.2280816621475388,0.5612903225806453,0.5371565113500597,-0.5753906778970419,-0.5869869178805193,-0.042997020008514485,-0.01919602529358631,1.4609182399660186,1.468618474219104,-0.08459953149382918,0.07680752003304528,0.08905886265380808,2
22,1,0.2280816621475388,0.5612903225806453,0.5371565113500597,-0.5753906778970419,-0.5869869178805193,-0.042997020008514485,-0.01919602529358631,1.4609182399660186,1.468618474219104,-0.08459953149382918,0.07680752003304528,0.08905886265380808,2
22,2,0.2280816621475388,0.5612903225806453,0.5371565113500597,-0.5753906778970419,-0.5869869178805193,-0.042997020008514485,-0.01919602529358631,1.4609182399660186,1.468618474219104,-0.08459953149382918,0.07680752003304528,0.08905886265380808,2
23,0,0.23067856184476404,0.575,0.5287037037037037,-0.5636902858277668,-0.5753906778970419,-0.08051529790660224,-0.042997020008514485,1.4926460239809725,1.4609182399660186,-0.35382227211963124,0.07659921586144983,0.2628276194121049,2
23,1,0.23067856184476404,0.575,0.5287037037037037,-0.5636902858277668,-0.5753906778970419,-0.08051529790660224,-0.042997020008514485,1.4926460239809725,1.4609182399660186,-0.35382227211963124,0.07659921586144983,0.2628276194121049,2
23,2,0.23533977061059755,0.5848484848484847,0.5306397306397306,-0.5564980211208916,-0.5636902858277668,-0.09268854346574545,-0.08051529790660224,1.4851238842082415,1.4926460239809725,-0.08495572045453806,0.08561547058624966,0.17534940770149385,2
24,0,0.23533977061059755,0.5848484848484847,0.5306397306397306,-0.5564980211208916,-0.5636902858277668,-0.09268854346574545,-0.08051529790660224,1.4851238842082415,1.4926460239809725,-0.08495572045453806,0.08561547058624966,0.17534940770149385,2
24,1,0.23759112930521087,0.5970588235294116,0.5277777777777777,-0.5498273339480214,-0.5564980211208916,-0.11603721948549534,-0.09268854346574545,1.512967656980268,1.4851238842082415,-0.32275018217621143,0.08665862565425955,0.286789408157999,2
24,2,0.23759112930521087,0.5970588235294116,0.5277777777777777,-0.5498273339480214,-0.5564980211208916,-0.11603721948549534,-0.09268854346574545,1.512967656980268,1.4851238842082415,-0.32275018217621143,0.08665862565425955,0.286789408157999,2
25,0,0.23759112930521087,0.5970588235294116,0.5277777777777777,-0.5498273339480214,-0.5564980211208916,-0.11603721948549534,-0.09268854346574545,1.512967656980268,1.4851238842082415,-0.32275018217621143,0.08665862565425955,0.286789408157999,2
25,1,0.23387795588592966,0.5828571428571429,0.5412698412698412,-0.5679087618529746,-0.5498273339480214,-0.07135076252723317,-0.11603721948549534,1.492142282710143,1.512967656980268,-0.058349251459750034,0.2446514232396252,0.017528611005390483,0
25,2,0.23738721022665274,0.5916666666666666,0.5375514403292181,-0.5583916395400833,-0.5679087618529746,-0.09146235437315237,-0.07135076252723317,1.492411727244086,1.492142282710143,-0.10215555627154452,0.08096575537421749,0.21993442872936445,2
26,0,0.23738721022665274,0.5916666666666666,0.5375514403292181,-0.5583916395400833,-0.5679087618529746,-0.09146235437315237,-0.07135076252723317,1.492411727244086,1.492142282710143,-0.10215555627154452,0.08096575537421749,0.21993442872936445,2
26,1,0.23792209971396322,0.5999999999999999,0.536036036036036,-0.5561453265840349,-0.5583916395400833,-0.10660660660660647,-0.09146235437315237,1.5218338301542274,1.492411727244086,-0.33537682328113083,0.09550737408790325,0.2211540178676328,2
26,2,0.23792209971396322,0.5999999999999999,0.536036036036036,-0.5561453265840349,-0.5583916395400833,-0.10660660660660647,-0.09146235437315237,1.5218338301542274,1.492411727244086,-0.33537682328113083,0.09550737408790325,0.2211540178676328,2
27,0,0.23792209971396322,0.5999999999999999,0.536036036036036,-0.5561453265840349,-0.5583916395400833,-0.10660660660660647,-0.09146235437315237,1.5218338301542274,1.492411727244086,-0.33537682328113083,0.09550737408790325,0.2211540178676328,2
27,1,0.23792209971396322,0.5999999999999999,0.536036036036036,-0.5561453265840349,-0.5583916395400833,-0.10660660660660647,-0.09146235437315237,1.5218338301542274,1.492411727244086,-0.33537682328113083,0.09550737408790325,0.2211540178676328,2
27,2,0.23792209971396322,0.5999999999999999,0.536036036036036,-0.5561453265840349,-0.5583916395400833,-0.10660660660660647,-0.09146235437315237,1.5218338301542274,1.492411727244086,-0.33537682328113083,0.09550737408790325,0.2211540178676328,2
28,0,0.23792209971396322,0.5999999999999999,0.536036036036036,-0.5561453265840349,-0.5583916395400833,-0.10660660660660647,-0.09146235437315237,1.5218338301542274,1.492411727244086,-0.33537682328113083,0.09550737408790325,0.2211540178676328,2
28,1,0.23792209971396322,0.5999999999999999,0.536036036036036,-0.5561453265840349,-0.5583916395400833,-0.10660660660660647,-0.09146235437315237,1.5218338301542274,1.492411727244086,-0.33537682328113083,0.09550737408790325,0.2211540178676328,2
28,2,0.23194242827070904,0.5868421052631578,0.5307017543859649,-0.5629514574733747,-0.5561453265840349,-0.09566517189835569,-0.10660660660660647,1.5301196923670712,1.5218338301542274,-0.1662868977027511,0.15444904711471832,0.07396224249727441,0
29,0,0.22756454716961635,0.5769230769230769,0.5341880341880342,-0.5739991676984781,-0.5629514574733747,-0.07407407407407401,-0.09566517189835569,1.535206314422362,1.5301196923670712,-0.14069297644232606,0.18838168180082737,0.05365831922288568,0
29,1,0.22756454716961635,0.5769230769230769,0.5341880341880342,-0.5739991676984781,-0.5629514574733747,-0.07407407407407401,-0.09566517189835569,1.535206314422362,1.5301196923670712,-0.14069297644232606,0.18838168180082737,0.05365831922288568,0
29,2,0.2327943081886191,0.5875,0.5333333333333334,-0.5635106721463392,-0.5739991676984781,-0.09219858156028354,-0.07407407407407401,1.523687132092527,1.535206314422362,-0.07696163534032988,0.07902300889572214,0.21051051051050948,2
30,0,0.2327943081886191,0.5875,0.5333333333333334,-0.5635106721463392,-0.5739991676984781,-0.09219858156028354,-0.07407407407407401,1.523687132092527,1.535206314422362,-0.07696163534032988,0.07902300889572214,0.21051051051050948,2
30,1,0.2276844659097832,0.5780487804878048,0.5284552845528455,-0.5691509337399487,-0.5635106721463392,-0.08579465541490854,-0.09219858156028354,1.5388151896003683,1.523687132092527,-0.22102446006273127,0.14512209274887625,0.07960788050599164,0
30,2,0.22873750574625965,0.5833333333333334,0.5248015873015873,-0.5641447905628928,-0.5691509337399487,-0.10034013605442178,-0.08579465541490854,1.5502303674694684,1.5388151896003683,-0.19132142295280055,0.08998771364588812,0.216363845116106,2
31,0,0.22545906742754676,0.5767441860465117,0.5255167958656332,-0.5709764764869794,-0.5641447905628928,-0.08882168458781355,-0.10034013605442178,1.5580882269543384,1.5502303674694684,-0.16286287587895956,0.1546534873926925,0.0686320844127123,0
31,1,0.22545906742754676,0.5767441860465117,0.5255167958656332,-0.5709764764869794,-0.5641447905628928,-0.08882168458781355,-0.10034013605442178,1.5580882269543384,1.5502303674694684,-0.16286287587895956,0.1546534873926925,0.0686320844127123,0
31,2,0.22545906742754676,0.5767441860465117,0.5255167958656332,-0.5709764764869794,-0.5641447905628928,-0.08882168458781355,-0.10034013605442178,1.5580882269543384,1.5502303674694684,-0.16286287587895956,0.1546534873926925,0.0686320844127123,0
32,0,0.22545906742754676,0.5767441860465117,0.5255167958656332,-0.5709764764869794,-0.5641447905628928,-0.08882168458781355,-0.10034013605442178,1.5580882269543384,1.5502303674694684,-0.16286287587895956,0.1546534873926925,0.0686320844127123,0
32,1,0.22545906742754676,0.5767441860465117,0.5255167958656332,-0.5709764764869794,-0.5641447905628928,-0.08882168458781355,-0.10034013605442178,1.5580882269543384,1.5502303674694684,-0.16286287587895956,0.1546534873926925,0.0686320844127123,0
32,2,0.22245542620863065,0.5704545454545454,0.52114898989899,-0.5731442821145113,-0.5709764764869794,-0.08643204957945982,-0.08882168458781355,1.564354375062726,1.5580882269543384,-0.15012918486710128,0.11734244502025551,0.09127540397079081,0
33,0,0.22245542620863065,0.5704545454545454,0.52114898989899,-0.5731442821145113,-0.5709764764869794,-0.08643204957945982,-0.08882168458781355,1.564354375062726,1.5580882269543384,-0.15012918486710128,0.11734244502025551,0.09127540397079081,0
33,1,0.22245542620863065,0.5704545454545454,0.52114898989899,-0.5731442821145113,-0.5709764764869794,-0.08643204957945982,-0.08882168458781355,1.564354375062726,1.5580882269543384,-0.15012918486710128,0.11734244502025551,0.09127540397079081,0
33,2,0.22245542620863065,0.5704545454545454,0.52114898989899,-0.5731442821145113,-0.5709764764869794,-0.08643204957945982,-0.08882168458781355,1.564354375062726,1.5580882269543384,-0.15012918486710128,0.11734244502025551,0.09127540397079081,0
34,0,0.22245542620863065,0.5704545454545454,0.52114898989899,-0.5731442821145113,-0.5709764764869794,-0.08643204957945982,-0.08882168458781355,1.564354375062726,1.5580882269543384,-0.15012918486710128,0.11734244502025551,0.09127540397079081,0
34,1,0.22245542620863065,0.5704545454545454,0.52114898989899,-0.5731442821145113,-0.5709764764869794,-0.08643204957945982,-0.08882168458781355,1.564354375062726,1.5580882269543384,-0.15012918486710128,0.11734244502025551,0.09127540397079081,0
34,2,0.2249150974536539,0.5755555555555556,0.521604938271605,-0.5688018250000956,-0.5731442821145113,-0.09373659373659364,-0.08643204957945982,1.5589903126630031,1.564354375062726,-0.08927187520055427,0.09131508577116856,0.14672903582923877,2
35,0,0.2249150974536539,0.5755555555555556,0.521604938271605,-0.5688018250000956,-0.5731442821145113,-0.09373659373659364,-0.08643204957945982,1.5589903126630031,1.564354375062726,-0.08927187520055427,0.09131508577116856,0.14672903582923877,2
35,1,0.2249150974536539,0.5755555555555556,0.521604938271605,-0.5688018250000956,-0.5731442821145113,-0.09373659373659364,-0.08643204957945982,1.5589903126630031,1.564354375062726,-0.08927187520055427,0.09131508577116856,0.14672903582923877,2
35,2,0.2249150974536539,0.5755555555555556,0.521604938271605,-0.5688018250000956,-0.5731442821145113,-0.09373659373659364,-0.08643204957945982,1.5589903126630031,1.564354375062726,-0.08927187520055427,0.09131508577116856,0.14672903582923877,2
36,0,0.22762339142885196,0.5826086956521739,0.5207326892109502,-0.5628786205571951,-0.5688018250000956,-0.10620508568269742,-0.09373659373659364,1.5595291063672574,1.5589903126630031,-0.10431034963403399,0.08815359111419899,0.1997479355688302,2
36,1,0.22762339142885196,0.5826086956521739,0.5207326892109502,-0.5628786205571951,-0.5688018250000956,-0.10620508568269742,-0.09373659373659364,1.5595291063672574,1.5589903126630031,-0.10431034963403399,0.08815359111419899,0.1997479355688302,2
36,2,0.2231228104788961,0.5723404255319149,0.5096532702915683,-0.5622066540429547,-0.5628786205571951,-0.10952774335673945,-0.10620508568269742,1.5651363224740722,1.5595291063672574,-0.14485772885451845,0.09865606697151921,0.1265812613923363,2
37,0,0.22332915458375188,0.5791666666666666,0.5059799382716049,-0.5586205347456462,-0.5622066540429547,-0.12636557420730077,-0.10952774335673945,1.5933321054572396,1.5651363224740722,-0.32556626386533905,0.0928277614053831,0.23470264680449054,2
37,1,0.22332915458375188,0.5791666666666666,0.5059799382716049,-0.5586205347456462,-0.5622066540429547,-0.12636557420730077,-0.10952774335673945,1.5933321054572396,1.5651363224740722,-0.32556626386533905,0.0928277614053831,0.23470264680449054,2
37,2,0.21954366006795178,0.5693877551020408,0.5024565381708239,-0.5630594023769835,-0.5586205347456462,-0.11754944909066758,-0.12636557420730077,1.5935057970966113,1.5933321054572396,-0.10138953311497403,0.1355109410506982,0.08236774976673364,0
38,0,0.21954366006795178,0.5693877551020408,0.5024565381708239,-0.5630594023769835,-0.5586205347456462,-0.11754944909066758,-0.12636557420730077,1.5935057970966113,1.5933321054572396,-0.10138953311497403,0.1355109410506982,0.08236774976673364,0
38,1,0.21648012311333978,0.5619999999999999,0.509074074074074,-0.5747571244772518,-0.5630594023769835,-0.09417424541979705,-0.11754944909066758,1.596081302604215,1.5935057970966113,-0.12060404406083017,0.1935817768021465,0.05263545264545275,0
38,2,0.21648012311333978,0.5619999999999999,0.509074074074074,-0.5747571244772518,-0.5630594023769835,-0.09417424541979705,-0.11754944909066758,1.596081302604215,1.5935057970966113,-0.12060404406083017,0.1935817768021465,0.05263545264545275,0
39,0,0.21648012311333978,0.5619999999999999,0.509074074074074,-0.5747571244772518,-0.5630594023769835,-0.09417424541979705,-0.11754944909066758,1.596081302604215,1.5935057970966113,-0.12060404406083017,0.1935817768021465,0.05263545264545275,0
39,1,0.21243022898538721,0.5529411764705883,0.4990922294843863,-0.5743667874676199,-0.5747571244772518,-0.0973863934856844,-0.09417424541979705,1.602930755719443,1.596081302604215,-0.1547956249218231,0.09921932598073627,0.12326496587269095,2
39,2,0.21243022898538721,0.5529411764705883,0.4990922294843863,-0.5743667874676199,-0.5747571244772518,-0.0973863934856844,-0.09417424541979705,1.602930755719443,1.596081302604215,-0.1547956249218231,0.09921932598073627,0.12326496587269095,2
40,0,0.20911935943937,0.5442307692307693,0.5023148148148148,-0.5836886484893647,-0.5743667874676199,-0.0770187148279023,-0.0973863934856844,1.6024886968370722,1.602930755719443,-0.09911588223525838,0.1745748881739585,0.05510531007896667,0
40,1,0.20911935943937,0.5442307692307693,0.5023148148148148,-0.5836886484893647,-0.5743667874676199,-0.0770187148279023,-0.0973863934856844,1.6024886968370722,1.602930755719443,-0.09911588223525838,0.1745748881739585,0.05510531007896667,0
40,2,0.20911935943937,0.5442307692307693,0.5023148148148148,-0.5836886484893647,-0.5743667874676199,-0.0770187148279023,-0.0973863934856844,1.6024886968370722,1.602930755719443,-0.09911588223525838,0.1745748881739585,0.05510531007896667,0
41,0,0.20911935943937,0.5442307692307693,0.5023148148148148,-0.5836886484893647,-0.5743667874676199,-0.0770187148279023,-0.0973863934856844,1.6024886968370722,1.602930755719443,-0.09911588223525838,0.1745748881739585,0.05510531007896667,0
41,1,0.20911935943937,0.5442307692307693,0.5023148148148148,-0.5836886484893647,-0.5743667874676199,-0.0770187148279023,-0.0973863934856844,1.6024886968370722,1.602930755719443,-0.09911588223525838,0.1745748881739585,0.05510531007896667,0
41,2,0.20911935943937,0.5442307692307693,0.5023148148148148,-0.5836886484893647,-0.5743667874676199,-0.0770187148279023,-0.0973863934856844,1.6024886968370722,1.602930755719443,-0.09911588223525838,0.1745748881739585,0.05510531007896667,0
42,0,0.20911935943937,0.5442307692307693,0.5023148148148148,-0.5836886484893647,-0.5743667874676199,-0.0770187148279023,-0.0973863934856844,1.6024886968370722,1.602930755719443,-0.09911588223525838,0.1745748881739585,0.05510531007896667,0
42,1,0.20911935943937,0.5442307692307693,0.5023148148148148,-0.5836886484893647,-0.5743667874676199,-0.0770187148279023,-0.0973863934856844,1.6024886968370722,1.602930755719443,-0.09911588223525838,0.1745748881739585,0.05510531007896667,0
42,2,0.20911935943937,0.5442307692307693,0.5023148148148148,-0.5836886484893647,-0.5743667874676199,-0.0770187148279023,-0.0973863934856844,1.6024886968370722,1.602930755719443,-0.09911588223525838,0.1745748881739585,0.05510531007896667,0
43,0,0.20911935943937,0.5442307692307693,0.5023148148148148,-0.5836886484893647,-0.5743667874676199,-0.0770187148279023,-0.0973863934856844,1.6024886968370722,1.602930755719443,-0.09911588223525838,0.1745748881739585,0.05510531007896667,0
43,1,0.20911935943937,0.5442307692307693,0.5023148148148148,-0.5836886484893647,-0.5743667874676199,-0.0770187148279023,-0.0973863934856844,1.6024886968370722,1.602930755719443,-0.09911588223525838,0.1745748881739585,0.05510531007896667,0
43,2,0.20911935943937,0.5442307692307693,0.5023148148148148,-0.5836886484893647,-0.5743667874676199,-0.0770187148279023,-0.0973863934856844,1.6024886968370722,1.602930755719443,-0.09911588223525838,0.1745748881739585,0.05510531007896667,0
44,0,0.20911935943937,0.5442307692307693,0.5023148148148148,-0.5836886484893647,-0.5743667874676199,-0.0770187148279023,-0.0973863934856844,1.6024886968370722,1.602930755719443,-0.09911588223525838,0.1745748881739585,0.05510531007896667,0
44,1,0.20911935943937,0.5442307692307693,0.5023148148148148,-0.5836886484893647,-0.5743667874676199,-0.0770187148279023,-0.0973863934856844,1.6024886968370722,1.602930755719443,-0.09911588223525838,0.1745748881739585,0.05510531007896667,0
44,2,0.20911935943937,0.5442307692307693,0.5023148148148148,-0.5836886484893647,-0.5743667874676199,-0.0770187148279023,-0.0973863934856844,1.6024886968370722,1.602930755719443,-0.09911588223525838,0.1745748881739585,0.05510531007896667,0
45,0,0.20569774881841676,0.5358490566037736,0.5117051013277428,-0.5980150514726469,-0.5836886484893647,-0.04505738132498696,-0.0770187148279023,1.6050312153722381,1.6024886968370722,-0.12034014828132769,0.21461122386625708,0.021868574629713672,0
45,1,0.20569774881841676,0.5358490566037736,0.5117051013277428,-0.5980150514726469,-0.5836886484893647,-0.04505738132498696,-0.0770187148279023,1.6050312153722381,1.6024886968370722,-0.12034014828132769,0.21461122386625708,0.021868574629713672,0
45,2,0.2091786745245195,0.5407407407407407,0.5138031550068587,-0.5928816853572508,-0.5980150514726469,-0.04981608320649421,-0.04505738132498696,1.5850662930620885,1.6050312153722381,-0.060070155379700646,0.0897332677692079,0.09963485268194415,2
46,0,0.2091786745245195,0.5407407407407407,0.5138031550068587,-0.5928816853572508,-0.5980150514726469,-0.04981608320649421,-0.04505738132498696,1.5850662930620885,1.6050312153722381,-0.060070155379700646,0.0897332677692079,0.09963485268194415,2
46,1,0.2091786745245195,0.5407407407407407,0.5138031550068587,-0.5928816853572508,-0.5980150514726469,-0.04981608320649421,-0.04505738132498696,1.5850662930620885,1.6050312153722381,-0.060070155379700646,0.0897332677692079,0.09963485268194415,2
46,2,0.2091786745245195,0.5407407407407407,0.5138031550068587,-0.5928816853572508,-0.5980150514726469,-0.04981608320649421,-0.04505738132498696,1.5850662930620885,1.6050312153722381,-0.060070155379700646,0.0897332677692079,0.09963485268194415,2
47,0,0.2058272301654746,0.5345454545454545,0.5105218855218855,-0.5968297618522937,-0.5928816853572508,-0.04494205089443191,-0.04981608320649421,1.5970589708451464,1.5850662930620885,-0.19594142226446323,0.13158461196034335,0.06706161753428791,0
47,1,0.20926902356654026,0.5410714285714285,0.5133101851851852,-0.5923146868963004,-0.5968297618522937,-0.0513079085686345,-0.04494205089443191,1.58553043040021,1.5970589708451464,-0.07694291911012732,0.09096985008801331,0.1099430828203033,2
47,2,0.20684752050595914,0.5368421052631579,0.5140513320337883,-0.59761310278569,-0.5923146868963004,-0.042453401113531644,-0.0513079085686345,1.5953518995539124,1.58553043040021,-0.1785717532296193,0.14238732711511695,0.05161659713758591,0
48,0,0.20446432283706664,0.5310344827586208,0.5109355044699873,-0.5998236156065037,-0.59761310278569,-0.03784872534872541,-0.042453401113531644,1.5971987454348753,1.5953518995539124,-0.11477476704770276,0.1176841025665091,0.056146619959674404,0
48,1,0.20446432283706664,0.5310344827586208,0.5109355044699873,-0.5998236156065037,-0.59761310278569,-0.03784872534872541,-0.042453401113531644,1.5971987454348753,1.5953518995539124,-0.11477476704770276,0.1176841025665091,0.056146619959674404,0
48,2,0.20863920340596595,0.5389830508474577,0.5113151286880101,-0.5919557398168211,-0.5998236156065037,-0.051333566270673175,-0.03784872534872541,1.5833258661303231,1.5971987454348753,-0.07225424139089567,0.08426424842063499,0.11012826183104808,2
49,0,0.20863920340596595,0.5389830508474577,0.5113151286880101,-0.5919557398168211,-0.5998236156065037,-0.051333566270673175,-0.03784872534872541,1.5833258661303231,1.5971987454348753,-0.07225424139089567,0.08426424842063499,0.11012826183104808,2
49,1,0.21062969847030433,0.5433333333333333,0.5090432098765433,-0.5862243236259105,-0.5919557398168211,-0.06311065666893875,-0.051333566270673175,1.5795665914127266,1.5833258661303231,-0.09248145056480697,0.08853716761817867,0.16404579737401406,2
49,2,0.21062969847030433,0.5433333333333333,0.5090432098765433,-0.5862243236259105,-0.5919557398168211,-0.06311065666893875,-0.051333566270673175,1.5795665914127266,1.5833258661303231,-0.09248145056480697,0.08853716761817867,0.16404579737401406,2
50,0,0.20969522265742077,0.5393442622950819,0.5134486945962357,-0.5915945938428759,-0.5862243236259105,-0.048013058651356307,-0.06311065666893875,1.5720388641195178,1.5795665914127266,-0.08494454541358235,0.14296216173572365,0.06098405189484008,0
50,1,0.20969522265742077,0.5393442622950819,0.5134486945962357,-0.5915945938428759,-0.5862243236259105,-0.048013058651356307,-0.06311065666893875,1.5720388641195178,1.5795665914127266,-0.08494454541358235,0.14296216173572365,0.06098405189484008,0
50,2,0.2112553525029588,0.5451612903225806,0.5135304659498209,-0.5886215784447706,-0.5915945938428759,-0.058021038790269396,-0.048013058651356307,1.5805797763867084,1.5720388641195178,-0.16832729813752537,0.0940539692037893,0.14858138377302066,2
51,0,0.2112553525029588,0.5451612903225806,0.5135304659498209,-0.5886215784447706,-0.5915945938428759,-0.058021038790269396,-0.048013058651356307,1.5805797763867084,1.5720388641195178,-0.16832729813752537,0.0940539692037893,0.14858138377302066,2
51,1,0.2112553525029588,0.5451612903225806,0.5135304659498209,-0.5886215784447706,-0.5915945938428759,-0.058021038790269396,-0.048013058651356307,1.5805797763867084,1.5720388641195178,-0.16832729813752537,0.0940539692037893,0.14858138377302066,2
51,2,0.2112553525029588,0.5451612903225806,0.5135304659498209,-0.5886215784447706,-0.5915945938428759,-0.058021038790269396,-0.048013058651356307,1.5805797763867084,1.5720388641195178,-0.16832729813752537,0.0940539692037893,0.14858138377302066,2
52,0,0.2112553525029588,0.5451612903225806,0.5135304659498209,-0.5886215784447706,-0.5915945938428759,-0.058021038790269396,-0.048013058651356307,1.5805797763867084,1.5720388641195178,-0.16832729813752537,0.0940539692037893,0.14858138377302066,2
52,1,0.2112553525029588,0.5451612903225806,0.5135304659498209,-0.5886215784447706,-0.5915945938428759,-0.058021038790269396,-0.048013058651356307,1.5805797763867084,1.5720388641195178,-0.16832729813752537,0.0940539692037893,0.14858138377302066,2
52,2,0.2112553525029588,0.5451612903225806,0.5135304659498209,-0.5886215784447706,-0.5915945938428759,-0.058021038790269396,-0.048013058651356307,1.5805797763867084,1.5720388641195178,-0.16832729813752537,0.0940539692037893,0.14858138377302066,2
53,0,0.2112553525029588,0.5451612903225806,0.5135304659498209,-0.5886215784447706,-0.5915945938428759,-0.058021038790269396,-0.048013058651356307,1.5805797763867084,1.5720388641195178,-0.16832729813752537,0.0940539692037893,0.14858138377302066,2
53,1,0.2112553525029588,0.5451612903225806,0.5135304659498209,-0.5886215784447706,-0.5915945938428759,-0.058021038790269396,-0.048013058651356307,1.5805797763867084,1.5720388641195178,-0.16832729813752537,0.0940539692037893,0.14858138377302066,2
53,2,0.2112553525029588,0.5451612903225806,0.5135304659498209,-0.5886215784447706,-0.5915945938428759,-0.058021038790269396,-0.048013058651356307,1.5805797763867084,1.5720388641195178,-0.16832729813752537,0.0940539692037893,0.14858138377302066,2
54,0,0.2112553525029588,0.5451612903225806,0.5135304659498209,-0.5886215784447706,-0.5915945938428759,-0.058021038790269396,-0.048013058651356307,1.5805797763867084,1.5720388641195178,-0.16832729813752537,0.0940539692037893,0.14858138377302066,2
54,1,0.2112553525029588,0.5451612903225806,0.5135304659498209,-0.5886215784447706,-0.5915945938428759,-0.058021038790269396,-0.048013058651356307,1.5805797763867084,1.5720388641195178,-0.16832729813752537,0.0940539692037893,0.14858138377302066,2
54,2,0.2112553525029588,0.5451612903225806,0.5135304659498209,-0.5886215784447706,-0.5915945938428759,-0.058021038790269396,-0.048013058651356307,1.5805797763867084,1.5720388641195178,-0.16832729813752537,0.0940539692037893,0.14858138377302066,2
55,0,0.20874512333899634,0.5412698412698412,0.5124338624338625,-0.5926398728851802,-0.5886215784447706,-0.053274682306940255,-0.058021038790269396,1.5929699942778253,1.5805797763867084,-0.19912174312893463,0.1321463555232766,0.08581586398885804,0
55,1,0.2107512952485277,0.5453124999999999,0.512890625,-0.5890911532092682,-0.5926398728851802,-0.05945558739254983,-0.053274682306940255,1.5874692696760988,1.5929699942778253,-0.08899855079654709,0.09290256064817606,0.1396454501153153,2
55,2,0.2107512952485277,0.5453124999999999,0.512890625,-0.5890911532092682,-0.5926398728851802,-0.05945558739254983,-0.053274682306940255,1.5874692696760988,1.5929699942778253,-0.08899855079654709,0.09290256064817606,0.1396454501153153,2
56,0,0.2107512952485277,0.5453124999999999,0.512890625,-0.5890911532092682,-0.5926398728851802,-0.05945558739254983,-0.053274682306940255,1.5874692696760988,1.5929699942778253,-0.08899855079654709,0.09290256064817606,0.1396454501153153,2
56,1,0.20802953986284192,0.5415384615384614,0.5118376068376068,-0.5935633937721884,-0.5890911532092682,-0.0548453282828281,-0.05945558739254983,1.6031805958687824,1.5874692696760988,-0.2256906095414685,0.13577792450336137,0.08443019666718124,0
56,2,0.21317432453623797,0.5484848484848484,0.5151936026936027,-0.5862248222382964,-0.5935633937721884,-0.06069674647022689,-0.0548453282828281,1.5729404780715524,1.6031805958687824,-0.039519764405539975,0.08532285693221611,0.13793289599755768,2
57,0,0.21317432453623797,0.5484848484848484,0.5151936026936027,-0.5862248222382964,-0.5935633937721884,-0.06069674647022689,-0.0548453282828281,1.5729404780715524,1.6031805958687824,-0.039519764405539975,0.08532285693221611,0.13793289599755768,2
57,1,0.2105935885370776,0.5417910447761193,0.5174543946932006,-0.593020001961837,-0.5862248222382964,-0.04491888582797655,-0.06069674647022689,1.5726853725213494,1.5729404780715524,-0.09948978889959417,0.1543614377883248,0.04843740996274072,0
57,2,0.2105935885370776,0.5417910447761193,0.5174543946932006,-0.593020001961837,-0.5862248222382964,-0.04491888582797655,-0.06069674647022689,1.5726853725213494,1.5729404780715524,-0.09948978889959417,0.1543614377883248,0.04843740996274072,0
58,0,0.2111412106116724,0.5485294117647057,0.5132761437908497,-0.5886401244907489,-0.593020001961837,-0.06426869228477766,-0.04491888582797655,1.5979268100984434,1.5726853725213494,-0.30193150061675167,0.09124024505782372,0.17267210316707618,2
58,1,0.20871687966712127,0.5449275362318838,0.5106682769726248,-0.5912867724926061,-0.5886401244907489,-0.06286938534278913,-0.06426869228477766,1.6108455487691211,1.5979268100984434,-0.20334990936542177,0.12117318401485769,0.09469945576577651,0
58,2,0.20890661512517641,0.5485714285714284,0.5075396825396825,-0.5883935339206845,-0.5912867724926061,-0.07479745370370343,-0.06286938534278913,1.625916983254578,1.6108455487691211,-0.22057147588365425,0.09421352285615683,0.164601637130521,2
59,0,0.20890661512517641,0.5485714285714284,0.5075396825396825,-0.5883935339206845,-0.5912867724926061,-0.07479745370370343,-0.06286938534278913,1.625916983254578,1.6108455487691211,-0.22057147588365425,0.09421352285615683,0.164601637130521,2
59,1,0.20849957296144836,0.5521126760563377,0.5039123630672927,-0.5862384250858215,-0.5883935339206845,-0.08730158730158671,-0.07479745370370343,1.6480278506777735,1.625916983254578,-0.2768869393855645,0.09568978233027395,0.16668136228369776,2
59,2,0.20725534070300786,0.5486111111111112,0.5061728395061729,-0.5905443269038138,-0.5862384250858215,-0.07735583684950777,-0.08730158730158671,1.6470300318931623,1.6480278506777735,-0.09800436243077773,0.1344472145439383,0.07153945666235573,0
60,0,0.20725534070300786,0.5486111111111112,0.5061728395061729,-0.5905443269038138,-0.5862384250858215,-0.07735583684950777,-0.08730158730158671,1.6470300318931623,1.6480278506777735,-0.09800436243077773,0.1344472145439383,0.07153945666235573,0
60,1,0.20725534070300786,0.5486111111111112,0.5061728395061729,-0.5905443269038138,-0.5862384250858215,-0.07735583684950777,-0.08730158730158671,1.6470300318931623,1.6480278506777735,-0.09800436243077773,0.1344472145439383,0.07153945666235573,0
60,2,0.20454828540594716,0.5424657534246575,0.5038051750380518,-0.593993282441972,-0.5905443269038138,-0.07126823793490454,-0.07735583684950777,1.6520180912202629,1.6470300318931623,-0.13990447461680447,0.12759164430526618,0.08041791863268152,0
61,0,0.20454828540594716,0.5424657534246575,0.5038051750380518,-0.593993282441972,-0.5905443269038138,-0.07126823793490454,-0.07735583684950777,1.6520180912202629,1.6470300318931623,-0.13990447461680447,0.12759164430526618,0.08041791863268152,0
61,1,0.20454828540594716,0.5424657534246575,0.5038051750380518,-0.593993282441972,-0.5905443269038138,-0.07126823793490454,-0.07735583684950777,1.6520180912202629,1.6470300318931623,-0.13990447461680447,0.12759164430526618,0.08041791863268152,0
61,2,0.20454828540594716,0.5424657534246575,0.5038051750380518,-0.593993282441972,-0.5905443269038138,-0.07126823793490454,-0.07735583684950777,1.6520180912202629,1.6470300318931623,-0.13990447461680447,0.12759164430526618,0.08041791863268152,0
62,0,0.20212244389260714,0.5364864864864866,0.5105105105105106,-0.6040778010809519,-0.593993282441972,-0.04841869577385955,-0.07126823793490454,1.6542647919472795,1.6520180912202629,-0.11797360581613284,0.18067614911183882,0.048096123115865544,0
62,1,0.20212244389260714,0.5364864864864866,0.5105105105105106,-0.6040778010809519,-0.593993282441972,-0.04841869577385955,-0.07126823793490454,1.6542647919472795,1.6520180912202629,-0.11797360581613284,0.18067614911183882,0.048096123115865544,0
62,2,0.20212244389260714,0.5364864864864866,0.5105105105105106,-0.6040778010809519,-0.593993282441972,-0.04841869577385955,-0.07126823793490454,1.6542647919472795,1.6520180912202629,-0.11797360581613284,0.18067614911183882,0.048096123115865544,0
63,0,0.20212244389260714,0.5364864864864866,0.5105105105105106,-0.6040778010809519,-0.593993282441972,-0.04841869577385955,-0.07126823793490454,1.6542647919472795,1.6520180912202629,-0.11797360581613284,0.18067614911183882,0.048096123115865544,0
63,1,0.19965507040569808,0.532,0.5059259259259259,-0.605366991145399,-0.6040778010809519,-0.04901141743247018,-0.04841869577385955,1.6645954892053518,1.6542647919472795,-0.18264557806457873,0.11031352051557733,0.09806862556332063,0
63,2,0.19965507040569808,0.532,0.5059259259259259,-0.605366991145399,-0.6040778010809519,-0.04901141743247018,-0.04841869577385955,1.6645954892053518,1.6542647919472795,-0.18264557806457873,0.11031352051557733,0.09806862556332063,0
64,0,0.19965507040569808,0.532,0.5059259259259259,-0.605366991145399,-0.6040778010809519,-0.04901141743247018,-0.04841869577385955,1.6645954892053518,1.6542647919472795,-0.18264557806457873,0.11031352051557733,0.09806862556332063,0
64,1,0.19965507040569808,0.532,0.5059259259259259,-0.605366991145399,-0.6040778010809519,-0.04901141743247018,-0.04841869577385955,1.6645954892053518,1.6542647919472795,-0.18264557806457873,0.11031352051557733,0.09806862556332063,0
64,2,0.20047876711508836,0.5355263157894737,0.5052997076023392,-0.6032478069968306,-0.605366991145399,-0.05644280644280646,-0.04901141743247018,1.6712370766029572,1.6645954892053518,-0.15313269918084274,0.09576163170286303,0.14098111569351,2
65,0,0.20047876711508836,0.5355263157894737,0.5052997076023392,-0.6032478069968306,-0.605366991145399,-0.05644280644280646,-0.04901141743247018,1.6712370766029572,1.6645954892053518,-0.15313269918084274,0.09576163170286303,0.14098111569351,2
65,1,0.20219038638204082,0.538961038961039,0.5052308802308803,-0.5998059614059142,-0.6032478069968306,-0.06258366800535474,-0.05644280644280646,1.6656115980839294,1.6712370766029572,-0.08874904296194455,0.09311630881816738,0.13943925283000916,2
65,2,0.20219038638204082,0.538961038961039,0.5052308802308803,-0.5998059614059142,-0.6032478069968306,-0.06258366800535474,-0.05644280644280646,1.6656115980839294,1.6712370766029572,-0.08874904296194455,0.09311630881816738,0.13943925283000916,2
66,0,0.20219038638204082,0.538961038961039,0.5052308802308803,-0.5998059614059142,-0.6032478069968306,-0.06258366800535474,-0.05644280644280646,1.6656115980839294,1.6712370766029572,-0.08874904296194455,0.09311630881816738,0.13943925283000916,2
66,1,0.20219038638204082,0.538961038961039,0.5052308802308803,-0.5998059614059142,-0.6032478069968306,-0.06258366800535474,-0.05644280644280646,1.6656115980839294,1.6712370766029572,-0.08874904296194455,0.09311630881816738,0.13943925283000916,2
66,2,0.20219038638204082,0.538961038961039,0.5052308802308803,-0.5998059614059142,-0.6032478069968306,-0.06258366800535474,-0.05644280644280646,1.6656115980839294,1.6712370766029572,-0.08874904296194455,0.09311630881816738,0.13943925283000916,2
67,0,0.20219038638204082,0.538961038961039,0.5052308802308803,-0.5998059614059142,-0.6032478069968306,-0.06258366800535474,-0.05644280644280646,1.6656115980839294,1.6712370766029572,-0.08874904296194455,0.09311630881816738,0.13943925283000916,2
67,1,0.20219038638204082,0.538961038961039,0.5052308802308803,-0.5998059614059142,-0.6032478069968306,-0.06258366800535474,-0.05644280644280646,1.6656115980839294,1.6712370766029572,-0.08874904296194455,0.09311630881816738,0.13943925283000916,2
67,2,0.20219038638204082,0.538961038961039,0.5052308802308803,-0.5998059614059142,-0.6032478069968306,-0.06258366800535474,-0.05644280644280646,1.6656115980839294,1.6712370766029572,-0.08874904296194455,0.09311630881816738,0.13943925283000916,2
68,0,0.20219038638204082,0.538961038961039,0.5052308802308803,-0.5998059614059142,-0.6032478069968306,-0.06258366800535474,-0.05644280644280646,1.6656115980839294,1.6712370766029572,-0.08874904296194455,0.09311630881816738,0.13943925283000916,2
68,1,0.20219038638204082,0.538961038961039,0.5052308802308803,-0.5998059614059142,-0.6032478069968306,-0.06258366800535474,-0.05644280644280646,1.6656115980839294,1.6712370766029572,-0.08874904296194455,0.09311630881816738,0.13943925283000916,2
68,2,0.20219038638204082,0.538961038961039,0.5052308802308803,-0.5998059614059142,-0.6032478069968306,-0.06258366800535474,-0.05644280644280646,1.6656115980839294,1.6712370766029572,-0.08874904296194455,0.09311630881816738,0.13943925283000916,2
69,0,0.20219038638204082,0.538961038961039,0.5052308802308803,-0.5998059614059142,-0.6032478069968306,-0.06258366800535474,-0.05644280644280646,1.6656115980839294,1.6712370766029572,-0.08874904296194455,0.09311630881816738,0.13943925283000916,2
69,1,0.20219038638204082,0.538961038961039,0.5052308802308803,-0.5998059614059142,-0.6032478069968306,-0.06258366800535474,-0.05644280644280646,1.6656115980839294,1.6712370766029572,-0.08874904296194455,0.09311630881816738,0.13943925283000916,2
69,2,0.20219038638204082,0.538961038961039,0.5052308802308803,-0.5998059614059142,-0.6032478069968306,-0.06258366800535474,-0.05644280644280646,1.6656115980839294,1.6712370766029572,-0.08874904296194455,0.09311630881816738,0.13943925283000916,2
70,0,0.20112579226691218,0.5358974358974359,0.5044515669515669,-0.6012981117645679,-0.5998059614059142,-0.058678894205210066,-0.06258366800535474,1.6644888746354884,1.6656115980839294,-0.09775455310311801,0.11193720286922951,0.08649090345026286,0
70,1,0.20112579226691218,0.5358974358974359,0.5044515669515669,-0.6012981117645679,-0.5998059614059142,-0.058678894205210066,-0.06258366800535474,1.6644888746354884,1.6656115980839294,-0.09775455310311801,0.11193720286922951,0.08649090345026286,0
70,2,0.20112579226691218,0.5358974358974359,0.5044515669515669,-0.6012981117645679,-0.5998059614059142,-0.058678894205210066,-0.06258366800535474,1.6644888746354884,1.6656115980839294,-0.09775455310311801,0.11193720286922951,0.08649090345026286,0
71,0,0.20313689158958748,0.540506329113924,0.5032231598687295,-0.5963284129399417,-0.6012981117645679,-0.06897822881429444,-0.058678894205210066,1.6607984639538005,1.6644888746354884,-0.09261917863662408,0.09006060235074745,0.15835427054443013,2
71,1,0.20313689158958748,0.540506329113924,0.5032231598687295,-0.5963284129399417,-0.6012981117645679,-0.06897822881429444,-0.058678894205210066,1.6607984639538005,1.6644888746354884,-0.09261917863662408,0.09006060235074745,0.15835427054443013,2
71,2,0.20188346142416766,0.53625,0.5031828703703705,-0.5987870944899808,-0.5963284129399417,-0.06166364499697817,-0.06897822881429444,1.6562354153087895,1.6607984639538005,-0.090873902709978,0.11966945240031315,0.0773644498760444,0
72,0,0.20004657388944616,0.5333333333333333,0.5010859625057157,-0.6007739412832498,-0.5987870944899808,-0.06046382030178307,-0.06166364499697817,1.6660458260488629,1.6562354153087895,-0.17848328592058707,0.11589477434615195,0.09542048578891776,0
72,1,0.20004657388944616,0.5333333333333333,0.5010859625057157,-0.6007739412832498,-0.5987870944899808,-0.06046382030178307,-0.06166364499697817,1.6660458260488629,1.6562354153087895,-0.17848328592058707,0.11589477434615195,0.09542048578891776,0
72,2,0.20004657388944616,0.5333333333333333,0.5010859625057157,-0.6007739412832498,-0.5987870944899808,-0.06046382030178307,-0.06166364499697817,1.6660458260488629,1.6562354153087895,-0.17848328592058707,0.11589477434615195,0.09542048578891776,0
73,0,0.20004657388944616,0.5333333333333333,0.5010859625057157,-0.6007739412832498,-0.5987870944899808,-0.06046382030178307,-0.06166364499697817,1.6660458260488629,1.6562354153087895,-0.17848328592058707,0.11589477434615195,0.09542048578891776,0
73,1,0.2016467264704863,0.5378048780487804,0.5008468834688348,-0.5973884771451636,-0.6007739412832498,-0.06872008062484225,-0.06046382030178307,1.6670647595536114,1.6660458260488629,-0.10815146803798861,0.09322907172382769,0.14965236766164272,2
73,2,0.2016467264704863,0.5378048780487804,0.5008468834688348,-0.5973884771451636,-0.6007739412832498,-0.06872008062484225,-0.06046382030178307,1.6670647595536114,1.6660458260488629,-0.10815146803798861,0.09322907172382769,0.14965236766164272,2
74,0,0.2016467264704863,0.5378048780487804,0.5008468834688348,-0.5973884771451636,-0.6007739412832498,-0.06872008062484225,-0.06046382030178307,1.6670647595536114,1.6660458260488629,-0.10815146803798861,0.09322907172382769,0.14965236766164272,2
74,1,0.2016467264704863,0.5378048780487804,0.5008468834688348,-0.5973884771451636,-0.6007739412832498,-0.06872008062484225,-0.06046382030178307,1.6670647595536114,1.6660458260488629,-0.10815146803798861,0.09322907172382769,0.14965236766164272,2
74,2,0.2016467264704863,0.5378048780487804,0.5008468834688348,-0.5973884771451636,-0.6007739412832498,-0.06872008062484225,-0.06046382030178307,1.6670647595536114,1.6660458260488629,-0.10815146803798861,0.09322907172382769,0.14965236766164272,2
75,0,0.19943937057748098,0.5325301204819276,0.5028447121820616,-0.6033778107916719,-0.5973884771451636,-0.05574409250879814,-0.06872008062484225,1.6701353847035076,1.6670647595536114,-0.1245650011991696,0.14791466917206578,0.06955499561503554,0
75,1,0.19943937057748098,0.5325301204819276,0.5028447121820616,-0.6033778107916719,-0.5973884771451636,-0.05574409250879814,-0.06872008062484225,1.6701353847035076,1.6670647595536114,-0.1245650011991696,0.14791466917206578,0.06955499561503554,0
75,2,0.20265435191792752,0.5357142857142856,0.5047949735449736,-0.598541264199271,-0.6033778107916719,-0.05771604938271572,-0.05574409250879814,1.6434876953999151,1.6701353847035076,-0.04670462139281498,0.09032690681519831,0.11462227515145186,2
76,0,0.20265435191792752,0.5357142857142856,0.5047949735449736,-0.598541264199271,-0.6033778107916719,-0.05771604938271572,-0.05574409250879814,1.6434876953999151,1.6701353847035076,-0.04670462139281498,0.09032690681519831,0.11462227515145186,2
76,1,0.2005647244061729,0.5305882352941176,0.5106209150326797,-0.607214043722951,-0.598541264199271,-0.0376324217787632,-0.05771604938271572,1.6454713652416704,1.6434876953999151,-0.11586935873404194,0.1693822361894396,0.023481310550702645,0
76,2,0.20057736547388647,0.5337209302325581,0.5090439276485789,-0.6059723835614514,-0.607214043722951,-0.04623577826192182,-0.0376324217787632,1.6609230257441194,1.6454713652416704,-0.2236132840195925,0.09751667967700098,0.09345676414895822,0
77,0,0.19839480477729357,0.528735632183908,0.5070242656449553,-0.6087074757163203,-0.6059723835614514,-0.04106280193236701,-0.04623577826192182,1.665067932486618,1.6609230257441194,-0.13315925393998854,0.12188073723895113,0.059473459314747276,0
77,1,0.19651953634504044,0.5249999999999999,0.5069444444444445,-0.6123450241960847,-0.6087074757163203,-0.034391534391534063,-0.04106280193236701,1.6714901213598825,1.665067932486618,-0.1513775109861161,0.1291003878381151,0.04376248411113021,0
77,2,0.1943994829915282,0.5202247191011234,0.5087390761548065,-0.6178797892608243,-0.6123450241960847,-0.02207823374130037,-0.034391534391534063,1.6760601988010146,1.6714901213598825,-0.1365606195290571,0.1442781205179168,0.013085056696807549,0
78,0,0.196361967110554,0.5255555555555554,0.5090123456790123,-0.6142294606850625,-0.6178797892608243,-0.031477566361287124,-0.02207823374130037,1.6764630813647419,1.6760601988010146,-0.1032230605098178,0.09269934284847628,0.07307733576791699,0
78,1,0.196361967110554,0.5255555555555554,0.5090123456790123,-0.6142294606850625,-0.6178797892608243,-0.031477566361287124,-0.02207823374130037,1.6764630813647419,1.6760601988010146,-0.1032230605098178,0.09269934284847628,0.07307733576791699,0
78,2,0.196361967110554,0.5255555555555554,0.5090123456790123,-0.6142294606850625,-0.6178797892608243,-0.031477566361287124,-0.02207823374130037,1.6764630813647419,1.6760601988010146,-0.1032230605098178,0.09269934284847628,0.07307733576791699,0
79,0,0.19747432696087738,0.5285714285714285,0.5098290598290598,-0.6126656118286227,-0.6142294606850625,-0.03545853545853534,-0.031477566361287124,1.676658969832298,1.6764630813647419,-0.10156710774044911,0.09687230228712043,0.0749120457416909,0
79,1,0.19747432696087738,0.5285714285714285,0.5098290598290598,-0.6126656118286227,-0.6142294606850625,-0.03545853545853534,-0.031477566361287124,1.676658969832298,1.6764630813647419,-0.10156710774044911,0.09687230228712043,0.0749120457416909,0
79,2,0.19747432696087738,0.5285714285714285,0.5098290598290598,-0.6126656118286227,-0.6142294606850625,-0.03545853545853534,-0.031477566361287124,1.676658969832298,1.6764630813647419,-0.10156710774044911,0.09687230228712043,0.0749120457416909,0
80,0,0.19569114144768937,0.5249999999999999,0.5097222222222222,-0.616082774271563,-0.6126656118286227,-0.029100529100529002,-0.03545853545853534,1.6827990072322143,1.676658969832298,-0.14912029919933048,0.1273372995435226,0.03626270510133377,0
80,1,0.19569114144768937,0.5249999999999999,0.5097222222222222,-0.616082774271563,-0.6126656118286227,-0.029100529100529002,-0.03545853545853534,1.6827990072322143,1.676658969832298,-0.14912029919933048,0.1273372995435226,0.03626270510133377,0
80,2,0.19569114144768937,0.5249999999999999,0.5097222222222222,-0.616082774271563,-0.6126656118286227,-0.029100529100529002,-0.03545853545853534,1.6827990072322143,1.676658969832298,-0.14912029919933048,0.1273372995435226,0.03626270510133377,0
81,0,0.19569114144768937,0.5249999999999999,0.5097222222222222,-0.616082774271563,-0.6126656118286227,-0.029100529100529002,-0.03545853545853534,1.6827990072322143,1.676658969832298,-0.14912029919933048,0.1273372995435226,0.03626270510133377,0
81,1,0.19569114144768937,0.5249999999999999,0.5097222222222222,-0.616082774271563,-0.6126656118286227,-0.029100529100529002,-0.03545853545853534,1.6827990072322143,1.676658969832298,-0.14912029919933048,0.1273372995435226,0.03626270510133377,0
81,2,0.19569114144768937,0.5249999999999999,0.5097222222222222,-0.616082774271563,-0.6126656118286227,-0.029100529100529002,-0.03545853545853534,1.6827990072322143,1.676658969832298,-0.14912029919933048,0.1273372995435226,0.03626270510133377,0
82,0,0.19569114144768937,0.5249999999999999,0.5097222222222222,-0.616082774271563,-0.6126656118286227,-0.029100529100529002,-0.03545853545853534,1.6827990072322143,1.676658969832298,-0.14912029919933048,0.1273372995435226,0.03626270510133377,0
82,1,0.19569114144768937,0.5249999999999999,0.5097222222222222,-0.616082774271563,-0.6126656118286227,-0.029100529100529002,-0.03545853545853534,1.6827990072322143,1.676658969832298,-0.14912029919933048,0.1273372995435226,0.03626270510133377,0
82,2,0.19656230638403926,0.5279569892473117,0.5091696535244923,-0.6139551816895856,-0.616082774271563,-0.035584973976012374,-0.029100529100529002,1.6859523525115774,1.6827990072322143,-0.1252267622349045,0.09574481483604527,0.07710770178575951,0
83,0,0.19656230638403926,0.5279569892473117,0.5091696535244923,-0.6139551816895856,-0.616082774271563,-0.035584973976012374,-0.029100529100529002,1.6859523525115774,1.6827990072322143,-0.1252267622349045,0.09574481483604527,0.07710770178575951,0
83,1,0.19533917006462076,0.5255319148936168,0.5072990543735225,-0.6149427672285918,-0.6139551816895856,-0.034694107062527665,-0.035584973976012374,1.690356034172583,1.6859523525115774,-0.13522945328804462,0.10790068431204905,0.06528024005916401,0
83,2,0.19533917006462076,0.5255319148936168,0.5072990543735225,-0.6149427672285918,-0.6139551816895856,-0.034694107062527665,-0.035584973976012374,1.690356034172583,1.6859523525115774,-0.13522945328804462,0.10790068431204905,0.06528024005916401,0
84,0,0.19533917006462076,0.5255319148936168,0.5072990543735225,-0.6149427672285918,-0.6139551816895856,-0.034694107062527665,-0.035584973976012374,1.690356034172583,1.6859523525115774,-0.13522945328804462,0.10790068431204905,0.06528024005916401,0
84,1,0.19903996219111156,0.5305263157894735,0.5086257309941521,-0.6086710717484327,-0.6149427672285918,-0.04128086419753047,-0.034694107062527665,1.6654261282469487,1.690356034172583,-0.050140188148731474,0.08745660903968192,0.086198114980269,0
84,2,0.19903996219111156,0.5305263157894735,0.5086257309941521,-0.6086710717484327,-0.6149427672285918,-0.04128086419753047,-0.034694107062527665,1.6654261282469487,1.690356034172583,-0.050140188148731474,0.08745660903968192,0.086198114980269,0
85,0,0.19903996219111156,0.5305263157894735,0.5086257309941521,-0.6086710717484327,-0.6149427672285918,-0.04128086419753047,-0.034694107062527665,1.6654261282469487,1.690356034172583,-0.050140188148731474,0.08745660903968192,0.086198114980269,0
85,1,0.20099145092445858,0.5343749999999999,0.5083429783950618,-0.6046144837900036,-0.6086710717484327,-0.04871489423146315,-0.04128086419753047,1.6586951710739257,1.6654261282469487,-0.08653808565395407,0.09188682408314178,0.09755544873995692,2
85,2,0.20099145092445858,0.5343749999999999,0.5083429783950618,-0.6046144837900036,-0.6086710717484327,-0.04871489423146315,-0.04128086419753047,1.6586951710739257,1.6654261282469487,-0.08653808565395407,0.09188682408314178,0.09755544873995692,2
86,0,0.20099145092445858,0.5343749999999999,0.5083429783950618,-0.6046144837900036,-0.6086710717484327,-0.04871489423146315,-0.04128086419753047,1.6586951710739257,1.6654261282469487,-0.08653808565395407,0.09188682408314178,0.09755544873995692,2
86,1,0.1990218021787194,0.5298969072164949,0.503102329133257,-0.6044108908786141,-0.6046144837900036,-0.05056564346447604,-0.04871489423146315,1.6625068279738178,1.6586951710739257,-0.13049325519913638,0.09959281417722102,0.10442502818489206,2
86,2,0.1990218021787194,0.5298969072164949,0.503102329133257,-0.6044108908786141,-0.6046144837900036,-0.05056564346447604,-0.04871489423146315,1.6625068279738178,1.6586951710739257,-0.13049325519913638,0.09959281417722102,0.10442502818489206,2
87,0,0.1990218021787194,0.5298969072164949,0.503102329133257,-0.6044108908786141,-0.6046144837900036,-0.05056564346447604,-0.04871489423146315,1.6625068279738178,1.6586951710739257,-0.13049325519913638,0.09959281417722102,0.10442502818489206,2
87,1,0.1990218021787194,0.5298969072164949,0.503102329133257,-0.6044108908786141,-0.6046144837900036,-0.05056564346447604,-0.04871489423146315,1.6625068279738178,1.6586951710739257,-0.13049325519913638,0.09959281417722102,0.10442502818489206,2
87,2,0.1990218021787194,0.5298969072164949,0.503102329133257,-0.6044108908786141,-0.6046144837900036,-0.05056564346447604,-0.04871489423146315,1.6625068279738178,1.6586951710739257,-0.13049325519913638,0.09959281417722102,0.10442502818489206,2
88,0,0.1974287935453664,0.5265306122448979,0.4996693121693122,-0.6048810908794255,-0.6044108908786141,-0.05101564743037601,-0.05056564346447604,1.6669393191824802,1.6625068279738178,-0.13545992966929923,0.10376160000649151,0.10353637639116224,0
88,1,0.1955971500426953,0.5222222222222223,0.4946221473999252,-0.6045523819123574,-0.6048810908794255,-0.05285120710652624,-0.05101564743037601,1.6698866630123734,1.6669393191824802,-0.12357875063914606,0.09934258206586369,0.11368005510823435,2
88,2,0.19603710424292553,0.527,0.4933425925925926,-0.6026349494522258,-0.6045523819123574,-0.06386604821139927,-0.05285120710652624,1.6882666015457535,1.6698866630123734,-0.24703950826704038,0.09616513507973692,0.16116834486537635,2
89,0,0.19603710424292553,0.527,0.4933425925925926,-0.6026349494522258,-0.6045523819123574,-0.06386604821139927,-0.05285120710652624,1.6882666015457535,1.6698866630123734,-0.24703950826704038,0.09616513507973692,0.16116834486537635,2
89,1,0.19603710424292553,0.527,0.4933425925925926,-0.6026349494522258,-0.6045523819123574,-0.06386604821139927,-0.05285120710652624,1.6882666015457535,1.6698866630123734,-0.24703950826704038,0.09616513507973692,0.16116834486537635,2
89,2,0.19603710424292553,0.527,0.4933425925925926,-0.6026349494522258,-0.6045523819123574,-0.06386604821139927,-0.05285120710652624,1.6882666015457535,1.6698866630123734,-0.24703950826704038,0.09616513507973692,0.16116834486537635,2
90,0,0.19802525062797904,0.5297029702970297,0.49505867253392005,-0.5999964012055341,-0.6026349494522258,-0.06540325372101079,-0.06386604821139927,1.6749263976045075,1.6882666015457535,-0.07331959211750796,0.09472290350661652,0.11158528548949706,2
90,1,0.19802525062797904,0.5297029702970297,0.49505867253392005,-0.5999964012055341,-0.6026349494522258,-0.06540325372101079,-0.06386604821139927,1.6749263976045075,1.6882666015457535,-0.07331959211750796,0.09472290350661652,0.11158528548949706,2
90,2,0.19888901262033756,0.5323529411764706,0.4946986201888163,-0.5979592331500223,-0.5999964012055341,-0.07073187367846666,-0.06540325372101079,1.676633234600484,1.6749263976045075,-0.11365469596781211,0.09592566388897641,0.13513921810442223,2
91,0,0.19945237540067878,0.5349514563106795,0.494750089895721,-0.596862376633994,-0.5979592331500223,-0.07514955972306224,-0.07073187367846666,1.6821012045407757,1.676633234600484,-0.143743759522334,0.09780628696794338,0.1300342184487156,2
91,1,0.19945237540067878,0.5349514563106795,0.494750089895721,-0.596862376633994,-0.5979592331500223,-0.07514955972306224,-0.07073187367846666,1.6821012045407757,1.676633234600484,-0.143743759522334,0.09780628696794338,0.1300342184487156,2
91,2,0.19945237540067878,0.5349514563106795,0.494750089895721,-0.596862376633994,-0.5979592331500223,-0.07514955972306224,-0.07073187367846666,1.6821012045407757,1.676633234600484,-0.143743759522334,0.09780628696794338,0.1300342184487156,2
92,0,0.19945237540067878,0.5349514563106795,0.494750089895721,-0.596862376633994,-0.5979592331500223,-0.07514955972306224,-0.07073187367846666,1.6821012045407757,1.676633234600484,-0.143743759522334,0.09780628696794338,0.1300342184487156,2
92,1,0.19945237540067878,0.5349514563106795,0.494750089895721,-0.596862376633994,-0.5979592331500223,-0.07514955972306224,-0.07073187367846666,1.6821012045407757,1.676633234600484,-0.143743759522334,0.09780628696794338,0.1300342184487156,2
92,2,0.19826233574798552,0.5317307692307692,0.4964031339031339,-0.6006021674579645,-0.596862376633994,-0.0664389525149019,-0.07514955972306224,1.6819555374686035,1.6821012045407757,-0.09970866585565555,0.12991832659176375,0.07416063390857058,0
93,0,0.1964131775631079,0.5276190476190477,0.49167548500881836,-0.6005227359269597,-0.6006021674579645,-0.06812408075945985,-0.0664389525149019,1.6862711258236365,1.6819555374686035,-0.13452470684026388,0.09984113693799049,0.11262971816447319,2
93,1,0.19585946275958205,0.5254716981132075,0.4933263452131377,-0.6029819516836009,-0.6005227359269597,-0.06117428020480073,-0.06812408075945985,1.6829017638949886,1.6862711258236365,-0.09326127614270421,0.11967372605312968,0.07824774980122481,0
93,2,0.19585946275958205,0.5254716981132075,0.4933263452131377,-0.6029819516836009,-0.6005227359269597,-0.06117428020480073,-0.06812408075945985,1.6829017638949886,1.6862711258236365,-0.09326127614270421,0.11967372605312968,0.07824774980122481,0
94,0,0.19787588874800804,0.5299065420560747,0.49463482173762546,-0.5999556035038521,-0.6029819516836009,-0.06656215298190594,-0.06117428020480073,1.6779742868566603,1.6829017638949886,-0.09014504592334341,0.09394730364050244,0.13546067746581153,2
94,1,0.19787588874800804,0.5299065420560747,0.49463482173762546,-0.5999556035038521,-0.6029819516836009,-0.06656215298190594,-0.06117428020480073,1.6779742868566603,1.6829017638949886,-0.09014504592334341,0.09394730364050244,0.13546067746581153,2
94,2,0.19787588874800804,0.5299065420560747,0.49463482173762546,-0.5999556035038521,-0.6029819516836009,-0.06656215298190594,-0.06117428020480073,1.6779742868566603,1.6829017638949886,-0.09014504592334341,0.09394730364050244,0.13546067746581153,2
95,0,0.19787588874800804,0.5299065420560747,0.49463482173762546,-0.5999556035038521,-0.6029819516836009,-0.06656215298190594,-0.06117428020480073,1.6779742868566603,1.6829017638949886,-0.09014504592334341,0.09394730364050244,0.13546067746581153,2
95,1,0.19787588874800804,0.5299065420560747,0.49463482173762546,-0.5999556035038521,-0.6029819516836009,-0.06656215298190594,-0.06117428020480073,1.6779742868566603,1.6829017638949886,-0.09014504592334341,0.09394730364050244,0.13546067746581153,2
95,2,0.19773074034686736,0.5324074074074073,0.4935270919067215,-0.5993518013713436,-0.5999556035038521,-0.07302737520128817,-0.06656215298190594,1.6925879429442103,1.6779742868566603,-0.21690924870040043,0.09879239573498291,0.14109440050545535,2
96,0,0.19773074034686736,0.5324074074074073,0.4935270919067215,-0.5993518013713436,-0.5999556035038521,-0.07302737520128817,-0.06656215298190594,1.6925879429442103,1.6779742868566603,-0.21690924870040043,0.09879239573498291,0.14109440050545535,2
96,1,0.19626385211716718,0.528440366972477,0.49205742439687394,-0.6011362853477269,-0.5993518013713436,-0.06884966563785992,-0.07302737520128817,1.6924997205140169,1.6925879429442103,-0.09982355513961308,0.11427587181106649,0.08568184540206458,0
96,2,0.19626385211716718,0.528440366972477,0.49205742439687394,-0.6011362853477269,-0.5993518013713436,-0.06884966563785992,-0.07302737520128817,1.6924997205140169,1.6925879429442103,-0.09982355513961308,0.11427587181106649,0.08568184540206458,0
97,0,0.19626385211716718,0.528440366972477,0.49205742439687394,-0.6011362853477269,-0.5993518013713436,-0.06884966563785992,-0.07302737520128817,1.6924997205140169,1.6925879429442103,-0.09982355513961308,0.11427587181106649,0.08568184540206458,0
97,1,0.19494764062093928,0.5263636363636363,0.48859427609427614,-0.6010030199712708,-0.6011362853477269,-0.07175526130621095,-0.06884966563785992,1.7000256822143847,1.6924997205140169,-0.16020769360294232,0.09973346924708784,0.12082446619583462,2
97,2,0.19494764062093928,0.5263636363636363,0.48859427609427614,-0.6010030199712708,-0.6011362853477269,-0.07175526130621095,-0.06884966563785992,1.7000256822143847,1.6924997205140169,-0.16020769360294232,0.09973346924708784,0.12082446619583462,2
98,0,0.19494764062093928,0.5263636363636363,0.48859427609427614,-0.6010030199712708,-0.6011362853477269,-0.07175526130621095,-0.06884966563785992,1.7000256822143847,1.6924997205140169,-0.16020769360294232,0.09973346924708784,0.12082446619583462,2
98,1,0.19459985715841716,0.5243243243243242,0.49119953286619955,-0.6038272756024277,-0.6010030199712708,-0.06317614865724804,-0.07175526130621095,1.694371578584919,1.7000256822143847,-0.08869179274106856,0.12259404504925478,0.07445104419926392,0
98,2,0.19459985715841716,0.5243243243243242,0.49119953286619955,-0.6038272756024277,-0.6010030199712708,-0.06317614865724804,-0.07175526130621095,1.694371578584919,1.7000256822143847,-0.08869179274106856,0.12259404504925478,0.07445104419926392,0
99,0,0.19459985715841716,0.5243243243243242,0.49119953286619955,-0.6038272756024277,-0.6010030199712708,-0.06317614865724804,-0.07175526130621095,1.694371578584919,1.7000256822143847,-0.08869179274106856,0.12259404504925478,0.07445104419926392,0
99,1,0.19459985715841716,0.5243243243243242,0.49119953286619955,-0.6038272756024277,-0.6010030199712708,-0.06317614865724804,-0.07175526130621095,1.694371578584919,1.7000256822143847,-0.08869179274106856,0.12259404504925478,0.07445104419926392,0
99,2,0.19564398756174084,0.5267857142857143,0.49239417989417994,-0.6026679527288756,-0.6038272756024277,-0.06528562460765845,-0.06317614865724804,1.6925729783516734,1.694371578584919,-0.09640279953350897,0.09768135425289595,0.11556264646553215,2
100,0,0.1966098082699924,0.5300884955752212,0.4929531301212718,-0.6011592253778281,-0.6026679527288756,-0.07005502998825182,-0.06528562460765845,1.696144715462428,1.6925729783516734,-0.12857389688603718,0.09698254529790487,0.1320423288246297,2
100,1,0.1966098082699924,0.5300884955752212,0.4929531301212718,-0.6011592253778281,-0.6026679527288756,-0.07005502998825182,-0.06528562460765845,1.696144715462428,1.6925729783516734,-0.12857389688603718,0.09698254529790487,0.1320423288246297,2
100,2,0.1966098082699924,0.5300884955752212,0.4929531301212718,-0.6011592253778281,-0.6026679527288756,-0.07005502998825182,-0.06528562460765845,1.696144715462428,1.6925729783516734,-0.12857389688603718,0.09698254529790487,0.1320423288246297,2
101,0,0,0,0,0,0,0,0,0,0,0,0,0,0
101,1,0.5393576211528184,1.0,0.5666666666666667,-0.04819243325973225,0,-0.43333333333333335,0,0.8540574208678252,0,-0.5,0.09662862586936584,0.5,2
101,2,0.5848535459087443,0.9,0.6375,-0.08258267308432264,-0.04819243325973225,-0.29166666666666674,-0.43333333333333335,0.5388467870218377,0.8540574208678252,0.0,0.2604672026802679,0.0,0
102,0,0.5675223254583872,0.9333333333333332,0.6027777777777777,-0.058488307995302274,-0.08258267308432264,-0.35416666666666663,-0.29166666666666674,0.644575537322661,0.5388467870218377,-0.5,0.05135216582322804,0.5,2
102,1,0.44004615976909006,0.725,0.7020833333333333,-0.3732280216938776,-0.058488307995302274,-0.031609195402298895,-0.35416666666666663,0.6475544301544108,0.644575537322661,-0.12383114265399833,0.5,-0.03678160919540221,0
102,2,0.44824014775962934,0.76,0.6431481481481481,-0.30305303832363994,-0.3732280216938776,-0.15375243664717353,-0.031609195402298895,0.69551969808727,0.6475544301544108,-0.48372214346287323,0.0,0.5,2
103,0,0.44824014775962934,0.76,0.6431481481481481,-0.30305303832363994,-0.3732280216938776,-0.15375243664717353,-0.031609195402298895,0.69551969808727,0.6475544301544108,-0.48372214346287323,0.0,0.5,2
103,1,0.3909488289320488,0.6666666666666666,0.6470679012345678,-0.3958148315097361,-0.30305303832363994,-0.02939814814814823,-0.15375243664717353,0.705253008399574,0.69551969808727,-0.17786648249843254,0.5,-0.04120370370370355,0
103,2,0.3909488289320488,0.6666666666666666,0.6470679012345678,-0.3958148315097361,-0.30305303832363994,-0.02939814814814823,-0.15375243664717353,0.705253008399574,0.69551969808727,-0.17786648249843254,0.5,-0.04120370370370355,0
104,0,0.3909488289320488,0.6666666666666666,0.6470679012345678,-0.3958148315097361,-0.30305303832363994,-0.02939814814814823,-0.15375243664717353,0.705253008399574,0.69551969808727,-0.17786648249843254,0.5,-0.04120370370370355,0
104,1,0.3979922039728078,0.7000000000000001,0.6339947089947089,-0.37224680533393956,-0.3958148315097361,-0.09429327286470167,-0.02939814814814823,0.7588284217944793,0.705253008399574,-0.5,0.05286394764840688,0.46283076923077043,2
104,2,0.36060800920231023,0.6375000000000001,0.6172453703703704,-0.41577851124921056,-0.37224680533393956,-0.03177196804647788,-0.09429327286470167,0.7678475899916755,0.7588284217944793,-0.17215334557756937,0.448253647322168,-0.040975836155904694,0
105,0,0.36412689773023993,0.6666666666666667,0.6062757201646092,-0.3994037933246341,-0.41577851124921056,-0.09058641975308633,-0.03177196804647788,0.8308635555963806,0.7678475899916755,-0.5,0.0672505641508471,0.444322147651006,2
105,1,0.36412689773023993,0.6666666666666667,0.6062757201646092,-0.3994037933246341,-0.41577851124921056,-0.09058641975308633,-0.03177196804647788,0.8308635555963806,0.7678475899916755,-0.5,0.0672505641508471,0.444322147651006,2
105,2,0.36412689773023993,0.6666666666666667,0.6062757201646092,-0.3994037933246341,-0.41577851124921056,-0.09058641975308633,-0.03177196804647788,0.8308635555963806,0.7678475899916755,-0.5,0.0672505641508471,0.444322147651006,2
106,0,0.3351939593587868,0.6200000000000001,0.612314814814815,-0.4525790471684717,-0.3994037933246341,-0.012395459976105043,-0.09058641975308633,0.8496753377836412,0.8308635555963806,-0.2504942574980852,0.5,-0.06685303514377015,0
106,1,0.3351939593587868,0.6200000000000001,0.612314814814815,-0.4525790471684717,-0.3994037933246341,-0.012395459976105043,-0.09058641975308633,0.8496753377836412,0.8308635555963806,-0.2504942574980852,0.5,-0.06685303514377015,0
106,2,0.3429534473070553,0.6545454545454547,0.589983164983165,-0.4187063840764993,-0.4525790471684717,-0.0986368312757202,-0.012395459976105043,0.9085548189851633,0.8496753377836412,-0.5,0.0322546738160552,0.4896585365853661,2
107,0,0.3429534473070553,0.6545454545454547,0.589983164983165,-0.4187063840764993,-0.4525790471684717,-0.0986368312757202,-0.012395459976105043,0.9085548189851633,0.8496753377836412,-0.5,0.0322546738160552,0.4896585365853661,2
107,1,0.32557446557130953,0.6250000000000001,0.5778549382716051,-0.4365809755903097,-0.4187063840764993,-0.07543209876543207,-0.0986368312757202,0.9196837162990239,0.9085548189851633,-0.1890311785108846,0.242996732110483,0.05186212784121218,0
107,2,0.32803279335854185,0.6384615384615385,0.5622507122507123,-0.4165720270136905,-0.4365809755903097,-0.11936635430611331,-0.07543209876543207,0.9463344866368166,0.9196837162990239,-0.3132061627023418,0.05998210284676167,0.4514740443254499,2
108,0,0.31303950701597305,0.6071428571428571,0.5578042328042329,-0.43880040952317856,-0.4165720270136905,-0.08126361655773405,-0.11936635430611331,0.9395087314390551,0.9463344866368166,-0.08634848960447697,0.2778270600759044,0.032244295445248504,0
108,1,0.31303950701597305,0.6071428571428571,0.5578042328042329,-0.43880040952317856,-0.4165720270136905,-0.08126361655773405,-0.11936635430611331,0.9395087314390551,0.9463344866368166,-0.08634848960447697,0.2778270600759044,0.032244295445248504,0
108,2,0.30591999575098694,0.62,0.5372839506172841,-0.430617654967143,-0.43880040952317856,-0.13341298287534828,-0.08126361655773405,1.026673668316432,0.9395087314390551,-0.5,0.08363449088792888,0.5,2
109,0,0.3099843976648554,0.64375,0.5266203703703705,-0.4113702866320109,-0.430617654967143,-0.18194893923049255,-0.13341298287534828,1.076717424649226,1.026673668316432,-0.5,0.061505263329735854,0.4882876508411542,2
109,1,0.2943907856548127,0.6176470588235294,0.5152505446623095,-0.4286453673760719,-0.4113702866320109,-0.165784832451499,-0.18194893923049255,1.0980515998477962,1.076717424649226,-0.27067340158856223,0.2382006459524878,0.06767178644201291,0
109,2,0.2943907856548127,0.6176470588235294,0.5152505446623095,-0.4286453673760719,-0.4113702866320109,-0.165784832451499,-0.18194893923049255,1.0980515998477962,1.076717424649226,-0.27067340158856223,0.2382006459524878,0.06767178644201291,0
110,0,0.2943907856548127,0.6176470588235294,0.5152505446623095,-0.4286453673760719,-0.4113702866320109,-0.165784832451499,-0.18194893923049255,1.0980515998477962,1.076717424649226,-0.27067340158856223,0.2382006459524878,0.06767178644201291,0
110,1,0.2797405801897004,0.5888888888888889,0.5051440329218109,-0.44621620377924914,-0.4286453673760719,-0.14220824598183063,-0.165784832451499,1.1051250000609347,1.0980515998477962,-0.15658720170510812,0.24056669122541796,0.052846827060663265,0
110,2,0.2797405801897004,0.5888888888888889,0.5051440329218109,-0.44621620377924914,-0.4286453673760719,-0.14220824598183063,-0.165784832451499,1.1051250000609347,1.0980515998477962,-0.15658720170510812,0.24056669122541796,0.052846827060663265,0
111,0,0.2797405801897004,0.5888888888888889,0.5051440329218109,-0.44621620377924914,-0.4286453673760719,-0.14220824598183063,-0.165784832451499,1.1051250000609347,1.0980515998477962,-0.15658720170510812,0.24056669122541796,0.052846827060663265,0
111,1,0.2797405801897004,0.5888888888888889,0.5051440329218109,-0.44621620377924914,-0.4286453673760719,-0.14220824598183063,-0.165784832451499,1.1051250000609347,1.0980515998477962,-0.15658720170510812,0.24056669122541796,0.052846827060663265,0
111,2,0.2797405801897004,0.5888888888888889,0.5051440329218109,-0.44621620377924914,-0.4286453673760719,-0.14220824598183063,-0.165784832451499,1.1051250000609347,1.0980515998477962,-0.15658720170510812,0.24056669122541796,0.052846827060663265,0
112,0,0.2797405801897004,0.5888888888888889,0.5051440329218109,-0.44621620377924914,-0.4286453673760719,-0.14220824598183063,-0.165784832451499,1.1051250000609347,1.0980515998477962,-0.15658720170510812,0.24056669122541796,0.052846827060663265,0
112,1,0.2844581968914461,0.6052631578947368,0.5058479532163744,-0.43766067435332645,-0.44621620377924914,-0.16425120772946833,-0.14220824598183063,1.127775414837897,1.1051250000609347,-0.28120331821569733,0.08288894114815462,0.2763436939811016,2
112,2,0.2844581968914461,0.6052631578947368,0.5058479532163744,-0.43766067435332645,-0.44621620377924914,-0.16425120772946833,-0.14220824598183063,1.127775414837897,1.1051250000609347,-0.28120331821569733,0.08288894114815462,0.2763436939811016,2
113,0,0.27415394114214414,0.58,0.5305555555555557,-0.483270058580252,-0.43766067435332645,-0.08524904214559362,-0.16425120772946833,1.1155997159248565,1.127775414837897,-0.07564860217391925,0.4648750738154045,0.0,0
113,1,0.27415394114214414,0.58,0.5305555555555557,-0.483270058580252,-0.43766067435332645,-0.08524904214559362,-0.16425120772946833,1.1155997159248565,1.127775414837897,-0.07564860217391925,0.4648750738154045,0.0,0
113,2,0.2818505175355658,0.5952380952380952,0.5282186948853617,-0.46641321054201745,-0.483270058580252,-0.1125925925925924,-0.08524904214559362,1.111892858820045,1.1155997159248565,-0.0925862857903769,0.06628630392353088,0.3187484035759902,2
114,0,0.2818505175355658,0.5952380952380952,0.5282186948853617,-0.46641321054201745,-0.483270058580252,-0.1125925925925924,-0.08524904214559362,1.111892858820045,1.1155997159248565,-0.0925862857903769,0.06628630392353088,0.3187484035759902,2
114,1,0.27430188700993663,0.5818181818181819,0.5244107744107745,-0.4769331592812125,-0.46641321054201745,-0.09866898148148137,-0.1125925925925924,1.1210870554350414,1.111892858820045,-0.17355357291997145,0.1841595899135603,0.0710329670329671,0
114,2,0.27430188700993663,0.5818181818181819,0.5244107744107745,-0.4769331592812125,-0.46641321054201745,-0.09866898148148137,-0.1125925925925924,1.1210870554350414,1.111892858820045,-0.17355357291997145,0.1841595899135603,0.0710329670329671,0
115,0,0.27430188700993663,0.5818181818181819,0.5244107744107745,-0.4769331592812125,-0.46641321054201745,-0.09866898148148137,-0.1125925925925924,1.1210870554350414,1.111892858820045,-0.17355357291997145,0.1841595899135603,0.0710329670329671,0
115,1,0.2727609802180268,0.591304347826087,0.5197262479871176,-0.47518336571527614,-0.4769331592812125,-0.12105119825708051,-0.09866898148148137,1.1678480087343799,1.1210870554350414,-0.4740876263947079,0.0965004128681273,0.2790577342047931,2
115,2,0.2727609802180268,0.591304347826087,0.5197262479871176,-0.47518336571527614,-0.4769331592812125,-0.12105119825708051,-0.09866898148148137,1.1678480087343799,1.1210870554350414,-0.4740876263947079,0.0965004128681273,0.2790577342047931,2
116,0,0.2727609802180268,0.591304347826087,0.5197262479871176,-0.47518336571527614,-0.4769331592812125,-0.12105119825708051,-0.09866898148148137,1.1678480087343799,1.1210870554350414,-0.4740876263947079,0.0965004128681273,0.2790577342047931,2
116,1,0.2727609802180268,0.591304347826087,0.5197262479871176,-0.47518336571527614,-0.4769331592812125,-0.12105119825708051,-0.09866898148148137,1.1678480087343799,1.1210870554350414,-0.4740876263947079,0.0965004128681273,0.2790577342047931,2
116,2,0.2666146255313998,0.575,0.5397376543209876,-0.5060292284650548,-0.47518336571527614,-0.061325818572195344,-0.12105119825708051,1.1566708835044044,1.1678480087343799,-0.07764574954004902,0.34676690199822946,0.0,0
117,0,0.2666146255313998,0.575,0.5397376543209876,-0.5060292284650548,-0.47518336571527614,-0.061325818572195344,-0.12105119825708051,1.1566708835044044,1.1678480087343799,-0.07764574954004902,0.34676690199822946,0.0,0
117,1,0.27015212376922976,0.588,0.53,-0.4902790117561703,-0.5060292284650548,-0.09863945578231283,-0.061325818572195344,1.1765514621764857,1.1566708835044044,-0.25904462937665007,0.06849956658223091,0.38310217651030953,2
117,2,0.27015212376922976,0.588,0.53,-0.4902790117561703,-0.5060292284650548,-0.09863945578231283,-0.061325818572195344,1.1765514621764857,1.1566708835044044,-0.25904462937665007,0.06849956658223091,0.38310217651030953,2
118,0,0.26344733237366164,0.5692307692307692,0.5352564102564102,-0.5078109718527998,-0.4902790117561703,-0.05968468468468467,-0.09863945578231283,1.1607004485564436,1.1765514621764857,-0.06829797275991592,0.24025568077303594,0.029883381924198375,0
118,1,0.26196114326410663,0.5592592592592592,0.5442386831275721,-0.5186649692765376,-0.5078109718527998,-0.026857983811626063,-0.05968468468468467,1.1348939475936688,1.1607004485564436,-0.04838699807445038,0.1868319793899026,-0.007076417051778126,0
118,2,0.2550542300469117,0.5464285714285714,0.5307539682539683,-0.5194492263789028,-0.5186649692765376,-0.02868554829339133,-0.026857983811626063,1.1424015250720119,1.1348939475936688,-0.1600606198267446,0.10627405681892146,0.060275089971182194,0
119,0,0.2550542300469117,0.5464285714285714,0.5307539682539683,-0.5194492263789028,-0.5186649692765376,-0.02868554829339133,-0.026857983811626063,1.1424015250720119,1.1348939475936688,-0.1600606198267446,0.10627405681892146,0.060275089971182194,0
119,1,0.2550542300469117,0.5464285714285714,0.5307539682539683,-0.5194492263789028,-0.5186649692765376,-0.02868554829339133,-0.026857983811626063,1.1424015250720119,1.1348939475936688,-0.1600606198267446,0.10627405681892146,0.060275089971182194,0
119,2,0.24680719905468115,0.5310344827586206,0.5124521072796935,-0.5183799704428278,-0.5194492263789028,-0.034992784992784916,-0.02868554829339133,1.1516166659343179,1.1424015250720119,-0.17372112689844812,0.09786148812785003,0.0760323545138914,0
120,0,0.24680719905468115,0.5310344827586206,0.5124521072796935,-0.5183799704428278,-0.5194492263789028,-0.034992784992784916,-0.02868554829339133,1.1516166659343179,1.1424015250720119,-0.17372112689844812,0.09786148812785003,0.0760323545138914,0
120,1,0.24680719905468115,0.5310344827586206,0.5124521072796935,-0.5183799704428278,-0.5194492263789028,-0.034992784992784916,-0.02868554829339133,1.1516166659343179,1.1424015250720119,-0.17372112689844812,0.09786148812785003,0.0760323545138914,0
120,2,0.24680719905468115,0.5310344827586206,0.5124521072796935,-0.5183799704428278,-0.5194492263789028,-0.034992784992784916,-0.02868554829339133,1.1516166659343179,1.1424015250720119,-0.17372112689844812,0.09786148812785003,0.0760323545138914,0
121,0,0.2597370383089243,0.5433333333333332,0.5175925925925926,-0.4981824662367831,-0.5183799704428278,-0.047375596455350846,-0.034992784992784916,1.0918592776402842,1.1516166659343179,0.0,0.05960499158791058,0.09524984577421311,2
121,1,0.2547531076803129,0.5322580645161289,0.5224014336917562,-0.5123422501351128,-0.4981824662367831,-0.018518518518518438,-0.047375596455350846,1.0893094076954468,1.0918592776402842,-0.09490026011032518,0.21327827118663778,-0.011878344863594806,0
121,2,0.2547531076803129,0.5322580645161289,0.5224014336917562,-0.5123422501351128,-0.4981824662367831,-0.018518518518518438,-0.047375596455350846,1.0893094076954468,1.0918592776402842,-0.09490026011032518,0.21327827118663778,-0.011878344863594806,0
122,0,0.2651097130802842,0.546875,0.5227430555555556,-0.4928489049012166,-0.5123422501351128,-0.044126984126984126,-0.018518518518518438,1.0628252116676984,1.0893094076954468,-0.047031607944503145,0.061013309532207544,0.09048843187660668,2
122,1,0.2582792009582221,0.5363636363636364,0.517003367003367,-0.5004303309372063,-0.4928489049012166,-0.03609541745134964,-0.044126984126984126,1.0766814918650602,1.0628252116676984,-0.2108502415788948,0.16065140828791816,0.04248035076764354,0
122,2,0.2683339819294454,0.5499999999999999,0.517483660130719,-0.4814638555705065,-0.5004303309372063,-0.05912061794414715,-0.03609541745134964,1.0496844866432704,1.0766814918650602,-0.04600598955642035,0.062067049266600366,0.15346103613408704,2
123,0,0.2683339819294454,0.5499999999999999,0.517483660130719,-0.4814638555705065,-0.5004303309372063,-0.05912061794414715,-0.03609541745134964,1.0496844866432704,1.0766814918650602,-0.04600598955642035,0.062067049266600366,0.15346103613408704,2
123,1,0.2683339819294454,0.5499999999999999,0.517483660130719,-0.4814638555705065,-0.5004303309372063,-0.05912061794414715,-0.03609541745134964,1.0496844866432704,1.0766814918650602,-0.04600598955642035,0.062067049266600366,0.15346103613408704,2
123,2,0.2683339819294454,0.5499999999999999,0.517483660130719,-0.4814638555705065,-0.5004303309372063,-0.05912061794414715,-0.03609541745134964,1.0496844866432704,1.0766814918650602,-0.04600598955642035,0.062067049266600366,0.15346103613408704,2
124,0,0.2683339819294454,0.5499999999999999,0.517483660130719,-0.4814638555705065,-0.5004303309372063,-0.05912061794414715,-0.03609541745134964,1.0496844866432704,1.0766814918650602,-0.04600598955642035,0.062067049266600366,0.15346103613408704,2
124,1,0.2683339819294454,0.5499999999999999,0.517483660130719,-0.4814638555705065,-0.5004303309372063,-0.05912061794414715,-0.03609541745134964,1.0496844866432704,1.0766814918650602,-0.04600598955642035,0.062067049266600366,0.15346103613408704,2
124,2,0.2683339819294454,0.5499999999999999,0.517483660130719,-0.4814638555705065,-0.5004303309372063,-0.05912061794414715,-0.03609541745134964,1.0496844866432704,1.0766814918650602,-0.04600598955642035,0.062067049266600366,0.15346103613408704,2
125,0,0.2785294839225914,0.5628571428571428,0.5217460317460318,-0.46615888387212484,-0.4814638555705065,-0.07304004512126318,-0.05912061794414715,1.0208170960226652,1.0496844866432704,-0.04226521875878966,0.06939005660323663,0.17152945552754906,2
125,1,0.2785294839225914,0.5628571428571428,0.5217460317460318,-0.46615888387212484,-0.4814638555705065,-0.07304004512126318,-0.05912061794414715,1.0208170960226652,1.0496844866432704,-0.04226521875878966,0.06939005660323663,0.17152945552754906,2
125,2,0.2839359169703968,0.5722222222222222,0.5216563786008231,-0.4557031628138732,-0.46615888387212484,-0.08836749370729931,-0.07304004512126318,1.0153217258592975,1.0208170960226652,-0.08900925967326448,0.0790885578834967,0.18368222727414224,2
126,0,0.27871106916109445,0.5594594594594594,0.5255755755755757,-0.46970315571482085,-0.4557031628138732,-0.06056539631418835,-0.08836749370729931,1.00730979628259,1.0153217258592975,-0.08397614084658525,0.2119999432075813,0.04606064084263684,0
126,1,0.27871106916109445,0.5594594594594594,0.5255755755755757,-0.46970315571482085,-0.4557031628138732,-0.06056539631418835,-0.08836749370729931,1.00730979628259,1.0153217258592975,-0.08397614084658525,0.2119999432075813,0.04606064084263684,0
126,2,0.27871106916109445,0.5594594594594594,0.5255755755755757,-0.46970315571482085,-0.4557031628138732,-0.06056539631418835,-0.08836749370729931,1.00730979628259,1.0153217258592975,-0.08397614084658525,0.2119999432075813,0.04606064084263684,0
127,0,0.28261741912507415,0.5710526315789474,0.5240253411306043,-0.4606798623224661,-0.46970315571482085,-0.08235193719064687,-0.06056539631418835,1.0205854025091934,1.00730979628259,-0.2062048498128263,0.08195341321529051,0.2021689588755742,2
127,1,0.28261741912507415,0.5710526315789474,0.5240253411306043,-0.4606798623224661,-0.46970315571482085,-0.08235193719064687,-0.06056539631418835,1.0205854025091934,1.00730979628259,-0.2062048498128263,0.08195341321529051,0.2021689588755742,2
127,2,0.28261741912507415,0.5710526315789474,0.5240253411306043,-0.4606798623224661,-0.46970315571482085,-0.08235193719064687,-0.06056539631418835,1.0205854025091934,1.00730979628259,-0.2062048498128263,0.08195341321529051,0.2021689588755742,2
128,0,0.28261741912507415,0.5710526315789474,0.5240253411306043,-0.4606798623224661,-0.46970315571482085,-0.08235193719064687,-0.06056539631418835,1.0205854025091934,1.00730979628259,-0.2062048498128263,0.08195341321529051,0.2021689588755742,2
128,1,0.28261741912507415,0.5710526315789474,0.5240253411306043,-0.4606798623224661,-0.46970315571482085,-0.08235193719064687,-0.06056539631418835,1.0205854025091934,1.00730979628259,-0.2062048498128263,0.08195341321529051,0.2021689588755742,2
128,2,0.28261741912507415,0.5710526315789474,0.5240253411306043,-0.4606798623224661,-0.46970315571482085,-0.08235193719064687,-0.06056539631418835,1.0205854025091934,1.00730979628259,-0.2062048498128263,0.08195341321529051,0.2021689588755742,2
129,0,0.28261741912507415,0.5710526315789474,0.5240253411306043,-0.4606798623224661,-0.46970315571482085,-0.08235193719064687,-0.06056539631418835,1.0205854025091934,1.00730979628259,-0.2062048498128263,0.08195341321529051,0.2021689588755742,2
129,1,0.28345307204074366,0.5769230769230769,0.5191358024691358,-0.45399051521283623,-0.4606798623224661,-0.10016460905349783,-0.08235193719064687,1.0353389461242097,1.0205854025091934,-0.21802834892013082,0.08662130578074026,0.24250137490280765,2
129,2,0.28820393761464924,0.5825,0.5165740740740741,-0.44208594259935263,-0.45399051521283623,-0.1131775552376411,-0.10016460905349783,1.021138242666369,1.0353389461242097,-0.07159859308431873,0.0761908547730328,0.20410356947314615,2
130,0,0.28274524787560323,0.5707317073170732,0.5202348690153569,-0.45650461990225255,-0.44208594259935263,-0.08847736625514405,-0.1131775552376411,1.0185368688076861,1.021138242666369,-0.09479725228263405,0.21534941842319932,0.05041044550565192,0
130,1,0.28274524787560323,0.5707317073170732,0.5202348690153569,-0.45650461990225255,-0.44208594259935263,-0.08847736625514405,-0.1131775552376411,1.0185368688076861,1.021138242666369,-0.09479725228263405,0.21534941842319932,0.05041044550565192,0
130,2,0.28274524787560323,0.5707317073170732,0.5202348690153569,-0.45650461990225255,-0.44208594259935263,-0.08847736625514405,-0.1131775552376411,1.0185368688076861,1.021138242666369,-0.09479725228263405,0.21534941842319932,0.05041044550565192,0
131,0,0.27908059849984845,0.5619047619047619,0.5197530864197532,-0.46305158008342706,-0.45650461990225255,-0.07501569365976134,-0.08847736625514405,1.0134139202982504,1.0185368688076861,-0.08975410298112854,0.1523756814493961,0.0649997733145938,0
131,1,0.27977216998545434,0.5697674418604651,0.5180017226528855,-0.459901081887076,-0.46305158008342706,-0.09085411942554798,-0.07501569365976134,1.036540810653497,1.0134139202982504,-0.28501512284197295,0.09369900360729791,0.19276917449091627,2
131,2,0.27977216998545434,0.5697674418604651,0.5180017226528855,-0.459901081887076,-0.46305158008342706,-0.09085411942554798,-0.07501569365976134,1.036540810653497,1.0134139202982504,-0.28501512284197295,0.09369900360729791,0.19276917449091627,2
132,0,0.27977216998545434,0.5697674418604651,0.5180017226528855,-0.459901081887076,-0.46305158008342706,-0.09085411942554798,-0.07501569365976134,1.036540810653497,1.0134139202982504,-0.28501512284197295,0.09369900360729791,0.19276917449091627,2
132,1,0.27977216998545434,0.5697674418604651,0.5180017226528855,-0.459901081887076,-0.46305158008342706,-0.09085411942554798,-0.07501569365976134,1.036540810653497,1.0134139202982504,-0.28501512284197295,0.09369900360729791,0.19276917449091627,2
132,2,0.27977216998545434,0.5697674418604651,0.5180017226528855,-0.459901081887076,-0.46305158008342706,-0.09085411942554798,-0.07501569365976134,1.036540810653497,1.0134139202982504,-0.28501512284197295,0.09369900360729791,0.19276917449091627,2
133,0,0.27977216998545434,0.5697674418604651,0.5180017226528855,-0.459901081887076,-0.46305158008342706,-0.09085411942554798,-0.07501569365976134,1.036540810653497,1.0134139202982504,-0.28501512284197295,0.09369900360729791,0.19276917449091627,2
133,1,0.27977216998545434,0.5697674418604651,0.5180017226528855,-0.459901081887076,-0.46305158008342706,-0.09085411942554798,-0.07501569365976134,1.036540810653497,1.0134139202982504,-0.28501512284197295,0.09369900360729791,0.19276917449091627,2
133,2,0.27977216998545434,0.5697674418604651,0.5180017226528855,-0.459901081887076,-0.46305158008342706,-0.09085411942554798,-0.07501569365976134,1.036540810653497,1.0134139202982504,-0.28501512284197295,0.09369900360729791,0.19276917449091627,2
134,0,0.27977216998545434,0.5697674418604651,0.5180017226528855,-0.459901081887076,-0.46305158008342706,-0.09085411942554798,-0.07501569365976134,1.036540810653497,1.0134139202982504,-0.28501512284197295,0.09369900360729791,0.19276917449091627,2
134,1,0.27977216998545434,0.5697674418604651,0.5180017226528855,-0.459901081887076,-0.46305158008342706,-0.09085411942554798,-0.07501569365976134,1.036540810653497,1.0134139202982504,-0.28501512284197295,0.09369900360729791,0.19276917449091627,2
134,2,0.27977216998545434,0.5697674418604651,0.5180017226528855,-0.459901081887076,-0.46305158008342706,-0.09085411942554798,-0.07501569365976134,1.036540810653497,1.0134139202982504,-0.28501512284197295,0.09369900360729791,0.19276917449091627,2
135,0,0.28518417421337544,0.5772727272727273,0.5196969696969697,-0.4512491108430676,-0.459901081887076,-0.09973753280839902,-0.09085411942554798,1.0242102454142863,1.036540810653497,-0.07533886952157856,0.08269605791198323,0.17032894543098706,2
135,1,0.28518417421337544,0.5772727272727273,0.5196969696969697,-0.4512491108430676,-0.459901081887076,-0.09973753280839902,-0.09085411942554798,1.0242102454142863,1.036540810653497,-0.07533886952157856,0.08269605791198323,0.17032894543098706,2
135,2,0.28518417421337544,0.5772727272727273,0.5196969696969697,-0.4512491108430676,-0.459901081887076,-0.09973753280839902,-0.09085411942554798,1.0242102454142863,1.036540810653497,-0.07533886952157856,0.08269605791198323,0.17032894543098706,2
136,0,0.28518417421337544,0.5772727272727273,0.5196969696969697,-0.4512491108430676,-0.459901081887076,-0.09973753280839902,-0.09085411942554798,1.0242102454142863,1.036540810653497,-0.07533886952157856,0.08269605791198323,0.17032894543098706,2
136,1,0.28518417421337544,0.5772727272727273,0.5196969696969697,-0.4512491108430676,-0.459901081887076,-0.09973753280839902,-0.09085411942554798,1.0242102454142863,1.036540810653497,-0.07533886952157856,0.08269605791198323,0.17032894543098706,2
136,2,0.28426176283719423,0.5711111111111111,0.5254320987654322,-0.45899429535214453,-0.4512491108430676,-0.0799827064418503,-0.09973753280839902,1.0091028262503412,1.0242102454142863,-0.06978516167210982,0.16196147607261527,0.055859897199122745,0
137,0,0.28826574390291915,0.5760869565217391,0.5230676328502416,-0.4488939368468783,-0.45899429535214453,-0.09203354297693911,-0.0799827064418503,0.9984579115156712,1.0091028262503412,-0.07871017053066001,0.07979928298946751,0.1731096855610474,2
137,1,0.28826574390291915,0.5760869565217391,0.5230676328502416,-0.4488939368468783,-0.45899429535214453,-0.09203354297693911,-0.0799827064418503,0.9984579115156712,1.0091028262503412,-0.07871017053066001,0.07979928298946751,0.1731096855610474,2
137,2,0.2931705473184395,0.5829787234042553,0.5253349093774626,-0.4419359115771399,-0.4488939368468783,-0.09887807515544723,-0.09203354297693911,0.9885310060530346,0.9984579115156712,-0.08014618907472673,0.08608394946052325,0.15240450096414254,2
138,0,0.28739553817608493,0.5729166666666666,0.5282793209876543,-0.45597806546964714,-0.4419359115771399,-0.0779124579124579,-0.09887807515544723,0.9934779443779854,0.9885310060530346,-0.13957550659960685,0.21233723114005787,0.0543884788228597,0
138,1,0.28203014805069837,0.563265306122449,0.5243008314436886,-0.46208334769541703,-0.45597806546964714,-0.06917606011808913,-0.0779124579124579,0.9971811879529813,0.9934779443779854,-0.12962594859996682,0.14884225780615915,0.07410394006017135,0
138,2,0.28203014805069837,0.563265306122449,0.5243008314436886,-0.46208334769541703,-0.45597806546964714,-0.06917606011808913,-0.0779124579124579,0.9971811879529813,0.9934779443779854,-0.12962594859996682,0.14884225780615915,0.07410394006017135,0
139,0,0.28203014805069837,0.563265306122449,0.5243008314436886,-0.46208334769541703,-0.45597806546964714,-0.06917606011808913,-0.0779124579124579,0.9971811879529813,0.9934779443779854,-0.12962594859996682,0.14884225780615915,0.07410394006017135,0
139,1,0.2792419414626045,0.558,0.5204814814814814,-0.46349303212905985,-0.46208334769541703,-0.06723748838444196,-0.06917606011808913,0.9982671552751908,0.9971811879529813,-0.10868773857767647,0.11127747546914249,0.09280373231062643,0
139,2,0.2792419414626045,0.558,0.5204814814814814,-0.46349303212905985,-0.46208334769541703,-0.06723748838444196,-0.06917606011808913,0.9982671552751908,0.9971811879529813,-0.10868773857767647,0.11127747546914249,0.09280373231062643,0
140,0,0.2792419414626045,0.558,0.5204814814814814,-0.46349303212905985,-0.46208334769541703,-0.06723748838444196,-0.06917606011808913,0.9982671552751908,0.9971811879529813,-0.10868773857767647,0.11127747546914249,0.09280373231062643,0
140,1,0.2754343768082031,0.5509803921568628,0.5233478576615831,-0.4737068800875658,-0.46349303212905985,-0.05015157506260727,-0.06723748838444196,1.0004053181078931,0.9982671552751908,-0.11710530266161837,0.1817107836680475,0.06573278543881561,0
140,2,0.2754343768082031,0.5509803921568628,0.5233478576615831,-0.4737068800875658,-0.46349303212905985,-0.05015157506260727,-0.06723748838444196,1.0004053181078931,0.9982671552751908,-0.11710530266161837,0.1817107836680475,0.06573278543881561,0
141,0,0.278477708822824,0.5557692307692308,0.5237001424501424,-0.46824969815749895,-0.4737068800875658,-0.05770216583365385,-0.05015157506260727,0.9957404602277451,1.0004053181078931,-0.09067028423970394,0.08908563613986634,0.1463929568845967,2
141,1,0.278477708822824,0.5557692307692308,0.5237001424501424,-0.46824969815749895,-0.4737068800875658,-0.05770216583365385,-0.05015157506260727,0.9957404602277451,1.0004053181078931,-0.09067028423970394,0.08908563613986634,0.1463929568845967,2
141,2,0.278477708822824,0.5557692307692308,0.5237001424501424,-0.46824969815749895,-0.4737068800875658,-0.05770216583365385,-0.05015157506260727,0.9957404602277451,1.0004053181078931,-0.09067028423970394,0.08908563613986634,0.1463929568845967,2
142,0,0.2791547393180183,0.5603773584905661,0.5248252969951083,-0.4680996878078836,-0.46824969815749895,-0.06344307270233221,-0.05770216583365385,1.0074076473126745,0.9957404602277451,-0.19333749667943537,0.09969997930076926,0.13735027657578783,2
142,1,0.2749586412462731,0.5518518518518519,0.5212791495198902,-0.47253090498724876,-0.4680996878078836,-0.05540019885657496,-0.06344307270233221,1.0070358558310337,1.0074076473126745,-0.09925641703671842,0.13544973743492142,0.07788982768541211,0
142,2,0.2749586412462731,0.5518518518518519,0.5212791495198902,-0.47253090498724876,-0.4680996878078836,-0.05540019885657496,-0.06344307270233221,1.0070358558310337,1.0074076473126745,-0.09925641703671842,0.13544973743492142,0.07788982768541211,0
143,0,0.2749586412462731,0.5518518518518519,0.5212791495198902,-0.47253090498724876,-0.4680996878078836,-0.05540019885657496,-0.06344307270233221,1.0070358558310337,1.0074076473126745,-0.09925641703671842,0.13544973743492142,0.07788982768541211,0
143,1,0.2749586412462731,0.5518518518518519,0.5212791495198902,-0.47253090498724876,-0.4680996878078836,-0.05540019885657496,-0.06344307270233221,1.0070358558310337,1.0074076473126745,-0.09925641703671842,0.13544973743492142,0.07788982768541211,0
143,2,0.2782290586475902,0.5563636363636365,0.5216498316498316,-0.4666363492007081,-0.47253090498724876,-0.06239409343984543,-0.05540019885657496,0.9996604203313518,1.0070358558310337,-0.08524912900063622,0.08821088842691874,0.1437201827059064,2
144,0,0.2773792758485321,0.5607142857142857,0.5160548941798943,-0.46250044524945627,-0.4666363492007081,-0.07964732248171727,-0.06239409343984543,1.0214714455469043,0.9996604203313518,-0.27448820172441957,0.0917281920974963,0.18166584866105426,2
144,1,0.27487844487472773,0.5543859649122808,0.5186972059779078,-0.47005990834962147,-0.46250044524945627,-0.06437529301453349,-0.07964732248171727,1.0168404443823702,1.0214714455469043,-0.09073799767093185,0.1604757048013216,0.06235288652864833,0
144,2,0.27487844487472773,0.5543859649122808,0.5186972059779078,-0.47005990834962147,-0.46250044524945627,-0.06437529301453349,-0.07964732248171727,1.0168404443823702,1.0214714455469043,-0.09073799767093185,0.1604757048013216,0.06235288652864833,0
145,0,0.27487844487472773,0.5543859649122808,0.5186972059779078,-0.47005990834962147,-0.46250044524945627,-0.06437529301453349,-0.07964732248171727,1.0168404443823702,1.0214714455469043,-0.09073799767093185,0.1604757048013216,0.06235288652864833,0
145,1,0.27487844487472773,0.5543859649122808,0.5186972059779078,-0.47005990834962147,-0.46250044524945627,-0.06437529301453349,-0.07964732248171727,1.0168404443823702,1.0214714455469043,-0.09073799767093185,0.1604757048013216,0.06235288652864833,0
145,2,0.27487844487472773,0.5543859649122808,0.5186972059779078,-0.47005990834962147,-0.46250044524945627,-0.06437529301453349,-0.07964732248171727,1.0168404443823702,1.0214714455469043,-0.09073799767093185,0.1604757048013216,0.06235288652864833,0
146,0,0.27487844487472773,0.5543859649122808,0.5186972059779078,-0.47005990834962147,-0.46250044524945627,-0.06437529301453349,-0.07964732248171727,1.0168404443823702,1.0214714455469043,-0.09073799767093185,0.1604757048013216,0.06235288652864833,0
146,1,0.27487844487472773,0.5543859649122808,0.5186972059779078,-0.47005990834962147,-0.46250044524945627,-0.06437529301453349,-0.07964732248171727,1.0168404443823702,1.0214714455469043,-0.09073799767093185,0.1604757048013216,0.06235288652864833,0
146,2,0.274416676439362,0.55,0.5193326947637293,-0.4715975342854006,-0.47005990834962147,-0.05575873679321946,-0.06437529301453349,1.0042513710770555,1.0168404443823702,-0.07482185338937067,0.11230100748623287,0.07663217915746395,0
147,0,0.274416676439362,0.55,0.5193326947637293,-0.4715975342854006,-0.47005990834962147,-0.05575873679321946,-0.06437529301453349,1.0042513710770555,1.0168404443823702,-0.07482185338937067,0.11230100748623287,0.07663217915746395,0
147,1,0.271304610904661,0.5457627118644068,0.5199466415568111,-0.47820682119933006,-0.4715975342854006,-0.04730273752012876,-0.05575873679321946,1.0116234296371505,1.0042513710770555,-0.15897646848075944,0.15287429531143584,0.07012739666107724,0
147,2,0.26881694026083996,0.5400000000000001,0.5196141975308642,-0.48266051709475727,-0.47820682119933006,-0.03775148605395537,-0.04730273752012876,1.0088019731049105,1.0116234296371505,-0.09435708693552006,0.1356295671634177,0.0408092809827609,0
148,0,0.26881694026083996,0.5400000000000001,0.5196141975308642,-0.48266051709475727,-0.47820682119933006,-0.03775148605395537,-0.04730273752012876,1.0088019731049105,1.0116234296371505,-0.09435708693552006,0.1356295671634177,0.0408092809827609,0
148,1,0.27397209211990364,0.5475409836065575,0.5209319975713419,-0.4740732122480477,-0.48266051709475727,-0.048597249944555346,-0.03775148605395537,0.9985283149457669,1.0088019731049105,-0.0794526836817128,0.0828253903065809,0.09734355312893744,2
148,2,0.2705560253325661,0.5435483870967742,0.5179062126642774,-0.4775964861654425,-0.4740732122480477,-0.047175513792724146,-0.048597249944555346,1.0090049239474421,0.9985283149457669,-0.18381287201340193,0.12818619133915812,0.08658359423841629,0
149,0,0.2705560253325661,0.5435483870967742,0.5179062126642774,-0.4775964861654425,-0.4740732122480477,-0.047175513792724146,-0.048597249944555346,1.0090049239474421,0.9985283149457669,-0.18381287201340193,0.12818619133915812,0.08658359423841629,0
149,1,0.2748259187683546,0.5476190476190477,0.518944738389183,-0.47041390260276866,-0.4775964861654425,-0.05236178207192682,-0.047175513792724146,0.9926033544187841,1.0090049239474421,-0.06719686094268398,0.08563483287465237,0.11726336439430972,2
149,2,0.2748259187683546,0.5476190476190477,0.518944738389183,-0.47041390260276866,-0.4775964861654425,-0.05236178207192682,-0.047175513792724146,0.9926033544187841,1.0090049239474421,-0.06719686094268398,0.08563483287465237,0.11726336439430972,2
150,0,0.2748259187683546,0.5476190476190477,0.518944738389183,-0.47041390260276866,-0.4775964861654425,-0.05236178207192682,-0.047175513792724146,0.9926033544187841,1.0090049239474421,-0.06719686094268398,0.08563483287465237,0.11726336439430972,2
150,1,0.27291009165551045,0.5421875,0.5238570601851853,-0.4790371030619769,-0.47041390260276866,-0.03380830398121452,-0.05236178207192682,0.9866890839800592,0.9926033544187841,-0.08817145912255012,0.16898560367366577,0.018516870346325685,0
150,2,0.27291009165551045,0.5421875,0.5238570601851853,-0.4790371030619769,-0.47041390260276866,-0.03380830398121452,-0.05236178207192682,0.9866890839800592,0.9926033544187841,-0.08817145912255012,0.16898560367366577,0.018516870346325685,0
151,0,0.27291009165551045,0.5421875,0.5238570601851853,-0.4790371030619769,-0.47041390260276866,-0.03380830398121452,-0.05236178207192682,0.9866890839800592,0.9926033544187841,-0.08817145912255012,0.16898560367366577,0.018516870346325685,0
151,1,0.27291009165551045,0.5421875,0.5238570601851853,-0.4790371030619769,-0.47041390260276866,-0.03380830398121452,-0.05236178207192682,0.9866890839800592,0.9926033544187841,-0.08817145912255012,0.16898560367366577,0.018516870346325685,0
151,2,0.2786291771591913,0.5492307692307693,0.5255413105413106,-0.4698244047224345,-0.4790371030619769,-0.043132067641871594,-0.03380830398121452,0.971189000486382,0.9866890839800592,-0.0689998330126457,0.08157460332091518,0.08922438349475058,2
152,0,0.2786291771591913,0.5492307692307693,0.5255413105413106,-0.4698244047224345,-0.4790371030619769,-0.043132067641871594,-0.03380830398121452,0.971189000486382,0.9866890839800592,-0.0689998330126457,0.08157460332091518,0.08922438349475058,2
152,1,0.2786291771591913,0.5492307692307693,0.5255413105413106,-0.4698244047224345,-0.4790371030619769,-0.043132067641871594,-0.03380830398121452,0.971189000486382,0.9866890839800592,-0.0689998330126457,0.08157460332091518,0.08922438349475058,2
152,2,0.2828267441627307,0.5560606060606061,0.5261644219977555,-0.4624745947495151,-0.4698244047224345,-0.053764254717933065,-0.043132067641871594,0.9660821246121769,0.971189000486382,-0.08978624825158979,0.08530038005416121,0.12617314270677932,2
153,0,0.2794351252095309,0.5492537313432836,0.5232863460475402,-0.4659995864211897,-0.4624745947495151,-0.04727757648953279,-0.053764254717933065,0.9655858615892781,0.9660821246121769,-0.09900747395420231,0.1281999333733971,0.07357022420087302,0
153,1,0.27675727348514306,0.5441176470588236,0.5229438997821353,-0.4707706245345945,-0.4659995864211897,-0.038913913913913634,-0.04727757648953279,0.9660464211360033,0.9655858615892781,-0.10368447637380154,0.13816830490723833,0.04578371944185077,0
153,2,0.27675727348514306,0.5441176470588236,0.5229438997821353,-0.4707706245345945,-0.4659995864211897,-0.038913913913913634,-0.04727757648953279,0.9660464211360033,0.9655858615892781,-0.10368447637380154,0.13816830490723833,0.04578371944185077,0
154,0,0.27675727348514306,0.5441176470588236,0.5229438997821353,-0.4707706245345945,-0.4659995864211897,-0.038913913913913634,-0.04727757648953279,0.9660464211360033,0.9655858615892781,-0.10368447637380154,0.13816830490723833,0.04578371944185077,0
154,1,0.2804307618856302,0.5507246376811595,0.5226113794954377,-0.4634047919959647,-0.4707706245345945,-0.0510477582846002,-0.038913913913913634,0.9638524460656885,0.9660464211360033,-0.09561204985937058,0.08526833492274036,0.10804490177736062,2
154,2,0.2804307618856302,0.5507246376811595,0.5226113794954377,-0.4634047919959647,-0.4707706245345945,-0.0510477582846002,-0.038913913913913634,0.9638524460656885,0.9660464211360033,-0.09561204985937058,0.08526833492274036,0.10804490177736062,2
155,0,0.2846939695321258,0.5557142857142858,0.5241402116402117,-0.45683623730905476,-0.4634047919959647,-0.05681709987622585,-0.0510477582846002,0.9519706955070478,0.9638524460656885,-0.07623649888271858,0.08686289062618016,0.13750058527866496,2
155,1,0.2808741408101436,0.5492957746478874,0.5261476264997392,-0.4661685681665185,-0.45683623730905476,-0.04214150047483379,-0.05681709987622585,0.9556651711101554,0.9519706955070478,-0.12955580482486032,0.1746586468597101,0.04179421073747704,0
155,2,0.2808741408101436,0.5492957746478874,0.5261476264997392,-0.4661685681665185,-0.45683623730905476,-0.04214150047483379,-0.05681709987622585,0.9556651711101554,0.9519706955070478,-0.12955580482486032,0.1746586468597101,0.04179421073747704,0
156,0,0.2808741408101436,0.5492957746478874,0.5261476264997392,-0.4661685681665185,-0.45683623730905476,-0.04214150047483379,-0.05681709987622585,0.9556651711101554,0.9519706955070478,-0.12955580482486032,0.1746586468597101,0.04179421073747704,0
156,1,0.2808741408101436,0.5492957746478874,0.5261476264997392,-0.4661685681665185,-0.45683623730905476,-0.04214150047483379,-0.05681709987622585,0.9556651711101554,0.9519706955070478,-0.12955580482486032,0.1746586468597101,0.04179421073747704,0
156,2,0.2808741408101436,0.5492957746478874,0.5261476264997392,-0.4661685681665185,-0.45683623730905476,-0.04214150047483379,-0.05681709987622585,0.9556651711101554,0.9519706955070478,-0.12955580482486032,0.1746586468597101,0.04179421073747704,0
157,0,0.2808741408101436,0.5492957746478874,0.5261476264997392,-0.4661685681665185,-0.45683623730905476,-0.04214150047483379,-0.05681709987622585,0.9556651711101554,0.9519706955070478,-0.12955580482486032,0.1746586468597101,0.04179421073747704,0
157,1,0.2808741408101436,0.5492957746478874,0.5261476264997392,-0.4661685681665185,-0.45683623730905476,-0.04214150047483379,-0.05681709987622585,0.9556651711101554,0.9519706955070478,-0.12955580482486032,0.1746586468597101,0.04179421073747704,0
157,2,0.2845873005710092,0.5541666666666667,0.5265560699588477,-0.4595308708657546,-0.4661685681665185,-0.049823633156966536,-0.04214150047483379,0.9472642157775869,0.9556651711101554,-0.08319808933486308,0.08672460539847218,0.09964973730297735,2
158,0,0.2845873005710092,0.5541666666666667,0.5265560699588477,-0.4595308708657546,-0.4661685681665185,-0.049823633156966536,-0.04214150047483379,0.9472642157775869,0.9556651711101554,-0.08319808933486308,0.08672460539847218,0.09964973730297735,2
158,1,0.2845873005710092,0.5541666666666667,0.5265560699588477,-0.4595308708657546,-0.4661685681665185,-0.049823633156966536,-0.04214150047483379,0.9472642157775869,0.9556651711101554,-0.08319808933486308,0.08672460539847218,0.09964973730297735,2
158,2,0.2843235939499209,0.5589041095890411,0.5239091831557585,-0.4573036642776477,-0.4595308708657546,-0.06261347131445173,-0.049823633156966536,0.9657324312223038,0.9472642157775869,-0.24774572355773508,0.09554558682378614,0.16706890310124298,2
159,0,0.288842974353158,0.5648648648648649,0.5240365365365366,-0.44881138200366794,-0.4573036642776477,-0.07227981570086825,-0.06261347131445173,0.9556122704034504,0.9657324312223038,-0.07975967836229328,0.08301543545204051,0.15576788990883117,2
159,1,0.288842974353158,0.5648648648648649,0.5240365365365366,-0.44881138200366794,-0.4573036642776477,-0.07227981570086825,-0.06261347131445173,0.9556122704034504,0.9657324312223038,-0.07975967836229328,0.08301543545204051,0.15576788990883117,2
159,2,0.288842974353158,0.5648648648648649,0.5240365365365366,-0.44881138200366794,-0.4573036642776477,-0.07227981570086825,-0.06261347131445173,0.9556122704034504,0.9657324312223038,-0.07975967836229328,0.08301543545204051,0.15576788990883117,2
160,0,0.288842974353158,0.5648648648648649,0.5240365365365366,-0.44881138200366794,-0.4573036642776477,-0.07227981570086825,-0.06261347131445173,0.9556122704034504,0.9657324312223038,-0.07975967836229328,0.08301543545204051,0.15576788990883117,2
160,1,0.292088082722816,0.5693333333333334,0.5254444444444444,-0.44411233992274385,-0.44881138200366794,-0.07708821233411413,-0.07227981570086825,0.9491837120709095,0.9556122704034504,-0.08714288333491807,0.09060191583815183,0.13226202799437378,2
160,2,0.292088082722816,0.5693333333333334,0.5254444444444444,-0.44411233992274385,-0.44881138200366794,-0.07708821233411413,-0.07227981570086825,0.9491837120709095,0.9556122704034504,-0.08714288333491807,0.09060191583815183,0.13226202799437378,2
161,0,0.29503206955967554,0.5736842105263158,0.5253533138401559,-0.43841208994554465,-0.44411233992274385,-0.08424651715936123,-0.07708821233411413,0.9444808538357145,0.9491837120709095,-0.09059428352960999,0.0885995000456016,0.1445191676871425,2
161,1,0.298325034429457,0.5792207792207792,0.5263227513227513,-0.43318993207170264,-0.43841208994554465,-0.09132619166251452,-0.08424651715936123,0.9415761748876753,0.9444808538357145,-0.09419064210392172,0.089555684252316,0.14413806943369945,2
161,2,0.29475882542170995,0.5743589743589744,0.5259852801519468,-0.4396063225637038,-0.43318993207170264,-0.08422205687830704,-0.09132619166251452,0.9485726119896223,0.9415761748876753,-0.1559714968155758,0.15133112393600925,0.07787158933900905,0
162,0,0.2913512372511478,0.569620253164557,0.5277660571964369,-0.4479538172673625,-0.4396063225637038,-0.07347736625514421,-0.08422205687830704,0.9550981095492599,0.9485726119896223,-0.15220398047710085,0.16677995762926956,0.0699404570697272,0
162,1,0.2913512372511478,0.569620253164557,0.5277660571964369,-0.4479538172673625,-0.4396063225637038,-0.07347736625514421,-0.08422205687830704,0.9550981095492599,0.9485726119896223,-0.15220398047710085,0.16677995762926956,0.0699404570697272,0
162,2,0.2913512372511478,0.569620253164557,0.5277660571964369,-0.4479538172673625,-0.4396063225637038,-0.07347736625514421,-0.08422205687830704,0.9550981095492599,0.9485726119896223,-0.15220398047710085,0.16677995762926956,0.0699404570697272,0
163,0,0.2913512372511478,0.569620253164557,0.5277660571964369,-0.4479538172673625,-0.4396063225637038,-0.07347736625514421,-0.08422205687830704,0.9550981095492599,0.9485726119896223,-0.15220398047710085,0.16677995762926956,0.0699404570697272,0
163,1,0.2913512372511478,0.569620253164557,0.5277660571964369,-0.4479538172673625,-0.4396063225637038,-0.07347736625514421,-0.08422205687830704,0.9550981095492599,0.9485726119896223,-0.15220398047710085,0.16677995762926956,0.0699404570697272,0
163,2,0.2913512372511478,0.569620253164557,0.5277660571964369,-0.4479538172673625,-0.4396063225637038,-0.07347736625514421,-0.08422205687830704,0.9550981095492599,0.9485726119896223,-0.15220398047710085,0.16677995762926956,0.0699404570697272,0
164,0,0.2913512372511478,0.569620253164557,0.5277660571964369,-0.4479538172673625,-0.4396063225637038,-0.07347736625514421,-0.08422205687830704,0.9550981095492599,0.9485726119896223,-0.15220398047710085,0.16677995762926956,0.0699404570697272,0
164,1,0.28951389151086504,0.56375,0.5336689814814815,-0.4575028687124262,-0.4479538172673625,-0.05335879116366922,-0.07347736625514421,0.9472295338161459,0.9550981095492599,-0.08426284853377211,0.17639241156050944,0.058606546168263086,0
164,2,0.28951389151086504,0.56375,0.5336689814814815,-0.4575028687124262,-0.4479538172673625,-0.05335879116366922,-0.07347736625514421,0.9472295338161459,0.9550981095492599,-0.08426284853377211,0.17639241156050944,0.058606546168263086,0
165,0,0.28951389151086504,0.56375,0.5336689814814815,-0.4575028687124262,-0.4479538172673625,-0.05335879116366922,-0.07347736625514421,0.9472295338161459,0.9550981095492599,-0.08426284853377211,0.17639241156050944,0.058606546168263086,0
165,1,0.28951389151086504,0.56375,0.5336689814814815,-0.4575028687124262,-0.4479538172673625,-0.05335879116366922,-0.07347736625514421,0.9472295338161459,0.9550981095492599,-0.08426284853377211,0.17639241156050944,0.058606546168263086,0
165,2,0.28951389151086504,0.56375,0.5336689814814815,-0.4575028687124262,-0.4479538172673625,-0.05335879116366922,-0.07347736625514421,0.9472295338161459,0.9550981095492599,-0.08426284853377211,0.17639241156050944,0.058606546168263086,0
166,0,0.28951389151086504,0.56375,0.5336689814814815,-0.4575028687124262,-0.4479538172673625,-0.05335879116366922,-0.07347736625514421,0.9472295338161459,0.9550981095492599,-0.08426284853377211,0.17639241156050944,0.058606546168263086,0
166,1,0.28951389151086504,0.56375,0.5336689814814815,-0.4575028687124262,-0.4479538172673625,-0.05335879116366922,-0.07347736625514421,0.9472295338161459,0.9550981095492599,-0.08426284853377211,0.17639241156050944,0.058606546168263086,0
166,2,0.287258285129177,0.5604938271604938,0.5339391860996799,-0.4620018672397096,-0.4575028687124262,-0.04737722303801589,-0.05335879116366922,0.9511841996426514,0.9472295338161459,-0.131637326612044,0.13599198821826733,0.07493029207261348,0
167,0,0.28838883743557386,0.5634146341463414,0.5320009033423667,-0.45791663957009754,-0.4620018672397096,-0.05575597242263907,-0.04737722303801589,0.9536631138582414,0.9511841996426514,-0.11983131372471992,0.09182954466077589,0.13742994917242268,2
167,1,0.29121943086556806,0.5674698795180723,0.5313922356091031,-0.451968976302861,-0.45791663957009754,-0.0635763151686718,-0.05575597242263907,0.9485989579453104,0.9536631138582414,-0.08987168817413785,0.08810467346552689,0.14765546055717554,2
167,2,0.29121943086556806,0.5674698795180723,0.5313922356091031,-0.451968976302861,-0.45791663957009754,-0.0635763151686718,-0.05575597242263907,0.9485989579453104,0.9536631138582414,-0.08987168817413785,0.08810467346552689,0.14765546055717554,2
168,0,0.29121943086556806,0.5674698795180723,0.5313922356091031,-0.451968976302861,-0.45791663957009754,-0.0635763151686718,-0.05575597242263907,0.9485989579453104,0.9536631138582414,-0.08987168817413785,0.08810467346552689,0.14765546055717554,2
168,1,0.29121943086556806,0.5674698795180723,0.5313922356091031,-0.451968976302861,-0.45791663957009754,-0.0635763151686718,-0.05575597242263907,0.9485989579453104,0.9536631138582414,-0.08987168817413785,0.08810467346552689,0.14765546055717554,2
168,2,0.29121943086556806,0.5674698795180723,0.5313922356091031,-0.451968976302861,-0.45791663957009754,-0.0635763151686718,-0.05575597242263907,0.9485989579453104,0.9536631138582414,-0.08987168817413785,0.08810467346552689,0.14765546055717554,2
169,0,0.2942224724998084,0.5714285714285714,0.5316798941798941,-0.44661726779486216,-0.451968976302861,-0.0695601851851852,-0.0635763151686718,0.9421649426487759,0.9485989579453104,-0.08713196940693116,0.08929658298400237,0.1386257108187208,2
169,1,0.2942224724998084,0.5714285714285714,0.5316798941798941,-0.44661726779486216,-0.451968976302861,-0.0695601851851852,-0.0635763151686718,0.9421649426487759,0.9485989579453104,-0.08713196940693116,0.08929658298400237,0.1386257108187208,2
169,2,0.2942224724998084,0.5714285714285714,0.5316798941798941,-0.44661726779486216,-0.451968976302861,-0.0695601851851852,-0.0635763151686718,0.9421649426487759,0.9485989579453104,-0.08713196940693116,0.08929658298400237,0.1386257108187208,2
170,0,0.29348385163749396,0.5741176470588234,0.5283660130718955,-0.4445444173610023,-0.44661726779486216,-0.07969034608378844,-0.0695601851851852,0.9562154573600299,0.9421649426487759,-0.21240411769003167,0.0958542991322803,0.1576721577099638,2
170,1,0.29030110451377206,0.569767441860465,0.5222222222222223,-0.4441042679523514,-0.4445444173610023,-0.08344671201814037,-0.07969034608378844,0.9626774855534004,0.9562154573600299,-0.15169622554696396,0.09911970118269822,0.12612545648450402,2
170,2,0.29047162109806934,0.5724137931034482,0.5210089399744572,-0.44248246275330727,-0.4441042679523514,-0.08980365908076744,-0.08344671201814037,0.9706358608787784,0.9626774855534004,-0.16366700260302416,0.09675638960191171,0.14054570140346112,2
171,0,0.29047162109806934,0.5724137931034482,0.5210089399744572,-0.44248246275330727,-0.4441042679523514,-0.08980365908076744,-0.08344671201814037,0.9706358608787784,0.9626774855534004,-0.16366700260302416,0.09675638960191171,0.14054570140346112,2
171,1,0.289692466847019,0.5693181818181818,0.5226641414141414,-0.44573877583563465,-0.44248246275330727,-0.08194721667775562,-0.08980365908076744,0.9652502117662168,0.9706358608787784,-0.08922870177487688,0.12605050465861903,0.07608857859093214,0
171,2,0.289692466847019,0.5693181818181818,0.5226641414141414,-0.44573877583563465,-0.44248246275330727,-0.08194721667775562,-0.08980365908076744,0.9652502117662168,0.9706358608787784,-0.08922870177487688,0.12605050465861903,0.07608857859093214,0
172,0,0.289692466847019,0.5693181818181818,0.5226641414141414,-0.44573877583563465,-0.44248246275330727,-0.08194721667775562,-0.08980365908076744,0.9652502117662168,0.9706358608787784,-0.08922870177487688,0.12605050465861903,0.07608857859093214,0
172,1,0.289692466847019,0.5693181818181818,0.5226641414141414,-0.44573877583563465,-0.44248246275330727,-0.08194721667775562,-0.08980365908076744,0.9652502117662168,0.9706358608787784,-0.08922870177487688,0.12605050465861903,0.07608857859093214,0
172,2,0.289692466847019,0.5693181818181818,0.5226641414141414,-0.44573877583563465,-0.44248246275330727,-0.08194721667775562,-0.08980365908076744,0.9652502117662168,0.9706358608787784,-0.08922870177487688,0.12605050465861903,0.07608857859093214,0
173,0,0.29188738954290705,0.5719101123595506,0.5247503121098628,-0.4437594741595944,-0.44573877583563465,-0.0824601615367822,-0.08194721667775562,0.959351903674758,0.9652502117662168,-0.08820338381708229,0.09604139664791947,0.1040210556786831,2
173,1,0.29188738954290705,0.5719101123595506,0.5247503121098628,-0.4437594741595944,-0.44573877583563465,-0.0824601615367822,-0.08194721667775562,0.959351903674758,0.9652502117662168,-0.08820338381708229,0.09604139664791947,0.1040210556786831,2
173,2,0.29188738954290705,0.5719101123595506,0.5247503121098628,-0.4437594741595944,-0.44573877583563465,-0.0824601615367822,-0.08194721667775562,0.959351903674758,0.9652502117662168,-0.08820338381708229,0.09604139664791947,0.1040210556786831,2
174,0,0.29188738954290705,0.5719101123595506,0.5247503121098628,-0.4437594741595944,-0.44573877583563465,-0.0824601615367822,-0.08194721667775562,0.959351903674758,0.9652502117662168,-0.08820338381708229,0.09604139664791947,0.1040210556786831,2
174,1,0.29188738954290705,0.5719101123595506,0.5247503121098628,-0.4437594741595944,-0.44573877583563465,-0.0824601615367822,-0.08194721667775562,0.959351903674758,0.9652502117662168,-0.08820338381708229,0.09604139664791947,0.1040210556786831,2
174,2,0.2953542623178629,0.5766666666666667,0.5259567901234569,-0.43844386484955367,-0.4437594741595944,-0.08793620209805167,-0.0824601615367822,0.9524575746465879,0.959351903674758,-0.08621134194365979,0.08936878137991858,0.1359366929589187,2
175,0,0.29619212278768486,0.5791208791208791,0.5265873015873017,-0.43752513230974704,-0.43844386484955367,-0.09071262913767626,-0.08793620209805167,0.9552203943519523,0.9524575746465879,-0.12210255764291525,0.09816253492038676,0.1199912467911288,2
175,1,0.29619212278768486,0.5791208791208791,0.5265873015873017,-0.43752513230974704,-0.43844386484955367,-0.09071262913767626,-0.08793620209805167,0.9552203943519523,0.9524575746465879,-0.12210255764291525,0.09816253492038676,0.1199912467911288,2
175,2,0.29855880121808115,0.583695652173913,0.5259359903381643,-0.43232863560808044,-0.43752513230974704,-0.09895510035174818,-0.09071262913767626,0.9550441983036858,0.9552203943519523,-0.09964760790346708,0.08960700659666679,0.16329432115608214,2
176,0,0.2961350320767663,0.5795698924731183,0.5238649940262845,-0.434711165178737,-0.43232863560808044,-0.09611420325706016,-0.09895510035174818,0.9571135789259745,0.9550441983036858,-0.1165550449783094,0.11906023656525236,0.08979595705904873,0
176,1,0.2961350320767663,0.5795698924731183,0.5238649940262845,-0.434711165178737,-0.43232863560808044,-0.09611420325706016,-0.09895510035174818,0.9571135789259745,0.9550441983036858,-0.1165550449783094,0.11906023656525236,0.08979595705904873,0
176,2,0.29657837376831936,0.5819148936170212,0.5236111111111112,-0.43359037370506665,-0.434711165178737,-0.10019297176518348,-0.09611420325706016,0.9620948291786123,0.9571135789259745,-0.1398500020211028,0.09775841705265934,0.13263014806498655,2
177,0,0.29657837376831936,0.5819148936170212,0.5236111111111112,-0.43359037370506665,-0.434711165178737,-0.10019297176518348,-0.09611420325706016,0.9620948291786123,0.9571135789259745,-0.1398500020211028,0.09775841705265934,0.13263014806498655,2
177,1,0.29657837376831936,0.5819148936170212,0.5236111111111112,-0.43359037370506665,-0.434711165178737,-0.10019297176518348,-0.09611420325706016,0.9620948291786123,0.9571135789259745,-0.1398500020211028,0.09775841705265934,0.13263014806498655,2
177,2,0.29657837376831936,0.5819148936170212,0.5236111111111112,-0.43359037370506665,-0.434711165178737,-0.10019297176518348,-0.09611420325706016,0.9620948291786123,0.9571135789259745,-0.1398500020211028,0.09775841705265934,0.13263014806498655,2
178,0,0.29657837376831936,0.5819148936170212,0.5236111111111112,-0.43359037370506665,-0.434711165178737,-0.10019297176518348,-0.09611420325706016,0.9620948291786123,0.9571135789259745,-0.1398500020211028,0.09775841705265934,0.13263014806498655,2
178,1,0.29657837376831936,0.5819148936170212,0.5236111111111112,-0.43359037370506665,-0.434711165178737,-0.10019297176518348,-0.09611420325706016,0.9620948291786123,0.9571135789259745,-0.1398500020211028,0.09775841705265934,0.13263014806498655,2
178,2,0.2993926644530088,0.5863157894736841,0.5237134502923978,-0.42832733380085425,-0.43359037370506665,-0.10677239178136808,-0.10019297176518348,0.9583505512564398,0.9620948291786123,-0.09251144415565485,0.08947392019157521,0.1526353601294768,2
179,0,0.2993926644530088,0.5863157894736841,0.5237134502923978,-0.42832733380085425,-0.43359037370506665,-0.10677239178136808,-0.10019297176518348,0.9583505512564398,0.9620948291786123,-0.09251144415565485,0.08947392019157521,0.1526353601294768,2
179,1,0.2993926644530088,0.5863157894736841,0.5237134502923978,-0.42832733380085425,-0.43359037370506665,-0.10677239178136808,-0.10019297176518348,0.9583505512564398,0.9620948291786123,-0.09251144415565485,0.08947392019157521,0.1526353601294768,2
179,2,0.2993926644530088,0.5863157894736841,0.5237134502923978,-0.42832733380085425,-0.43359037370506665,-0.10677239178136808,-0.10019297176518348,0.9583505512564398,0.9620948291786123,-0.09251144415565485,0.08947392019157521,0.1526353601294768,2
180,0,0.2993926644530088,0.5863157894736841,0.5237134502923978,-0.42832733380085425,-0.43359037370506665,-0.10677239178136808,-0.10019297176518348,0.9583505512564398,0.9620948291786123,-0.09251144415565485,0.08947392019157521,0.1526353601294768,2
180,1,0.2987641322665593,0.5833333333333334,0.5240451388888889,-0.4298885533028387,-0.42832733380085425,-0.10163690476190475,-0.10677239178136808,0.9524878334889263,0.9583505512564398,-0.08827456446497309,0.11248975601587566,0.08972902596107335,0
180,2,0.2987641322665593,0.5833333333333334,0.5240451388888889,-0.4298885533028387,-0.42832733380085425,-0.10163690476190475,-0.10677239178136808,0.9524878334889263,0.9583505512564398,-0.08827456446497309,0.11248975601587566,0.08972902596107335,0
181,0,0.2987641322665593,0.5833333333333334,0.5240451388888889,-0.4298885533028387,-0.42832733380085425,-0.10163690476190475,-0.10677239178136808,0.9524878334889263,0.9583505512564398,-0.08827456446497309,0.11248975601587566,0.08972902596107335,0
181,1,0.29861284830866014,0.5865979381443299,0.5209335624284078,-0.42677364284874875,-0.4298885533028387,-0.11194102714313608,-0.10163690476190475,0.9644095740247418,0.9524878334889263,-0.19537392428652414,0.09377017909182009,0.1824329790498507,2
181,2,0.29861284830866014,0.5865979381443299,0.5209335624284078,-0.42677364284874875,-0.4298885533028387,-0.11194102714313608,-0.10163690476190475,0.9644095740247418,0.9524878334889263,-0.19537392428652414,0.09377017909182009,0.1824329790498507,2
182,0,0.29861284830866014,0.5865979381443299,0.5209335624284078,-0.42677364284874875,-0.4298885533028387,-0.11194102714313608,-0.10163690476190475,0.9644095740247418,0.9524878334889263,-0.19537392428652414,0.09377017909182009,0.1824329790498507,2
182,1,0.3000959448790434,0.5897959183673469,0.5209089191232049,-0.4238993922696398,-0.42677364284874875,-0.11679802640010234,-0.11194102714313608,0.9653578411566671,0.9644095740247418,-0.10758613705540246,0.0942514988417821,0.13885599405573004,2
182,2,0.3000959448790434,0.5897959183673469,0.5209089191232049,-0.4238993922696398,-0.42677364284874875,-0.11679802640010234,-0.11194102714313608,0.9653578411566671,0.9644095740247418,-0.10758613705540246,0.0942514988417821,0.13885599405573004,2
183,0,0.3000959448790434,0.5897959183673469,0.5209089191232049,-0.4238993922696398,-0.42677364284874875,-0.11679802640010234,-0.11194102714313608,0.9653578411566671,0.9644095740247418,-0.10758613705540246,0.0942514988417821,0.13885599405573004,2
183,1,0.3000959448790434,0.5897959183673469,0.5209089191232049,-0.4238993922696398,-0.42677364284874875,-0.11679802640010234,-0.11194102714313608,0.9653578411566671,0.9644095740247418,-0.10758613705540246,0.0942514988417821,0.13885599405573004,2
183,2,0.3000959448790434,0.5897959183673469,0.5209089191232049,-0.4238993922696398,-0.42677364284874875,-0.11679802640010234,-0.11194102714313608,0.9653578411566671,0.9644095740247418,-0.10758613705540246,0.0942514988417821,0.13885599405573004,2
184,0,0.3000959448790434,0.5897959183673469,0.5209089191232049,-0.4238993922696398,-0.42677364284874875,-0.11679802640010234,-0.11194102714313608,0.9653578411566671,0.9644095740247418,-0.10758613705540246,0.0942514988417821,0.13885599405573004,2
184,1,0.30364599382407,0.5939393939393939,0.5223812196034419,-0.4187272006934353,-0.4238993922696398,-0.12048059964726616,-0.11679802640010234,0.9560257866715591,0.9653578411566671,-0.08133589102978403,0.08965561684759096,0.12946058597731058,2
184,2,0.30364599382407,0.5939393939393939,0.5223812196034419,-0.4187272006934353,-0.4238993922696398,-0.12048059964726616,-0.11679802640010234,0.9560257866715591,0.9653578411566671,-0.08133589102978403,0.08965561684759096,0.12946058597731058,2
185,0,0.30364599382407,0.5939393939393939,0.5223812196034419,-0.4187272006934353,-0.4238993922696398,-0.12048059964726616,-0.11679802640010234,0.9560257866715591,0.9653578411566671,-0.08133589102978403,0.08965561684759096,0.12946058597731058,2
185,1,0.30364599382407,0.5939393939393939,0.5223812196034419,-0.4187272006934353,-0.4238993922696398,-0.12048059964726616,-0.11679802640010234,0.9560257866715591,0.9653578411566671,-0.08133589102978403,0.08965561684759096,0.12946058597731058,2
185,2,0.30364599382407,0.5939393939393939,0.5223812196034419,-0.4187272006934353,-0.4238993922696398,-0.12048059964726616,-0.11679802640010234,0.9560257866715591,0.9653578411566671,-0.08133589102978403,0.08965561684759096,0.12946058597731058,2
186,0,0.30364599382407,0.5939393939393939,0.5223812196034419,-0.4187272006934353,-0.4238993922696398,-0.12048059964726616,-0.11679802640010234,0.9560257866715591,0.9653578411566671,-0.08133589102978403,0.08965561684759096,0.12946058597731058,2
186,1,0.30364599382407,0.5939393939393939,0.5223812196034419,-0.4187272006934353,-0.4238993922696398,-0.12048059964726616,-0.11679802640010234,0.9560257866715591,0.9653578411566671,-0.08133589102978403,0.08965561684759096,0.12946058597731058,2
186,2,0.30094714853738025,0.59,0.5204907407407408,-0.4218011484525454,-0.4187272006934353,-0.11781230382925291,-0.12048059964726616,0.9604771232006435,0.9560257866715591,-0.13561069223267488,0.12459158207288104,0.0946634083639735,0
187,0,0.2985178527528353,0.5851485148514851,0.5186376971030437,-0.42441929227229824,-0.4218011484525454,-0.11366484928244633,-0.11781230382925291,0.9601792973366059,0.9604771232006435,-0.09940434827192482,0.12094515055802271,0.09170509090638684,0
187,1,0.29563440054887247,0.5803921568627451,0.516820987654321,-0.427975241697016,-0.42441929227229824,-0.10953140640640636,-0.11366484928244633,0.9632091386699034,0.9601792973366059,-0.12423873066638028,0.12844759539774211,0.09173311424792008,0
187,2,0.29563440054887247,0.5803921568627451,0.516820987654321,-0.427975241697016,-0.42441929227229824,-0.10953140640640636,-0.11366484928244633,0.9632091386699034,0.9601792973366059,-0.12423873066638028,0.12844759539774211,0.09173311424792008,0
188,0,0.29563440054887247,0.5803921568627451,0.516820987654321,-0.427975241697016,-0.42441929227229824,-0.10953140640640636,-0.11366484928244633,0.9632091386699034,0.9601792973366059,-0.12423873066638028,0.12844759539774211,0.09173311424792008,0
188,1,0.29563440054887247,0.5803921568627451,0.516820987654321,-0.427975241697016,-0.42441929227229824,-0.10953140640640636,-0.11366484928244633,0.9632091386699034,0.9601792973366059,-0.12423873066638028,0.12844759539774211,0.09173311424792008,0
188,2,0.29563440054887247,0.5803921568627451,0.516820987654321,-0.427975241697016,-0.42441929227229824,-0.10953140640640636,-0.11366484928244633,0.9632091386699034,0.9601792973366059,-0.12423873066638028,0.12844759539774211,0.09173311424792008,0
189,0,0.29563440054887247,0.5803921568627451,0.516820987654321,-0.427975241697016,-0.42441929227229824,-0.10953140640640636,-0.11366484928244633,0.9632091386699034,0.9601792973366059,-0.12423873066638028,0.12844759539774211,0.09173311424792008,0
189,1,0.29563440054887247,0.5803921568627451,0.516820987654321,-0.427975241697016,-0.42441929227229824,-0.10953140640640636,-0.11366484928244633,0.9632091386699034,0.9601792973366059,-0.12423873066638028,0.12844759539774211,0.09173311424792008,0
189,2,0.29563440054887247,0.5803921568627451,0.516820987654321,-0.427975241697016,-0.42441929227229824,-0.10953140640640636,-0.11366484928244633,0.9632091386699034,0.9601792973366059,-0.12423873066638028,0.12844759539774211,0.09173311424792008,0
190,0,0.29563440054887247,0.5803921568627451,0.516820987654321,-0.427975241697016,-0.42441929227229824,-0.10953140640640636,-0.11366484928244633,0.9632091386699034,0.9601792973366059,-0.12423873066638028,0.12844759539774211,0.09173311424792008,0
190,1,0.29563440054887247,0.5803921568627451,0.516820987654321,-0.427975241697016,-0.42441929227229824,-0.10953140640640636,-0.11366484928244633,0.9632091386699034,0.9601792973366059,-0.12423873066638028,0.12844759539774211,0.09173311424792008,0
190,2,0.29563440054887247,0.5803921568627451,0.516820987654321,-0.427975241697016,-0.42441929227229824,-0.10953140640640636,-0.11366484928244633,0.9632091386699034,0.9601792973366059,-0.12423873066638028,0.12844759539774211,0.09173311424792008,0
191,0,0.29563440054887247,0.5803921568627451,0.516820987654321,-0.427975241697016,-0.42441929227229824,-0.10953140640640636,-0.11366484928244633,0.9632091386699034,0.9601792973366059,-0.12423873066638028,0.12844759539774211,0.09173311424792008,0
191,1,0.29289509695394544,0.5757281553398058,0.5182758000719166,-0.4348663454606545,-0.427975241697016,-0.09979076884641795,-0.10953140640640636,0.9656462717446335,0.9632091386699034,-0.11949706459784029,0.15512883010910797,0.08026542607953228,0
191,2,0.29289509695394544,0.5757281553398058,0.5182758000719166,-0.4348663454606545,-0.427975241697016,-0.09979076884641795,-0.10953140640640636,0.9656462717446335,0.9632091386699034,-0.11949706459784029,0.15512883010910797,0.08026542607953228,0
192,0,0.2946438998465798,0.5778846153846154,0.5197026353276353,-0.4330529040692127,-0.4348663454606545,-0.10068096382572274,-0.09979076884641795,0.9612984205188645,0.9656462717446335,-0.09130429754846206,0.09637311721711642,0.1071215598344383,2
192,1,0.2946438998465798,0.5778846153846154,0.5197026353276353,-0.4330529040692127,-0.4348663454606545,-0.10068096382572274,-0.09979076884641795,0.9612984205188645,0.9656462717446335,-0.09130429754846206,0.09637311721711642,0.1071215598344383,2
192,2,0.2946438998465798,0.5778846153846154,0.5197026353276353,-0.4330529040692127,-0.4348663454606545,-0.10068096382572274,-0.09979076884641795,0.9612984205188645,0.9656462717446335,-0.09130429754846206,0.09637311721711642,0.1071215598344383,2
193,0,0.29196620680300656,0.5733333333333334,0.5211022927689594,-0.4397142157030283,-0.4330529040692127,-0.09110065214716395,-0.10068096382572274,0.9636975786042558,0.9612984205188645,-0.1191932646831301,0.15329049307052492,0.0727433406512438,0
193,1,0.29196620680300656,0.5733333333333334,0.5211022927689594,-0.4397142157030283,-0.4330529040692127,-0.09110065214716395,-0.10068096382572274,0.9636975786042558,0.9612984205188645,-0.1191932646831301,0.15329049307052492,0.0727433406512438,0
193,2,0.2946724435217827,0.5764150943396227,0.521427323549965,-0.43487341339229585,-0.4397142157030283,-0.09539613263017532,-0.09110065214716395,0.9561214732215472,0.9636975786042558,-0.08484778923458283,0.09031839537853506,0.1293252092963783,2
194,0,0.2946724435217827,0.5764150943396227,0.521427323549965,-0.43487341339229585,-0.4397142157030283,-0.09539613263017532,-0.09110065214716395,0.9561214732215472,0.9636975786042558,-0.08484778923458283,0.09031839537853506,0.1293252092963783,2
194,1,0.2946724435217827,0.5764150943396227,0.521427323549965,-0.43487341339229585,-0.4397142157030283,-0.09539613263017532,-0.09110065214716395,0.9561214732215472,0.9636975786042558,-0.08484778923458283,0.09031839537853506,0.1293252092963783,2
194,2,0.2919454944026567,0.5719626168224299,0.5165541709934233,-0.4348211459774008,-0.43487341339229585,-0.09687424352457039,-0.09539613263017532,0.959141784300217,0.9561214732215472,-0.12416248862935877,0.09989546517020989,0.1111647760694888,2
195,0,0.2919454944026567,0.5719626168224299,0.5165541709934233,-0.4348211459774008,-0.43487341339229585,-0.09687424352457039,-0.09539613263017532,0.959141784300217,0.9561214732215472,-0.12416248862935877,0.09989546517020989,0.1111647760694888,2
195,1,0.2919454944026567,0.5719626168224299,0.5165541709934233,-0.4348211459774008,-0.43487341339229585,-0.09687424352457039,-0.09539613263017532,0.959141784300217,0.9561214732215472,-0.12416248862935877,0.09989546517020989,0.1111647760694888,2
195,2,0.2906750475936733,0.5694444444444444,0.5200017146776406,-0.44101136709930167,-0.4348211459774008,-0.08682625715146045,-0.09687424352457039,0.9590413733773779,0.959141784300217,-0.09979917815432185,0.149521768975207,0.07133077413879871,0
196,0,0.2906750475936733,0.5694444444444444,0.5200017146776406,-0.44101136709930167,-0.4348211459774008,-0.08682625715146045,-0.09687424352457039,0.9590413733773779,0.959141784300217,-0.09979917815432185,0.149521768975207,0.07133077413879871,0
196,1,0.2906750475936733,0.5694444444444444,0.5200017146776406,-0.44101136709930167,-0.4348211459774008,-0.08682625715146045,-0.09687424352457039,0.9590413733773779,0.959141784300217,-0.09979917815432185,0.149521768975207,0.07133077413879871,0
196,2,0.2928165630001623,0.5724770642201835,0.5199881073734284,-0.43687834616210425,-0.44101136709930167,-0.0916874406457742,-0.08682625715146045,0.9550706365604948,0.9590413733773779,-0.09205852636623382,0.09173395812560517,0.13255854541223686,2
197,0,0.2928165630001623,0.5724770642201835,0.5199881073734284,-0.43687834616210425,-0.44101136709930167,-0.0916874406457742,-0.08682625715146045,0.9550706365604948,0.9590413733773779,-0.09205852636623382,0.09173395812560517,0.13255854541223686,2
197,1,0.29035786631320665,0.5681818181818182,0.5152609427609427,-0.43648384300705806,-0.43687834616210425,-0.09314074074074093,-0.0916874406457742,0.9568328745360223,0.9550706365604948,-0.1140979038042195,0.09921099368990763,0.1109876657335713,2
197,2,0.29035786631320665,0.5681818181818182,0.5152609427609427,-0.43648384300705806,-0.43687834616210425,-0.09314074074074093,-0.0916874406457742,0.9568328745360223,0.9550706365604948,-0.1140979038042195,0.09921099368990763,0.1109876657335713,2
198,0,0.29258902916977125,0.5720720720720721,0.515724057390724,-0.432663601829807,-0.43648384300705806,-0.09849810440361634,-0.09314074074074093,0.9552068431798042,0.9568328745360223,-0.09674793728756384,0.09235951764549791,0.14043004126547426,2
198,1,0.29258902916977125,0.5720720720720721,0.515724057390724,-0.432663601829807,-0.43648384300705806,-0.09849810440361634,-0.09314074074074093,0.9552068431798042,0.9568328745360223,-0.09674793728756384,0.09235951764549791,0.14043004126547426,2
198,2,0.29258902916977125,0.5720720720720721,0.515724057390724,-0.432663601829807,-0.43648384300705806,-0.09849810440361634,-0.09314074074074093,0.9552068431798042,0.9568328745360223,-0.09674793728756384,0.09235951764549791,0.14043004126547426,2
199,0,0.29258902916977125,0.5720720720720721,0.515724057390724,-0.432663601829807,-0.43648384300705806,-0.09849810440361634,-0.09314074074074093,0.9552068431798042,0.9568328745360223,-0.09674793728756384,0.09235951764549791,0.14043004126547426,2
199,1,0.2902762088453157,0.56875,0.5126074735449736,-0.4337261475376279,-0.432663601829807,-0.09871213442642,-0.09849810440361634,0.9593407336495815,0.9552068431798042,-0.13307112375821842,0.10850036566256707,0.10169770578213873,0
199,2,0.2902762088453157,0.56875,0.5126074735449736,-0.4337261475376279,-0.432663601829807,-0.09871213442642,-0.09849810440361634,0.9593407336495815,0.9552068431798042,-0.13307112375821842,0.10850036566256707,0.10169770578213873,0
200,0,0.291575342322352,0.572566371681416,0.5116109472304162,-0.4300838480865538,-0.4337261475376279,-0.10646001488350809,-0.09871213442642,0.9636995608785517,0.9593407336495815,-0.1348706178317615,0.09271540109785184,0.16198304365670468,2
200,1,0.291575342322352,0.572566371681416,0.5116109472304162,-0.4300838480865538,-0.4337261475376279,-0.10646001488350809,-0.09871213442642,0.9636995608785517,0.9593407336495815,-0.1348706178317615,0.09271540109785184,0.16198304365670468,2
200,2,0.291575342322352,0.572566371681416,0.5116109472304162,-0.4300838480865538,-0.4337261475376279,-0.10646001488350809,-0.09871213442642,0.9636995608785517,0.9593407336495815,-0.1348706178317615,0.09271540109785184,0.16198304365670468,2
