step,agente,lucro,variabilidade,sustentabilidade,erroEls,erro_anteriorEls,erroEsv,erro_anteriorEsv,erroEvl,erro_anteriorEvl,saidaEvl,saidaEls,saidaEsv,fila
1,0,0,0,0,0,0,0,0,0,0,0,0,0,0
1,1,0.7875339637292741,1.0,0.7666666666666666,0.027218213559922804,0,-0.2333333333333334,0,0.26978650579667457,0,-0.5,-0.0761605957652424,0.5,2
1,2,0.7875339637292741,1.0,0.7666666666666666,0.027218213559922804,0.027218213559922804,-0.2333333333333334,-0.2333333333333334,0.26978650579667457,0.26978650579667457,-0.1,-0.05443642711984561,0.1,2
2,0,0.7875339637292741,1.0,0.7666666666666666,0.027218213559922804,0.027218213559922804,-0.2333333333333334,-0.2333333333333334,0.26978650579667457,0.26978650579667457,-0.1,-0.05443642711984561,0.1,2
2,1,0.6346025571240175,0.9,0.7166666666666667,-0.11450805982695238,0.027218213559922804,-0.20370370370370372,-0.2333333333333334,0.41821048449402504,0.26978650579667457,-0.5,0.5,0.04074074074074066,0
2,2,0.5905448517928077,0.9,0.6382716049382716,-0.07477499042132646,-0.11450805982695238,-0.2908093278463649,-0.20370370370370372,0.5240163338444689,0.41821048449402504,-0.5,0.029112061700123988,0.5,2
3,0,0.5905448517928077,0.9,0.6382716049382716,-0.07477499042132646,-0.07477499042132646,-0.2908093278463649,-0.2908093278463649,0.5240163338444689,0.5240163338444689,-0.1,0.10000000000000002,0.1,0
3,1,0.5905448517928077,0.9,0.6382716049382716,-0.07477499042132646,-0.07477499042132646,-0.2908093278463649,-0.2908093278463649,0.5240163338444689,0.5240163338444689,-0.1,0.10000000000000002,0.1,0
3,2,0.5905448517928077,0.9,0.6382716049382716,-0.07477499042132646,-0.07477499042132646,-0.2908093278463649,-0.2908093278463649,0.5240163338444689,0.5240163338444689,-0.1,0.10000000000000002,0.1,0
4,0,0.5905448517928077,0.9,0.6382716049382716,-0.07477499042132646,-0.07477499042132646,-0.2908093278463649,-0.2908093278463649,0.5240163338444689,0.5240163338444689,-0.1,0.10000000000000002,0.1,0
4,1,0.5905448517928077,0.9,0.6382716049382716,-0.07477499042132646,-0.07477499042132646,-0.2908093278463649,-0.2908093278463649,0.5240163338444689,0.5240163338444689,-0.1,0.10000000000000002,0.1,0
4,2,0.5905448517928077,0.9,0.6382716049382716,-0.07477499042132646,-0.07477499042132646,-0.2908093278463649,-0.2908093278463649,0.5240163338444689,0.5240163338444689,-0.1,0.10000000000000002,0.1,0
5,0,0.5905448517928077,0.9,0.6382716049382716,-0.07477499042132646,-0.07477499042132646,-0.2908093278463649,-0.2908093278463649,0.5240163338444689,0.5240163338444689,-0.1,0.10000000000000002,0.1,0
5,1,0.5905448517928077,0.9,0.6382716049382716,-0.07477499042132646,-0.07477499042132646,-0.2908093278463649,-0.2908093278463649,0.5240163338444689,0.5240163338444689,-0.1,0.10000000000000002,0.1,0
5,2,0.5495310494995471,0.925,0.5620370370370371,-0.022251180462090923,-0.07477499042132646,-0.3923923923923923,-0.2908093278463649,0.6832533863962538,0.5240163338444689,-0.5,-0.05499353022343246,0.5,2
6,0,0.5495310494995471,0.925,0.5620370370370371,-0.022251180462090923,-0.022251180462090923,-0.3923923923923923,-0.3923923923923923,0.6832533863962538,0.6832533863962538,-0.1,0.044502360924181854,0.1,2
6,1,0.5321725709374611,0.9,0.5579629629629631,-0.046222408542220705,-0.022251180462090923,-0.3800411522633743,-0.3923923923923923,0.6911807356297675,0.6832533863962538,-0.16341879386810945,0.09343657466379433,0.075297519741964,0
6,2,0.5018274627073894,0.8833333333333333,0.5344135802469137,-0.06097546683688044,-0.046222408542220705,-0.3950034940600977,-0.3800411522633743,0.7602331458061237,0.6911807356297675,-0.5,0.1610163970165851,0.21969873437378717,2
7,0,0.4436925255654275,0.7999999999999999,0.5215608465608466,-0.14929863219005027,-0.06097546683688044,-0.34804894179894175,-0.3950034940600977,0.8030504322345878,0.7602331458061237,-0.4425382914277133,0.5,0.006090895477688063,0
7,1,0.4436925255654275,0.7999999999999999,0.5215608465608466,-0.14929863219005027,-0.14929863219005027,-0.34804894179894175,-0.34804894179894175,0.8030504322345878,0.8030504322345878,-0.1,0.1,0.1,0
7,2,0.4436925255654275,0.7999999999999999,0.5215608465608466,-0.14929863219005027,-0.14929863219005027,-0.34804894179894175,-0.34804894179894175,0.8030504322345878,0.8030504322345878,-0.1,0.1,0.1,0
8,0,0.4436925255654275,0.7999999999999999,0.5215608465608466,-0.14929863219005027,-0.14929863219005027,-0.34804894179894175,-0.34804894179894175,0.8030504322345878,0.8030504322345878,-0.1,0.1,0.1,0
8,1,0.4436925255654275,0.7999999999999999,0.5215608465608466,-0.14929863219005027,-0.14929863219005027,-0.34804894179894175,-0.34804894179894175,0.8030504322345878,0.8030504322345878,-0.1,0.1,0.1,0
8,2,0.4436925255654275,0.7999999999999999,0.5215608465608466,-0.14929863219005027,-0.14929863219005027,-0.34804894179894175,-0.34804894179894175,0.8030504322345878,0.8030504322345878,-0.1,0.1,0.1,0
9,0,0.3983393213879503,0.7375,0.5119212962962963,-0.22187390079315164,-0.14929863219005027,-0.30586942875078466,-0.34804894179894175,0.8514366029200885,0.8030504322345878,-0.4870893654840053,0.5,0.01564097390368582,0
9,1,0.3983393213879503,0.7375,0.5119212962962963,-0.22187390079315164,-0.22187390079315164,-0.30586942875078466,-0.30586942875078466,0.8514366029200885,0.8514366029200885,-0.1,0.1,0.1,0
9,2,0.3983393213879503,0.7375,0.5119212962962963,-0.22187390079315164,-0.22187390079315164,-0.30586942875078466,-0.30586942875078466,0.8514366029200885,0.8514366029200885,-0.1,0.1,0.1,0
10,0,0.3983393213879503,0.7375,0.5119212962962963,-0.22187390079315164,-0.22187390079315164,-0.30586942875078466,-0.30586942875078466,0.8514366029200885,0.8514366029200885,-0.1,0.1,0.1,0
10,1,0.3983393213879503,0.7375,0.5119212962962963,-0.22187390079315164,-0.22187390079315164,-0.30586942875078466,-0.30586942875078466,0.8514366029200885,0.8514366029200885,-0.1,0.1,0.1,0
10,2,0.36110603120478924,0.6888888888888889,0.5044238683127573,-0.28412183901477656,-0.22187390079315164,-0.2677718040621265,-0.30586942875078466,0.9077191444033471,0.8514366029200885,-0.5,0.5,0.023804750622683637,0
11,0,0.36110603120478924,0.6888888888888889,0.5044238683127573,-0.28412183901477656,-0.28412183901477656,-0.2677718040621265,-0.2677718040621265,0.9077191444033471,0.9077191444033471,-0.1,0.1,0.1,0
11,1,0.36110603120478924,0.6888888888888889,0.5044238683127573,-0.28412183901477656,-0.28412183901477656,-0.2677718040621265,-0.2677718040621265,0.9077191444033471,0.9077191444033471,-0.1,0.1,0.1,0
11,2,0.3760562146203018,0.7100000000000001,0.5169444444444445,-0.272540369353527,-0.28412183901477656,-0.27190923317683874,-0.2677718040621265,0.8880156008507297,0.9077191444033471,-0.06059291289476523,0.07683706067750087,0.13309943291769813,2
12,0,0.3760562146203018,0.7100000000000001,0.5169444444444445,-0.272540369353527,-0.272540369353527,-0.27190923317683874,-0.27190923317683874,0.8880156008507297,0.8880156008507297,-0.1,0.1,0.1,0
12,1,0.3760562146203018,0.7100000000000001,0.5169444444444445,-0.272540369353527,-0.272540369353527,-0.27190923317683874,-0.27190923317683874,0.8880156008507297,0.8880156008507297,-0.1,0.1,0.1,0
12,2,0.3760562146203018,0.7100000000000001,0.5169444444444445,-0.272540369353527,-0.272540369353527,-0.27190923317683874,-0.27190923317683874,0.8880156008507297,0.8880156008507297,-0.1,0.1,0.1,0
13,0,0.3843742103654631,0.7272727272727273,0.5238215488215489,-0.2662115347675235,-0.272540369353527,-0.27974537037037034,-0.27190923317683874,0.892095535184934,0.8880156008507297,-0.13263947467363427,0.08734233082799306,0.1626890975482528,2
13,1,0.3843742103654631,0.7272727272727273,0.5238215488215489,-0.2662115347675235,-0.2662115347675235,-0.27974537037037034,-0.27974537037037034,0.892095535184934,0.892095535184934,-0.1,0.1,0.1,0
13,2,0.3843742103654631,0.7272727272727273,0.5238215488215489,-0.2662115347675235,-0.2662115347675235,-0.27974537037037034,-0.27974537037037034,0.892095535184934,0.892095535184934,-0.1,0.1,0.1,0
14,0,0.38949806064569753,0.75,0.5190586419753087,-0.24960682830857153,-0.2662115347675235,-0.3079218106995884,-0.27974537037037034,0.9255551587514295,0.892095535184934,-0.3676769885319636,0.06679058708209604,0.3254115226337445,2
14,1,0.37178753881198084,0.7153846153846154,0.538960113960114,-0.31017615370421425,-0.24960682830857153,-0.24661489446435678,-0.3079218106995884,0.9241758819313127,0.9255551587514295,-0.09724144635976653,0.5,0.0,0
14,2,0.37178753881198084,0.7153846153846154,0.538960113960114,-0.31017615370421425,-0.31017615370421425,-0.24661489446435678,-0.24661489446435678,0.9241758819313127,0.9241758819313127,-0.1,0.1,0.1,0
15,0,0.3607931743981446,0.7214285714285715,0.5272486772486773,-0.31570587093578195,-0.31017615370421425,-0.2691602493582692,-0.24661489446435678,0.9995626930360284,0.9241758819313127,-0.5,0.1442377378525416,0.2803628391512995,2
15,1,0.35517042533181925,0.7266666666666668,0.5170987654320988,-0.3131477986898088,-0.31570587093578195,-0.28839619435949726,-0.2691602493582692,1.0459661470624302,0.9995626930360284,-0.4712276322112142,0.0948838555080537,0.2538875600098244,2
15,2,0.33457245514813605,0.6937500000000001,0.5160300925925926,-0.35164158069308166,-0.3131477986898088,-0.2561728395061729,-0.28839619435949726,1.073541887041579,1.0459661470624302,-0.32060591983319,0.40795025602618284,0.035553290293351324,0
16,0,0.33457245514813605,0.6937500000000001,0.5160300925925926,-0.35164158069308166,-0.35164158069308166,-0.2561728395061729,-0.2561728395061729,1.073541887041579,1.073541887041579,-0.1,0.1,0.1,0
16,1,0.33457245514813605,0.6937500000000001,0.5160300925925926,-0.35164158069308166,-0.35164158069308166,-0.2561728395061729,-0.2561728395061729,1.073541887041579,1.073541887041579,-0.1,0.1,0.1,0
16,2,0.33457245514813605,0.6937500000000001,0.5160300925925926,-0.35164158069308166,-0.35164158069308166,-0.2561728395061729,-0.2561728395061729,1.073541887041579,1.073541887041579,-0.1,0.1,0.1,0
17,0,0.33457245514813605,0.6937500000000001,0.5160300925925926,-0.35164158069308166,-0.35164158069308166,-0.2561728395061729,-0.2561728395061729,1.073541887041579,1.073541887041579,-0.1,0.1,0.1,0
17,1,0.33457245514813605,0.6937500000000001,0.5160300925925926,-0.35164158069308166,-0.35164158069308166,-0.2561728395061729,-0.2561728395061729,1.073541887041579,1.073541887041579,-0.1,0.1,0.1,0
17,2,0.34293020620360976,0.7000000000000002,0.5248910675381263,-0.3466640462905182,-0.35164158069308166,-0.25015561780267687,-0.2561728395061729,1.0412316772830024,1.073541887041579,-0.03537958048284686,0.09004493119487314,0.0879655565930079,0
18,0,0.34293020620360976,0.7000000000000002,0.5248910675381263,-0.3466640462905182,-0.3466640462905182,-0.25015561780267687,-0.25015561780267687,1.0412316772830024,1.0412316772830024,-0.1,0.1,0.1,0
18,1,0.3526694525110073,0.7111111111111112,0.5286522633744855,-0.33288954395115467,-0.3466640462905182,-0.25658275462963,-0.25015561780267687,1.0163671847618174,1.0412316772830024,-0.05027101495763012,0.07245099532127289,0.15141709461562494,2
18,2,0.35583495637067974,0.7157894736842106,0.5337231968810915,-0.33329681293587016,-0.33288954395115467,-0.2543572984749458,-0.25658275462963,1.0115771676421799,1.0163671847618174,-0.09041996576072489,0.10325815187772394,0.09554908769063167,0
19,0,0.35583495637067974,0.7157894736842106,0.5337231968810915,-0.33329681293587016,-0.33329681293587016,-0.2543572984749458,-0.2543572984749458,1.0115771676421799,1.0115771676421799,-0.1,0.1,0.1,0
19,1,0.35583495637067974,0.7157894736842106,0.5337231968810915,-0.33329681293587016,-0.33329681293587016,-0.2543572984749458,-0.2543572984749458,1.0115771676421799,1.0115771676421799,-0.1,0.1,0.1,0
19,2,0.35583495637067974,0.7157894736842106,0.5337231968810915,-0.33329681293587016,-0.33329681293587016,-0.2543572984749458,-0.2543572984749458,1.0115771676421799,1.0115771676421799,-0.1,0.1,0.1,0
20,0,0.35583495637067974,0.7157894736842106,0.5337231968810915,-0.33329681293587016,-0.33329681293587016,-0.2543572984749458,-0.2543572984749458,1.0115771676421799,1.0115771676421799,-0.1,0.1,0.1,0
20,1,0.35583495637067974,0.7157894736842106,0.5337231968810915,-0.33329681293587016,-0.33329681293587016,-0.2543572984749458,-0.2543572984749458,1.0115771676421799,1.0115771676421799,-0.1,0.1,0.1,0
20,2,0.3389868439834563,0.6850000000000002,0.507037037037037,-0.3314357350216712,-0.33329681293587016,-0.2597999459313331,-0.2543572984749458,1.0207273885632873,1.0115771676421799,-0.1732017673688592,0.09627784417160204,0.14354117965109828,2
21,0,0.3389868439834563,0.6850000000000002,0.507037037037037,-0.3314357350216712,-0.3314357350216712,-0.2597999459313331,-0.2597999459313331,1.0207273885632873,1.0207273885632873,-0.1,0.1,0.1,0
21,1,0.3389868439834563,0.6850000000000002,0.507037037037037,-0.3314357350216712,-0.3314357350216712,-0.2597999459313331,-0.2597999459313331,1.0207273885632873,1.0207273885632873,-0.1,0.1,0.1,0
21,2,0.3250193525799829,0.6571428571428573,0.4987654320987654,-0.3483522881440937,-0.3314357350216712,-0.24100912506709626,-0.2597999459313331,1.0218576276350906,1.0207273885632873,-0.10904191257442655,0.23533242497938012,0.062418358271526336,0
22,0,0.3250193525799829,0.6571428571428573,0.4987654320987654,-0.3483522881440937,-0.3483522881440937,-0.24100912506709626,-0.24100912506709626,1.0218576276350906,1.0218576276350906,-0.1,0.1,0.1,0
22,1,0.3250193525799829,0.6571428571428573,0.4987654320987654,-0.3483522881440937,-0.3483522881440937,-0.24100912506709626,-0.24100912506709626,1.0218576276350906,1.0218576276350906,-0.1,0.1,0.1,0
22,2,0.3250193525799829,0.6571428571428573,0.4987654320987654,-0.3483522881440937,-0.3483522881440937,-0.24100912506709626,-0.24100912506709626,1.0218576276350906,1.0218576276350906,-0.1,0.1,0.1,0
23,0,0.3250193525799829,0.6571428571428573,0.4987654320987654,-0.3483522881440937,-0.3483522881440937,-0.24100912506709626,-0.24100912506709626,1.0218576276350906,1.0218576276350906,-0.1,0.1,0.1,0
23,1,0.3250193525799829,0.6571428571428573,0.4987654320987654,-0.3483522881440937,-0.3483522881440937,-0.24100912506709626,-0.24100912506709626,1.0218576276350906,1.0218576276350906,-0.1,0.1,0.1,0
23,2,0.31806173213566774,0.6363636363636365,0.513973063973064,-0.38117042617560876,-0.3483522881440937,-0.19232804232804246,-0.24100912506709626,1.0007551115649416,1.0218576276350906,-0.05779496785970198,0.3625451042521205,0.0026378345218923908,0
24,0,0.31806173213566774,0.6363636363636365,0.513973063973064,-0.38117042617560876,-0.38117042617560876,-0.19232804232804246,-0.19232804232804246,1.0007551115649416,1.0007551115649416,-0.1,0.1,0.1,0
24,1,0.31806173213566774,0.6363636363636365,0.513973063973064,-0.38117042617560876,-0.38117042617560876,-0.19232804232804246,-0.19232804232804246,1.0007551115649416,1.0007551115649416,-0.1,0.1,0.1,0
24,2,0.3257583202761664,0.6478260869565219,0.5190016103059581,-0.372336590470061,-0.38117042617560876,-0.19885657469550103,-0.19232804232804246,0.9886708846218196,1.0007551115649416,-0.07583154611375612,0.08233232858890452,0.15222825893966854,2
25,0,0.3257583202761664,0.6478260869565219,0.5190016103059581,-0.372336590470061,-0.372336590470061,-0.19885657469550103,-0.19885657469550103,0.9886708846218196,0.9886708846218196,-0.1,0.1,0.1,0
25,1,0.32983279218622846,0.6541666666666667,0.5251543209876544,-0.3719316798804701,-0.372336590470061,-0.1972163246048596,-0.19885657469550103,0.9833281655552142,0.9886708846218196,-0.08931456186678913,0.09919017882081818,0.09671949981871716,0
25,2,0.32983279218622846,0.6541666666666667,0.5251543209876544,-0.3719316798804701,-0.3719316798804701,-0.1972163246048596,-0.1972163246048596,0.9833281655552142,0.9833281655552142,-0.1,0.1,0.1,0
26,0,0.32983279218622846,0.6541666666666667,0.5251543209876544,-0.3719316798804701,-0.3719316798804701,-0.1972163246048596,-0.1972163246048596,0.9833281655552142,0.9833281655552142,-0.1,0.1,0.1,0
26,1,0.32983279218622846,0.6541666666666667,0.5251543209876544,-0.3719316798804701,-0.3719316798804701,-0.1972163246048596,-0.1972163246048596,0.9833281655552142,0.9833281655552142,-0.1,0.1,0.1,0
26,2,0.32983279218622846,0.6541666666666667,0.5251543209876544,-0.3719316798804701,-0.3719316798804701,-0.1972163246048596,-0.1972163246048596,0.9833281655552142,0.9833281655552142,-0.1,0.1,0.1,0
27,0,0.3384535592427177,0.6679999999999999,0.5268148148148148,-0.3575473777029403,-0.3719316798804701,-0.21135506764249265,-0.1972163246048596,0.9736828931408937,0.9833281655552142,-0.0807094551713591,0.07123139564494044,0.2131099443010644,2
27,1,0.3384535592427177,0.6679999999999999,0.5268148148148148,-0.3575473777029403,-0.3575473777029403,-0.21135506764249265,-0.21135506764249265,0.9736828931408937,0.9736828931408937,-0.1,0.1,0.1,0
27,2,0.3384535592427177,0.6679999999999999,0.5268148148148148,-0.3575473777029403,-0.3575473777029403,-0.21135506764249265,-0.21135506764249265,0.9736828931408937,0.9736828931408937,-0.1,0.1,0.1,0
28,0,0.3384535592427177,0.6679999999999999,0.5268148148148148,-0.3575473777029403,-0.3575473777029403,-0.21135506764249265,-0.21135506764249265,0.9736828931408937,0.9736828931408937,-0.1,0.1,0.1,0
28,1,0.3384535592427177,0.6679999999999999,0.5268148148148148,-0.3575473777029403,-0.3575473777029403,-0.21135506764249265,-0.21135506764249265,0.9736828931408937,0.9736828931408937,-0.1,0.1,0.1,0
28,2,0.3384535592427177,0.6679999999999999,0.5268148148148148,-0.3575473777029403,-0.3575473777029403,-0.21135506764249265,-0.21135506764249265,0.9736828931408937,0.9736828931408937,-0.1,0.1,0.1,0
29,0,0.3384535592427177,0.6679999999999999,0.5268148148148148,-0.3575473777029403,-0.3575473777029403,-0.21135506764249265,-0.21135506764249265,0.9736828931408937,0.9736828931408937,-0.1,0.1,0.1,0
29,1,0.32639379133120056,0.6461538461538462,0.5065527065527066,-0.3556568011403184,-0.3575473777029403,-0.2160493827160494,-0.21135506764249265,0.9796756657609841,0.9736828931408937,-0.14794218096072279,0.09621884687475615,0.137554520588454,2
29,2,0.31460322793826406,0.625925925925926,0.512482853223594,-0.3861195043709998,-0.3556568011403184,-0.18124041200964283,-0.2160493827160494,0.9895724847704173,0.9796756657609841,-0.17917455207546543,0.34370162584545116,0.030382058587186872,0
30,0,0.3069516480072502,0.6107142857142858,0.5060846560846561,-0.39347766363439324,-0.3861195043709998,-0.1713233701537795,-0.18124041200964283,0.9896107080026514,0.9895724847704173,-0.100305785857873,0.1588652741071476,0.08016591628827333,0
30,1,0.3069516480072502,0.6107142857142858,0.5060846560846561,-0.39347766363439324,-0.39347766363439324,-0.1713233701537795,-0.1713233701537795,0.9896107080026514,0.9896107080026514,-0.1,0.1,0.1,0
30,2,0.3069516480072502,0.6107142857142858,0.5060846560846561,-0.39347766363439324,-0.39347766363439324,-0.1713233701537795,-0.1713233701537795,0.9896107080026514,0.9896107080026514,-0.1,0.1,0.1,0
31,0,0.29808592700076136,0.596551724137931,0.5001277139208175,-0.4039803860020528,-0.39347766363439324,-0.16163562406336954,-0.1713233701537795,1.00127436454391,0.9896107080026514,-0.1933092523300685,0.1840217789412767,0.0806245078191801,0
31,1,0.30183951251208246,0.6033333333333334,0.5001234567901235,-0.3964699947302227,-0.4039803860020528,-0.17106609371802745,-0.16163562406336954,0.9988547169058335,1.00127436454391,-0.0951607047238471,0.08497921745633977,0.1754437572372633,2
31,2,0.30183951251208246,0.6033333333333334,0.5001234567901235,-0.3964699947302227,-0.3964699947302227,-0.17106609371802745,-0.17106609371802745,0.9988547169058335,0.9988547169058335,-0.1,0.1,0.1,0
32,0,0.30183951251208246,0.6033333333333334,0.5001234567901235,-0.3964699947302227,-0.3964699947302227,-0.17106609371802745,-0.17106609371802745,0.9988547169058335,0.9988547169058335,-0.1,0.1,0.1,0
32,1,0.30183951251208246,0.6033333333333334,0.5001234567901235,-0.3964699947302227,-0.3964699947302227,-0.17106609371802745,-0.17106609371802745,0.9988547169058335,0.9988547169058335,-0.1,0.1,0.1,0
32,2,0.30183951251208246,0.6033333333333334,0.5001234567901235,-0.3964699947302227,-0.3964699947302227,-0.17106609371802745,-0.17106609371802745,0.9988547169058335,0.9988547169058335,-0.1,0.1,0.1,0
33,0,0.30183951251208246,0.6033333333333334,0.5001234567901235,-0.3964699947302227,-0.3964699947302227,-0.17106609371802745,-0.17106609371802745,0.9988547169058335,0.9988547169058335,-0.1,0.1,0.1,0
33,1,0.2923568824274364,0.5903225806451613,0.4839904420549582,-0.39594492571768886,-0.3964699947302227,-0.1801254806719287,-0.17106609371802745,1.019184825558812,0.9988547169058335,-0.26264086922382857,0.0989498619749323,0.17247509563121016,2
33,2,0.2923568824274364,0.5903225806451613,0.4839904420549582,-0.39594492571768886,-0.39594492571768886,-0.1801254806719287,-0.1801254806719287,1.019184825558812,1.019184825558812,-0.1,0.1,0.1,0
34,0,0.2923568824274364,0.5903225806451613,0.4839904420549582,-0.39594492571768886,-0.39594492571768886,-0.1801254806719287,-0.1801254806719287,1.019184825558812,1.019184825558812,-0.1,0.1,0.1,0
34,1,0.2833666321354991,0.5750000000000001,0.4792824074074074,-0.4087689684494778,-0.39594492571768886,-0.16646537842190026,-0.1801254806719287,1.0291732857418754,1.019184825558812,-0.17990768146450656,0.20259234185431152,0.0726797954999431,0
34,2,0.2755180677629496,0.5666666666666668,0.4748597081930415,-0.4197905970768421,-0.4087689684494778,-0.16201227965933865,-0.16646537842190026,1.056731419712974,1.0291732857418754,-0.320465071768789,0.1881730290189142,0.09109380247487678,0
35,0,0.2799713367865917,0.573529411764706,0.47805010893246186,-0.41434730051249585,-0.4197905970768421,-0.16647673314339995,-0.16201227965933865,1.0485290328198098,1.056731419712974,-0.08359522621367158,0.08911340687130756,0.1357156278724904,2
35,1,0.2835318572860765,0.582857142857143,0.4844973544973544,-0.4147917328047563,-0.41434730051249585,-0.16875453885257835,-0.16647673314339995,1.055702482381212,1.0485290328198098,-0.1573875964912176,0.10355545833808347,0.11822244567342724,2
35,2,0.28996300116052826,0.588888888888889,0.4872427983539094,-0.40489012430736165,-0.4147917328047563,-0.17260656883298425,-0.16875453885257835,1.030910449029566,1.055702482381212,-0.05041593329670793,0.08019678300521074,0.13081623984324722,2
36,0,0.2926127139969848,0.5945945945945947,0.49772272272272267,-0.4120969354256366,-0.40489012430736165,-0.16292087542087572,-0.17260656883298425,1.032019000379873,1.030910449029566,-0.1088684108024566,0.1576544889461994,0.08062861317578293,0
36,1,0.2952519628770749,0.6026315789473685,0.4972953216374268,-0.40628445507005945,-0.4120969354256366,-0.1747937894226107,-0.16292087542087572,1.0410756056455683,1.032019000379873,-0.17245284212556236,0.08837503928884574,0.19498331201387992,2
36,2,0.2952519628770749,0.6026315789473685,0.4972953216374268,-0.40628445507005945,-0.40628445507005945,-0.1747937894226107,-0.1747937894226107,1.0410756056455683,1.0410756056455683,-0.1,0.1,0.1,0
37,0,0.2952519628770749,0.6026315789473685,0.4972953216374268,-0.40628445507005945,-0.40628445507005945,-0.1747937894226107,-0.1747937894226107,1.0410756056455683,1.0410756056455683,-0.1,0.1,0.1,0
37,1,0.2952519628770749,0.6026315789473685,0.4972953216374268,-0.40628445507005945,-0.40628445507005945,-0.1747937894226107,-0.1747937894226107,1.0410756056455683,1.0410756056455683,-0.1,0.1,0.1,0
37,2,0.2952519628770749,0.6026315789473685,0.4972953216374268,-0.40628445507005945,-0.40628445507005945,-0.1747937894226107,-0.1747937894226107,1.0410756056455683,1.0410756056455683,-0.1,0.1,0.1,0
38,0,0.2952519628770749,0.6026315789473685,0.4972953216374268,-0.40628445507005945,-0.40628445507005945,-0.1747937894226107,-0.1747937894226107,1.0410756056455683,1.0410756056455683,-0.1,0.1,0.1,0
38,1,0.28948866448283145,0.5923076923076923,0.493091168091168,-0.4129104652117645,-0.40628445507005945,-0.1675084175084177,-0.1747937894226107,1.0460479631071011,1.0410756056455683,-0.13977885969226236,0.15300808113364042,0.08542925617161398,0
38,2,0.28948866448283145,0.5923076923076923,0.493091168091168,-0.4129104652117645,-0.4129104652117645,-0.1675084175084177,-0.1675084175084177,1.0460479631071011,1.0460479631071011,-0.1,0.1,0.1,0
39,0,0.2969243419993082,0.6025,0.49659722222222225,-0.4020821528751171,-0.4129104652117645,-0.17577224527431998,-0.1675084175084177,1.0291364323420942,1.0460479631071011,-0.0661769384699861,0.07834337532670524,0.1661106221272183,2
39,1,0.2969243419993082,0.6025,0.49659722222222225,-0.4020821528751171,-0.4020821528751171,-0.17577224527431998,-0.17577224527431998,1.0291364323420942,1.0291364323420942,-0.1,0.1,0.1,0
39,2,0.2969243419993082,0.6025,0.49659722222222225,-0.4020821528751171,-0.4020821528751171,-0.17577224527431998,-0.17577224527431998,1.0291364323420942,1.0291364323420942,-0.1,0.1,0.1,0
40,0,0.2986098050043331,0.6073170731707318,0.4987127371273713,-0.4012388640315234,-0.4020821528751171,-0.17882641677822408,-0.17577224527431998,1.0338149082610302,1.0291364323420942,-0.137427807351488,0.09831342231281262,0.12443337203123286,2
40,1,0.3067114818763544,0.6166666666666667,0.503505291005291,-0.39084754945875755,-0.4012388640315234,-0.18350493350493363,-0.17882641677822408,1.0105757466075742,1.0338149082610302,-0.05352167669308808,0.07921737085446826,0.13742813381367638,2
40,2,0.3097036523677306,0.6255813953488373,0.5034237726098191,-0.38480526900391754,-0.39084754945875755,-0.19527054935976884,-0.18350493350493363,1.0199354788559134,1.0105757466075742,-0.17487785798671354,0.08791543909031999,0.19412492683868166,2
41,0,0.3031263603749111,0.615909090909091,0.5033459595959596,-0.3977773048615839,-0.38480526900391754,-0.18275932759327596,-0.19527054935976884,1.0318559235406832,1.0199354788559134,-0.19536355747815862,0.20377628686133098,0.07497755646701423,0
41,1,0.3041332420607042,0.6244444444444445,0.4988271604938272,-0.39030336327392556,-0.3977773048615839,-0.20116646896006324,-0.18275932759327596,1.0531936601649319,1.0318559235406832,-0.27070189299398917,0.0850521168246833,0.24725713093429824,2
41,2,0.3041332420607042,0.6244444444444445,0.4988271604938272,-0.39030336327392556,-0.39030336327392556,-0.20116646896006324,-0.20116646896006324,1.0531936601649319,1.0531936601649319,-0.1,0.1,0.1,0
42,0,0.29793192611647606,0.6130434782608696,0.48798309178743965,-0.3894626040726589,-0.39030336327392556,-0.20399921197793533,-0.20116646896006324,1.0576629240506474,1.0531936601649319,-0.13575411108572447,0.09831848159746673,0.12266194414297674,2
42,1,0.29793192611647606,0.6130434782608696,0.48798309178743965,-0.3894626040726589,-0.3894626040726589,-0.20399921197793533,-0.20399921197793533,1.0576629240506474,1.0576629240506474,-0.1,0.1,0.1,0
42,2,0.29793192611647606,0.6130434782608696,0.48798309178743965,-0.3894626040726589,-0.3894626040726589,-0.20399921197793533,-0.20399921197793533,1.0576629240506474,1.0576629240506474,-0.1,0.1,0.1,0
43,0,0.29793192611647606,0.6130434782608696,0.48798309178743965,-0.3894626040726589,-0.3894626040726589,-0.20399921197793533,-0.20399921197793533,1.0576629240506474,1.0576629240506474,-0.1,0.1,0.1,0
43,1,0.29793192611647606,0.6130434782608696,0.48798309178743965,-0.3894626040726589,-0.3894626040726589,-0.20399921197793533,-0.20399921197793533,1.0576629240506474,1.0576629240506474,-0.1,0.1,0.1,0
43,2,0.29793192611647606,0.6130434782608696,0.48798309178743965,-0.3894626040726589,-0.3894626040726589,-0.20399921197793533,-0.20399921197793533,1.0576629240506474,1.0576629240506474,-0.1,0.1,0.1,0
44,0,0.2926290128164473,0.6042553191489363,0.4917848699763594,-0.4049654011712188,-0.3894626040726589,-0.1861306729264476,-0.20399921197793533,1.064919378065762,1.0576629240506474,-0.15805163212091636,0.22402237678847914,0.06426292189702457,0
44,1,0.2926290128164473,0.6042553191489363,0.4917848699763594,-0.4049654011712188,-0.4049654011712188,-0.1861306729264476,-0.1861306729264476,1.064919378065762,1.064919378065762,-0.1,0.1,0.1,0
44,2,0.29453184318385833,0.6104166666666667,0.4915702160493827,-0.4008346446395159,-0.4049654011712188,-0.19469725698394647,-0.1861306729264476,1.07249803643683,1.064919378065762,-0.16062926696854377,0.09173848693659417,0.16853267245999087,2
45,0,0.29864071825018274,0.616326530612245,0.4913643235071807,-0.39222140484560747,-0.4008346446395159,-0.20275324993868044,-0.19469725698394647,1.063772596796143,1.07249803643683,-0.08254912071862633,0.08277352041218314,0.16444794363787177,2
45,1,0.29864071825018274,0.616326530612245,0.4913643235071807,-0.39222140484560747,-0.39222140484560747,-0.20275324993868044,-0.20275324993868044,1.063772596796143,1.063772596796143,-0.1,0.1,0.1,0
45,2,0.29864071825018274,0.616326530612245,0.4913643235071807,-0.39222140484560747,-0.39222140484560747,-0.20275324993868044,-0.20275324993868044,1.063772596796143,1.063772596796143,-0.1,0.1,0.1,0
46,0,0.29969598431652655,0.6200000000000001,0.4907037037037037,-0.3892526548006478,-0.39222140484560747,-0.2085424133811232,-0.20275324993868044,1.0687631214477056,1.063772596796143,-0.13992419721249974,0.09406249991008067,0.1463133075395421,2
46,1,0.29969598431652655,0.6200000000000001,0.4907037037037037,-0.3892526548006478,-0.3892526548006478,-0.2085424133811232,-0.2085424133811232,1.0687631214477056,1.0687631214477056,-0.1,0.1,0.1,0
46,2,0.29969598431652655,0.6200000000000001,0.4907037037037037,-0.3892526548006478,-0.3892526548006478,-0.2085424133811232,-0.2085424133811232,1.0687631214477056,1.0687631214477056,-0.1,0.1,0.1,0
47,0,0.29969598431652655,0.6200000000000001,0.4907037037037037,-0.3892526548006478,-0.3892526548006478,-0.2085424133811232,-0.2085424133811232,1.0687631214477056,1.0687631214477056,-0.1,0.1,0.1,0
47,1,0.29969598431652655,0.6200000000000001,0.4907037037037037,-0.3892526548006478,-0.3892526548006478,-0.2085424133811232,-0.2085424133811232,1.0687631214477056,1.0687631214477056,-0.1,0.1,0.1,0
47,2,0.29969598431652655,0.6200000000000001,0.4907037037037037,-0.3892526548006478,-0.3892526548006478,-0.2085424133811232,-0.2085424133811232,1.0687631214477056,1.0687631214477056,-0.1,0.1,0.1,0
48,0,0.29969598431652655,0.6200000000000001,0.4907037037037037,-0.3892526548006478,-0.3892526548006478,-0.2085424133811232,-0.2085424133811232,1.0687631214477056,1.0687631214477056,-0.1,0.1,0.1,0
48,1,0.29969598431652655,0.6200000000000001,0.4907037037037037,-0.3892526548006478,-0.3892526548006478,-0.2085424133811232,-0.2085424133811232,1.0687631214477056,1.0687631214477056,-0.1,0.1,0.1,0
48,2,0.29969598431652655,0.6200000000000001,0.4907037037037037,-0.3892526548006478,-0.3892526548006478,-0.2085424133811232,-0.2085424133811232,1.0687631214477056,1.0687631214477056,-0.1,0.1,0.1,0
49,0,0.29969598431652655,0.6200000000000001,0.4907037037037037,-0.3892526548006478,-0.3892526548006478,-0.2085424133811232,-0.2085424133811232,1.0687631214477056,1.0687631214477056,-0.1,0.1,0.1,0
49,1,0.29866935726158816,0.623529411764706,0.48843500363108205,-0.38851770442076067,-0.3892526548006478,-0.21666084323317045,-0.2085424133811232,1.0876912766735245,1.0687631214477056,-0.25142524180655135,0.09853009924022574,0.164947438816378,2
49,2,0.29356946017455815,0.6173076923076923,0.4854522792022792,-0.3952660791767896,-0.38851770442076067,-0.21359755394023314,-0.21666084323317045,1.1027653623801246,1.0876912766735245,-0.22059268565280057,0.15398699804823127,0.09387342141412539,0
50,0,0.29356946017455815,0.6173076923076923,0.4854522792022792,-0.3952660791767896,-0.3952660791767896,-0.21359755394023314,-0.21359755394023314,1.1027653623801246,1.1027653623801246,-0.1,0.1,0.1,0
50,1,0.2902044298441946,0.6075471698113208,0.4951607267645003,-0.41391872546019476,-0.3952660791767896,-0.1849838969404189,-0.21359755394023314,1.0935144585404906,1.1027653623801246,-0.081498192320732,0.24922117026724144,0.04277268600037152,0
50,2,0.287779652922372,0.612962962962963,0.489420438957476,-0.41199911157086727,-0.41391872546019476,-0.20154973704822657,-0.1849838969404189,1.1299732511954506,1.0935144585404906,-0.3916703412396799,0.09616077222134503,0.23252672086246146,2
51,0,0.287779652922372,0.612962962962963,0.489420438957476,-0.41199911157086727,-0.41199911157086727,-0.20154973704822657,-0.20154973704822657,1.1299732511954506,1.1299732511954506,-0.1,0.1,0.1,0
51,1,0.287779652922372,0.612962962962963,0.489420438957476,-0.41199911157086727,-0.41199911157086727,-0.20154973704822657,-0.20154973704822657,1.1299732511954506,1.1299732511954506,-0.1,0.1,0.1,0
51,2,0.28365708182193555,0.6054545454545456,0.48355218855218857,-0.4133888987841461,-0.41199911157086727,-0.20134022911800703,-0.20154973704822657,1.1344594732685607,1.1299732511954506,-0.1358897765848809,0.11111829770623052,0.09958098413956093,0
52,0,0.28365708182193555,0.6054545454545456,0.48355218855218857,-0.4133888987841461,-0.4133888987841461,-0.20134022911800703,-0.20134022911800703,1.1344594732685607,1.1344594732685607,-0.1,0.1,0.1,0
52,1,0.2831742061901734,0.6089285714285715,0.48310185185185184,-0.41384160481957394,-0.4133888987841461,-0.2066362550233519,-0.20134022911800703,1.150367364390628,1.1344594732685607,-0.22726312897653891,0.10362164828342282,0.14236820724275892,2
52,2,0.2784257285104058,0.6017543859649124,0.47462638076673164,-0.41337915507219586,-0.41384160481957394,-0.21126228269085426,-0.2066362550233519,1.1612743519944586,1.150367364390628,-0.1872559008306446,0.09907510050524385,0.13700822134001892,2
53,0,0.2784257285104058,0.6017543859649124,0.47462638076673164,-0.41337915507219586,-0.41337915507219586,-0.21126228269085426,-0.21126228269085426,1.1612743519944586,1.1612743519944586,-0.1,0.1,0.1,0
53,1,0.2784257285104058,0.6017543859649124,0.47462638076673164,-0.41337915507219586,-0.41337915507219586,-0.21126228269085426,-0.21126228269085426,1.1612743519944586,1.1612743519944586,-0.1,0.1,0.1,0
53,2,0.2784257285104058,0.6017543859649124,0.47462638076673164,-0.41337915507219586,-0.41337915507219586,-0.21126228269085426,-0.21126228269085426,1.1612743519944586,1.1612743519944586,-0.1,0.1,0.1,0
54,0,0.2784257285104058,0.6017543859649124,0.47462638076673164,-0.41337915507219586,-0.41337915507219586,-0.21126228269085426,-0.21126228269085426,1.1612743519944586,1.1612743519944586,-0.1,0.1,0.1,0
54,1,0.2784257285104058,0.6017543859649124,0.47462638076673164,-0.41337915507219586,-0.41337915507219586,-0.21126228269085426,-0.21126228269085426,1.1612743519944586,1.1612743519944586,-0.1,0.1,0.1,0
54,2,0.27374635579680173,0.5931034482758621,0.4664431673052363,-0.41311959315792796,-0.41337915507219586,-0.2135551248923343,-0.21126228269085426,1.1666167812517472,1.1612743519944586,-0.1427394340583085,0.0994808761714642,0.11834273761184036,2
55,0,0.27374635579680173,0.5931034482758621,0.4664431673052363,-0.41311959315792796,-0.41311959315792796,-0.2135551248923343,-0.2135551248923343,1.1666167812517472,1.1666167812517472,-0.1,0.1,0.1,0
55,1,0.26999971657991756,0.588135593220339,0.4679535467671061,-0.42302025821744094,-0.41311959315792796,-0.20434411356601564,-0.2135551248923343,1.1782822614417672,1.1666167812517472,-0.19332384152016005,0.17920532047610382,0.08157797734736269,0
55,2,0.27016203380642734,0.5933333333333334,0.4657098765432099,-0.4198919812228613,-0.42302025821744094,-0.21509571369121935,-0.20434411356601564,1.1962128614950396,1.1782822614417672,-0.24344480042617925,0.09374344601084075,0.18601280100162965,2
56,0,0.2700576395705094,0.5885245901639344,0.4726472374013358,-0.4286274874781567,-0.4198919812228613,-0.19689466625399768,-0.21509571369121935,1.1792554770896473,1.1962128614950396,-0.06608523118921542,0.16988405004236318,0.06359790512555666,0
56,1,0.2700576395705094,0.5885245901639344,0.4726472374013358,-0.4286274874781567,-0.4286274874781567,-0.19689466625399768,-0.19689466625399768,1.1792554770896473,1.1792554770896473,-0.1,0.1,0.1,0
56,2,0.2700576395705094,0.5885245901639344,0.4726472374013358,-0.4286274874781567,-0.4286274874781567,-0.19689466625399768,-0.19689466625399768,1.1792554770896473,1.1792554770896473,-0.1,0.1,0.1,0
57,0,0.2700576395705094,0.5885245901639344,0.4726472374013358,-0.4286274874781567,-0.4286274874781567,-0.19689466625399768,-0.19689466625399768,1.1792554770896473,1.1792554770896473,-0.1,0.1,0.1,0
57,1,0.2700576395705094,0.5885245901639344,0.4726472374013358,-0.4286274874781567,-0.4286274874781567,-0.19689466625399768,-0.19689466625399768,1.1792554770896473,1.1792554770896473,-0.1,0.1,0.1,0
57,2,0.2700576395705094,0.5885245901639344,0.4726472374013358,-0.4286274874781567,-0.4286274874781567,-0.19689466625399768,-0.19689466625399768,1.1792554770896473,1.1792554770896473,-0.1,0.1,0.1,0
58,0,0.2700576395705094,0.5885245901639344,0.4726472374013358,-0.4286274874781567,-0.4286274874781567,-0.19689466625399768,-0.19689466625399768,1.1792554770896473,1.1792554770896473,-0.1,0.1,0.1,0
58,1,0.2700576395705094,0.5885245901639344,0.4726472374013358,-0.4286274874781567,-0.4286274874781567,-0.19689466625399768,-0.19689466625399768,1.1792554770896473,1.1792554770896473,-0.1,0.1,0.1,0
58,2,0.26583168699230625,0.5806451612903226,0.4757765830346476,-0.4412678209239492,-0.4286274874781567,-0.18060699588477364,-0.19689466625399768,1.1842586482443223,1.1792554770896473,-0.14002536923739975,0.20112266756634012,0.06742465926155192,0
59,0,0.26583168699230625,0.5806451612903226,0.4757765830346476,-0.4412678209239492,-0.4412678209239492,-0.18060699588477364,-0.18060699588477364,1.1842586482443223,1.1842586482443223,-0.1,0.1,0.1,0
59,1,0.26583168699230625,0.5806451612903226,0.4757765830346476,-0.4412678209239492,-0.4412678209239492,-0.18060699588477364,-0.18060699588477364,1.1842586482443223,1.1842586482443223,-0.1,0.1,0.1,0
59,2,0.26583168699230625,0.5806451612903226,0.4757765830346476,-0.4412678209239492,-0.4412678209239492,-0.18060699588477364,-0.18060699588477364,1.1842586482443223,1.1842586482443223,-0.1,0.1,0.1,0
60,0,0.26583168699230625,0.5806451612903226,0.4757765830346476,-0.4412678209239492,-0.4412678209239492,-0.18060699588477364,-0.18060699588477364,1.1842586482443223,1.1842586482443223,-0.1,0.1,0.1,0
60,1,0.26583168699230625,0.5806451612903226,0.4757765830346476,-0.4412678209239492,-0.4412678209239492,-0.18060699588477364,-0.18060699588477364,1.1842586482443223,1.1842586482443223,-0.1,0.1,0.1,0
60,2,0.26274456740719493,0.5761904761904761,0.47880658436213996,-0.45125113983714343,-0.4412678209239492,-0.1690133659830628,-0.18060699588477364,1.1929681815171866,1.1842586482443223,-0.16967626618291512,0.17986655130555362,0.07681274019657833,0
61,0,0.26274456740719493,0.5761904761904761,0.47880658436213996,-0.45125113983714343,-0.45125113983714343,-0.1690133659830628,-0.1690133659830628,1.1929681815171866,1.1929681815171866,-0.1,0.1,0.1,0
61,1,0.26439582458440947,0.58125,0.48000578703703706,-0.449182006291085,-0.45125113983714343,-0.1741835921943449,-0.1690133659830628,1.198408393603181,1.1929681815171866,-0.14352169668795547,0.09586173290788316,0.14136180969025683,2
61,2,0.26439582458440947,0.58125,0.48000578703703706,-0.449182006291085,-0.449182006291085,-0.1741835921943449,-0.1741835921943449,1.198408393603181,1.198408393603181,-0.1,0.1,0.1,0
62,0,0.26439582458440947,0.58125,0.48000578703703706,-0.449182006291085,-0.449182006291085,-0.1741835921943449,-0.1741835921943449,1.198408393603181,1.198408393603181,-0.1,0.1,0.1,0
62,1,0.26439582458440947,0.58125,0.48000578703703706,-0.449182006291085,-0.449182006291085,-0.1741835921943449,-0.1741835921943449,1.198408393603181,1.198408393603181,-0.1,0.1,0.1,0
62,2,0.26439582458440947,0.58125,0.48000578703703706,-0.449182006291085,-0.449182006291085,-0.1741835921943449,-0.1741835921943449,1.198408393603181,1.198408393603181,-0.1,0.1,0.1,0
63,0,0.26439582458440947,0.58125,0.48000578703703706,-0.449182006291085,-0.449182006291085,-0.1741835921943449,-0.1741835921943449,1.198408393603181,1.198408393603181,-0.1,0.1,0.1,0
63,1,0.26439582458440947,0.58125,0.48000578703703706,-0.449182006291085,-0.449182006291085,-0.1741835921943449,-0.1741835921943449,1.198408393603181,1.198408393603181,-0.1,0.1,0.1,0
63,2,0.26439582458440947,0.58125,0.48000578703703706,-0.449182006291085,-0.449182006291085,-0.1741835921943449,-0.1741835921943449,1.198408393603181,1.198408393603181,-0.1,0.1,0.1,0
64,0,0.2604520208172942,0.5738461538461539,0.48287749287749293,-0.460625055714967,-0.449182006291085,-0.15852447621884616,-0.1741835921943449,1.203270114954125,1.198408393603181,-0.13889377080755097,0.19154439539105572,0.06868176804900253,0
64,1,0.2604520208172942,0.5738461538461539,0.48287749287749293,-0.460625055714967,-0.460625055714967,-0.15852447621884616,-0.15852447621884616,1.203270114954125,1.203270114954125,-0.1,0.1,0.1,0
64,2,0.26367560902516884,0.5803030303030303,0.48364197530864206,-0.45481239742083795,-0.460625055714967,-0.16656996422009465,-0.15852447621884616,1.2008218069485455,1.203270114954125,-0.09510338398884102,0.08837468341174196,0.16436390400998793,2
65,0,0.26802619920958093,0.5850746268656717,0.4869264787175236,-0.44955509522605236,-0.45481239742083795,-0.16775321239606944,-0.16656996422009465,1.1829008827908547,1.2008218069485455,-0.0641581516846185,0.08948539561042881,0.10946598540779831,2
65,1,0.27166934471227944,0.5911764705882353,0.4895697167755992,-0.4450854793438894,-0.44955509522605236,-0.1718721208770959,-0.16775321239606944,1.1760882561642745,1.1829008827908547,-0.08637474674683956,0.09106076823567413,0.1329512678482118,2
65,2,0.27166934471227944,0.5911764705882353,0.4895697167755992,-0.4450854793438894,-0.4450854793438894,-0.1718721208770959,-0.1718721208770959,1.1760882561642745,1.1760882561642745,-0.1,0.1,0.1,0
66,0,0.272668900577898,0.5971014492753624,0.48778851315083205,-0.4410100007960122,-0.4450854793438894,-0.1830726357425386,-0.1718721208770959,1.1898406749352706,1.1760882561642745,-0.21001935016796872,0.09184904290424559,0.1896041189235415,2
66,1,0.272668900577898,0.5971014492753624,0.48778851315083205,-0.4410100007960122,-0.4410100007960122,-0.1830726357425386,-0.1830726357425386,1.1898406749352706,1.1898406749352706,-0.1,0.1,0.1,0
66,2,0.2755753972624509,0.6014285714285714,0.4882275132275133,-0.4355594680834114,-0.4410100007960122,-0.18822028679510855,-0.1830726357425386,1.1824465369663837,1.1898406749352706,-0.08521172406222624,0.08909893457479837,0.14118120842055962,2
67,0,0.2755753972624509,0.6014285714285714,0.4882275132275133,-0.4355594680834114,-0.4355594680834114,-0.18822028679510855,-0.18822028679510855,1.1824465369663837,1.1824465369663837,-0.1,0.1,0.1,0
67,1,0.2734819469281398,0.5971830985915493,0.48761085028690665,-0.439138922427126,-0.4355594680834114,-0.1834818308874912,-0.18822028679510855,1.1836289572286292,1.1824465369663837,-0.10945936209796372,0.12863563474971676,0.09052308818476532,0
67,2,0.2734819469281398,0.5971830985915493,0.48761085028690665,-0.439138922427126,-0.439138922427126,-0.1834818308874912,-0.1834818308874912,1.1836289572286292,1.1836289572286292,-0.1,0.1,0.1,0
68,0,0.2734819469281398,0.5971830985915493,0.48761085028690665,-0.439138922427126,-0.439138922427126,-0.1834818308874912,-0.1834818308874912,1.1836289572286292,1.1836289572286292,-0.1,0.1,0.1,0
68,1,0.2734819469281398,0.5971830985915493,0.48761085028690665,-0.439138922427126,-0.439138922427126,-0.1834818308874912,-0.1834818308874912,1.1836289572286292,1.1836289572286292,-0.1,0.1,0.1,0
68,2,0.2748644125842239,0.6000000000000001,0.48546810699588483,-0.43381571595896035,-0.439138922427126,-0.19088648834019206,-0.1834818308874912,1.1828944473346408,1.1836289572286292,-0.09853098021202325,0.08935358706366872,0.15923725962160687,2
69,0,0.2722597296123812,0.5945205479452056,0.4856671740233385,-0.4394108884136816,-0.43381571595896035,-0.18309438470728798,-0.19088648834019206,1.1836521647605769,1.1828944473346408,-0.10606173940748889,0.14476137963776994,0.08441579273419184,0
69,1,0.2722597296123812,0.5945205479452056,0.4856671740233385,-0.4394108884136816,-0.4394108884136816,-0.18309438470728798,-0.18309438470728798,1.1836521647605769,1.1836521647605769,-0.1,0.1,0.1,0
69,2,0.2722597296123812,0.5945205479452056,0.4856671740233385,-0.4394108884136816,-0.4394108884136816,-0.18309438470728798,-0.18309438470728798,1.1836521647605769,1.1836521647605769,-0.1,0.1,0.1,0
70,0,0.2722597296123812,0.5945205479452056,0.4856671740233385,-0.4394108884136816,-0.4394108884136816,-0.18309438470728798,-0.18309438470728798,1.1836521647605769,1.1836521647605769,-0.1,0.1,0.1,0
70,1,0.2722597296123812,0.5945205479452056,0.4856671740233385,-0.4394108884136816,-0.4394108884136816,-0.18309438470728798,-0.18309438470728798,1.1836521647605769,1.1836521647605769,-0.1,0.1,0.1,0
70,2,0.26904667428394247,0.5878378378378379,0.4836086086086087,-0.44366855863460086,-0.4394108884136816,-0.1773094934014474,-0.18309438470728798,1.1848916713144515,1.1836521647605769,-0.10991605243099692,0.1340613617673542,0.08843021738831883,0
71,0,0.2712968767220952,0.5906666666666667,0.4838271604938273,-0.43926902234014537,-0.44366855863460086,-0.18087952512331723,-0.1773094934014474,1.1771967071766924,1.1848916713144515,-0.0846100717244819,0.09120092741108901,0.12856025377495875,2
71,1,0.2712968767220952,0.5906666666666667,0.4838271604938273,-0.43926902234014537,-0.43926902234014537,-0.18087952512331723,-0.18087952512331723,1.1771967071766924,1.1771967071766924,-0.1,0.1,0.1,0
71,2,0.26854040235033755,0.5868421052631579,0.4906189083820664,-0.4526497088424212,-0.43926902234014537,-0.1639677794386313,-0.18087952512331723,1.1853028450354532,1.1771967071766924,-0.1648491028700864,0.20704549201820643,0.06617650863062816,0
72,0,0.26508949383969405,0.5805194805194805,0.49723424723424736,-0.46687201190546673,-0.4526497088424212,-0.1434667329521914,-0.1639677794386313,1.1898999923042388,1.1853028450354532,-0.1367771781502846,0.21377842450436446,0.05899790702712018,0
72,1,0.26508949383969405,0.5805194805194805,0.49723424723424736,-0.46687201190546673,-0.46687201190546673,-0.1434667329521914,-0.1434667329521914,1.1898999923042388,1.1898999923042388,-0.1,0.1,0.1,0
72,2,0.26172211732007594,0.5743589743589744,0.4908594491927826,-0.46680843620209933,-0.46687201190546673,-0.1453786375661375,-0.1434667329521914,1.1945373980623724,1.1898999923042388,-0.13709924606506832,0.0998728485932652,0.11529523691156887,2
73,0,0.2637404357699168,0.5797468354430381,0.4901312705110174,-0.4618983696042542,-0.46680843620209933,-0.1545770661491186,-0.1453786375661375,1.1981719782582012,1.1945373980623724,-0.12907664156663082,0.0901798668043097,0.1735874286638487,2
73,1,0.2637404357699168,0.5797468354430381,0.4901312705110174,-0.4618983696042542,-0.4618983696042542,-0.1545770661491186,-0.1545770661491186,1.1981719782582012,1.1981719782582012,-0.1,0.1,0.1,0
73,2,0.2637404357699168,0.5797468354430381,0.4901312705110174,-0.4618983696042542,-0.4618983696042542,-0.1545770661491186,-0.1545770661491186,1.1981719782582012,1.1981719782582012,-0.1,0.1,0.1,0
74,0,0.26050447180279135,0.57375,0.4840046296296297,-0.4617727685742702,-0.4618983696042542,-0.1564189461792946,-0.1545770661491186,1.2024573936463694,1.1981719782582012,-0.13428332310534544,0.09974879794003202,0.11473504024140815,2
74,1,0.26050447180279135,0.57375,0.4840046296296297,-0.4617727685742702,-0.4617727685742702,-0.1564189461792946,-0.1564189461792946,1.2024573936463694,1.2024573936463694,-0.1,0.1,0.1,0
74,2,0.26050447180279135,0.57375,0.4840046296296297,-0.4617727685742702,-0.4617727685742702,-0.1564189461792946,-0.1564189461792946,1.2024573936463694,1.2024573936463694,-0.1,0.1,0.1,0
75,0,0.26050447180279135,0.57375,0.4840046296296297,-0.4617727685742702,-0.4617727685742702,-0.1564189461792946,-0.1564189461792946,1.2024573936463694,1.2024573936463694,-0.1,0.1,0.1,0
75,1,0.26050447180279135,0.57375,0.4840046296296297,-0.4617727685742702,-0.4617727685742702,-0.1564189461792946,-0.1564189461792946,1.2024573936463694,1.2024573936463694,-0.1,0.1,0.1,0
75,2,0.26050447180279135,0.57375,0.4840046296296297,-0.4617727685742702,-0.4617727685742702,-0.1564189461792946,-0.1564189461792946,1.2024573936463694,1.2024573936463694,-0.1,0.1,0.1,0
76,0,0.26050447180279135,0.57375,0.4840046296296297,-0.4617727685742702,-0.4617727685742702,-0.1564189461792946,-0.1564189461792946,1.2024573936463694,1.2024573936463694,-0.1,0.1,0.1,0
76,1,0.26050447180279135,0.57375,0.4840046296296297,-0.4617727685742702,-0.4617727685742702,-0.1564189461792946,-0.1564189461792946,1.2024573936463694,1.2024573936463694,-0.1,0.1,0.1,0
76,2,0.26050447180279135,0.57375,0.4840046296296297,-0.4617727685742702,-0.4617727685742702,-0.1564189461792946,-0.1564189461792946,1.2024573936463694,1.2024573936463694,-0.1,0.1,0.1,0
77,0,0.262351113718279,0.5777777777777777,0.4844307270233197,-0.45843420104594257,-0.4617727685742702,-0.1615622032288697,-0.1564189461792946,1.2023073185738937,1.2024573936463694,-0.09969984985504868,0.09332286494334477,0.14114605639660063,2
77,1,0.2593329413018813,0.5719512195121951,0.49071815718157186,-0.47152364854124434,-0.45843420104594257,-0.14202795546079114,-0.1615622032288697,1.205470761411697,1.2023073185738937,-0.12530754270242675,0.20471557996241418,0.060931504463842906,0
77,2,0.2593329413018813,0.5719512195121951,0.49071815718157186,-0.47152364854124434,-0.47152364854124434,-0.14202795546079114,-0.14202795546079114,1.205470761411697,1.205470761411697,-0.1,0.1,0.1,0
78,0,0.2593329413018813,0.5719512195121951,0.49071815718157186,-0.47152364854124434,-0.47152364854124434,-0.14202795546079114,-0.14202795546079114,1.205470761411697,1.205470761411697,-0.1,0.1,0.1,0
78,1,0.2611986650855713,0.5746987951807229,0.4898259705488622,-0.46675211036096814,-0.47152364854124434,-0.14768227346843685,-0.14202795546079114,1.2002363411483965,1.205470761411697,-0.08953115947339887,0.0904569236394476,0.14523454406116568,2
78,2,0.2611986650855713,0.5746987951807229,0.4898259705488622,-0.46675211036096814,-0.46675211036096814,-0.14768227346843685,-0.14768227346843685,1.2002363411483965,1.2002363411483965,-0.1,0.1,0.1,0
79,0,0.2611986650855713,0.5746987951807229,0.4898259705488622,-0.46675211036096814,-0.46675211036096814,-0.14768227346843685,-0.14768227346843685,1.2002363411483965,1.2002363411483965,-0.1,0.1,0.1,0
79,1,0.25887085412535443,0.5714285714285714,0.4892857142857143,-0.4709208820795676,-0.46675211036096814,-0.14374999999999988,-0.14768227346843685,1.2073885967551428,1.2002363411483965,-0.1572180448539701,0.1333501737487958,0.09213545306312607,0
79,2,0.259572328361744,0.5764705882352941,0.4886274509803921,-0.4687725222131242,-0.4709208820795676,-0.15238095238095237,-0.14374999999999988,1.2208476222161702,1.2073885967551428,-0.20767220368821918,0.0957032802671132,0.16904761904761995,2
80,0,0.26093985673925757,0.5813953488372092,0.48798449612403094,-0.46527019031986927,-0.4687725222131242,-0.16066666666666668,-0.15238095238095237,1.2280818120405603,1.2208476222161702,-0.15787351859512136,0.09299533621349013,0.1662857142857145,2
80,1,0.26093985673925757,0.5813953488372092,0.48798449612403094,-0.46527019031986927,-0.46527019031986927,-0.16066666666666668,-0.16066666666666668,1.2280818120405603,1.2280818120405603,-0.1,0.1,0.1,0
80,2,0.260059192129047,0.5781609195402297,0.49131545338441884,-0.4706879453157166,-0.46527019031986927,-0.1502098519991163,-0.16066666666666668,1.2231897084927257,1.2280818120405603,-0.09021579290433071,0.14334203996677877,0.07908637066489924,0
81,0,0.260059192129047,0.5781609195402297,0.49131545338441884,-0.4706879453157166,-0.4706879453157166,-0.1502098519991163,-0.1502098519991163,1.2231897084927257,1.2231897084927257,-0.1,0.1,0.1,0
81,1,0.26272234261551425,0.5818181818181818,0.49246632996633005,-0.46651714720582704,-0.4706879453157166,-0.15357349537037018,-0.1502098519991163,1.2145744287521603,1.2231897084927257,-0.08276944051886917,0.09165840378022086,0.1269091469700311,2
81,2,0.26272234261551425,0.5818181818181818,0.49246632996633005,-0.46651714720582704,-0.46651714720582704,-0.15357349537037018,-0.15357349537037018,1.2145744287521603,1.2145744287521603,-0.1,0.1,0.1,0
82,0,0.26272234261551425,0.5818181818181818,0.49246632996633005,-0.46651714720582704,-0.46651714720582704,-0.15357349537037018,-0.15357349537037018,1.2145744287521603,1.2145744287521603,-0.1,0.1,0.1,0
82,1,0.2627653473399105,0.5842696629213482,0.4930191427382439,-0.46702810385717786,-0.46651714720582704,-0.15617877492877472,-0.15357349537037018,1.2235415317741385,1.2145744287521603,-0.17173682417582584,0.10408765321080651,0.12084223646723627,2
82,2,0.2627653473399105,0.5842696629213482,0.4930191427382439,-0.46702810385717786,-0.46702810385717786,-0.15617877492877472,-0.15617877492877472,1.2235415317741385,1.2235415317741385,-0.1,0.1,0.1,0
83,0,0.2627653473399105,0.5842696629213482,0.4930191427382439,-0.46702810385717786,-0.46702810385717786,-0.15617877492877472,-0.15617877492877472,1.2235415317741385,1.2235415317741385,-0.1,0.1,0.1,0
83,1,0.2627653473399105,0.5842696629213482,0.4930191427382439,-0.46702810385717786,-0.46702810385717786,-0.15617877492877472,-0.15617877492877472,1.2235415317741385,1.2235415317741385,-0.1,0.1,0.1,0
83,2,0.2627653473399105,0.5842696629213482,0.4930191427382439,-0.46702810385717786,-0.46702810385717786,-0.15617877492877472,-0.15617877492877472,1.2235415317741385,1.2235415317741385,-0.1,0.1,0.1,0
84,0,0.2627653473399105,0.5842696629213482,0.4930191427382439,-0.46702810385717786,-0.46702810385717786,-0.15617877492877472,-0.15617877492877472,1.2235415317741385,1.2235415317741385,-0.1,0.1,0.1,0
84,1,0.2627653473399105,0.5842696629213482,0.4930191427382439,-0.46702810385717786,-0.46702810385717786,-0.15617877492877472,-0.15617877492877472,1.2235415317741385,1.2235415317741385,-0.1,0.1,0.1,0
84,2,0.26587245460239667,0.5877777777777777,0.4933024691358025,-0.46103562978679524,-0.46702810385717786,-0.1607330392774626,-0.15617877492877472,1.2107509356573989,1.2235415317741385,-0.0744188077665208,0.08801505185923478,0.1364341147895031,2
85,0,0.26587245460239667,0.5877777777777777,0.4933024691358025,-0.46103562978679524,-0.46103562978679524,-0.1607330392774626,-0.1607330392774626,1.2107509356573989,1.2107509356573989,-0.1,0.1,0.1,0
85,1,0.26587245460239667,0.5877777777777777,0.4933024691358025,-0.46103562978679524,-0.46103562978679524,-0.1607330392774626,-0.1607330392774626,1.2107509356573989,1.2107509356573989,-0.1,0.1,0.1,0
85,2,0.26395529105842463,0.5835164835164834,0.4933760683760684,-0.4650018353601441,-0.46103562978679524,-0.1544779242519354,-0.1607330392774626,1.2106640907884896,1.2107509356573989,-0.09982631026218139,0.13172964458679096,0.08748976994894561,0
86,0,0.26395529105842463,0.5835164835164834,0.4933760683760684,-0.4650018353601441,-0.4650018353601441,-0.1544779242519354,-0.1544779242519354,1.2106640907884896,1.2106640907884896,-0.1,0.1,0.1,0
86,1,0.26395529105842463,0.5835164835164834,0.4933760683760684,-0.4650018353601441,-0.4650018353601441,-0.1544779242519354,-0.1544779242519354,1.2106640907884896,1.2106640907884896,-0.1,0.1,0.1,0
86,2,0.26395529105842463,0.5835164835164834,0.4933760683760684,-0.4650018353601441,-0.4650018353601441,-0.1544779242519354,-0.1544779242519354,1.2106640907884896,1.2106640907884896,-0.1,0.1,0.1,0
87,0,0.2633352442803579,0.5804347826086955,0.4952596618357488,-0.46828852706422885,-0.4650018353601441,-0.14674365376612544,-0.1544779242519354,1.2041667236564046,1.2106640907884896,-0.08700526573583015,0.12629353363267795,0.08453145902838008,0
87,1,0.2633352442803579,0.5804347826086955,0.4952596618357488,-0.46828852706422885,-0.46828852706422885,-0.14674365376612544,-0.14674365376612544,1.2041667236564046,1.2041667236564046,-0.1,0.1,0.1,0
87,2,0.2633352442803579,0.5804347826086955,0.4952596618357488,-0.46828852706422885,-0.46828852706422885,-0.14674365376612544,-0.14674365376612544,1.2041667236564046,1.2041667236564046,-0.1,0.1,0.1,0
88,0,0.26058839197506434,0.5763440860215053,0.48993428912783754,-0.4681156274263761,-0.46828852706422885,-0.14992744610281913,-0.14674365376612544,1.2117028377712835,1.2041667236564046,-0.16028891291903094,0.09965420072429446,0.12547033869354954,2
88,1,0.26058839197506434,0.5763440860215053,0.48993428912783754,-0.4681156274263761,-0.4681156274263761,-0.14992744610281913,-0.14992744610281913,1.2117028377712835,1.2117028377712835,-0.1,0.1,0.1,0
88,2,0.26252419898998075,0.5797872340425532,0.4918144208037825,-0.46621288867265825,-0.4681156274263761,-0.15173292558613655,-0.14992744610281913,1.2085096774818873,1.2117028377712835,-0.0936136794212076,0.09619452249256435,0.1144438358665393,2
89,0,0.26252419898998075,0.5797872340425532,0.4918144208037825,-0.46621288867265825,-0.46621288867265825,-0.15173292558613655,-0.15173292558613655,1.2085096774818873,1.2085096774818873,-0.1,0.1,0.1,0
89,1,0.26359304268946193,0.5821052631578947,0.4919005847953216,-0.4641335041324616,-0.46621288867265825,-0.1549628290134619,-0.15173292558613655,1.208348358585742,1.2085096774818873,-0.09967736220770931,0.09584123091960675,0.1258392274186028,2
89,2,0.261771888541606,0.5791666666666667,0.49256365740740743,-0.46855216659825516,-0.4641335041324616,-0.1495303756994405,-0.1549628290134619,1.2124861072491138,1.208348358585742,-0.1331019893069744,0.13534929972634827,0.08913509337195721,0
90,0,0.261771888541606,0.5791666666666667,0.49256365740740743,-0.46855216659825516,-0.46855216659825516,-0.1495303756994405,-0.1495303756994405,1.2124861072491138,1.2124861072491138,-0.1,0.1,0.1,0
90,1,0.25927348338946904,0.5742268041237114,0.4874856815578465,-0.4681413358420808,-0.46855216659825516,-0.15105725114701787,-0.1495303756994405,1.2147533045681096,1.2124861072491138,-0.11813757855196663,0.09917833848765126,0.112215003580619,2
90,2,0.25992414231487304,0.5775510204081633,0.48629062736205597,-0.4654962944178795,-0.4681413358420808,-0.15801269467347206,-0.15105725114701787,1.2219983694647183,1.2147533045681096,-0.1579605191728696,0.0947099171515974,0.15564354821163354,2
91,0,0.2581030635533571,0.5737373737373738,0.48642910587355037,-0.46939222913101697,-0.4654962944178795,-0.15217462180490346,-0.15801269467347206,1.2229002857951985,1.2219983694647183,-0.10721533064384162,0.13116747770509987,0.0883238542628628,0
91,1,0.2581030635533571,0.5737373737373738,0.48642910587355037,-0.46939222913101697,-0.46939222913101697,-0.15217462180490346,-0.15217462180490346,1.2229002857951985,1.2229002857951985,-0.1,0.1,0.1,0
91,2,0.2581030635533571,0.5737373737373738,0.48642910587355037,-0.46939222913101697,-0.46939222913101697,-0.15217462180490346,-0.15217462180490346,1.2229002857951985,1.2229002857951985,-0.1,0.1,0.1,0
92,0,0.2581030635533571,0.5737373737373738,0.48642910587355037,-0.46939222913101697,-0.46939222913101697,-0.15217462180490346,-0.15217462180490346,1.2229002857951985,1.2229002857951985,-0.1,0.1,0.1,0
92,1,0.2574331415791989,0.5760000000000001,0.4857314814814815,-0.4700093541517475,-0.46939222913101697,-0.15671617798353918,-0.15217462180490346,1.2374741514110552,1.2229002857951985,-0.21659092492685375,0.1049370001658442,0.13633244942908576,2
92,2,0.2574331415791989,0.5760000000000001,0.4857314814814815,-0.4700093541517475,-0.4700093541517475,-0.15671617798353918,-0.15671617798353918,1.2374741514110552,1.2374741514110552,-0.1,0.1,0.1,0
93,0,0.26004213721408376,0.5792079207920792,0.48678951228456185,-0.4658016850164362,-0.4700093541517475,-0.15955998733776494,-0.15671617798353918,1.2273617921976898,1.2374741514110552,-0.07977528157326921,0.09158466172937743,0.1227504748338061,2
93,1,0.26004213721408376,0.5792079207920792,0.48678951228456185,-0.4658016850164362,-0.4658016850164362,-0.15955998733776494,-0.15955998733776494,1.2273617921976898,1.2273617921976898,-0.1,0.1,0.1,0
93,2,0.26004213721408376,0.5792079207920792,0.48678951228456185,-0.4658016850164362,-0.4658016850164362,-0.15955998733776494,-0.15955998733776494,1.2273617921976898,1.2273617921976898,-0.1,0.1,0.1,0
94,0,0.26004213721408376,0.5792079207920792,0.48678951228456185,-0.4658016850164362,-0.4658016850164362,-0.15955998733776494,-0.15955998733776494,1.2273617921976898,1.2273617921976898,-0.1,0.1,0.1,0
94,1,0.26004213721408376,0.5792079207920792,0.48678951228456185,-0.4658016850164362,-0.4658016850164362,-0.15955998733776494,-0.15955998733776494,1.2273617921976898,1.2273617921976898,-0.1,0.1,0.1,0
94,2,0.26004213721408376,0.5792079207920792,0.48678951228456185,-0.4658016850164362,-0.4658016850164362,-0.15955998733776494,-0.15955998733776494,1.2273617921976898,1.2273617921976898,-0.1,0.1,0.1,0
95,0,0.26004213721408376,0.5792079207920792,0.48678951228456185,-0.4658016850164362,-0.4658016850164362,-0.15955998733776494,-0.15955998733776494,1.2273617921976898,1.2273617921976898,-0.1,0.1,0.1,0
95,1,0.26004213721408376,0.5792079207920792,0.48678951228456185,-0.4658016850164362,-0.4658016850164362,-0.15955998733776494,-0.15955998733776494,1.2273617921976898,1.2273617921976898,-0.1,0.1,0.1,0
95,2,0.26004213721408376,0.5792079207920792,0.48678951228456185,-0.4658016850164362,-0.4658016850164362,-0.15955998733776494,-0.15955998733776494,1.2273617921976898,1.2273617921976898,-0.1,0.1,0.1,0
96,0,0.26004213721408376,0.5792079207920792,0.48678951228456185,-0.4658016850164362,-0.4658016850164362,-0.15955998733776494,-0.15955998733776494,1.2273617921976898,1.2273617921976898,-0.1,0.1,0.1,0
96,1,0.26179380582731576,0.5813725490196078,0.48814451706608575,-0.46369610499614866,-0.4658016850164362,-0.16035850352882375,-0.15955998733776494,1.2207269082718188,1.2273617921976898,-0.08673023214825806,0.09578883995942492,0.10638812952847046,2
96,2,0.26179380582731576,0.5813725490196078,0.48814451706608575,-0.46369610499614866,-0.46369610499614866,-0.16035850352882375,-0.16035850352882375,1.2207269082718188,1.2207269082718188,-0.1,0.1,0.1,0
97,0,0.26179380582731576,0.5813725490196078,0.48814451706608575,-0.46369610499614866,-0.46369610499614866,-0.16035850352882375,-0.16035850352882375,1.2207269082718188,1.2207269082718188,-0.1,0.1,0.1,0
97,1,0.26179380582731576,0.5813725490196078,0.48814451706608575,-0.46369610499614866,-0.46369610499614866,-0.16035850352882375,-0.16035850352882375,1.2207269082718188,1.2207269082718188,-0.1,0.1,0.1,0
97,2,0.26179380582731576,0.5813725490196078,0.48814451706608575,-0.46369610499614866,-0.46369610499614866,-0.16035850352882375,-0.16035850352882375,1.2207269082718188,1.2207269082718188,-0.1,0.1,0.1,0
98,0,0.26179380582731576,0.5813725490196078,0.48814451706608575,-0.46369610499614866,-0.46369610499614866,-0.16035850352882375,-0.16035850352882375,1.2207269082718188,1.2207269082718188,-0.1,0.1,0.1,0
98,1,0.26334133971258755,0.5854368932038835,0.48761236965120464,-0.45993712197875747,-0.46369610499614866,-0.16709661568699705,-0.16035850352882375,1.223110484069205,1.2207269082718188,-0.11906860637908992,0.09248203396521762,0.1539048972653864,2
98,2,0.26334133971258755,0.5854368932038835,0.48761236965120464,-0.45993712197875747,-0.45993712197875747,-0.16709661568699705,-0.16709661568699705,1.223110484069205,1.223110484069205,-0.1,0.1,0.1,0
99,0,0.26334133971258755,0.5854368932038835,0.48761236965120464,-0.45993712197875747,-0.45993712197875747,-0.16709661568699705,-0.16709661568699705,1.223110484069205,1.223110484069205,-0.1,0.1,0.1,0
99,1,0.26090849643779973,0.5817307692307693,0.4861289173789174,-0.4632936097598318,-0.45993712197875747,-0.16434037343128255,-0.16709661568699705,1.229635206109331,1.223110484069205,-0.1521977763210071,0.1268519022485947,0.09448751548857101,0
99,2,0.26090849643779973,0.5817307692307693,0.4861289173789174,-0.4632936097598318,-0.4632936097598318,-0.16434037343128255,-0.16434037343128255,1.229635206109331,1.229635206109331,-0.1,0.1,0.1,0
100,0,0.26090849643779973,0.5817307692307693,0.4861289173789174,-0.4632936097598318,-0.4632936097598318,-0.16434037343128255,-0.16434037343128255,1.229635206109331,1.229635206109331,-0.1,0.1,0.1,0
100,1,0.26205141497488044,0.5847619047619047,0.4867901234567902,-0.461674749861392,-0.4632936097598318,-0.16754131982144993,-0.16434037343128255,1.2314777610262415,1.229635206109331,-0.11474043933528436,0.09676228020312042,0.12560757112133905,2
100,2,0.2629891530521474,0.5877358490566037,0.4867400419287212,-0.45969279204964236,-0.461674749861392,-0.17183877296236827,-0.16754131982144993,1.2348292400487835,1.2314777610262415,-0.12681183218033568,0.09603608437650071,0.13437962512734672,2
101,0,0,0,0,0,-0.45969279204964236,0,-0.17183877296236827,0,1.2348292400487835,0,0,0,0
101,1,0.48200728964089684,1.0,0.5333333333333333,-0.09623633192331842,-0.45969279204964236,-0.4666666666666667,-0.17183877296236827,1.0746574201087622,1.2348292400487835,0.0,0.0,0.5,2
101,2,0.24952991338130415,0.55,0.7666666666666666,-0.6745261999374293,-0.09623633192331842,0.3939393939393937,-0.4666666666666667,1.2041445554447439,1.0746574201087622,-0.5,0.5,-0.5,0
102,0,0.3706954655737605,0.7000000000000001,0.6999999999999998,-0.47043504918034207,-0.6745261999374293,-3.172065784643304e-16,0.3939393939393937,0.8883424940646192,1.2041445554447439,0.0,0.0,0.10000000000000253,2
102,1,0.3706954655737605,0.7000000000000001,0.6999999999999998,-0.47043504918034207,-0.47043504918034207,-3.172065784643304e-16,-3.172065784643304e-16,0.8883424940646192,0.8883424940646192,-0.1,0.1,6.328271240363392e-16,0
102,2,0.4288887601457631,0.7250000000000001,0.6812499999999999,-0.37043851721722837,-0.47043504918034207,-0.060344827586207135,-3.172065784643304e-16,0.6904150151978801,0.8883424940646192,0.0,0.0,0.2756097560975618,2
103,0,0.4288887601457631,0.7250000000000001,0.6812499999999999,-0.37043851721722837,-0.37043851721722837,-0.060344827586207135,-0.060344827586207135,0.6904150151978801,0.6904150151978801,-0.1,0.1,0.1,0
103,1,0.4288887601457631,0.7250000000000001,0.6812499999999999,-0.37043851721722837,-0.37043851721722837,-0.060344827586207135,-0.060344827586207135,0.6904150151978801,0.6904150151978801,-0.1,0.1,0.1,0
103,2,0.4288887601457631,0.7250000000000001,0.6812499999999999,-0.37043851721722837,-0.37043851721722837,-0.060344827586207135,-0.060344827586207135,0.6904150151978801,0.6904150151978801,-0.1,0.1,0.1,0
104,0,0.44955359984864857,0.74,0.6783333333333333,-0.33726742037054264,-0.37043851721722837,-0.08333333333333331,-0.060344827586207135,0.6460773537329835,0.6904150151978801,-0.011324677070206813,0.033657806306628534,0.2103448275862056,2
104,1,0.44955359984864857,0.74,0.6783333333333333,-0.33726742037054264,-0.33726742037054264,-0.08333333333333331,-0.08333333333333331,0.6460773537329835,0.6460773537329835,-0.1,0.1,0.1,0
104,2,0.44955359984864857,0.74,0.6783333333333333,-0.33726742037054264,-0.33726742037054264,-0.08333333333333331,-0.08333333333333331,0.6460773537329835,0.6460773537329835,-0.1,0.1,0.1,0
105,0,0.44955359984864857,0.74,0.6783333333333333,-0.33726742037054264,-0.33726742037054264,-0.08333333333333331,-0.08333333333333331,0.6460773537329835,0.6460773537329835,-0.1,0.1,0.1,0
105,1,0.4298842886908271,0.75,0.6208333333333333,-0.30756893096779525,-0.33726742037054264,-0.1722222222222222,-0.08333333333333331,0.7446555264535387,0.6460773537329835,-0.5,0.040603021194505234,0.5,2
105,2,0.38975912421976183,0.6857142857142857,0.6432539682539683,-0.39408205241591626,-0.30756893096779525,-0.06192129629629624,-0.1722222222222222,0.7593283725864811,0.7446555264535387,-0.21738276906353918,0.5,0.0,0
106,0,0.3594445819807656,0.625,0.6461805555555555,-0.4437397119265959,-0.39408205241591626,0.03388888888888886,-0.06192129629629624,0.7387937705330181,0.7593283725864811,-0.058930795893073956,0.497261276085437,-0.3321966693100704,0
106,1,0.3594445819807656,0.625,0.6461805555555555,-0.4437397119265959,-0.4437397119265959,0.03388888888888886,0.03388888888888886,0.7387937705330181,0.7387937705330181,-0.1,0.1,-0.06777777777777771,0
106,2,0.3594445819807656,0.625,0.6461805555555555,-0.4437397119265959,-0.4437397119265959,0.03388888888888886,0.03388888888888886,0.7387937705330181,0.7387937705330181,-0.1,0.1,-0.06777777777777771,0
107,0,0.3594445819807656,0.625,0.6461805555555555,-0.4437397119265959,-0.4437397119265959,0.03388888888888886,0.03388888888888886,0.7387937705330181,0.7387937705330181,-0.1,0.1,-0.06777777777777771,0
107,1,0.3594445819807656,0.625,0.6461805555555555,-0.4437397119265959,-0.4437397119265959,0.03388888888888886,0.03388888888888886,0.7387937705330181,0.7387937705330181,-0.1,0.1,-0.06777777777777771,0
107,2,0.3752504828721102,0.6444444444444444,0.634567901234568,-0.40865196278908705,-0.4437397119265959,-0.015325670498084086,0.03388888888888886,0.7173713928679437,0.7387937705330181,-0.05715524466985125,0.029824501724982324,0.09847696879643345,2
108,0,0.34555007670427446,0.59,0.6377777777777778,-0.4581967438434721,-0.40865196278908705,0.08097928436911493,-0.015325670498084086,0.7074225699128651,0.7173713928679437,-0.08010235408984281,0.49635824843508025,-0.4742461103253174,0
108,1,0.34555007670427446,0.59,0.6377777777777778,-0.4581967438434721,-0.4581967438434721,0.08097928436911493,0.08097928436911493,0.7074225699128651,0.7074225699128651,-0.1,0.1,-0.10000000000000002,0
108,2,0.34555007670427446,0.59,0.6377777777777778,-0.4581967438434721,-0.4581967438434721,0.08097928436911493,0.08097928436911493,0.7074225699128651,0.7074225699128651,-0.1,0.1,-0.10000000000000002,0
109,0,0.3209430747250244,0.5545454545454546,0.6101010101010101,-0.4739509205665991,-0.4581967438434721,0.10018214936247727,0.08097928436911493,0.7278623476159269,0.7074225699128651,-0.26351822162449456,0.22603341378501607,-0.2536229199468987,0
109,1,0.29503807040501684,0.5166666666666666,0.587037037037037,-0.4974114888999713,-0.4739509205665991,0.13620071684587823,0.10018214936247727,0.7511864348807821,0.7278623476159269,-0.286592698118841,0.2876845466669774,-0.38814853986720765,0
109,2,0.29866407730060296,0.5384615384615384,0.5675213675213675,-0.4737395023468291,-0.4974114888999713,0.053968253968253985,0.13620071684587823,0.8029002460834327,0.7511864348807821,-0.5,0.05265602689371565,0.0,0
110,0,0.29866407730060296,0.5384615384615384,0.5675213675213675,-0.4737395023468291,-0.4737395023468291,0.053968253968253985,0.053968253968253985,0.8029002460834327,0.8029002460834327,-0.1,0.1,-0.1,0
110,1,0.29866407730060296,0.5384615384615384,0.5675213675213675,-0.4737395023468291,-0.4737395023468291,0.053968253968253985,0.053968253968253985,0.8029002460834327,0.8029002460834327,-0.1,0.1,-0.1,0
110,2,0.29866407730060296,0.5384615384615384,0.5675213675213675,-0.4737395023468291,-0.4737395023468291,0.053968253968253985,0.053968253968253985,0.8029002460834327,0.8029002460834327,-0.1,0.1,-0.1,0
111,0,0.28051347849795544,0.507142857142857,0.5507936507936507,-0.49071039926884163,-0.4737395023468291,0.08607198748043834,0.053968253968253985,0.8079090525646645,0.8029002460834327,-0.14007045184985448,0.23576717537610026,-0.264938980617374,0
111,1,0.28051347849795544,0.507142857142857,0.5507936507936507,-0.49071039926884163,-0.49071039926884163,0.08607198748043834,0.08607198748043834,0.8079090525646645,0.8079090525646645,-0.1,0.1,-0.1,0
111,2,0.28051347849795544,0.507142857142857,0.5507936507936507,-0.49071039926884163,-0.49071039926884163,0.08607198748043834,0.08607198748043834,0.8079090525646645,0.8079090525646645,-0.1,0.1,-0.1,0
112,0,0.28051347849795544,0.507142857142857,0.5507936507936507,-0.49071039926884163,-0.49071039926884163,0.08607198748043834,0.08607198748043834,0.8079090525646645,0.8079090525646645,-0.1,0.1,-0.1,0
112,1,0.28051347849795544,0.507142857142857,0.5507936507936507,-0.49071039926884163,-0.49071039926884163,0.08607198748043834,0.08607198748043834,0.8079090525646645,0.8079090525646645,-0.1,0.1,-0.1,0
112,2,0.298324732308129,0.5399999999999998,0.5451851851851851,-0.45280110242394805,-0.49071039926884163,0.009602194787380175,0.08607198748043834,0.8101080517932151,0.8079090525646645,-0.11759199382840482,0.02418140631021284,0.0722497522299302,2
113,0,0.298324732308129,0.5399999999999998,0.5451851851851851,-0.45280110242394805,-0.45280110242394805,0.009602194787380175,0.009602194787380175,0.8101080517932151,0.8101080517932151,-0.1,0.1,-0.019204389574760353,0
113,1,0.298324732308129,0.5399999999999998,0.5451851851851851,-0.45280110242394805,-0.45280110242394805,0.009602194787380175,0.009602194787380175,0.8101080517932151,0.8101080517932151,-0.1,0.1,-0.019204389574760353,0
113,2,0.3085479189410929,0.5562499999999999,0.5397569444444446,-0.42835766706314093,-0.45280110242394805,-0.02965043695380739,0.009602194787380175,0.8027993898289671,0.8101080517932151,-0.0853826760715041,0.051113129278385766,0.08496760911040913,2
114,0,0.29735768162746123,0.5352941176470587,0.5570261437908498,-0.46616925445583385,-0.42835766706314093,0.040598290598291085,-0.02965043695380739,0.8001691253353646,0.8027993898289671,-0.09473947101279481,0.4024926991415433,-0.2177193104892201,0
114,1,0.29735768162746123,0.5352941176470587,0.5570261437908498,-0.46616925445583385,-0.46616925445583385,0.040598290598291085,0.040598290598291085,0.8001691253353646,0.8001691253353646,-0.1,0.1,-0.08119658119658217,0
114,2,0.29735768162746123,0.5352941176470587,0.5570261437908498,-0.46616925445583385,-0.46616925445583385,0.040598290598291085,0.040598290598291085,0.8001691253353646,0.8001691253353646,-0.1,0.1,-0.08119658119658217,0
115,0,0.29735768162746123,0.5352941176470587,0.5570261437908498,-0.46616925445583385,-0.46616925445583385,0.040598290598291085,0.040598290598291085,0.8001691253353646,0.8001691253353646,-0.1,0.1,-0.08119658119658217,0
115,1,0.2869061240145994,0.5166666666666665,0.5723765432098767,-0.49874583887446655,-0.46616925445583385,0.10782556750298761,0.040598290598291085,0.8008213259343867,0.8001691253353646,-0.10521760479217726,0.3606126753490616,-0.5,0
115,2,0.2869061240145994,0.5166666666666665,0.5723765432098767,-0.49874583887446655,-0.49874583887446655,0.10782556750298761,0.10782556750298761,0.8008213259343867,0.8008213259343867,-0.1,0.1,-0.1,0
116,0,0.3081639483915881,0.5421052631578945,0.5668128654970762,-0.4563215354659629,-0.49874583887446655,0.04557713052858758,0.10782556750298761,0.7591456300690761,0.8008213259343867,-0.016648608269378775,0.015151393182992657,0.015032080659942888,0
116,1,0.2947247544587397,0.5199999999999998,0.5551388888888891,-0.46909726492296094,-0.4563215354659629,0.0675747863247871,0.04557713052858758,0.7643580735353459,0.7591456300690761,-0.1416995477301585,0.2022058356559845,-0.18255959849435593,0
116,2,0.2947247544587397,0.5199999999999998,0.5551388888888891,-0.46909726492296094,-0.46909726492296094,0.0675747863247871,0.0675747863247871,0.7643580735353459,0.7643580735353459,-0.1,0.1,-0.1,0
117,0,0.2947247544587397,0.5199999999999998,0.5551388888888891,-0.46909726492296094,-0.46909726492296094,0.0675747863247871,0.0675747863247871,0.7643580735353459,0.7643580735353459,-0.1,0.1,-0.1,0
117,1,0.2947247544587397,0.5199999999999998,0.5551388888888891,-0.46909726492296094,-0.46909726492296094,0.0675747863247871,0.0675747863247871,0.7643580735353459,0.7643580735353459,-0.1,0.1,-0.1,0
117,2,0.2947247544587397,0.5199999999999998,0.5551388888888891,-0.46909726492296094,-0.46909726492296094,0.0675747863247871,0.0675747863247871,0.7643580735353459,0.7643580735353459,-0.1,0.1,-0.1,0
118,0,0.2947247544587397,0.5199999999999998,0.5551388888888891,-0.46909726492296094,-0.46909726492296094,0.0675747863247871,0.0675747863247871,0.7643580735353459,0.7643580735353459,-0.1,0.1,-0.1,0
118,1,0.30822040209884904,0.538095238095238,0.5604497354497356,-0.45004809066148266,-0.46909726492296094,0.041543756145526675,0.0675747863247871,0.7458131727524838,0.7643580735353459,-0.06291019843427584,0.061901651477043435,-0.023183603685074314,0
118,2,0.31912095172298,0.5499999999999999,0.5577020202020203,-0.42779308633778557,-0.45004809066148266,0.014003673094582504,0.041543756145526675,0.7234844563807882,0.7458131727524838,-0.055342567256608716,0.05548999135260582,0.01735273742492965,0
119,0,0.31912095172298,0.5499999999999999,0.5577020202020203,-0.42779308633778557,-0.42779308633778557,0.014003673094582504,0.014003673094582504,0.7234844563807882,0.7234844563807882,-0.1,0.1,-0.028007346189165006,0
119,1,0.3272948509606183,0.5695652173913043,0.5508454106280195,-0.40583175488841955,-0.42779308633778557,-0.03286683630195037,0.014003673094582504,0.7402205250697242,0.7234844563807882,-0.23388854951148855,0.05607733710126797,0.09443734931502566,2
119,2,0.3272948509606183,0.5695652173913043,0.5508454106280195,-0.40583175488841955,-0.40583175488841955,-0.03286683630195037,-0.03286683630195037,0.7402205250697242,0.7402205250697242,-0.1,0.1,0.06573367260390074,0
120,0,0.3272948509606183,0.5695652173913043,0.5508454106280195,-0.40583175488841955,-0.40583175488841955,-0.03286683630195037,-0.03286683630195037,0.7402205250697242,0.7402205250697242,-0.1,0.1,0.06573367260390074,0
120,1,0.3272948509606183,0.5695652173913043,0.5508454106280195,-0.40583175488841955,-0.40583175488841955,-0.03286683630195037,-0.03286683630195037,0.7402205250697242,0.7402205250697242,-0.1,0.1,0.06573367260390074,0
120,2,0.31435553315780435,0.5499999999999999,0.5278935185185185,-0.4045095798106929,-0.40583175488841955,-0.04019360269360259,-0.03286683630195037,0.7496113221710134,0.7402205250697242,-0.17512637681031365,0.09735564984454673,0.08483238752124349,0
121,0,0.31435553315780435,0.5499999999999999,0.5278935185185185,-0.4045095798106929,-0.4045095798106929,-0.04019360269360259,-0.04019360269360259,0.7496113221710134,0.7496113221710134,-0.1,0.1,0.08038720538720519,0
121,1,0.31435553315780435,0.5499999999999999,0.5278935185185185,-0.4045095798106929,-0.4045095798106929,-0.04019360269360259,-0.04019360269360259,0.7496113221710134,0.7496113221710134,-0.1,0.1,0.08038720538720519,0
121,2,0.302893725329497,0.5319999999999999,0.5334444444444444,-0.4321925582242297,-0.4045095798106929,0.002715121136173817,-0.04019360269360259,0.756391616964908,0.7496113221710134,-0.1542423583511562,0.32146382730829426,-0.08720684615560267,0
122,0,0.29374777627654775,0.5192307692307692,0.5193376068376068,-0.4343799247174476,-0.4321925582242297,0.00020576131687242727,0.002715121136173817,0.7676074890246702,0.756391616964908,-0.18972697647809814,0.11749893194574304,0.004569587233389705,0
122,1,0.2896764317010159,0.5111111111111111,0.5165637860082304,-0.43922427481898524,-0.4343799247174476,0.010668276972624745,0.00020576131687242727,0.7644207646089923,0.7676074890246702,-0.09362655116864418,0.13875480081230132,-0.044544651866801066,0
122,2,0.2800077303986933,0.4964285714285714,0.4981150793650793,-0.43786538091638544,-0.43922427481898524,0.0033972821742605797,0.010668276972624745,0.7729102361628514,0.7644207646089923,-0.16791577243087233,0.0972822121948004,0.006820569307183094,0
123,0,0.2800077303986933,0.4964285714285714,0.4981150793650793,-0.43786538091638544,-0.43786538091638544,0.0033972821742605797,0.0033972821742605797,0.7729102361628514,0.7729102361628514,-0.1,0.1,-0.006794564348521159,0
123,1,0.2800077303986933,0.4964285714285714,0.4981150793650793,-0.43786538091638544,-0.43786538091638544,0.0033972821742605797,0.0033972821742605797,0.7729102361628514,0.7729102361628514,-0.1,0.1,-0.006794564348521159,0
123,2,0.2864852034165905,0.5103448275862068,0.49371008939974453,-0.4197298990488511,-0.43786538091638544,-0.032595095095095,0.0033972821742605797,0.7814003009575764,0.7729102361628514,-0.16792051835780022,0.06372903626493134,0.0820450187039468,2
124,0,0.2864852034165905,0.5103448275862068,0.49371008939974453,-0.4197298990488511,-0.4197298990488511,-0.032595095095095,-0.032595095095095,0.7814003009575764,0.7814003009575764,-0.1,0.1,0.06519019019019,0
124,1,0.2864852034165905,0.5103448275862068,0.49371008939974453,-0.4197298990488511,-0.4197298990488511,-0.032595095095095,-0.032595095095095,0.7814003009575764,0.7814003009575764,-0.1,0.1,0.06519019019019,0
124,2,0.2864852034165905,0.5103448275862068,0.49371008939974453,-0.4197298990488511,-0.4197298990488511,-0.032595095095095,-0.032595095095095,0.7814003009575764,0.7814003009575764,-0.1,0.1,0.06519019019019,0
125,0,0.2970806970159241,0.5266666666666666,0.4916975308641975,-0.39580600192605975,-0.4197298990488511,-0.06639709329582746,-0.032595095095095,0.7728067557295258,0.7814003009575764,-0.08281290954389889,0.052152205754417286,0.17960140094036786,2
125,1,0.29968058066067027,0.5419354838709677,0.4855137395459976,-0.3827557157478166,-0.39580600192605975,-0.10411155202821865,-0.06639709329582746,0.8083770482432553,0.7728067557295258,-0.3845623401098356,0.07389942764351368,0.40171566985912954,2
125,2,0.29968058066067027,0.5419354838709677,0.4855137395459976,-0.3827557157478166,-0.3827557157478166,-0.10411155202821865,-0.10411155202821865,0.8083770482432553,0.8083770482432553,-0.1,0.1,0.1,0
126,0,0.29968058066067027,0.5419354838709677,0.4855137395459976,-0.3827557157478166,-0.3827557157478166,-0.10411155202821865,-0.10411155202821865,0.8083770482432553,0.8083770482432553,-0.1,0.1,0.1,0
126,1,0.29046528865299465,0.528125,0.47034143518518523,-0.38243738075376843,-0.3827557157478166,-0.10941266710497463,-0.10411155202821865,0.8182034846543275,0.8083770482432553,-0.17861149128857737,0.0993633300119037,0.1424089206140479,2
126,2,0.29046528865299465,0.528125,0.47034143518518523,-0.38243738075376843,-0.38243738075376843,-0.10941266710497463,-0.10941266710497463,0.8182034846543275,0.8182034846543275,-0.1,0.1,0.1,0
127,0,0.2953700311428068,0.5363636363636364,0.47124017957351294,-0.3732070312634931,-0.38243738075376843,-0.12141661435446742,-0.10941266710497463,0.8159040519053639,0.8182034846543275,-0.0954011345020728,0.08153930101944931,0.19603157799594229,2
127,1,0.30732163363916004,0.5499999999999999,0.4740468409586057,-0.3517061878996981,-0.3732070312634931,-0.13809665280253494,-0.12141661435446742,0.7896559818687523,0.8159040519053639,-0.04750385992677689,0.056998313272410034,0.23344030758454018,2
127,2,0.310805646013149,0.5571428571428572,0.4724074074074075,-0.3420813451701277,-0.3517061878996981,-0.1520892687559353,-0.13809665280253494,0.7925763714063503,0.7896559818687523,-0.12336311630078392,0.08075031454085926,0.21194092762720274,2
128,0,0.30553226164476266,0.55,0.4654578189300412,-0.34358764807711933,-0.3420813451701277,-0.15371305649083428,-0.1520892687559353,0.8001372327727407,0.7925763714063503,-0.1604868909311236,0.11205042325593287,0.11299030187919193,2
128,1,0.30553226164476266,0.55,0.4654578189300412,-0.34358764807711933,-0.34358764807711933,-0.15371305649083428,-0.15371305649083428,0.8001372327727407,0.8001372327727407,-0.1,0.1,0.1,0
128,2,0.29757905480069685,0.5378378378378379,0.4618868868868869,-0.355731753273238,-0.34358764807711933,-0.1412153359389541,-0.15371305649083428,0.8073780031261072,0.8001372327727407,-0.15792616282693164,0.19715284156894952,0.07500455889623966,0
129,0,0.29757905480069685,0.5378378378378379,0.4618868868868869,-0.355731753273238,-0.355731753273238,-0.1412153359389541,-0.1412153359389541,0.8073780031261072,0.8073780031261072,-0.1,0.1,0.1,0
129,1,0.29757905480069685,0.5378378378378379,0.4618868868868869,-0.355731753273238,-0.355731753273238,-0.1412153359389541,-0.1412153359389541,0.8073780031261072,0.8073780031261072,-0.1,0.1,0.1,0
129,2,0.29757905480069685,0.5378378378378379,0.4618868868868869,-0.355731753273238,-0.355731753273238,-0.1412153359389541,-0.1412153359389541,0.8073780031261072,0.8073780031261072,-0.1,0.1,0.1,0
130,0,0.3076613157861067,0.55,0.4646442495126706,-0.33785618543909907,-0.355731753273238,-0.15519227361332627,-0.1412153359389541,0.7876800617415703,0.8073780031261072,-0.06060411723092632,0.06424886433172208,0.21181550139497735,2
130,1,0.3076613157861067,0.55,0.4646442495126706,-0.33785618543909907,-0.33785618543909907,-0.15519227361332627,-0.15519227361332627,0.7876800617415703,0.7876800617415703,-0.1,0.1,0.1,0
130,2,0.3076613157861067,0.55,0.4646442495126706,-0.33785618543909907,-0.33785618543909907,-0.15519227361332627,-0.15519227361332627,0.7876800617415703,0.7876800617415703,-0.1,0.1,0.1,0
131,0,0.3113079968206622,0.558974358974359,0.4622269705603039,-0.3265040409838055,-0.33785618543909907,-0.1730801902820252,-0.15519227361332627,0.7955669776654406,0.7876800617415703,-0.16309532739096202,0.07729571108941283,0.24310333334959144,2
131,1,0.3113079968206622,0.558974358974359,0.4622269705603039,-0.3265040409838055,-0.3265040409838055,-0.1730801902820252,-0.1730801902820252,0.7955669776654406,0.7955669776654406,-0.1,0.1,0.1,0
131,2,0.30422055533639863,0.5475,0.467337962962963,-0.3490352176664312,-0.3265040409838055,-0.1464146795197023,-0.1730801902820252,0.7996811536767781,0.7955669776654406,-0.13291340809069965,0.28024941346100574,0.04666897847535421,0
132,0,0.3070818608983043,0.5560975609756097,0.4667795844625113,-0.3421266243854606,-0.3490352176664312,-0.16061565951916823,-0.1464146795197023,0.8109098314985509,0.7996811536767781,-0.1898294225741827,0.08618281343805881,0.21360783999572747,2
132,1,0.3070818608983043,0.5560975609756097,0.4667795844625113,-0.3421266243854606,-0.3421266243854606,-0.16061565951916823,-0.16061565951916823,0.8109098314985509,0.8109098314985509,-0.1,0.1,0.1,0
132,2,0.3070818608983043,0.5560975609756097,0.4667795844625113,-0.3421266243854606,-0.3421266243854606,-0.16061565951916823,-0.16061565951916823,0.8109098314985509,0.8109098314985509,-0.1,0.1,0.1,0
133,0,0.3070818608983043,0.5560975609756097,0.4667795844625113,-0.3421266243854606,-0.3421266243854606,-0.16061565951916823,-0.16061565951916823,0.8109098314985509,0.8109098314985509,-0.1,0.1,0.1,0
133,1,0.3070818608983043,0.5560975609756097,0.4667795844625113,-0.3421266243854606,-0.3421266243854606,-0.16061565951916823,-0.16061565951916823,0.8109098314985509,0.8109098314985509,-0.1,0.1,0.1,0
133,2,0.3070818608983043,0.5560975609756097,0.4667795844625113,-0.3421266243854606,-0.3421266243854606,-0.16061565951916823,-0.16061565951916823,0.8109098314985509,0.8109098314985509,-0.1,0.1,0.1,0
134,0,0.3070818608983043,0.5560975609756097,0.4667795844625113,-0.3421266243854606,-0.3421266243854606,-0.16061565951916823,-0.16061565951916823,0.8109098314985509,0.8109098314985509,-0.1,0.1,0.1,0
134,1,0.3025770005301243,0.5452380952380952,0.4794753086419753,-0.36894143436266313,-0.3421266243854606,-0.12061297104965221,-0.16061565951916823,0.8019812949524289,0.8109098314985509,-0.08214292690775596,0.31451847981762027,0.01999462306096797,0
134,2,0.31109864302362716,0.5511627906976744,0.48479758828596037,-0.35829168597240624,-0.36894143436266313,-0.12040943897483977,-0.12061297104965221,0.7716656856513995,0.8019812949524289,-0.03936878139794123,0.07870050321948621,0.09959293585037512,2
135,0,0.31109864302362716,0.5511627906976744,0.48479758828596037,-0.35829168597240624,-0.35829168597240624,-0.12040943897483977,-0.12040943897483977,0.7716656856513995,0.7716656856513995,-0.1,0.1,0.1,0
135,1,0.31109864302362716,0.5511627906976744,0.48479758828596037,-0.35829168597240624,-0.35829168597240624,-0.12040943897483977,-0.12040943897483977,0.7716656856513995,0.7716656856513995,-0.1,0.1,0.1,0
135,2,0.31446150929689326,0.5590909090909091,0.48303872053872055,-0.3489931636408309,-0.35829168597240624,-0.1360283047274917,-0.12040943897483977,0.7779311380301661,0.7716656856513995,-0.15012361903013308,0.0814029553368493,0.22495092602121536,2
136,0,0.31446150929689326,0.5590909090909091,0.48303872053872055,-0.3489931636408309,-0.3489931636408309,-0.1360283047274917,-0.1360283047274917,0.7779311380301661,0.7779311380301661,-0.1,0.1,0.1,0
136,1,0.30793150277159764,0.5488888888888889,0.4797119341563786,-0.3580908023205093,-0.3489931636408309,-0.12603088918878394,-0.1360283047274917,0.7825031994080086,0.7779311380301661,-0.13657649102273997,0.17278110943742753,0.0800051689225845,0
136,2,0.30793150277159764,0.5488888888888889,0.4797119341563786,-0.3580908023205093,-0.3580908023205093,-0.12603088918878394,-0.12603088918878394,0.7825031994080086,0.7825031994080086,-0.1,0.1,0.1,0
137,0,0.31333271559822434,0.5543478260869565,0.481964573268921,-0.34988434217675457,-0.3580908023205093,-0.13057371096586803,-0.12603088918878394,0.7691986776056207,0.7825031994080086,-0.07339095639522411,0.08358707971249049,0.13634257421667276,2
137,1,0.31333271559822434,0.5543478260869565,0.481964573268921,-0.34988434217675457,-0.34988434217675457,-0.13057371096586803,-0.13057371096586803,0.7691986776056207,0.7691986776056207,-0.1,0.1,0.1,0
137,2,0.31333271559822434,0.5543478260869565,0.481964573268921,-0.34988434217675457,-0.34988434217675457,-0.13057371096586803,-0.13057371096586803,0.7691986776056207,0.7691986776056207,-0.1,0.1,0.1,0
138,0,0.31333271559822434,0.5543478260869565,0.481964573268921,-0.34988434217675457,-0.34988434217675457,-0.13057371096586803,-0.13057371096586803,0.7691986776056207,0.7691986776056207,-0.1,0.1,0.1,0
138,1,0.31408164542339545,0.5595744680851064,0.4796887312844759,-0.3452386413531745,-0.34988434217675457,-0.14276158287565135,-0.13057371096586803,0.7816210410219168,0.7691986776056207,-0.1993789073303688,0.09070859835283987,0.19750297527826655,2
138,2,0.31408164542339545,0.5595744680851064,0.4796887312844759,-0.3452386413531745,-0.3452386413531745,-0.14276158287565135,-0.14276158287565135,0.7816210410219168,0.7816210410219168,-0.1,0.1,0.1,0
139,0,0.30794721521135804,0.5499999999999999,0.46969521604938275,-0.34436799718441,-0.3452386413531745,-0.14600869809203126,-0.14276158287565135,0.7860203724281454,0.7816210410219168,-0.1351946512498289,0.09825871166247105,0.12597692173103928,2
139,1,0.3058442612752814,0.5428571428571428,0.4771164021164021,-0.3589734917546084,-0.34436799718441,-0.12110136452241711,-0.14600869809203126,0.7749463095811796,0.7860203724281454,-0.07785187430606846,0.21684395656158706,0.05018533286077171,0
139,2,0.3098076290565994,0.5499999999999999,0.4772037037037037,-0.35078536345778377,-0.3589734917546084,-0.13235690235690228,-0.12110136452241711,0.7752952103691393,0.7749463095811796,-0.10279120630367747,0.08362374340635073,0.19004430267588138,2
140,0,0.3098076290565994,0.5499999999999999,0.4772037037037037,-0.35078536345778377,-0.35078536345778377,-0.13235690235690228,-0.13235690235690228,0.7752952103691393,0.7752952103691393,-0.1,0.1,0.1,0
140,1,0.3098076290565994,0.5499999999999999,0.4772037037037037,-0.35078536345778377,-0.35078536345778377,-0.13235690235690228,-0.13235690235690228,0.7752952103691393,0.7752952103691393,-0.1,0.1,0.1,0
140,2,0.3098076290565994,0.5499999999999999,0.4772037037037037,-0.35078536345778377,-0.35078536345778377,-0.13235690235690228,-0.13235690235690228,0.7752952103691393,0.7752952103691393,-0.1,0.1,0.1,0
141,0,0.3098076290565994,0.5499999999999999,0.4772037037037037,-0.35078536345778377,-0.35078536345778377,-0.13235690235690228,-0.13235690235690228,0.7752952103691393,0.7752952103691393,-0.1,0.1,0.1,0
141,1,0.3098076290565994,0.5499999999999999,0.4772037037037037,-0.35078536345778377,-0.35078536345778377,-0.13235690235690228,-0.13235690235690228,0.7752952103691393,0.7752952103691393,-0.1,0.1,0.1,0
141,2,0.3087993380329023,0.5431372549019607,0.4874546114742193,-0.36650647924122837,-0.35078536345778377,-0.10252039042652755,-0.13235690235690228,0.7588679378713237,0.7752952103691393,-0.06714545500436878,0.22576892626755674,0.04032697613925054,0
142,0,0.31692560097180106,0.548076923076923,0.49090099715099716,-0.35440016864680085,-0.36650647924122837,-0.10432098765432087,-0.10252039042652755,0.729355159054156,0.7588679378713237,-0.04097444236566475,0.07578737881114497,0.11440477782234648,2
142,1,0.31692560097180106,0.548076923076923,0.49090099715099716,-0.35440016864680085,-0.35440016864680085,-0.10432098765432087,-0.10432098765432087,0.729355159054156,0.729355159054156,-0.1,0.1,0.1,0
142,2,0.31692560097180106,0.548076923076923,0.49090099715099716,-0.35440016864680085,-0.35440016864680085,-0.10432098765432087,-0.10432098765432087,0.729355159054156,0.729355159054156,-0.1,0.1,0.1,0
143,0,0.3207914612895318,0.5547169811320753,0.49072327044025155,-0.3462884672215885,-0.35440016864680085,-0.11536281179138307,-0.10432098765432087,0.7292136732760883,0.729355159054156,-0.09971702844386457,0.08377659714957533,0.18833459309649764,2
143,1,0.32197349362566513,0.561111111111111,0.48712277091906725,-0.33903009087793345,-0.3462884672215885,-0.1318604082630483,-0.11536281179138307,0.7427245478892545,0.7292136732760883,-0.20808699690532909,0.08548324731268989,0.23198077177332177,2
143,2,0.32197349362566513,0.561111111111111,0.48712277091906725,-0.33903009087793345,-0.33903009087793345,-0.1318604082630483,-0.1318604082630483,0.7427245478892545,0.7427245478892545,-0.1,0.1,0.1,0
144,0,0.32197349362566513,0.561111111111111,0.48712277091906725,-0.33903009087793345,-0.33903009087793345,-0.1318604082630483,-0.1318604082630483,0.7427245478892545,0.7427245478892545,-0.1,0.1,0.1,0
144,1,0.32197349362566513,0.561111111111111,0.48712277091906725,-0.33903009087793345,-0.33903009087793345,-0.1318604082630483,-0.1318604082630483,0.7427245478892545,0.7427245478892545,-0.1,0.1,0.1,0
144,2,0.32197349362566513,0.561111111111111,0.48712277091906725,-0.33903009087793345,-0.33903009087793345,-0.1318604082630483,-0.1318604082630483,0.7427245478892545,0.7427245478892545,-0.1,0.1,0.1,0
145,0,0.32197349362566513,0.561111111111111,0.48712277091906725,-0.33903009087793345,-0.33903009087793345,-0.1318604082630483,-0.1318604082630483,0.7427245478892545,0.7427245478892545,-0.1,0.1,0.1,0
145,1,0.32197349362566513,0.561111111111111,0.48712277091906725,-0.33903009087793345,-0.33903009087793345,-0.1318604082630483,-0.1318604082630483,0.7427245478892545,0.7427245478892545,-0.1,0.1,0.1,0
145,2,0.3169584366005447,0.5527272727272726,0.4843265993265993,-0.34556880204135165,-0.33903009087793345,-0.12375121832358658,-0.1318604082630483,0.7438478011672612,0.7427245478892545,-0.1089860262240542,0.1523096893073456,0.0837816201210766,0
146,0,0.3169584366005447,0.5527272727272726,0.4843265993265993,-0.34556880204135165,-0.34556880204135165,-0.12375121832358658,-0.12375121832358658,0.7438478011672612,0.7438478011672612,-0.1,0.1,0.1,0
146,1,0.3169584366005447,0.5527272727272726,0.4843265993265993,-0.34556880204135165,-0.34556880204135165,-0.12375121832358658,-0.12375121832358658,0.7438478011672612,0.7438478011672612,-0.1,0.1,0.1,0
146,2,0.3231436817802481,0.5607142857142857,0.4852017195767196,-0.33400136738560554,-0.34556880204135165,-0.13467209247464024,-0.12375121832358658,0.7351856691897076,0.7438478011672612,-0.08267573604489278,0.07686513068850778,0.1873669932084292,2
147,0,0.3231436817802481,0.5607142857142857,0.4852017195767196,-0.33400136738560554,-0.33400136738560554,-0.13467209247464024,-0.13467209247464024,0.7351856691897076,0.7351856691897076,-0.1,0.1,0.1,0
147,1,0.3231436817802481,0.5607142857142857,0.4852017195767196,-0.33400136738560554,-0.33400136738560554,-0.13467209247464024,-0.13467209247464024,0.7351856691897076,0.7351856691897076,-0.1,0.1,0.1,0
147,2,0.3231436817802481,0.5607142857142857,0.4852017195767196,-0.33400136738560554,-0.33400136738560554,-0.13467209247464024,-0.13467209247464024,0.7351856691897076,0.7351856691897076,-0.1,0.1,0.1,0
148,0,0.3231436817802481,0.5607142857142857,0.4852017195767196,-0.33400136738560554,-0.33400136738560554,-0.13467209247464024,-0.13467209247464024,0.7351856691897076,0.7351856691897076,-0.1,0.1,0.1,0
148,1,0.3231436817802481,0.5607142857142857,0.4852017195767196,-0.33400136738560554,-0.33400136738560554,-0.13467209247464024,-0.13467209247464024,0.7351856691897076,0.7351856691897076,-0.1,0.1,0.1,0
148,2,0.32058262883932687,0.5561403508771929,0.4844866796621183,-0.33830455552895355,-0.33400136738560554,-0.1288409860965065,-0.13467209247464024,0.7347800562079909,0.7351856691897076,-0.09918877403656659,0.1344255051467841,0.08833778724373251,0
149,0,0.32058262883932687,0.5561403508771929,0.4844866796621183,-0.33830455552895355,-0.33830455552895355,-0.1288409860965065,-0.1288409860965065,0.7347800562079909,0.7347800562079909,-0.1,0.1,0.1,0
149,1,0.32058262883932687,0.5561403508771929,0.4844866796621183,-0.33830455552895355,-0.33830455552895355,-0.1288409860965065,-0.1288409860965065,0.7347800562079909,0.7347800562079909,-0.1,0.1,0.1,0
149,2,0.32058262883932687,0.5561403508771929,0.4844866796621183,-0.33830455552895355,-0.33830455552895355,-0.1288409860965065,-0.1288409860965065,0.7347800562079909,0.7347800562079909,-0.1,0.1,0.1,0
150,0,0.32058262883932687,0.5561403508771929,0.4844866796621183,-0.33830455552895355,-0.33830455552895355,-0.1288409860965065,-0.1288409860965065,0.7347800562079909,0.7347800562079909,-0.1,0.1,0.1,0
150,1,0.3272241237460402,0.5637931034482759,0.4870530012771392,-0.32815499978852275,-0.33830455552895355,-0.1361139426888664,-0.1288409860965065,0.7229570271103781,0.7347800562079909,-0.07635394180477442,0.0797008885191384,0.15818365273887927,2
150,2,0.32974249455504606,0.5677966101694916,0.4886848713119899,-0.32524513462065135,-0.32815499978852275,-0.13933112216694324,-0.1361139426888664,0.7219394513760664,0.7229570271103781,-0.09796484853137657,0.09418026966425722,0.12573743582461475,2
151,0,0.32974249455504606,0.5677966101694916,0.4886848713119899,-0.32524513462065135,-0.32524513462065135,-0.13933112216694324,-0.13933112216694324,0.7219394513760664,0.7219394513760664,-0.1,0.1,0.1,0
151,1,0.32974249455504606,0.5677966101694916,0.4886848713119899,-0.32524513462065135,-0.32524513462065135,-0.13933112216694324,-0.13933112216694324,0.7219394513760664,0.7219394513760664,-0.1,0.1,0.1,0
151,2,0.32974249455504606,0.5677966101694916,0.4886848713119899,-0.32524513462065135,-0.32524513462065135,-0.13933112216694324,-0.13933112216694324,0.7219394513760664,0.7219394513760664,-0.1,0.1,0.1,0
152,0,0.32974249455504606,0.5677966101694916,0.4886848713119899,-0.32524513462065135,-0.32524513462065135,-0.13933112216694324,-0.13933112216694324,0.7219394513760664,0.7219394513760664,-0.1,0.1,0.1,0
152,1,0.3347609086962075,0.5733333333333334,0.4885648148148148,-0.3148075781447851,-0.32524513462065135,-0.14785206718346264,-0.13933112216694324,0.7126651243906981,0.7219394513760664,-0.08145134602926332,0.0791248870482675,0.16816756013215517,2
152,2,0.33598716097261005,0.5786885245901638,0.48602003642987246,-0.3086968935670835,-0.3148075781447851,-0.16013534781240157,-0.14785206718346264,0.7223530890733619,0.7126651243906981,-0.1775037174613109,0.08777863084459683,0.19826624503151152,2
153,0,0.33598716097261005,0.5786885245901638,0.48602003642987246,-0.3086968935670835,-0.3086968935670835,-0.16013534781240157,-0.16013534781240157,0.7223530890733619,0.7223530890733619,-0.1,0.1,0.1,0
153,1,0.33598716097261005,0.5786885245901638,0.48602003642987246,-0.3086968935670835,-0.3086968935670835,-0.16013534781240157,-0.16013534781240157,0.7223530890733619,0.7223530890733619,-0.1,0.1,0.1,0
153,2,0.33598716097261005,0.5786885245901638,0.48602003642987246,-0.3086968935670835,-0.3086968935670835,-0.16013534781240157,-0.16013534781240157,0.7223530890733619,0.7223530890733619,-0.1,0.1,0.1,0
154,0,0.33598716097261005,0.5786885245901638,0.48602003642987246,-0.3086968935670835,-0.3086968935670835,-0.16013534781240157,-0.16013534781240157,0.7223530890733619,0.7223530890733619,-0.1,0.1,0.1,0
154,1,0.33598716097261005,0.5786885245901638,0.48602003642987246,-0.3086968935670835,-0.3086968935670835,-0.16013534781240157,-0.16013534781240157,0.7223530890733619,0.7223530890733619,-0.1,0.1,0.1,0
154,2,0.33598716097261005,0.5786885245901638,0.48602003642987246,-0.3086968935670835,-0.3086968935670835,-0.16013534781240157,-0.16013534781240157,0.7223530890733619,0.7223530890733619,-0.1,0.1,0.1,0
155,0,0.3333531349654904,0.5741935483870967,0.4853494623655913,-0.3131688385092082,-0.3086968935670835,-0.15472846441947571,-0.16013534781240157,0.7224783215149265,0.7223530890733619,-0.10100185953251675,0.1357755595369973,0.08918623321414829,0
155,1,0.3333531349654904,0.5741935483870967,0.4853494623655913,-0.3131688385092082,-0.3131688385092082,-0.15472846441947571,-0.15472846441947571,0.7224783215149265,0.7224783215149265,-0.1,0.1,0.1,0
155,2,0.3333531349654904,0.5741935483870967,0.4853494623655913,-0.3131688385092082,-0.3131688385092082,-0.15472846441947571,-0.15472846441947571,0.7224783215149265,0.7224783215149265,-0.1,0.1,0.1,0
156,0,0.33000564566026547,0.5666666666666667,0.4935185185185184,-0.3313206429397997,-0.3131688385092082,-0.1290849673202616,-0.15472846441947571,0.7171423401951105,0.7224783215149265,-0.0893280373603679,0.24521443544473198,0.048713005801571764,0
156,1,0.33000564566026547,0.5666666666666667,0.4935185185185184,-0.3313206429397997,-0.3313206429397997,-0.1290849673202616,-0.1290849673202616,0.7171423401951105,0.7171423401951105,-0.1,0.1,0.1,0
156,2,0.33000564566026547,0.5666666666666667,0.4935185185185184,-0.3313206429397997,-0.3313206429397997,-0.1290849673202616,-0.1290849673202616,0.7171423401951105,0.7171423401951105,-0.1,0.1,0.1,0
157,0,0.33000564566026547,0.5666666666666667,0.4935185185185184,-0.3313206429397997,-0.3313206429397997,-0.1290849673202616,-0.1290849673202616,0.7171423401951105,0.7171423401951105,-0.1,0.1,0.1,0
157,1,0.33000564566026547,0.5666666666666667,0.4935185185185184,-0.3313206429397997,-0.3313206429397997,-0.1290849673202616,-0.1290849673202616,0.7171423401951105,0.7171423401951105,-0.1,0.1,0.1,0
157,2,0.33000564566026547,0.5666666666666667,0.4935185185185184,-0.3313206429397997,-0.3313206429397997,-0.1290849673202616,-0.1290849673202616,0.7171423401951105,0.7171423401951105,-0.1,0.1,0.1,0
158,0,0.32874016045892906,0.5625,0.4979600694444445,-0.33982626192157894,-0.3313206429397997,-0.11473765432098758,-0.1290849673202616,0.711077828807824,0.7171423401951105,-0.08787097722542705,0.16804495185423407,0.07130537400145198,0
158,1,0.3323824438972934,0.5692307692307692,0.49747863247863255,-0.33186588891017405,-0.33982626192157894,-0.12605105105105088,-0.11473765432098758,0.7125777238904419,0.711077828807824,-0.11199916066094354,0.08407925397719021,0.19050717384050644,2
158,2,0.330255814743411,0.5636363636363637,0.5025673400673402,-0.34286256106662394,-0.33186588891017405,-0.10834826762246112,-0.12605105105105088,0.7066659797474738,0.7125777238904419,-0.08817651171406374,0.18797337725159913,0.06459443314282048,0
159,0,0.32568721602919876,0.5567164179104478,0.4950663349917082,-0.34213418887662067,-0.34286256106662394,-0.1107387548406314,-0.10834826762246112,0.7093591351173472,0.7066659797474738,-0.12154524295898686,0.09854325561999347,0.11912389774536228,2
159,1,0.32600049209406584,0.5602941176470588,0.4957516339869282,-0.3424116639368218,-0.34213418887662067,-0.11519393409157178,-0.1107387548406314,0.7186910180656682,0.7093591351173472,-0.17465506358656793,0.1022198004816092,0.13564143400752293,2
159,2,0.32600049209406584,0.5602941176470588,0.4957516339869282,-0.3424116639368218,-0.3424116639368218,-0.11519393409157178,-0.11519393409157178,0.7186910180656682,0.7186910180656682,-0.1,0.1,0.1,0
160,0,0.3267806668282737,0.5637681159420289,0.49581320450885674,-0.3409197983099774,-0.3424116639368218,-0.12053698943159076,-0.11519393409157178,0.7252186961179509,0.7186910180656682,-0.15222142441826172,0.09701626874631111,0.14274444272015188,2
160,1,0.3267806668282737,0.5637681159420289,0.49581320450885674,-0.3409197983099774,-0.3409197983099774,-0.12053698943159076,-0.12053698943159076,0.7252186961179509,0.7252186961179509,-0.1,0.1,0.1,0
160,2,0.3290647261896587,0.5671428571428571,0.496468253968254,-0.33718878587008244,-0.3409197983099774,-0.12461516932549659,-0.12053698943159076,0.7234993969422915,0.7252186961179509,-0.09656140164868124,0.09253797512021014,0.1326254391512466,2
161,0,0.3290647261896587,0.5671428571428571,0.496468253968254,-0.33718878587008244,-0.33718878587008244,-0.12461516932549659,-0.12461516932549659,0.7234993969422915,0.7234993969422915,-0.1,0.1,0.1,0
161,1,0.3290647261896587,0.5671428571428571,0.496468253968254,-0.33718878587008244,-0.33718878587008244,-0.12461516932549659,-0.12461516932549659,0.7234993969422915,0.7234993969422915,-0.1,0.1,0.1,0
161,2,0.3290647261896587,0.5671428571428571,0.496468253968254,-0.33718878587008244,-0.33718878587008244,-0.12461516932549659,-0.12461516932549659,0.7234993969422915,0.7234993969422915,-0.1,0.1,0.1,0
162,0,0.3290647261896587,0.5671428571428571,0.496468253968254,-0.33718878587008244,-0.33718878587008244,-0.12461516932549659,-0.12461516932549659,0.7234993969422915,0.7234993969422915,-0.1,0.1,0.1,0
162,1,0.3310855856103275,0.5732394366197182,0.4955790297339593,-0.33192172035999273,-0.33718878587008244,-0.13547638547638538,-0.12461516932549659,0.7313935173680276,0.7234993969422915,-0.16315296340588895,0.08946586897982059,0.18688972920711036,2
162,2,0.3310855856103275,0.5732394366197182,0.4955790297339593,-0.33192172035999273,-0.33192172035999273,-0.13547638547638538,-0.13547638547638538,0.7313935173680276,0.7313935173680276,-0.1,0.1,0.1,0
163,0,0.33337631003046875,0.5777777777777778,0.4948688271604938,-0.326333986435663,-0.33192172035999273,-0.1434962606837608,-0.13547638547638538,0.7331098833176602,0.7313935173680276,-0.11373092759706119,0.08882453215134059,0.16415900165900346,2
163,1,0.3290754991533094,0.5712328767123288,0.4972222222222222,-0.33817218047379105,-0.326333986435663,-0.12956301625366387,-0.1434962606837608,0.7358717928927407,0.7331098833176602,-0.12209527660064393,0.19470555230502418,0.07213351113980612,0
163,2,0.330800151946306,0.5756756756756757,0.4950075075075075,-0.3317270002389025,-0.33817218047379105,-0.14012780386019827,-0.12956301625366387,0.7402521500930772,0.7358717928927407,-0.13504285760269177,0.08710963953022291,0.18451830085227516,2
164,0,0.330800151946306,0.5756756756756757,0.4950075075075075,-0.3317270002389025,-0.3317270002389025,-0.14012780386019827,-0.14012780386019827,0.7402521500930772,0.7402521500930772,-0.1,0.1,0.1,0
164,1,0.3278234990336068,0.5706666666666668,0.4928518518518519,-0.33484373082532626,-0.3317270002389025,-0.13635773624091393,-0.14012780386019827,0.740774131045941,0.7402521500930772,-0.10417584762291057,0.12493384469139004,0.09245986476143134,0
164,2,0.3278234990336068,0.5706666666666668,0.4928518518518519,-0.33484373082532626,-0.33484373082532626,-0.13635773624091393,-0.13635773624091393,0.740774131045941,0.740774131045941,-0.1,0.1,0.1,0
165,0,0.3278234990336068,0.5706666666666668,0.4928518518518519,-0.33484373082532626,-0.33484373082532626,-0.13635773624091393,-0.13635773624091393,0.740774131045941,0.740774131045941,-0.1,0.1,0.1,0
165,1,0.3312702204281129,0.5750000000000001,0.4931895711500975,-0.328310573040698,-0.33484373082532626,-0.14227900669548274,-0.13635773624091393,0.7357431019815367,0.740774131045941,-0.08993794187119133,0.08693368443074348,0.14737016363655045,2
165,2,0.33318940007182474,0.577922077922078,0.49381914381914377,-0.32528051161610705,-0.328310573040698,-0.1455264253017063,-0.14227900669548274,0.7345151970545787,0.7357431019815367,-0.09754419014608398,0.09393987715081811,0.1259793488497886,2
166,0,0.33318940007182474,0.577922077922078,0.49381914381914377,-0.32528051161610705,-0.32528051161610705,-0.1455264253017063,-0.1455264253017063,0.7345151970545787,0.7345151970545787,-0.1,0.1,0.1,0
166,1,0.33318940007182474,0.577922077922078,0.49381914381914377,-0.32528051161610705,-0.32528051161610705,-0.1455264253017063,-0.1455264253017063,0.7345151970545787,0.7345151970545787,-0.1,0.1,0.1,0
166,2,0.3361703755635169,0.5807692307692307,0.4938983855650522,-0.319353159701229,-0.32528051161610705,-0.14957893876216163,-0.1455264253017063,0.7276038371783853,0.7345151970545787,-0.0861772802476132,0.08814529617024394,0.13242010768364257,2
167,0,0.3361703755635169,0.5807692307692307,0.4938983855650522,-0.319353159701229,-0.319353159701229,-0.14957893876216163,-0.14957893876216163,0.7276038371783853,0.7276038371783853,-0.1,0.1,0.1,0
167,1,0.3361703755635169,0.5807692307692307,0.4938983855650522,-0.319353159701229,-0.319353159701229,-0.14957893876216163,-0.14957893876216163,0.7276038371783853,0.7276038371783853,-0.1,0.1,0.1,0
167,2,0.3361703755635169,0.5807692307692307,0.4938983855650522,-0.319353159701229,-0.319353159701229,-0.14957893876216163,-0.14957893876216163,0.7276038371783853,0.7276038371783853,-0.1,0.1,0.1,0
168,0,0.3361703755635169,0.5807692307692307,0.4938983855650522,-0.319353159701229,-0.319353159701229,-0.14957893876216163,-0.14957893876216163,0.7276038371783853,0.7276038371783853,-0.1,0.1,0.1,0
168,1,0.3361703755635169,0.5807692307692307,0.4938983855650522,-0.319353159701229,-0.319353159701229,-0.14957893876216163,-0.14957893876216163,0.7276038371783853,0.7276038371783853,-0.1,0.1,0.1,0
168,2,0.3361703755635169,0.5807692307692307,0.4938983855650522,-0.319353159701229,-0.319353159701229,-0.14957893876216163,-0.14957893876216163,0.7276038371783853,0.7276038371783853,-0.1,0.1,0.1,0
169,0,0.3333199308692943,0.5772151898734177,0.4918659165494609,-0.3223357836875521,-0.319353159701229,-0.14786387264457432,-0.14957893876216163,0.731715197372229,0.7276038371783853,-0.13289088155074982,0.12386099189058478,0.09656986776482537,0
169,1,0.3333199308692943,0.5772151898734177,0.4918659165494609,-0.3223357836875521,-0.3223357836875521,-0.14786387264457432,-0.14786387264457432,0.731715197372229,0.731715197372229,-0.1,0.1,0.1,0
169,2,0.3333199308692943,0.5772151898734177,0.4918659165494609,-0.3223357836875521,-0.3223357836875521,-0.14786387264457432,-0.14786387264457432,0.731715197372229,0.731715197372229,-0.1,0.1,0.1,0
170,0,0.3333199308692943,0.5772151898734177,0.4918659165494609,-0.3223357836875521,-0.3223357836875521,-0.14786387264457432,-0.14786387264457432,0.731715197372229,0.731715197372229,-0.1,0.1,0.1,0
170,1,0.3342212274320427,0.5825,0.48988425925925927,-0.3177547122305796,-0.3223357836875521,-0.15899697981243047,-0.14786387264457432,0.7428575811165075,0.731715197372229,-0.1891390699542276,0.09083785708605499,0.18906485734284917,2
170,2,0.3342212274320427,0.5825,0.48988425925925927,-0.3177547122305796,-0.3177547122305796,-0.15899697981243047,-0.15899697981243047,0.7428575811165075,0.7428575811165075,-0.1,0.1,0.1,0
171,0,0.3342212274320427,0.5825,0.48988425925925927,-0.3177547122305796,-0.3177547122305796,-0.15899697981243047,-0.15899697981243047,0.7428575811165075,0.7428575811165075,-0.1,0.1,0.1,0
171,1,0.3342212274320427,0.5825,0.48988425925925927,-0.3177547122305796,-0.3177547122305796,-0.15899697981243047,-0.15899697981243047,0.7428575811165075,0.7428575811165075,-0.1,0.1,0.1,0
171,2,0.3342212274320427,0.5825,0.48988425925925927,-0.3177547122305796,-0.3177547122305796,-0.15899697981243047,-0.15899697981243047,0.7428575811165075,0.7428575811165075,-0.1,0.1,0.1,0
172,0,0.3342212274320427,0.5825,0.48988425925925927,-0.3177547122305796,-0.3177547122305796,-0.15899697981243047,-0.15899697981243047,0.7428575811165075,0.7428575811165075,-0.1,0.1,0.1,0
172,1,0.3342212274320427,0.5825,0.48988425925925927,-0.3177547122305796,-0.3177547122305796,-0.15899697981243047,-0.15899697981243047,0.7428575811165075,0.7428575811165075,-0.1,0.1,0.1,0
172,2,0.3342212274320427,0.5825,0.48988425925925927,-0.3177547122305796,-0.3177547122305796,-0.15899697981243047,-0.15899697981243047,0.7428575811165075,0.7428575811165075,-0.1,0.1,0.1,0
173,0,0.338905979135481,0.5876543209876544,0.491655235482396,-0.3106836769409003,-0.3177547122305796,-0.1633597883597884,-0.15899697981243047,0.7339744860409612,0.7428575811165075,-0.08223380984890741,0.08585792942064144,0.13490246837886347,2
173,1,0.338905979135481,0.5876543209876544,0.491655235482396,-0.3106836769409003,-0.3106836769409003,-0.1633597883597884,-0.1633597883597884,0.7339744860409612,0.7339744860409612,-0.1,0.1,0.1,0
173,2,0.338905979135481,0.5876543209876544,0.491655235482396,-0.3106836769409003,-0.3106836769409003,-0.1633597883597884,-0.1633597883597884,0.7339744860409612,0.7339744860409612,-0.1,0.1,0.1,0
174,0,0.338905979135481,0.5876543209876544,0.491655235482396,-0.3106836769409003,-0.3106836769409003,-0.1633597883597884,-0.1633597883597884,0.7339744860409612,0.7339744860409612,-0.1,0.1,0.1,0
174,1,0.338905979135481,0.5876543209876544,0.491655235482396,-0.3106836769409003,-0.3106836769409003,-0.1633597883597884,-0.1633597883597884,0.7339744860409612,0.7339744860409612,-0.1,0.1,0.1,0
174,2,0.34543127180582495,0.5926829268292683,0.494602529358627,-0.3015982505108476,-0.3106836769409003,-0.16548544429202852,-0.1633597883597884,0.7157766977230402,0.7339744860409612,-0.06360442336415809,0.08182914713989456,0.11700524745792099,2
175,0,0.34543127180582495,0.5926829268292683,0.494602529358627,-0.3015982505108476,-0.3015982505108476,-0.16548544429202852,-0.16548544429202852,0.7157766977230402,0.7157766977230402,-0.1,0.1,0.1,0
175,1,0.34543127180582495,0.5926829268292683,0.494602529358627,-0.3015982505108476,-0.3015982505108476,-0.16548544429202852,-0.16548544429202852,0.7157766977230402,0.7157766977230402,-0.1,0.1,0.1,0
175,2,0.34543127180582495,0.5926829268292683,0.494602529358627,-0.3015982505108476,-0.3015982505108476,-0.16548544429202852,-0.16548544429202852,0.7157766977230402,0.7157766977230402,-0.1,0.1,0.1,0
176,0,0.34803421857749994,0.5963855421686747,0.49533690316822854,-0.2973787812871697,-0.3015982505108476,-0.16943509165731374,-0.16548544429202852,0.7135830626259874,0.7157766977230402,-0.09561272980589433,0.09156106155264424,0.13159717892228176,2
176,1,0.34803421857749994,0.5963855421686747,0.49533690316822854,-0.2973787812871697,-0.2973787812871697,-0.16943509165731374,-0.16943509165731374,0.7135830626259874,0.7135830626259874,-0.1,0.1,0.1,0
176,2,0.34445231885478844,0.5904761904761905,0.49340828924162267,-0.30189190906334834,-0.2973787812871697,-0.1643891875746713,-0.16943509165731374,0.7142465245679444,0.7135830626259874,-0.10530769553565592,0.13610502220942902,0.08990819183471513,0
177,0,0.34445231885478844,0.5904761904761905,0.49340828924162267,-0.30189190906334834,-0.30189190906334834,-0.1643891875746713,-0.1643891875746713,0.7142465245679444,0.7142465245679444,-0.1,0.1,0.1,0
177,1,0.34445231885478844,0.5904761904761905,0.49340828924162267,-0.30189190906334834,-0.30189190906334834,-0.1643891875746713,-0.1643891875746713,0.7142465245679444,0.7142465245679444,-0.1,0.1,0.1,0
177,2,0.34445231885478844,0.5904761904761905,0.49340828924162267,-0.30189190906334834,-0.30189190906334834,-0.1643891875746713,-0.1643891875746713,0.7142465245679444,0.7142465245679444,-0.1,0.1,0.1,0
178,0,0.3417467977170513,0.5870588235294117,0.49021786492374736,-0.30286751632315667,-0.30189190906334834,-0.16495954872708363,-0.1643891875746713,0.717818067209707,0.7142465245679444,-0.12857234113410101,0.10780485807846665,0.1045628892192986,0
178,1,0.3417467977170513,0.5870588235294117,0.49021786492374736,-0.30286751632315667,-0.30286751632315667,-0.16495954872708363,-0.16495954872708363,0.717818067209707,0.717818067209707,-0.1,0.1,0.1,0
178,2,0.3417467977170513,0.5870588235294117,0.49021786492374736,-0.30286751632315667,-0.30286751632315667,-0.16495954872708363,-0.16495954872708363,0.717818067209707,0.717818067209707,-0.1,0.1,0.1,0
179,0,0.3417467977170513,0.5870588235294117,0.49021786492374736,-0.30286751632315667,-0.30286751632315667,-0.16495954872708363,-0.16495954872708363,0.717818067209707,0.717818067209707,-0.1,0.1,0.1,0
179,1,0.3417467977170513,0.5870588235294117,0.49021786492374736,-0.30286751632315667,-0.30286751632315667,-0.16495954872708363,-0.16495954872708363,0.717818067209707,0.717818067209707,-0.1,0.1,0.1,0
179,2,0.3417467977170513,0.5870588235294117,0.49021786492374736,-0.30286751632315667,-0.30286751632315667,-0.16495954872708363,-0.16495954872708363,0.717818067209707,0.717818067209707,-0.1,0.1,0.1,0
180,0,0.3417467977170513,0.5870588235294117,0.49021786492374736,-0.30286751632315667,-0.30286751632315667,-0.16495954872708363,-0.16495954872708363,0.717818067209707,0.717818067209707,-0.1,0.1,0.1,0
180,1,0.3417467977170513,0.5870588235294117,0.49021786492374736,-0.30286751632315667,-0.30286751632315667,-0.16495954872708363,-0.16495954872708363,0.717818067209707,0.717818067209707,-0.1,0.1,0.1,0
180,2,0.3404294508275227,0.5837209302325581,0.4909776055124893,-0.3066293716753585,-0.30286751632315667,-0.15888298657222943,-0.16495954872708363,0.7146604937194407,0.717818067209707,-0.09368485301946752,0.13009484281761444,0.08784687569029162,0
181,0,0.34410221548813014,0.5873563218390804,0.4912941677309494,-0.2996004469636345,-0.3066293716753585,-0.1635500471116907,-0.15888298657222943,0.7069239760804195,0.7146604937194407,-0.08452696472195745,0.0859421505765521,0.13733648431569004,2
181,1,0.34410221548813014,0.5873563218390804,0.4912941677309494,-0.2996004469636345,-0.2996004469636345,-0.1635500471116907,-0.1635500471116907,0.7069239760804195,0.7069239760804195,-0.1,0.1,0.1,0
181,2,0.3418166811929002,0.5840909090909091,0.4907617845117844,-0.30349776209053553,-0.2996004469636345,-0.1597852716529761,-0.1635500471116907,0.7087840975241472,0.7069239760804195,-0.11488097154982171,0.13117852101520802,0.09247044908257082,0
182,0,0.3418166811929002,0.5840909090909091,0.4907617845117844,-0.30349776209053553,-0.30349776209053553,-0.1597852716529761,-0.1597852716529761,0.7087840975241472,0.7087840975241472,-0.1,0.1,0.1,0
182,1,0.34277664561739085,0.5887640449438202,0.4886183936745733,-0.29847780997437257,-0.30349776209053553,-0.17009471303364448,-0.1597852716529761,0.7176317362093618,0.7087840975241472,-0.17078110948171724,0.08996009576767408,0.18247553104534714,2
182,2,0.34277664561739085,0.5887640449438202,0.4886183936745733,-0.29847780997437257,-0.29847780997437257,-0.17009471303364448,-0.17009471303364448,0.7176317362093618,0.7176317362093618,-0.1,0.1,0.1,0
183,0,0.34277664561739085,0.5887640449438202,0.4886183936745733,-0.29847780997437257,-0.29847780997437257,-0.17009471303364448,-0.17009471303364448,0.7176317362093618,0.7176317362093618,-0.1,0.1,0.1,0
183,1,0.33940557255202675,0.5833333333333334,0.48689300411522624,-0.30291548721512473,-0.29847780997437257,-0.16532627865961222,-0.17009471303364448,0.7186910896812558,0.7176317362093618,-0.10847482777515208,0.13550141792601736,0.09046313125193547,0
183,2,0.33940557255202675,0.5833333333333334,0.48689300411522624,-0.30291548721512473,-0.30291548721512473,-0.16532627865961222,-0.16532627865961222,0.7186910896812558,0.7186910896812558,-0.1,0.1,0.1,0
184,0,0.3369548874803628,0.5791208791208792,0.49070004070004064,-0.31331799565441754,-0.30291548721512473,-0.1526811441422449,-0.16532627865961222,0.718689654426305,0.7186910896812558,-0.09999712949009823,0.1832200675143424,0.07470973096526537,0
184,1,0.3369548874803628,0.5791208791208792,0.49070004070004064,-0.31331799565441754,-0.31331799565441754,-0.1526811441422449,-0.1526811441422449,0.718689654426305,0.718689654426305,-0.1,0.1,0.1,0
184,2,0.3369548874803628,0.5791208791208792,0.49070004070004064,-0.31331799565441754,-0.31331799565441754,-0.1526811441422449,-0.1526811441422449,0.718689654426305,0.718689654426305,-0.1,0.1,0.1,0
185,0,0.33380488481068205,0.5739130434782609,0.4889895330112721,-0.31735781182255446,-0.31331799565441754,-0.1479727833894501,-0.1526811441422449,0.7193069053011508,0.718689654426305,-0.10493800699876701,0.1323185293450954,0.09058327849441042,0
185,1,0.33380488481068205,0.5739130434782609,0.4889895330112721,-0.31735781182255446,-0.31735781182255446,-0.1479727833894501,-0.1479727833894501,0.7193069053011508,0.7193069053011508,-0.1,0.1,0.1,0
185,2,0.3352260913423765,0.5763440860215054,0.4886598964555954,-0.31398894451155646,-0.31735781182255446,-0.15213861249309021,-0.1479727833894501,0.7192697731659193,0.7193069053011508,-0.09992573572953703,0.093262265378004,0.13332663282912086,2
186,0,0.3352260913423765,0.5763440860215054,0.4886598964555954,-0.31398894451155646,-0.31398894451155646,-0.15213861249309021,-0.15213861249309021,0.7192697731659193,0.7192697731659193,-0.1,0.1,0.1,0
186,1,0.3352260913423765,0.5763440860215054,0.4886598964555954,-0.31398894451155646,-0.31398894451155646,-0.15213861249309021,-0.15213861249309021,0.7192697731659193,0.7192697731659193,-0.1,0.1,0.1,0
186,2,0.3352260913423765,0.5763440860215054,0.4886598964555954,-0.31398894451155646,-0.31398894451155646,-0.15213861249309021,-0.15213861249309021,0.7192697731659193,0.7192697731659193,-0.1,0.1,0.1,0
187,0,0.3394600614220455,0.5797872340425532,0.49055358550039396,-0.3080061557887179,-0.31398894451155646,-0.15390757730207277,-0.15213861249309021,0.7079689186814604,0.7192697731659193,-0.07739829103108212,0.08803442255432284,0.11415171847186048,2
187,1,0.3394600614220455,0.5797872340425532,0.49055358550039396,-0.3080061557887179,-0.3080061557887179,-0.15390757730207277,-0.15390757730207277,0.7079689186814604,0.7079689186814604,-0.1,0.1,0.1,0
187,2,0.33609118831231694,0.5747368421052632,0.49240740740740735,-0.3174530211032299,-0.3080061557887179,-0.14324718491385177,-0.15390757730207277,0.7100622155293813,0.7079689186814604,-0.11674637478336738,0.1755749225160964,0.078679215223558,0
188,0,0.33609118831231694,0.5747368421052632,0.49240740740740735,-0.3174530211032299,-0.3174530211032299,-0.14324718491385177,-0.14324718491385177,0.7100622155293813,0.7100622155293813,-0.1,0.1,0.1,0
188,1,0.34081102751454817,0.5791666666666667,0.49456983024691353,-0.31089402007316425,-0.3174530211032299,-0.1460664801492141,-0.14324718491385177,0.6993777193490134,0.7100622155293813,-0.07863100763926414,0.08688199793986864,0.12255436188289873,2
188,2,0.34081102751454817,0.5791666666666667,0.49456983024691353,-0.31089402007316425,-0.31089402007316425,-0.1460664801492141,-0.1460664801492141,0.6993777193490134,0.6993777193490134,-0.1,0.1,0.1,0
189,0,0.34081102751454817,0.5791666666666667,0.49456983024691353,-0.31089402007316425,-0.31089402007316425,-0.1460664801492141,-0.1460664801492141,0.6993777193490134,0.6993777193490134,-0.1,0.1,0.1,0
189,1,0.344073537276983,0.5824742268041238,0.4955803741886216,-0.3057159742447226,-0.31089402007316425,-0.14918059652572932,-0.1460664801492141,0.69287714310684,0.6993777193490134,-0.08699884751565326,0.08964390834311667,0.12491293101212167,2
189,2,0.34373220072925087,0.5795918367346938,0.4995937263794406,-0.3119765469829242,-0.3057159742447226,-0.13802490871152848,-0.14918059652572932,0.6861726527367845,0.69287714310684,-0.08659101925988902,0.15008458190561305,0.07768862437159832,0
190,0,0.34222567133985826,0.5757575757575758,0.5029648335203891,-0.3195833017896565,-0.3119765469829242,-0.1264294996751137,-0.13802490871152848,0.6823915444548903,0.6861726527367845,-0.09243778343621148,0.1608540384538583,0.07680918192717043,0
190,1,0.34222567133985826,0.5757575757575758,0.5029648335203891,-0.3195833017896565,-0.3195833017896565,-0.1264294996751137,-0.1264294996751137,0.6823915444548903,0.6823915444548903,-0.1,0.1,0.1,0
190,2,0.34222567133985826,0.5757575757575758,0.5029648335203891,-0.3195833017896565,-0.3195833017896565,-0.1264294996751137,-0.1264294996751137,0.6823915444548903,0.6823915444548903,-0.1,0.1,0.1,0
191,0,0.34222567133985826,0.5757575757575758,0.5029648335203891,-0.3195833017896565,-0.3195833017896565,-0.1264294996751137,-0.1264294996751137,0.6823915444548903,0.6823915444548903,-0.1,0.1,0.1,0
191,1,0.34222567133985826,0.5757575757575758,0.5029648335203891,-0.3195833017896565,-0.3195833017896565,-0.1264294996751137,-0.1264294996751137,0.6823915444548903,0.6823915444548903,-0.1,0.1,0.1,0
191,2,0.34244911188896615,0.578,0.5012685185185185,-0.316834991151923,-0.3195833017896565,-0.13275342816865304,-0.1264294996751137,0.6878420177868867,0.6823915444548903,-0.14360378665597154,0.09450337872453299,0.15059142794831484,2
192,0,0.34244911188896615,0.578,0.5012685185185185,-0.316834991151923,-0.316834991151923,-0.13275342816865304,-0.13275342816865304,0.6878420177868867,0.6878420177868867,-0.1,0.1,0.1,0
192,1,0.3438848345750608,0.5811881188118811,0.5007059039237257,-0.3131999605352247,-0.316834991151923,-0.13847876837655365,-0.13275342816865304,0.6900661511580076,0.6878420177868867,-0.11779306696896744,0.09272993876660343,0.14580272166320488,2
192,2,0.34583893354226536,0.584313725490196,0.4997912127814088,-0.30803318526225626,-0.3131999605352247,-0.14465262242107876,-0.13847876837655365,0.6895544972491837,0.6900661511580076,-0.0989766921823522,0.08966644945406313,0.1493908323562009,2
193,0,0.34266528171404903,0.5796116504854368,0.49493887090974464,-0.307661406580983,-0.30803318526225626,-0.14608536509709039,-0.14465262242107876,0.6914805246278709,0.6895544972491837,-0.11540821902949752,0.0992564426374535,0.11146194140809298,2
193,1,0.3396516901510829,0.575,0.4997952279202279,-0.32041830098206836,-0.307661406580983,-0.13079090796482098,-0.14608536509709039,0.6929107573238635,0.6914805246278709,-0.11144186156794103,0.20205515520868278,0.0694110857354612,0
193,2,0.33732065880565126,0.5714285714285714,0.49820987654320986,-0.32293462115579846,-0.32041830098206836,-0.1281327160493827,-0.13079090796482098,0.6940218646904825,0.6929107573238635,-0.10888885893295211,0.12013056138984082,0.09468361616912344,0
194,0,0.33732065880565126,0.5714285714285714,0.49820987654320986,-0.32293462115579846,-0.32293462115579846,-0.1281327160493827,-0.1281327160493827,0.6940218646904825,0.6940218646904825,-0.1,0.1,0.1,0
194,1,0.33524502029061287,0.5688679245283018,0.49665443745632426,-0.32499340586261394,-0.32293462115579846,-0.1269424482525642,-0.1281327160493827,0.6968721087495019,0.6940218646904825,-0.12280195247215478,0.11647027765452381,0.09761946440636302,0
194,2,0.33524502029061287,0.5688679245283018,0.49665443745632426,-0.32499340586261394,-0.32499340586261394,-0.1269424482525642,-0.1269424482525642,0.6968721087495019,0.6968721087495019,-0.1,0.1,0.1,0
195,0,0.33662243351284427,0.5710280373831775,0.49551748009691937,-0.32066486646040515,-0.32499340586261394,-0.13223616415105768,-0.1269424482525642,0.6963457587308697,0.6968721087495019,-0.09894729996273557,0.09134292119558243,0.14234972718794783,2
195,1,0.33662243351284427,0.5710280373831775,0.49551748009691937,-0.32066486646040515,-0.32066486646040515,-0.13223616415105768,-0.13223616415105768,0.6963457587308697,0.6963457587308697,-0.1,0.1,0.1,0
195,2,0.33662243351284427,0.5710280373831775,0.49551748009691937,-0.32066486646040515,-0.32066486646040515,-0.13223616415105768,-0.13223616415105768,0.6963457587308697,0.6963457587308697,-0.1,0.1,0.1,0
196,0,0.33662243351284427,0.5710280373831775,0.49551748009691937,-0.32066486646040515,-0.32066486646040515,-0.13223616415105768,-0.13223616415105768,0.6963457587308697,0.6963457587308697,-0.1,0.1,0.1,0
196,1,0.33662243351284427,0.5710280373831775,0.49551748009691937,-0.32066486646040515,-0.32066486646040515,-0.13223616415105768,-0.13223616415105768,0.6963457587308697,0.6963457587308697,-0.1,0.1,0.1,0
196,2,0.33662243351284427,0.5710280373831775,0.49551748009691937,-0.32066486646040515,-0.32066486646040515,-0.13223616415105768,-0.13223616415105768,0.6963457587308697,0.6963457587308697,-0.1,0.1,0.1,0
197,0,0.33662243351284427,0.5710280373831775,0.49551748009691937,-0.32066486646040515,-0.32066486646040515,-0.13223616415105768,-0.13223616415105768,0.6963457587308697,0.6963457587308697,-0.1,0.1,0.1,0
197,1,0.33662243351284427,0.5710280373831775,0.49551748009691937,-0.32066486646040515,-0.32066486646040515,-0.13223616415105768,-0.13223616415105768,0.6963457587308697,0.6963457587308697,-0.1,0.1,0.1,0
197,2,0.3368772027394172,0.574074074074074,0.49367283950617286,-0.317610417708214,-0.32066486646040515,-0.14005376344086,-0.13223616415105768,0.704104847124768,0.6963457587308697,-0.16207270715118618,0.09389110249561775,0.16254079431841864,2
198,0,0.3368772027394172,0.574074074074074,0.49367283950617286,-0.317610417708214,-0.317610417708214,-0.14005376344086,-0.14005376344086,0.704104847124768,0.704104847124768,-0.1,0.1,0.1,0
198,1,0.3408037003815924,0.5770642201834861,0.49559972816853554,-0.31234082463883556,-0.317610417708214,-0.14117058234705274,-0.14005376344086,0.6932451717436068,0.704104847124768,-0.07828064923767766,0.08946081386124308,0.1089345512495418,2
198,2,0.3408037003815924,0.5770642201834861,0.49559972816853554,-0.31234082463883556,-0.31234082463883556,-0.14117058234705274,-0.14117058234705274,0.6932451717436068,0.6932451717436068,-0.1,0.1,0.1,0
199,0,0.3408037003815924,0.5770642201834861,0.49559972816853554,-0.31234082463883556,-0.31234082463883556,-0.14117058234705274,-0.14117058234705274,0.6932451717436068,0.6932451717436068,-0.1,0.1,0.1,0
199,1,0.3408037003815924,0.5770642201834861,0.49559972816853554,-0.31234082463883556,-0.31234082463883556,-0.14117058234705274,-0.14117058234705274,0.6932451717436068,0.6932451717436068,-0.1,0.1,0.1,0
199,2,0.3408037003815924,0.5770642201834861,0.49559972816853554,-0.31234082463883556,-0.31234082463883556,-0.14117058234705274,-0.14117058234705274,0.6932451717436068,0.6932451717436068,-0.1,0.1,0.1,0
200,0,0.3386352179132419,0.5727272727272726,0.5001851851851852,-0.32298031220603246,-0.31234082463883556,-0.12666078777189876,-0.14117058234705274,0.6912808899693502,0.6932451717436068,-0.09607143645148689,0.1851159005375752,0.07098041084969206,0
200,1,0.3369865020575931,0.5702702702702702,0.500684017350684,-0.32694775471220117,-0.32298031220603246,-0.12202328711017486,-0.12666078777189876,0.6922644283622001,0.6912808899693502,-0.10786830714279941,0.13173954004934965,0.0907249986765522,0
200,2,0.3341500829184751,0.5660714285714284,0.49621362433862437,-0.32660034604280525,-0.32694775471220117,-0.12340810842388104,-0.12202328711017486,0.6940634089548822,0.6922644283622001,-0.11439184474145617,0.09930518266120816,0.11107857050964945,2
