1,0,37
2,1,26
3,2,29
4,0,32
5,1,23
6,2,30
7,0,23
8,1,41
9,2,37
10,0,23
11,1,28
12,2,40
13,0,35
14,1,28
15,2,26
16,0,12
17,1,30
18,2,31
19,0,29
20,1,32
21,2,28
22,0,27
23,1,33
24,2,19
25,0,29
26,1,27
27,2,32
28,0,41
29,1,35
30,2,25
31,0,28
32,1,43
33,2,34
34,0,23
35,1,31
36,2,35
37,0,30
38,1,29
39,2,32
40,0,29
41,1,20
42,2,38
43,0,40
44,1,37
45,2,22
46,0,34
47,1,27
48,2,27
49,0,29
50,1,25
51,2,26
52,0,45
53,1,29
54,2,21
55,0,24
56,1,24
57,2,25
58,0,30
59,1,36
60,2,27
61,0,42
62,1,36
63,2,30
64,0,41
65,1,21
66,2,13
67,0,29
68,1,23
69,2,27
70,0,34
71,1,28
72,2,36
73,0,37
74,1,37
75,2,24
76,0,33
77,1,32
78,2,27
79,0,37
80,1,28
81,2,27
82,0,30
83,1,23
84,2,19
85,0,34
86,1,30
87,2,38
88,0,29
89,1,36
90,2,31
91,0,31
92,1,12
93,2,31
94,0,25
95,1,27
96,2,24
97,0,32
98,1,23
99,2,34
100,0,25
101,1,43
102,2,26
103,0,36
104,1,38
105,2,32
106,0,37
107,1,29
108,2,21
109,0,39
110,1,24
111,2,46
112,0,34
113,1,30
114,2,30
115,0,27
116,1,35
117,2,41
118,0,24
119,1,28
120,2,17
121,0,27
122,1,29
123,2,42
124,0,40
125,1,25
126,2,45
127,0,21
128,1,37
129,2,32
130,0,27
131,1,33
132,2,24
133,0,36
134,1,54
135,2,35
136,0,24
137,1,37
138,2,23
139,0,22
140,1,25
141,2,31
142,0,25
143,1,36
144,2,27
145,0,32
146,1,32
147,2,49
148,0,42
149,1,38
150,2,31
151,0,30
152,1,32
153,2,25
154,0,35
155,1,22
156,2,30
157,0,40
158,1,33
159,2,33
160,0,26
161,1,41
162,2,25
163,0,32
164,1,31
165,2,21
166,0,35
167,1,27
168,2,53
169,0,42
170,1,35
171,2,26
172,0,34
173,1,37
174,2,36
175,0,39
176,1,29
177,2,34
178,0,35
179,1,23
180,2,28
181,0,41
182,1,29
183,2,30
184,0,31
185,1,35
186,2,28
187,0,18
188,1,31
189,2,37
190,0,52
191,1,22
192,2,19
193,0,40
194,1,33
195,2,31
196,0,40
197,1,21
198,2,30
199,0,29
200,1,24
201,2,24
202,0,27
203,1,30
204,2,32
205,0,27
206,1,28
207,2,27
208,0,36
209,1,57
210,2,34
211,0,21
212,1,20
213,2,19
214,0,32
215,1,27
216,2,32
217,0,33
218,1,46
219,2,38
220,0,34
221,1,28
222,2,27
223,0,29
224,1,26
225,2,48
226,0,30
227,1,40
228,2,21
229,0,28
230,1,25
231,2,25
232,0,32
233,1,22
234,2,23
235,0,33
236,1,24
237,2,28
238,0,45
239,1,16
240,2,17
241,0,33
242,1,18
243,2,27
244,0,38
245,1,39
246,2,24
247,0,28
248,1,28
249,2,23
250,0,25
251,1,26
252,2,30
253,0,15
254,1,26
255,2,36
256,0,23
257,1,19
258,2,27
259,0,31
260,1,16
261,2,32
262,0,33
263,1,31
264,2,34
265,0,24
266,1,41
267,2,31
268,0,26
269,1,23
270,2,20
271,0,24
272,1,22
273,2,28
274,0,22
275,1,37
276,2,27
277,0,35
278,1,23
279,2,25
280,0,34
281,1,29
282,2,34
283,0,29
284,1,39
285,2,41
286,0,33
287,1,31
288,2,33
289,0,19
290,1,26
291,2,32
292,0,31
293,1,20
294,2,12
295,0,40
296,1,33
297,2,10
298,0,38
299,1,24
300,2,16
301,0,33
302,1,48
303,2,28
304,0,34
305,1,32
306,2,24
307,0,27
308,1,33
309,2,30
310,0,33
311,1,39
312,2,41
313,0,30
314,1,31
315,2,20
316,0,24
317,1,13
318,2,28
319,0,27
320,1,31
321,2,30
322,0,34
323,1,29
324,2,27
325,0,23
326,1,27
327,2,39
328,0,29
329,1,44
330,2,23
331,0,29
332,1,30
333,2,20
334,0,37
335,1,26
336,2,25
337,0,31
338,1,22
339,2,31
340,0,23
341,1,26
342,2,31
343,0,18
344,1,28
345,2,42
346,0,38
347,1,31
348,2,18
349,0,26
350,1,19
351,2,26
352,0,32
353,1,26
354,2,22
355,0,35
356,1,15
357,2,40
358,0,34
359,1,23
360,2,41
361,0,21
362,1,23
363,2,29
364,0,27
365,1,36
366,2,24
367,0,28
368,1,28
369,2,34
370,0,41
371,1,21
372,2,33
373,0,36
374,1,35
375,2,28
376,0,28
377,1,28
378,2,18
379,0,29
380,1,40
381,2,40
382,0,28
383,1,19
384,2,24
385,0,26
386,1,38
387,2,20
388,0,32
389,1,29
390,2,29
391,0,21
392,1,21
393,2,38
394,0,26
395,1,30
396,2,36
397,0,27
398,1,24
399,2,29
400,0,25
401,1,35
402,2,30
403,0,25
404,1,33
405,2,14
406,0,21
407,1,19
408,2,18
409,0,36
410,1,40
411,2,32
412,0,25
413,1,27
414,2,26
415,0,33
416,1,38
417,2,31
418,0,38
419,1,28
420,2,23
421,0,41
422,1,39
423,2,34
424,0,40
425,1,37
426,2,33
427,0,36
428,1,24
429,2,27
430,0,24
431,1,17
432,2,46
433,0,31
434,1,37
435,2,34
436,0,22
437,1,34
438,2,22
439,0,36
440,1,35
441,2,32
442,0,19
443,1,33
444,2,36
445,0,23
446,1,30
447,2,31
448,0,44
449,1,38
450,2,38
451,0,31
452,1,29
453,2,35
454,0,38
455,1,26
456,2,50
457,0,23
458,1,24
459,2,30
460,0,25
461,1,20
462,2,27
463,0,35
464,1,39
465,2,31
466,0,21
467,1,30
468,2,16
469,0,20
470,1,50
471,2,37
472,0,43
473,1,18
474,2,30
475,0,32
476,1,29
477,2,29
478,0,36
479,1,18
480,2,29
481,0,27
482,1,25
483,2,22
484,0,22
485,1,21
486,2,27
487,0,33
488,1,17
489,2,32
490,0,25
491,1,30
492,2,31
493,0,22
494,1,23
495,2,27
496,0,34
497,1,38
498,2,26
499,0,27
500,1,23
501,2,28
502,0,21
503,1,21
504,2,19
505,0,27
506,1,37
507,2,32
508,0,36
509,1,45
510,2,32
511,0,31
512,1,31
513,2,26
514,0,33
515,1,32
516,2,32
517,0,27
518,1,24
519,2,17
520,0,39
521,1,16
522,2,28
523,0,23
524,1,15
525,2,29
526,0,42
527,1,26
528,2,28
529,0,24
530,1,33
531,2,25
532,0,26
533,1,25
534,2,34
535,0,29
536,1,33
537,2,24
538,0,39
539,1,21
540,2,19
541,0,27
542,1,45
543,2,43
544,0,37
545,1,18
546,2,20
547,0,28
548,1,36
549,2,20
550,0,23
551,1,16
552,2,41
553,0,25
554,1,21
555,2,25
556,0,31
557,1,26
558,2,43
559,0,26
560,1,41
561,2,36
562,0,27
563,1,36
564,2,14
565,0,23
566,1,26
567,2,27
568,0,42
569,1,20
570,2,23
571,0,25
572,1,23
573,2,43
574,0,24
575,1,34
576,2,30
577,0,32
578,1,30
579,2,32
580,0,27
581,1,22
582,2,21
583,0,24
584,1,34
585,2,32
586,0,26
587,1,22
588,2,21
589,0,30
590,1,24
591,2,26
592,0,15
593,1,34
594,2,21
595,0,32
596,1,29
597,2,28
598,0,25
599,1,38
600,2,27
601,0,30
602,1,26
603,2,46
604,0,23
605,1,30
606,2,26
607,0,37
608,1,33
609,2,31
610,0,26
611,1,24
612,2,33
613,0,37
614,1,31
615,2,23
616,0,36
617,1,31
618,2,23
619,0,40
620,1,22
621,2,28
622,0,32
623,1,22
624,2,18
625,0,22
626,1,30
627,2,21
628,0,14
629,1,20
630,2,40
631,0,41
632,1,28
633,2,35
634,0,30
635,1,33
636,2,34
637,0,38
638,1,28
639,2,25
640,0,23
641,1,26
642,2,19
643,0,20
644,1,27
645,2,23
646,0,32
647,1,30
648,2,21
649,0,26
650,1,31
651,2,22
652,0,24
653,1,25
654,2,31
655,0,20
656,1,28
657,2,29
658,0,29
659,1,29
660,2,28
661,0,33
662,1,33
663,2,31
664,0,23
665,1,40
666,2,40
667,0,33
668,1,34
669,2,16
670,0,31
671,1,23
672,2,33
673,0,46
674,1,29
675,2,14
676,0,31
677,1,14
678,2,24
679,0,32
680,1,34
681,2,35
682,0,33
683,1,21
684,2,30
685,0,37
686,1,29
687,2,22
688,0,35
689,1,34
690,2,33
691,0,33
692,1,40
693,2,32
694,0,26
695,1,31
696,2,24
697,0,33
698,1,25
699,2,27
700,0,32
701,1,42
702,2,35
703,0,27
704,1,18
705,2,20
706,0,21
707,1,24
708,2,23
709,0,35
710,1,19
711,2,34
712,0,26
713,1,23
714,2,34
715,0,21
716,1,22
717,2,33
718,0,36
719,1,38
720,2,30
721,0,27
722,1,37
723,2,37
724,0,24
725,1,32
726,2,20
727,0,36
728,1,25
729,2,28
730,0,29
731,1,27
732,2,28
733,0,23
734,1,33
735,2,20
736,0,38
737,1,21
738,2,25
739,0,30
740,1,25
741,2,30
742,0,27
743,1,16
744,2,18
745,0,24
746,1,43
747,2,29
748,0,30
749,1,27
750,2,40
751,0,28
752,1,36
753,2,23
754,0,29
755,1,24
756,2,32
757,0,38
758,1,32
759,2,25
760,0,38
761,1,39
762,2,30
763,0,16
764,1,18
765,2,25
766,0,20
767,1,26
768,2,33
769,0,21
770,1,34
771,2,34
772,0,23
773,1,16
774,2,18
775,0,31
776,1,28
777,2,37
778,0,31
779,1,16
780,2,36
781,0,29
782,1,27
783,2,25
784,0,32
785,1,27
786,2,20
787,0,16
788,1,27
789,2,31
790,0,31
791,1,36
792,2,23
793,0,27
794,1,28
795,2,34
796,0,22
797,1,18
798,2,29
799,0,29
800,1,27
801,2,30
802,0,29
803,1,21
804,2,35
805,0,24
806,1,27
807,2,15
808,0,32
809,1,32
810,2,19
811,0,32
812,1,28
813,2,24
814,0,16
815,1,30
816,2,25
817,0,20
818,1,42
819,2,22
820,0,29
821,1,32
822,2,23
823,0,24
824,1,19
825,2,29
826,0,26
827,1,27
828,2,21
829,0,31
830,1,34
831,2,15
832,0,33
833,1,32
834,2,28
835,0,15
836,1,26
837,2,47
838,0,30
839,1,23
840,2,23
841,0,15
842,1,34
843,2,26
844,0,25
845,1,20
846,2,20
847,0,24
848,1,13
849,2,39
850,0,30
851,1,28
852,2,34
853,0,23
854,1,28
855,2,32
856,0,27
857,1,22
858,2,28
859,0,36
860,1,24
861,2,15
862,0,21
863,1,39
864,2,28
865,0,16
866,1,28
867,2,18
868,0,33
869,1,26
870,2,38
871,0,20
872,1,24
873,2,28
874,0,23
875,1,30
876,2,36
877,0,24
878,1,45
879,2,38
880,0,26
881,1,31
882,2,23
883,0,29
884,1,13
885,2,17
886,0,35
887,1,22
888,2,26
889,0,26
890,1,32
891,2,23
892,0,25
893,1,33
894,2,33
895,0,52
896,1,33
897,2,25
898,0,32
899,1,24
900,2,17
901,0,31
902,1,21
903,2,25
904,0,31
905,1,29
906,2,24
907,0,9
908,1,35
909,2,21
910,0,28
911,1,20
912,2,45
913,0,20
914,1,27
915,2,37
916,0,25
917,1,25
918,2,26
919,0,28
920,1,39
921,2,38
922,0,30
923,1,35
924,2,27
925,0,24
926,1,29
927,2,32
928,0,26
929,1,25
930,2,19
931,0,13
932,1,32
933,2,41
934,0,20
935,1,39
936,2,24
937,0,39
938,1,27
939,2,36
940,0,30
941,1,38
942,2,38
943,0,25
944,1,30
945,2,17
946,0,41
947,1,33
948,2,33
949,0,26
950,1,20
951,2,27
952,0,21
953,1,19
954,2,40
955,0,38
956,1,29
957,2,33
958,0,28
959,1,23
960,2,23
961,0,21
962,1,35
963,2,30
964,0,20
965,1,28
966,2,32
967,0,18
968,1,39
969,2,25
970,0,29
971,1,27
972,2,26
973,0,30
974,1,23
975,2,22
976,0,24
977,1,24
978,2,19
979,0,19
980,1,15
981,2,21
982,0,31
983,1,36
984,2,22
985,0,22
986,1,30
987,2,24
988,0,20
989,1,32
990,2,25
991,0,41
992,1,21
993,2,28
994,0,32
995,1,34
996,2,28
997,0,12
998,1,17
999,2,25
1000,0,30
1001,1,21
1002,2,32
1003,0,33
1004,1,11
1005,2,32
1006,0,33
1007,1,22
1008,2,32
1009,0,19
1010,1,25
1011,2,29
1012,0,32
1013,1,24
1014,2,23
1015,0,14
1016,1,30
1017,2,32
1018,0,28
1019,1,18
1020,2,22
1021,0,32
1022,1,21
1023,2,31
1024,0,25
1025,1,15
1026,2,29
1027,0,24
1028,1,21
1029,2,24
1030,0,32
1031,1,46
1032,2,34
1033,0,32
1034,1,28
1035,2,28
1036,0,36
1037,1,20
1038,2,26
1039,0,31
1040,1,26
1041,2,35
1042,0,36
1043,1,26
1044,2,32
1045,0,30
1046,1,25
1047,2,31
1048,0,39
1049,1,24
1050,2,26
1051,0,28
1052,1,28
1053,2,21
1054,0,26
1055,1,28
1056,2,28
1057,0,16
1058,1,21
1059,2,31
1060,0,31
1061,1,31
1062,2,38
1063,0,33
1064,1,24
1065,2,23
1066,0,32
1067,1,28
1068,2,36
1069,0,21
1070,1,36
1071,2,31
1072,0,19
1073,1,23
1074,2,26
1075,0,27
1076,1,22
1077,2,19
1078,0,34
1079,1,29
1080,2,30
1081,0,32
1082,1,28
1083,2,28
1084,0,36
1085,1,29
1086,2,17
1087,0,30
1088,1,19
1089,2,24
1090,0,28
1091,1,16
1092,2,43
1093,0,26
1094,1,23
1095,2,24
1096,0,24
1097,1,18
1098,2,34
1099,0,27
1100,1,29
1101,2,17
1102,0,30
1103,1,33
1104,2,31
1105,0,22
1106,1,54
1107,2,36
1108,0,20
1109,1,28
1110,2,27
1111,0,38
1112,1,35
1113,2,21
1114,0,17
1115,1,41
1116,2,33
1117,0,25
1118,1,26
1119,2,27
1120,0,35
1121,1,33
1122,2,26
1123,0,27
1124,1,41
1125,2,21
1126,0,26
1127,1,34
1128,2,17
1129,0,23
1130,1,22
1131,2,30
1132,0,22
1133,1,31
1134,2,30
1135,0,27
1136,1,30
1137,2,24
1138,0,17
1139,1,28
1140,2,31
1141,0,28
1142,1,27
1143,2,36
1144,0,32
1145,1,25
1146,2,24
1147,0,17
1148,1,24
1149,2,25
1150,0,34
1151,1,28
1152,2,39
1153,0,19
1154,1,20
1155,2,23
1156,0,27
1157,1,29
1158,2,25
1159,0,37
1160,1,26
1161,2,17
1162,0,26
1163,1,9
1164,2,21
1165,0,19
1166,1,17
1167,2,16
1168,0,32
1169,1,27
1170,2,32
1171,0,16
1172,1,33
1173,2,21
1174,0,26
1175,1,29
1176,2,37
1177,0,28
1178,1,33
1179,2,17
1180,0,14
1181,1,22
1182,2,16
1183,0,30
1184,1,30
1185,2,28
1186,0,30
1187,1,14
1188,2,21
1189,0,35
1190,1,31
1191,2,27
1192,0,20
1193,1,23
1194,2,31
1195,0,32
1196,1,34
1197,2,36
1198,0,30
1199,1,28
1200,2,21
1201,0,22
1202,1,26
1203,2,27
1204,0,23
1205,1,32
1206,2,27
1207,0,35
1208,1,28
1209,2,27
1210,0,31
1211,1,18
1212,2,30
1213,0,27
1214,1,32
1215,2,37
1216,0,30
1217,1,23
1218,2,26
1219,0,29
1220,1,28
1221,2,26
1222,0,29
1223,1,24
1224,2,18
1225,0,30
1226,1,23
1227,2,40
1228,0,20
1229,1,34
1230,2,27
1231,0,22
1232,1,25
1233,2,22
1234,0,15
1235,1,17
1236,2,38
1237,0,25
1238,1,25
1239,2,17
1240,0,46
1241,1,41
1242,2,25
1243,0,34
1244,1,28
1245,2,31
1246,0,20
1247,1,15
1248,2,24
1249,0,26
1250,1,31
1251,2,43
1252,0,12
1253,1,37
1254,2,19
1255,0,20
1256,1,22
1257,2,25
1258,0,25
1259,1,36
1260,2,25
1261,0,25
1262,1,22
1263,2,25
1264,0,22
1265,1,22
1266,2,33
1267,0,36
1268,1,25
1269,2,24
1270,0,20
1271,1,24
1272,2,23
1273,0,23
1274,1,16
1275,2,16
1276,0,23
1277,1,24
1278,2,23
1279,0,30
1280,1,26
1281,2,19
1282,0,31
1283,1,21
1284,2,21
1285,0,31
1286,1,35
1287,2,29
1288,0,20
1289,1,23
1290,2,25
1291,0,32
1292,1,25
1293,2,21
1294,0,27
1295,1,29
1296,2,33
1297,0,24
1298,1,30
1299,2,32
1300,0,14
1301,1,36
1302,2,30
1303,0,42
1304,1,27
1305,2,40
1306,0,26
1307,1,48
1308,2,27
1309,0,39
1310,1,24
1311,2,36
1312,0,23
1313,1,14
1314,2,22
1315,0,17
1316,1,23
1317,2,23
1318,0,21
1319,1,32
1320,2,20
1321,0,18
1322,1,25
1323,2,23
1324,0,39
1325,1,24
1326,2,35
1327,0,27
1328,1,34
1329,2,29
1330,0,31
1331,1,26
1332,2,21
1333,0,20
1334,1,26
1335,2,27
1336,0,31
1337,1,30
1338,2,27
1339,0,21
1340,1,22
1341,2,32
1342,0,42
1343,1,35
1344,2,24
1345,0,28
1346,1,27
1347,2,31
1348,0,16
1349,1,23
1350,2,22
1351,0,29
1352,1,34
1353,2,26
1354,0,27
1355,1,19
1356,2,18
1357,0,24
1358,1,18
1359,2,21
1360,0,31
1361,1,32
1362,2,21
1363,0,32
1364,1,31
1365,2,28
1366,0,27
1367,1,19
1368,2,21
1369,0,32
1370,1,33
1371,2,40
1372,0,23
1373,1,29
1374,2,35
1375,0,21
1376,1,34
1377,2,23
1378,0,25
1379,1,32
1380,2,39
1381,0,27
1382,1,29
1383,2,24
1384,0,25
1385,1,26
1386,2,36
1387,0,27
1388,1,19
1389,2,24
1390,0,22
1391,1,25
1392,2,18
1393,0,44
1394,1,23
1395,2,27
1396,0,28
1397,1,31
1398,2,29
1399,0,35
1400,1,31
1401,2,35
1402,0,28
1403,1,35
1404,2,24
1405,0,21
1406,1,35
1407,2,37
1408,0,28
1409,1,24
1410,2,38
1411,0,23
1412,1,36
1413,2,22
1414,0,41
1415,1,25
1416,2,26
1417,0,32
1418,1,22
1419,2,32
1420,0,21
1421,1,17
1422,2,29
1423,0,29
1424,1,37
1425,2,21
1426,0,19
1427,1,25
1428,2,28
1429,0,18
1430,1,29
1431,2,29
1432,0,31
1433,1,26
1434,2,25
1435,0,26
1436,1,17
1437,2,16
1438,0,28
1439,1,31
1440,2,20
1441,0,30
1442,1,26
1443,2,45
1444,0,21
1445,1,33
1446,2,24
1447,0,22
1448,1,30
1449,2,27
1450,0,28
1451,1,18
1452,2,23
1453,0,32
1454,1,15
1455,2,34
1456,0,12
1457,1,28
1458,2,34
1459,0,26
1460,1,31
1461,2,33
1462,0,28
1463,1,33
1464,2,39
1465,0,22
1466,1,27
1467,2,19
1468,0,30
1469,1,29
1470,2,21
1471,0,18
1472,1,26
1473,2,25
1474,0,36
1475,1,28
1476,2,36
1477,0,16
1478,1,21
1479,2,29
1480,0,33
1481,1,23
1482,2,31
1483,0,26
1484,1,32
1485,2,34
1486,0,16
1487,1,20
1488,2,29
1489,0,29
1490,1,23
1491,2,34
1492,0,34
1493,1,21
1494,2,16
1495,0,20
1496,1,35
1497,2,26
1498,0,24
1499,1,27
1500,2,23
1501,0,40
1502,1,25
1503,2,18
1504,0,25
1505,1,26
1506,2,12
1507,0,24
1508,1,17
1509,2,26
1510,0,21
1511,1,26
1512,2,25
1513,0,22
1514,1,31
1515,2,44
1516,0,35
1517,1,25
1518,2,26
1519,0,23
1520,1,20
1521,2,28
1522,0,16
1523,1,18
1524,2,36
1525,0,36
1526,1,24
1527,2,32
1528,0,19
1529,1,24
1530,2,25
1531,0,34
1532,1,30
1533,2,39
1534,0,26
1535,1,36
1536,2,33
1537,0,21
1538,1,36
1539,2,13
1540,0,39
1541,1,28
1542,2,33
1543,0,31
1544,1,35
1545,2,26
1546,0,28
1547,1,29
1548,2,14
1549,0,34
1550,1,20
1551,2,30
1552,0,28
1553,1,19
1554,2,14
1555,0,17
1556,1,40
1557,2,24
1558,0,30
1559,1,18
1560,2,22
1561,0,24
1562,1,28
1563,2,29
1564,0,24
1565,1,21
1566,2,21
1567,0,29
1568,1,34
1569,2,18
1570,0,21
1571,1,20
1572,2,29
1573,0,22
1574,1,12
1575,2,33
1576,0,20
1577,1,21
1578,2,22
1579,0,25
1580,1,24
1581,2,31
1582,0,21
1583,1,36
1584,2,25
1585,0,17
1586,1,23
1587,2,20
1588,0,17
1589,1,13
1590,2,26
1591,0,28
1592,1,23
1593,2,20
1594,0,27
1595,1,13
1596,2,23
1597,0,25
1598,1,17
1599,2,21
1600,0,35
1601,1,28
1602,2,27
1603,0,26
1604,1,20
1605,2,21
1606,0,30
1607,1,29
1608,2,22
1609,0,25
1610,1,24
1611,2,21
1612,0,38
1613,1,21
1614,2,33
1615,0,26
1616,1,20
1617,2,27
1618,0,30
1619,1,22
1620,2,27
1621,0,23
1622,1,23
1623,2,23
1624,0,30
1625,1,19
1626,2,27
1627,0,18
1628,1,21
1629,2,18
1630,0,30
1631,1,19
1632,2,30
1633,0,26
1634,1,26
1635,2,29
1636,0,21
1637,1,31
1638,2,26
1639,0,29
1640,1,14
1641,2,32
1642,0,18
1643,1,35
1644,2,19
1645,0,17
1646,1,28
1647,2,39
1648,0,25
1649,1,31
1650,2,32
1651,0,28
1652,1,28
1653,2,28
1654,0,27
1655,1,22
1656,2,23
1657,0,25
1658,1,26
1659,2,22
1660,0,35
1661,1,38
1662,2,21
1663,0,26
1664,1,21
1665,2,31
1666,0,22
1667,1,30
1668,2,29
1669,0,25
1670,1,31
1671,2,25
1672,0,24
1673,1,41
1674,2,27
1675,0,15
1676,1,34
1677,2,20
1678,0,34
1679,1,33
1680,2,27
1681,0,27
1682,1,28
1683,2,21
1684,0,17
1685,1,28
1686,2,14
1687,0,26
1688,1,19
1689,2,21
1690,0,30
1691,1,27
1692,2,21
1693,0,24
1694,1,35
1695,2,29
1696,0,18
1697,1,30
1698,2,54
1699,0,21
1700,1,20
1701,2,33
1702,0,27
1703,1,19
1704,2,20
1705,0,18
1706,1,12
1707,2,25
1708,0,28
1709,1,19
1710,2,19
1711,0,28
1712,1,24
1713,2,19
1714,0,23
1715,1,28
1716,2,30
1717,0,33
1718,1,39
1719,2,22
1720,0,23
1721,1,31
1722,2,22
1723,0,27
1724,1,25
1725,2,28
1726,0,19
1727,1,37
1728,2,29
1729,0,21
1730,1,40
1731,2,30
1732,0,24
1733,1,35
1734,2,34
1735,0,18
1736,1,16
1737,2,21
1738,0,34
1739,1,20
1740,2,19
1741,0,19
1742,1,33
1743,2,30
1744,0,18
1745,1,24
1746,2,28
1747,0,14
1748,1,34
1749,2,28
1750,0,36
1751,1,19
1752,2,26
1753,0,28
1754,1,24
1755,2,30
1756,0,36
1757,1,55
1758,2,27
1759,0,29
1760,1,22
1761,2,15
1762,0,28
1763,1,37
1764,2,29
1765,0,28
1766,1,33
1767,2,25
1768,0,21
1769,1,27
1770,2,25
1771,0,27
1772,1,24
1773,2,23
1774,0,27
1775,1,35
1776,2,24
1777,0,19
1778,1,36
1779,2,28
1780,0,27
1781,1,23
1782,2,26
1783,0,27
1784,1,24
1785,2,25
1786,0,13
1787,1,30
1788,2,32
1789,0,18
1790,1,19
1791,2,28
1792,0,18
1793,1,20
1794,2,18
1795,0,21
1796,1,20
1797,2,33
1798,0,31
1799,1,28
1800,2,24
1801,0,18
1802,1,21
1803,2,34
1804,0,36
1805,1,28
1806,2,19
1807,0,25
1808,1,26
1809,2,27
1810,0,25
1811,1,25
1812,2,22
1813,0,14
1814,1,27
1815,2,21
1816,0,23
1817,1,21
1818,2,16
1819,0,30
1820,1,25
1821,2,48
1822,0,22
1823,1,33
1824,2,28
1825,0,27
1826,1,25
1827,2,13
1828,0,36
1829,1,27
1830,2,28
1831,0,13
1832,1,33
1833,2,23
1834,0,22
1835,1,38
1836,2,22
1837,0,30
1838,1,24
1839,2,19
1840,0,24
1841,1,27
1842,2,20
1843,0,21
1844,1,17
1845,2,32
1846,0,27
1847,1,25
1848,2,21
1849,0,25
1850,1,18
1851,2,19
1852,0,29
1853,1,38
1854,2,19
1855,0,28
1856,1,18
1857,2,23
1858,0,32
1859,1,23
1860,2,20
1861,0,22
1862,1,17
1863,2,48
1864,0,25
1865,1,38
1866,2,23
1867,0,19
1868,1,33
1869,2,33
1870,0,23
1871,1,22
1872,2,24
1873,0,12
1874,1,36
1875,2,31
1876,0,21
1877,1,15
1878,2,28
1879,0,22
1880,1,19
1881,2,24
1882,0,25
1883,1,28
1884,2,32
1885,0,25
1886,1,20
1887,2,15
1888,0,28
1889,1,24
1890,2,20
1891,0,27
1892,1,30
1893,2,24
1894,0,32
1895,1,27
1896,2,29
1897,0,22
1898,1,38
1899,2,22
1900,0,19
1901,1,18
1902,2,11
1903,0,29
1904,1,25
1905,2,24
1906,0,30
1907,1,23
1908,2,30
1909,0,28
1910,1,28
1911,2,20
1912,0,27
1913,1,24
1914,2,17
1915,0,26
1916,1,34
1917,2,22
1918,0,32
1919,1,24
1920,2,21
1921,0,36
1922,1,18
1923,2,33
1924,0,22
1925,1,24
1926,2,29
1927,0,28
1928,1,14
1929,2,31
1930,0,31
1931,1,14
1932,2,36
1933,0,36
1934,1,21
1935,2,32
1936,0,25
1937,1,22
1938,2,35
1939,0,23
1940,1,21
1941,2,31
1942,0,40
1943,1,25
1944,2,27
1945,0,19
1946,1,32
1947,2,32
1948,0,21
1949,1,28
1950,2,30
1951,0,17
1952,1,22
1953,2,23
1954,0,27
1955,1,24
1956,2,18
1957,0,16
1958,1,24
1959,2,20
1960,0,31
1961,1,32
1962,2,22
1963,0,28
1964,1,20
1965,2,30
1966,0,37
1967,1,22
1968,2,22
1969,0,23
1970,1,43
1971,2,28
1972,0,27
1973,1,14
1974,2,29
1975,0,21
1976,1,16
1977,2,27
1978,0,20
1979,1,21
1980,2,33
1981,0,26
1982,1,24
1983,2,26
1984,0,25
1985,1,29
1986,2,25
1987,0,24
1988,1,28
1989,2,20
1990,0,19
1991,1,19
1992,2,21
1993,0,21
1994,1,19
1995,2,33
1996,0,41
1997,1,18
1998,2,22
1999,0,29
2000,1,23
2001,2,20
2002,0,27
2003,1,27
2004,2,29
2005,0,23
2006,1,21
2007,2,30
2008,0,35
2009,1,27
2010,2,20
2011,0,22
2012,1,23
2013,2,25
2014,0,15
2015,1,19
2016,2,37
2017,0,38
2018,1,26
2019,2,18
2020,0,18
2021,1,40
2022,2,34
2023,0,26
2024,1,24
2025,2,25
2026,0,25
2027,1,24
2028,2,16
2029,0,20
2030,1,19
2031,2,14
2032,0,31
2033,1,26
2034,2,36
2035,0,36
2036,1,24
2037,2,37
2038,0,15
2039,1,26
2040,2,34
2041,0,28
2042,1,22
2043,2,21
2044,0,28
2045,1,33
2046,2,16
2047,0,30
2048,1,24
2049,2,11
2050,0,21
2051,1,16
2052,2,13
2053,0,30
2054,1,30
2055,2,17
2056,0,18
2057,1,28
2058,2,20
2059,0,25
2060,1,21
2061,2,21
2062,0,30
2063,1,20
2064,2,28
2065,0,15
2066,1,23
2067,2,22
2068,0,23
2069,1,32
2070,2,25
2071,0,34
2072,1,19
2073,2,25
2074,0,17
2075,1,21
2076,2,30
2077,0,33
2078,1,21
2079,2,13
2080,0,26
2081,1,28
2082,2,14
2083,0,30
2084,1,15
2085,2,14
2086,0,25
2087,1,38
2088,2,26
2089,0,25
2090,1,23
2091,2,34
2092,0,30
2093,1,21
2094,2,40
2095,0,21
2096,1,27
2097,2,31
2098,0,23
2099,1,39
2100,2,30
2101,0,18
2102,1,21
2103,2,19
2104,0,28
2105,1,12
2106,2,20
2107,0,17
2108,1,25
2109,2,28
2110,0,22
2111,1,36
2112,2,27
2113,0,26
2114,1,14
2115,2,22
2116,0,17
2117,1,26
2118,2,40
2119,0,27
2120,1,31
2121,2,31
2122,0,25
2123,1,24
2124,2,29
2125,0,10
2126,1,28
2127,2,15
2128,0,28
2129,1,27
2130,2,29
2131,0,22
2132,1,29
2133,2,18
2134,0,18
2135,1,15
2136,2,27
2137,0,26
2138,1,13
2139,2,24
2140,0,16
2141,1,28
2142,2,20
2143,0,29
2144,1,20
2145,2,28
2146,0,28
2147,1,30
2148,2,24
2149,0,24
2150,1,19
2151,2,23
2152,0,27
2153,1,24
2154,2,15
2155,0,12
2156,1,16
2157,2,23
2158,0,20
2159,1,30
2160,2,24
2161,0,24
2162,1,14
2163,2,19
2164,0,17
2165,1,31
2166,2,10
2167,0,17
2168,1,38
2169,2,36
2170,0,19
2171,1,28
2172,2,30
2173,0,25
2174,1,30
2175,2,27
2176,0,20
2177,1,23
2178,2,31
2179,0,25
2180,1,23
2181,2,26
2182,0,19
2183,1,19
2184,2,20
2185,0,28
2186,1,27
2187,2,33
2188,0,33
2189,1,26
2190,2,13
2191,0,27
2192,1,36
2193,2,20
2194,0,29
2195,1,28
2196,2,19
2197,0,26
2198,1,22
2199,2,20
2200,0,20
2201,1,14
2202,2,23
2203,0,20
2204,1,24
2205,2,21
2206,0,27
2207,1,22
2208,2,24
2209,0,22
2210,1,23
2211,2,22
2212,0,27
2213,1,23
2214,2,17
2215,0,25
2216,1,29
2217,2,17
2218,0,38
2219,1,20
2220,2,32
2221,0,21
2222,1,20
2223,2,29
2224,0,18
2225,1,27
2226,2,19
2227,0,41
2228,1,30
2229,2,34
2230,0,25
2231,1,22
2232,2,24
2233,0,24
2234,1,12
2235,2,19
2236,0,24
2237,1,19
2238,2,24
2239,0,37
2240,1,20
2241,2,16
2242,0,17
2243,1,30
2244,2,25
2245,0,40
2246,1,27
2247,2,15
2248,0,18
2249,1,19
2250,2,28
2251,0,26
2252,1,24
2253,2,29
2254,0,19
2255,1,23
2256,2,29
2257,0,18
2258,1,26
2259,2,15
2260,0,22
2261,1,24
2262,2,35
2263,0,27
2264,1,19
2265,2,30
2266,0,20
2267,1,27
2268,2,27
2269,0,19
2270,1,25
2271,2,30
2272,0,21
2273,1,30
2274,2,25
2275,0,17
2276,1,16
2277,2,24
2278,0,37
2279,1,26
2280,2,26
2281,0,18
2282,1,32
2283,2,22
2284,0,11
2285,1,35
2286,2,18
2287,0,36
2288,1,31
2289,2,23
2290,0,23
2291,1,14
2292,2,25
2293,0,19
2294,1,33
2295,2,26
2296,0,30
2297,1,28
2298,2,25
2299,0,24
2300,1,19
2301,2,16
2302,0,16
2303,1,45
2304,2,24
2305,0,33
2306,1,25
2307,2,24
2308,0,15
2309,1,21
2310,2,20
2311,0,17
2312,1,25
2313,2,26
2314,0,22
2315,1,12
2316,2,27
2317,0,29
2318,1,23
2319,2,20
2320,0,37
2321,1,24
2322,2,25
2323,0,22
2324,1,21
2325,2,41
2326,0,17
2327,1,22
2328,2,36
2329,0,15
2330,1,24
2331,2,26
2332,0,27
2333,1,21
2334,2,21
2335,0,20
2336,1,15
2337,2,34
2338,0,18
2339,1,17
2340,2,23
2341,0,19
2342,1,10
2343,2,30
2344,0,25
2345,1,27
2346,2,28
2347,0,14
2348,1,22
2349,2,17
2350,0,26
2351,1,23
2352,2,18
2353,0,21
2354,1,38
2355,2,22
2356,0,29
2357,1,28
2358,2,17
2359,0,28
2360,1,31
2361,2,35
2362,0,29
2363,1,14
2364,2,16
2365,0,28
2366,1,19
2367,2,18
2368,0,19
2369,1,27
2370,2,29
2371,0,18
2372,1,28
2373,2,21
2374,0,22
2375,1,14
2376,2,33
2377,0,20
2378,1,42
2379,2,42
2380,0,20
2381,1,14
2382,2,24
2383,0,24
2384,1,21
2385,2,27
2386,0,25
2387,1,27
2388,2,14
2389,0,24
2390,1,24
2391,2,21
2392,0,26
2393,1,28
2394,2,18
2395,0,20
2396,1,27
2397,2,40
2398,0,19
2399,1,26
2400,2,30
2401,0,26
2402,1,17
2403,2,19
2404,0,29
2405,1,23
2406,2,22
2407,0,18
2408,1,28
2409,2,22
2410,0,22
2411,1,30
2412,2,30
2413,0,28
2414,1,35
2415,2,11
2416,0,13
2417,1,20
2418,2,21
2419,0,18
2420,1,16
2421,2,30
2422,0,35
2423,1,15
2424,2,23
2425,0,34
2426,1,27
2427,2,26
2428,0,18
2429,1,19
2430,2,19
2431,0,31
2432,1,27
2433,2,28
2434,0,24
2435,1,21
2436,2,30
2437,0,29
2438,1,21
2439,2,23
2440,0,23
2441,1,24
2442,2,23
2443,0,18
2444,1,15
2445,2,32
2446,0,22
2447,1,21
2448,2,20
2449,0,18
2450,1,16
2451,2,25
2452,0,20
2453,1,14
2454,2,18
2455,0,28
2456,1,33
2457,2,28
2458,0,15
2459,1,13
2460,2,29
2461,0,34
2462,1,17
2463,2,20
2464,0,34
2465,1,25
2466,2,36
2467,0,28
2468,1,26
2469,2,26
2470,0,24
2471,1,14
2472,2,19
2473,0,24
2474,1,17
2475,2,32
2476,0,25
2477,1,18
2478,2,32
2479,0,29
2480,1,21
2481,2,35
2482,0,28
2483,1,21
2484,2,29
2485,0,20
2486,1,30
2487,2,24
2488,0,16
2489,1,25
2490,2,22
2491,0,19
2492,1,22
2493,2,15
2494,0,23
2495,1,27
2496,2,20
2497,0,15
2498,1,32
2499,2,28
2500,0,18
2501,1,17
2502,2,30
2503,0,22
2504,1,19
2505,2,27
2506,0,32
2507,1,26
2508,2,25
2509,0,30
2510,1,31
2511,2,33
2512,0,21
2513,1,22
2514,2,9
2515,0,19
2516,1,28
2517,2,30
2518,0,31
2519,1,17
2520,2,16
2521,0,24
2522,1,20
2523,2,21
2524,0,38
2525,1,18
2526,2,28
2527,0,24
2528,1,23
2529,2,24
2530,0,22
2531,1,28
2532,2,21
2533,0,30
2534,1,28
2535,2,23
2536,0,17
2537,1,18
2538,2,36
2539,0,28
2540,1,16
2541,2,16
2542,0,28
2543,1,15
2544,2,16
2545,0,12
2546,1,29
2547,2,32
2548,0,20
2549,1,23
2550,2,26
2551,0,17
2552,1,10
2553,2,25
2554,0,24
2555,1,11
2556,2,16
2557,0,25
2558,1,33
2559,2,14
2560,0,33
2561,1,21
2562,2,14
2563,0,20
2564,1,29
2565,2,18
2566,0,32
2567,1,23
2568,2,17
2569,0,25
2570,1,22
2571,2,13
2572,0,21
2573,1,31
2574,2,14
2575,0,25
2576,1,16
2577,2,20
2578,0,22
2579,1,21
2580,2,34
2581,0,26
2582,1,26
2583,2,31
2584,0,15
2585,1,25
2586,2,17
2587,0,19
2588,1,33
2589,2,31
2590,0,26
2591,1,14
2592,2,22
2593,0,16
2594,1,31
2595,2,17
2596,0,11
2597,1,31
2598,2,29
2599,0,18
2600,1,20
2601,2,39
2602,0,21
2603,1,21
2604,2,28
2605,0,30
2606,1,20
2607,2,29
2608,0,36
2609,1,24
2610,2,27
2611,0,29
2612,1,29
2613,2,13
2614,0,24
2615,1,35
2616,2,23
2617,0,27
2618,1,25
2619,2,25
2620,0,40
2621,1,25
2622,2,20
2623,0,29
2624,1,25
2625,2,21
2626,0,23
2627,1,23
2628,2,25
2629,0,33
2630,1,28
2631,2,26
2632,0,15
2633,1,27
2634,2,30
2635,0,22
2636,1,22
2637,2,26
2638,0,21
2639,1,16
2640,2,27
2641,0,18
2642,1,18
2643,2,27
2644,0,22
2645,1,17
2646,2,21
2647,0,26
2648,1,34
2649,2,32
2650,0,32
2651,1,30
2652,2,18
2653,0,23
2654,1,19
2655,2,33
2656,0,23
2657,1,28
2658,2,17
2659,0,19
2660,1,17
2661,2,10
2662,0,29
2663,1,14
2664,2,16
2665,0,23
2666,1,31
2667,2,35
2668,0,30
2669,1,31
2670,2,26
2671,0,18
2672,1,26
2673,2,31
2674,0,15
2675,1,17
2676,2,22
2677,0,30
2678,1,19
2679,2,15
2680,0,16
2681,1,30
2682,2,22
2683,0,34
2684,1,24
2685,2,25
2686,0,21
2687,1,22
2688,2,14
2689,0,23
2690,1,20
2691,2,19
2692,0,26
2693,1,14
2694,2,8
2695,0,28
2696,1,21
2697,2,29
2698,0,17
2699,1,26
2700,2,28
2701,0,19
2702,1,22
2703,2,21
2704,0,22
2705,1,29
2706,2,23
2707,0,32
2708,1,19
2709,2,20
2710,0,31
2711,1,34
2712,2,23
2713,0,21
2714,1,24
2715,2,17
2716,0,18
2717,1,22
2718,2,37
2719,0,21
2720,1,23
2721,2,20
2722,0,14
2723,1,15
2724,2,13
2725,0,28
2726,1,26
2727,2,27
2728,0,28
2729,1,16
2730,2,17
2731,0,21
2732,1,23
2733,2,19
2734,0,19
2735,1,32
2736,2,19
2737,0,22
2738,1,24
2739,2,17
2740,0,25
2741,1,13
2742,2,42
2743,0,32
2744,1,22
2745,2,18
2746,0,29
2747,1,38
2748,2,27
2749,0,25
2750,1,13
2751,2,29
2752,0,18
2753,1,15
2754,2,34
2755,0,19
2756,1,11
2757,2,25
2758,0,32
2759,1,32
2760,2,30
2761,0,23
2762,1,26
2763,2,19
2764,0,11
2765,1,21
2766,2,19
2767,0,27
2768,1,14
2769,2,22
2770,0,10
2771,1,13
2772,2,17
2773,0,16
2774,1,22
2775,2,26
2776,0,20
2777,1,18
2778,2,21
2779,0,38
2780,1,26
2781,2,23
2782,0,19
2783,1,24
2784,2,20
2785,0,25
2786,1,17
2787,2,20
2788,0,21
2789,1,29
2790,2,25
2791,0,16
2792,1,31
2793,2,25
2794,0,19
2795,1,21
2796,2,28
2797,0,22
2798,1,23
2799,2,18
2800,0,8
2801,1,30
2802,2,31
2803,0,20
2804,1,16
2805,2,25
2806,0,24
2807,1,22
2808,2,35
2809,0,23
2810,1,24
2811,2,24
2812,0,18
2813,1,16
2814,2,20
2815,0,30
2816,1,34
2817,2,23
2818,0,16
2819,1,20
2820,2,40
2821,0,22
2822,1,14
2823,2,32
2824,0,15
2825,1,27
2826,2,20
2827,0,20
2828,1,20
2829,2,20
2830,0,26
2831,1,17
2832,2,24
2833,0,22
2834,1,43
2835,2,20
2836,0,27
2837,1,29
2838,2,13
2839,0,15
2840,1,15
2841,2,24
2842,0,25
2843,1,23
2844,2,23
2845,0,16
2846,1,38
2847,2,23
2848,0,22
2849,1,23
2850,2,14
2851,0,22
2852,1,21
2853,2,35
2854,0,25
2855,1,15
2856,2,29
2857,0,21
2858,1,32
2859,2,19
2860,0,11
2861,1,24
2862,2,27
2863,0,33
2864,1,19
2865,2,24
2866,0,17
2867,1,27
2868,2,13
2869,0,19
2870,1,22
2871,2,22
2872,0,21
2873,1,35
2874,2,25
2875,0,22
2876,1,23
2877,2,33
2878,0,28
2879,1,30
2880,2,25
2881,0,17
2882,1,27
2883,2,18
2884,0,24
2885,1,25
2886,2,20
2887,0,16
2888,1,25
2889,2,26
2890,0,28
2891,1,26
2892,2,23
2893,0,11
2894,1,22
2895,2,18
2896,0,26
2897,1,33
2898,2,15
2899,0,20
2900,1,18
2901,2,17
2902,0,26
2903,1,17
2904,2,26
2905,0,21
2906,1,12
2907,2,16
2908,0,30
2909,1,15
2910,2,15
2911,0,22
2912,1,21
2913,2,25
2914,0,33
2915,1,31
2916,2,19
2917,0,13
2918,1,18
2919,2,24
2920,0,26
2921,1,46
2922,2,22
2923,0,25
2924,1,26
2925,2,14
2926,0,33
2927,1,24
2928,2,27
2929,0,19
2930,1,23
2931,2,25
2932,0,25
2933,1,17
2934,2,26
2935,0,24
2936,1,42
2937,2,16
2938,0,35
2939,1,23
2940,2,22
2941,0,21
2942,1,13
2943,2,27
2944,0,16
2945,1,21
2946,2,37
2947,0,27
2948,1,29
2949,2,20
2950,0,27
2951,1,21
2952,2,18
2953,0,24
2954,1,18
2955,2,14
2956,0,22
2957,1,13
2958,2,24
2959,0,19
2960,1,12
2961,2,30
2962,0,15
2963,1,19
2964,2,26
2965,0,19
2966,1,16
2967,2,6
2968,0,17
2969,1,26
2970,2,16
2971,0,38
2972,1,17
2973,2,26
2974,0,20
2975,1,30
2976,2,22
2977,0,17
2978,1,36
2979,2,32
2980,0,13
2981,1,15
2982,2,13
2983,0,38
2984,1,18
2985,2,24
2986,0,16
2987,1,23
2988,2,14
2989,0,28
2990,1,22
2991,2,28
2992,0,15
2993,1,14
2994,2,23
2995,0,9
2996,1,17
2997,2,20
2998,0,26
2999,1,25
3000,2,45
3001,0,18
3002,1,28
3003,2,21
3004,0,20
3005,1,22
3006,2,25
3007,0,27
3008,1,22
3009,2,20
3010,0,23
3011,1,18
3012,2,17
3013,0,21
3014,1,18
3015,2,25
3016,0,19
3017,1,29
3018,2,22
3019,0,27
3020,1,18
3021,2,28
3022,0,18
3023,1,30
3024,2,19
3025,0,19
3026,1,20
3027,2,16
3028,0,28
3029,1,21
3030,2,21
3031,0,27
3032,1,23
3033,2,24
3034,0,27
3035,1,19
3036,2,26
3037,0,13
3038,1,21
3039,2,23
3040,0,29
3041,1,27
3042,2,23
3043,0,26
3044,1,23
3045,2,34
3046,0,12
3047,1,29
3048,2,22
3049,0,28
3050,1,9
3051,2,29
3052,0,34
3053,1,40
3054,2,40
3055,0,36
3056,1,29
3057,2,11
3058,0,27
3059,1,29
3060,2,29
3061,0,25
3062,1,13
3063,2,24
3064,0,21
3065,1,36
3066,2,19
3067,0,24
3068,1,16
3069,2,18
3070,0,18
3071,1,26
3072,2,24
3073,0,23
3074,1,10
3075,2,21
3076,0,23
3077,1,15
3078,2,28
3079,0,35
3080,1,29
3081,2,28
3082,0,12
3083,1,19
3084,2,14
3085,0,37
3086,1,12
3087,2,22
3088,0,26
3089,1,13
3090,2,21
3091,0,16
3092,1,17
3093,2,26
3094,0,14
3095,1,20
3096,2,24
3097,0,24
3098,1,17
3099,2,25
3100,0,25
3101,1,20
3102,2,11
3103,0,24
3104,1,17
3105,2,18
3106,0,26
3107,1,23
3108,2,24
3109,0,23
3110,1,35
3111,2,36
3112,0,24
3113,1,21
3114,2,12
3115,0,20
3116,1,23
3117,2,20
3118,0,17
3119,1,29
3120,2,26
3121,0,39
3122,1,17
3123,2,18
3124,0,17
3125,1,24
3126,2,26
3127,0,17
3128,1,35
3129,2,50
3130,0,20
3131,1,24
3132,2,22
3133,0,27
3134,1,42
3135,2,23
3136,0,19
3137,1,15
3138,2,15
3139,0,7
3140,1,26
3141,2,32
3142,0,45
3143,1,20
3144,2,27
3145,0,16
3146,1,22
3147,2,37
3148,0,28
3149,1,36
3150,2,30
3151,0,22
3152,1,21
3153,2,41
3154,0,18
3155,1,22
3156,2,26
3157,0,28
3158,1,29
3159,2,28
3160,0,28
3161,1,23
3162,2,12
3163,0,22
3164,1,22
3165,2,20
3166,0,24
3167,1,21
3168,2,25
3169,0,22
3170,1,17
3171,2,20
3172,0,22
3173,1,29
3174,2,23
3175,0,22
3176,1,26
3177,2,16
3178,0,28
3179,1,26
3180,2,18
3181,0,16
3182,1,13
3183,2,23
3184,0,24
3185,1,15
3186,2,20
3187,0,15
3188,1,21
3189,2,17
3190,0,23
3191,1,24
3192,2,17
3193,0,17
3194,1,18
3195,2,20
3196,0,13
3197,1,23
3198,2,22
3199,0,22
3200,1,21
3201,2,37
3202,0,21
3203,1,33
3204,2,26
3205,0,17
3206,1,22
3207,2,18
3208,0,28
3209,1,25
3210,2,32
3211,0,19
3212,1,19
3213,2,20
3214,0,25
3215,1,20
3216,2,25
3217,0,27
3218,1,23
3219,2,15
3220,0,21
3221,1,35
3222,2,21
3223,0,23
3224,1,20
3225,2,19
3226,0,45
3227,1,17
3228,2,20
3229,0,16
3230,1,29
3231,2,18
3232,0,43
3233,1,26
3234,2,25
3235,0,20
3236,1,16
3237,2,22
3238,0,20
3239,1,21
3240,2,26
3241,0,22
3242,1,22
3243,2,19
3244,0,30
3245,1,32
3246,2,24
3247,0,18
3248,1,20
3249,2,24
3250,0,20
3251,1,26
3252,2,19
3253,0,24
3254,1,22
3255,2,21
3256,0,23
3257,1,16
3258,2,23
3259,0,23
3260,1,10
3261,2,15
3262,0,27
3263,1,14
3264,2,26
3265,0,21
3266,1,15
3267,2,22
3268,0,25
3269,1,36
3270,2,14
3271,0,24
3272,1,33
3273,2,20
3274,0,22
3275,1,15
3276,2,26
3277,0,13
3278,1,20
3279,2,21
3280,0,18
3281,1,21
3282,2,22
3283,0,15
3284,1,30
3285,2,43
3286,0,16
3287,1,16
3288,2,14
3289,0,18
3290,1,23
3291,2,32
3292,0,23
3293,1,28
3294,2,23
3295,0,28
3296,1,21
3297,2,20
3298,0,15
3299,1,22
3300,2,19
3301,0,33
3302,1,42
3303,2,20
3304,0,22
3305,1,21
3306,2,25
3307,0,24
3308,1,27
3309,2,23
3310,0,18
3311,1,28
3312,2,28
3313,0,22
3314,1,15
3315,2,12
3316,0,24
3317,1,21
3318,2,22
3319,0,21
3320,1,32
3321,2,27
3322,0,24
3323,1,29
3324,2,19
3325,0,14
3326,1,10
3327,2,19
3328,0,18
3329,1,28
3330,2,22
3331,0,26
3332,1,30
3333,2,13
3334,0,27
3335,1,28
3336,2,23
3337,0,16
3338,1,22
3339,2,13
3340,0,37
3341,1,40
3342,2,15
3343,0,28
3344,1,28
3345,2,18
3346,0,25
3347,1,22
3348,2,25
3349,0,18
3350,1,15
3351,2,43
3352,0,31
3353,1,17
3354,2,29
3355,0,18
3356,1,20
3357,2,28
3358,0,18
3359,1,37
3360,2,18
3361,0,20
3362,1,17
3363,2,20
3364,0,20
3365,1,22
3366,2,18
3367,0,33
3368,1,14
3369,2,30
3370,0,22
3371,1,26
3372,2,34
3373,0,17
3374,1,26
3375,2,13
3376,0,19
3377,1,28
3378,2,38
3379,0,46
3380,1,20
3381,2,28
3382,0,24
3383,1,22
3384,2,20
3385,0,19
3386,1,22
3387,2,28
3388,0,28
3389,1,21
3390,2,29
3391,0,8
3392,1,18
3393,2,26
3394,0,18
3395,1,16
3396,2,18
3397,0,17
3398,1,20
3399,2,30
3400,0,19
3401,1,30
3402,2,26
3403,0,15
3404,1,27
3405,2,29
3406,0,25
3407,1,21
3408,2,20
3409,0,26
3410,1,14
3411,2,22
3412,0,24
3413,1,11
3414,2,22
3415,0,31
3416,1,38
3417,2,27
3418,0,18
3419,1,24
3420,2,32
3421,0,30
3422,1,16
3423,2,24
3424,0,26
3425,1,31
3426,2,18
3427,0,27
3428,1,21
3429,2,23
3430,0,13
3431,1,24
3432,2,15
3433,0,9
3434,1,21
3435,2,47
3436,0,20
3437,1,23
3438,2,30
3439,0,26
3440,1,17
3441,2,20
3442,0,18
3443,1,17
3444,2,27
3445,0,15
3446,1,29
3447,2,37
3448,0,18
3449,1,16
3450,2,21
3451,0,26
3452,1,21
3453,2,27
3454,0,14
3455,1,21
3456,2,25
3457,0,29
3458,1,35
3459,2,17
3460,0,24
3461,1,33
3462,2,35
3463,0,21
3464,1,26
3465,2,22
3466,0,20
3467,1,29
3468,2,23
3469,0,20
3470,1,37
3471,2,26
3472,0,25
3473,1,20
3474,2,14
3475,0,13
3476,1,36
3477,2,18
3478,0,31
3479,1,22
3480,2,26
3481,0,25
3482,1,29
3483,2,26
3484,0,16
3485,1,27
3486,2,20
3487,0,28
3488,1,6
3489,2,18
3490,0,30
3491,1,27
3492,2,29
3493,0,22
3494,1,23
3495,2,20
3496,0,21
3497,1,22
3498,2,25
3499,0,24
3500,1,10
3501,2,17
3502,0,27
3503,1,27
3504,2,29
3505,0,21
3506,1,21
3507,2,32
3508,0,43
3509,1,23
3510,2,25
3511,0,24
3512,1,18
3513,2,24
3514,0,28
3515,1,18
3516,2,46
3517,0,22
3518,1,23
3519,2,23
3520,0,29
3521,1,23
3522,2,14
3523,0,32
3524,1,28
3525,2,20
3526,0,27
3527,1,10
3528,2,14
3529,0,14
3530,1,28
3531,2,28
3532,0,43
3533,1,13
3534,2,18
3535,0,21
3536,1,38
3537,2,29
3538,0,19
3539,1,24
3540,2,13
3541,0,13
3542,1,23
3543,2,31
3544,0,14
3545,1,20
3546,2,15
3547,0,14
3548,1,21
3549,2,28
3550,0,18
3551,1,18
3552,2,29
3553,0,20
3554,1,15
3555,2,25
3556,0,24
3557,1,22
3558,2,24
3559,0,24
3560,1,21
3561,2,18
3562,0,15
3563,1,34
3564,2,29
3565,0,20
3566,1,22
3567,2,24
3568,0,17
3569,1,22
3570,2,21
3571,0,14
3572,1,23
3573,2,25
3574,0,21
3575,1,12
3576,2,17
3577,0,15
3578,1,33
3579,2,24
3580,0,23
3581,1,23
3582,2,19
3583,0,15
3584,1,28
3585,2,15
3586,0,26
3587,1,21
3588,2,16
3589,0,32
3590,1,20
3591,2,30
3592,0,18
3593,1,23
3594,2,21
3595,0,10
3596,1,7
3597,2,21
3598,0,35
3599,1,32
3600,2,15
3601,0,21
3602,1,26
3603,2,23
3604,0,24
3605,1,26
3606,2,24
3607,0,25
3608,1,23
3609,2,15
3610,0,18
3611,1,23
3612,2,24
3613,0,24
3614,1,20
3615,2,24
3616,0,18
3617,1,36
3618,2,14
3619,0,23
3620,1,27
3621,2,16
3622,0,13
3623,1,27
3624,2,31
3625,0,16
3626,1,22
3627,2,18
3628,0,43
3629,1,28
3630,2,31
3631,0,33
3632,1,34
3633,2,21
3634,0,26
3635,1,34
3636,2,23
3637,0,31
3638,1,25
3639,2,22
3640,0,21
3641,1,22
3642,2,18
3643,0,29
3644,1,19
3645,2,21
3646,0,18
3647,1,34
3648,2,28
3649,0,25
3650,1,16
3651,2,26
3652,0,26
3653,1,28
3654,2,24
3655,0,29
3656,1,28
3657,2,29
3658,0,14
3659,1,24
3660,2,14
3661,0,25
3662,1,19
3663,2,21
3664,0,18
3665,1,14
3666,2,29
3667,0,23
3668,1,21
3669,2,17
3670,0,26
3671,1,18
3672,2,16
3673,0,12
3674,1,25
3675,2,19
3676,0,12
3677,1,13
3678,2,20
3679,0,23
3680,1,28
3681,2,13
3682,0,14
3683,1,14
3684,2,19
3685,0,15
3686,1,39
3687,2,40
3688,0,18
3689,1,20
3690,2,21
3691,0,11
3692,1,12
3693,2,24
3694,0,16
3695,1,20
3696,2,31
3697,0,18
3698,1,13
3699,2,31
3700,0,15
3701,1,18
3702,2,24
3703,0,19
3704,1,22
3705,2,27
3706,0,25
3707,1,26
3708,2,21
3709,0,22
3710,1,19
3711,2,18
3712,0,37
3713,1,21
3714,2,13
3715,0,13
3716,1,31
3717,2,7
3718,0,20
3719,1,25
3720,2,19
3721,0,8
3722,1,29
3723,2,15
3724,0,22
3725,1,26
3726,2,20
3727,0,16
3728,1,19
3729,2,18
3730,0,21
3731,1,20
3732,2,19
3733,0,17
3734,1,17
3735,2,13
3736,0,20
3737,1,26
3738,2,31
3739,0,18
3740,1,19
3741,2,19
3742,0,21
3743,1,13
3744,2,38
3745,0,20
3746,1,21
3747,2,31
3748,0,24
3749,1,41
3750,2,14
3751,0,14
3752,1,20
3753,2,41
3754,0,23
3755,1,22
3756,2,14
3757,0,19
3758,1,17
3759,2,15
3760,0,22
3761,1,16
3762,2,14
3763,0,25
3764,1,30
3765,2,21
3766,0,21
3767,1,13
3768,2,22
3769,0,13
3770,1,35
3771,2,26
3772,0,26
3773,1,19
3774,2,24
3775,0,28
3776,1,18
3777,2,19
3778,0,23
3779,1,15
3780,2,23
3781,0,17
3782,1,22
3783,2,24
3784,0,17
3785,1,20
3786,2,21
3787,0,34
3788,1,18
3789,2,26
3790,0,12
3791,1,15
3792,2,24
3793,0,24
3794,1,20
3795,2,18
3796,0,16
3797,1,36
3798,2,33
3799,0,16
3800,1,14
3801,2,23
3802,0,8
3803,1,16
3804,2,29
3805,0,18
3806,1,32
3807,2,14
3808,0,30
3809,1,20
3810,2,30
3811,0,21
3812,1,44
3813,2,7
3814,0,14
3815,1,32
3816,2,11
3817,0,9
3818,1,27
3819,2,20
3820,0,15
3821,1,18
3822,2,18
3823,0,24
3824,1,18
3825,2,40
3826,0,36
3827,1,11
3828,2,18
3829,0,21
3830,1,24
3831,2,30
3832,0,15
3833,1,15
3834,2,24
3835,0,30
3836,1,44
3837,2,20
3838,0,21
3839,1,25
3840,2,18
3841,0,19
3842,1,13
3843,2,18
3844,0,28
3845,1,23
3846,2,19
3847,0,13
3848,1,19
3849,2,21
3850,0,18
3851,1,22
3852,2,10
3853,0,25
3854,1,14
3855,2,16
3856,0,25
3857,1,28
3858,2,31
3859,0,16
3860,1,28
3861,2,35
3862,0,22
3863,1,24
3864,2,17
3865,0,20
3866,1,21
3867,2,21
3868,0,23
3869,1,26
3870,2,28
3871,0,19
3872,1,23
3873,2,23
3874,0,24
3875,1,24
3876,2,27
3877,0,18
3878,1,31
3879,2,19
3880,0,24
3881,1,18
3882,2,23
3883,0,15
3884,1,22
3885,2,19
3886,0,21
3887,1,17
3888,2,15
3889,0,18
3890,1,37
3891,2,22
3892,0,30
3893,1,23
3894,2,19
3895,0,17
3896,1,29
3897,2,19
3898,0,15
3899,1,20
3900,2,18
3901,0,18
3902,1,20
3903,2,24
3904,0,24
3905,1,37
3906,2,9
3907,0,18
3908,1,46
3909,2,23
3910,0,19
3911,1,25
3912,2,15
3913,0,30
3914,1,11
3915,2,19
3916,0,14
3917,1,29
3918,2,26
3919,0,28
3920,1,32
3921,2,11
3922,0,26
3923,1,13
3924,2,16
3925,0,10
3926,1,16
3927,2,34
3928,0,28
3929,1,14
3930,2,27
3931,0,22
3932,1,46
3933,2,20
3934,0,24
3935,1,36
3936,2,29
3937,0,17
3938,1,39
3939,2,29
3940,0,26
3941,1,15
3942,2,17
3943,0,17
3944,1,31
3945,2,21
3946,0,19
3947,1,11
3948,2,18
3949,0,32
3950,1,28
3951,2,19
3952,0,35
3953,1,22
3954,2,26
3955,0,16
3956,1,16
3957,2,24
3958,0,18
3959,1,31
3960,2,24
3961,0,34
3962,1,25
3963,2,20
3964,0,13
3965,1,17
3966,2,9
3967,0,22
3968,1,9
3969,2,27
3970,0,13
3971,1,41
3972,2,10
3973,0,18
3974,1,16
3975,2,21
3976,0,25
3977,1,24
3978,2,23
3979,0,50
3980,1,15
3981,2,27
3982,0,19
3983,1,26
3984,2,30
3985,0,19
3986,1,30
3987,2,24
3988,0,13
3989,1,40
3990,2,31
3991,0,14
3992,1,26
3993,2,35
3994,0,20
3995,1,29
3996,2,21
3997,0,25
3998,1,18
3999,2,26
4000,0,20
4001,1,27
4002,2,8
4003,0,17
4004,1,24
4005,2,10
4006,0,18
4007,1,25
4008,2,19
4009,0,23
4010,1,8
4011,2,29
4012,0,30
4013,1,14
4014,2,17
4015,0,18
4016,1,25
4017,2,28
4018,0,12
4019,1,11
4020,2,34
4021,0,11
4022,1,22
4023,2,41
4024,0,21
4025,1,18
4026,2,19
4027,0,21
4028,1,18
4029,2,15
4030,0,21
4031,1,13
4032,2,19
4033,0,37
4034,1,22
4035,2,30
4036,0,16
4037,1,11
4038,2,34
4039,0,25
4040,1,28
4041,2,23
4042,0,36
4043,1,25
4044,2,24
4045,0,26
4046,1,17
4047,2,12
4048,0,23
4049,1,11
4050,2,24
4051,0,18
4052,1,30
4053,2,26
4054,0,17
4055,1,22
4056,2,23
4057,0,17
4058,1,39
4059,2,33
4060,0,24
4061,1,17
4062,2,30
4063,0,18
4064,1,32
4065,2,25
4066,0,21
4067,1,27
4068,2,31
4069,0,33
4070,1,10
4071,2,28
4072,0,26
4073,1,20
4074,2,19
4075,0,40
4076,1,26
4077,2,16
4078,0,30
4079,1,23
4080,2,41
4081,0,14
4082,1,26
4083,2,26
4084,0,20
4085,1,18
4086,2,26
4087,0,27
4088,1,13
4089,2,24
4090,0,19
4091,1,12
4092,2,11
4093,0,20
4094,1,32
4095,2,31
4096,0,22
4097,1,32
4098,2,21
4099,0,29
4100,1,21
4101,2,19
4102,0,25
4103,1,23
4104,2,19
4105,0,23
4106,1,20
4107,2,22
4108,0,18
4109,1,21
4110,2,20
4111,0,19
4112,1,15
4113,2,19
4114,0,13
4115,1,30
4116,2,17
4117,0,41
4118,1,28
4119,2,24
4120,0,23
4121,1,35
4122,2,18
4123,0,39
4124,1,22
4125,2,21
4126,0,15
4127,1,25
4128,2,15
4129,0,17
4130,1,20
4131,2,21
4132,0,25
4133,1,30
4134,2,24
4135,0,23
4136,1,13
4137,2,16
4138,0,16
4139,1,27
4140,2,15
4141,0,14
4142,1,31
4143,2,7
4144,0,23
4145,1,15
4146,2,21
4147,0,25
4148,1,22
4149,2,18
4150,0,9
4151,1,13
4152,2,12
4153,0,16
4154,1,22
4155,2,36
4156,0,22
4157,1,14
4158,2,14
4159,0,14
4160,1,19
4161,2,11
4162,0,12
4163,1,15
4164,2,19
4165,0,21
4166,1,27
4167,2,18
4168,0,15
4169,1,18
4170,2,25
4171,0,26
4172,1,33
4173,2,18
4174,0,28
4175,1,27
4176,2,16
4177,0,20
4178,1,34
4179,2,37
4180,0,18
4181,1,34
4182,2,15
4183,0,30
4184,1,22
4185,2,26
4186,0,21
4187,1,24
4188,2,16
4189,0,24
4190,1,22
4191,2,16
4192,0,12
4193,1,20
4194,2,25
4195,0,14
4196,1,25
4197,2,19
4198,0,24
4199,1,29
4200,2,20
4201,0,27
4202,1,18
4203,2,25
4204,0,17
4205,1,17
4206,2,16
4207,0,20
4208,1,32
4209,2,22
4210,0,28
4211,1,20
4212,2,10
4213,0,24
4214,1,19
4215,2,13
4216,0,25
4217,1,18
4218,2,24
4219,0,38
4220,1,25
4221,2,23
4222,0,27
4223,1,16
4224,2,31
4225,0,16
4226,1,24
4227,2,17
4228,0,29
4229,1,13
4230,2,19
4231,0,16
4232,1,16
4233,2,23
4234,0,29
4235,1,16
4236,2,19
4237,0,18
4238,1,20
4239,2,14
4240,0,24
4241,1,28
4242,2,19
4243,0,25
4244,1,22
4245,2,7
4246,0,33
4247,1,25
4248,2,15
4249,0,26
4250,1,22
4251,2,25
4252,0,23
4253,1,31
4254,2,11
4255,0,25
4256,1,9
4257,2,17
4258,0,19
4259,1,31
4260,2,19
4261,0,22
4262,1,26
4263,2,31
4264,0,25
4265,1,22
4266,2,30
4267,0,11
4268,1,25
4269,2,18
4270,0,27
4271,1,32
4272,2,20
4273,0,28
4274,1,34
4275,2,27
4276,0,27
4277,1,21
4278,2,14
4279,0,21
4280,1,32
4281,2,34
4282,0,11
4283,1,22
4284,2,20
4285,0,25
4286,1,33
4287,2,19
4288,0,21
4289,1,31
4290,2,19
4291,0,19
4292,1,28
4293,2,21
4294,0,28
4295,1,33
4296,2,21
4297,0,24
4298,1,25
4299,2,27
4300,0,19
4301,1,28
4302,2,25
4303,0,28
4304,1,22
4305,2,27
4306,0,27
4307,1,20
4308,2,27
4309,0,23
4310,1,21
4311,2,22
4312,0,15
4313,1,32
4314,2,21
4315,0,14
4316,1,18
4317,2,23
4318,0,28
4319,1,15
4320,2,31
4321,0,30
4322,1,11
4323,2,26
4324,0,26
4325,1,21
4326,2,30
4327,0,30
4328,1,20
4329,2,19
4330,0,20
4331,1,35
4332,2,16
4333,0,8
4334,1,21
4335,2,15
4336,0,22
4337,1,14
4338,2,18
4339,0,16
4340,1,37
4341,2,28
4342,0,24
4343,1,27
4344,2,18
4345,0,14
4346,1,19
4347,2,22
4348,0,12
4349,1,19
4350,2,23
4351,0,20
4352,1,22
4353,2,13
4354,0,19
4355,1,22
4356,2,15
4357,0,20
4358,1,23
4359,2,22
4360,0,22
4361,1,15
4362,2,29
4363,0,28
4364,1,22
4365,2,20
4366,0,16
4367,1,17
4368,2,18
4369,0,31
4370,1,19
4371,2,16
4372,0,22
4373,1,27
4374,2,20
4375,0,25
4376,1,16
4377,2,26
4378,0,23
4379,1,14
4380,2,11
4381,0,22
4382,1,25
4383,2,28
4384,0,18
4385,1,16
4386,2,20
4387,0,18
4388,1,28
4389,2,12
4390,0,14
4391,1,21
4392,2,17
4393,0,19
4394,1,20
4395,2,21
4396,0,10
4397,1,13
4398,2,31
4399,0,18
4400,1,25
4401,2,10
4402,0,18
4403,1,25
4404,2,18
4405,0,25
4406,1,16
4407,2,23
4408,0,23
4409,1,14
4410,2,17
4411,0,27
4412,1,28
4413,2,23
4414,0,14
4415,1,26
4416,2,19
4417,0,12
4418,1,19
4419,2,28
4420,0,27
4421,1,18
4422,2,23
4423,0,27
4424,1,37
4425,2,24
4426,0,23
4427,1,22
4428,2,19
4429,0,29
4430,1,14
4431,2,21
4432,0,16
4433,1,29
4434,2,14
4435,0,26
4436,1,14
4437,2,25
4438,0,24
4439,1,24
4440,2,15
4441,0,15
4442,1,23
4443,2,18
4444,0,22
4445,1,23
4446,2,22
4447,0,20
4448,1,16
4449,2,10
4450,0,18
4451,1,26
4452,2,39
4453,0,15
4454,1,26
4455,2,13
4456,0,16
4457,1,17
4458,2,26
4459,0,22
4460,1,14
4461,2,29
4462,0,31
4463,1,14
4464,2,24
4465,0,34
4466,1,33
4467,2,14
4468,0,25
4469,1,19
4470,2,22
4471,0,27
4472,1,24
4473,2,34
4474,0,5
4475,1,19
4476,2,16
4477,0,17
4478,1,24
4479,2,26
4480,0,20
4481,1,24
4482,2,17
4483,0,22
4484,1,23
4485,2,25
4486,0,17
4487,1,17
4488,2,33
4489,0,28
4490,1,23
4491,2,30
4492,0,17
4493,1,12
4494,2,32
4495,0,28
4496,1,15
4497,2,15
4498,0,20
4499,1,13
4500,2,29
4501,0,20
4502,1,40
4503,2,20
4504,0,30
4505,1,30
4506,2,27
4507,0,32
4508,1,14
4509,2,12
4510,0,17
4511,1,22
4512,2,31
4513,0,20
4514,1,21
4515,2,20
4516,0,27
4517,1,28
4518,2,16
4519,0,16
4520,1,17
4521,2,30
4522,0,15
4523,1,29
4524,2,15
4525,0,27
4526,1,38
4527,2,24
4528,0,26
4529,1,35
4530,2,21
4531,0,27
4532,1,17
4533,2,17
4534,0,15
4535,1,10
4536,2,25
4537,0,30
4538,1,31
4539,2,20
4540,0,31
4541,1,39
4542,2,19
4543,0,13
4544,1,25
4545,2,22
4546,0,25
4547,1,17
4548,2,27
4549,0,26
4550,1,52
4551,2,34
4552,0,13
4553,1,16
4554,2,28
4555,0,8
4556,1,15
4557,2,23
4558,0,16
4559,1,39
4560,2,20
4561,0,32
4562,1,26
4563,2,19
4564,0,23
4565,1,14
4566,2,36
4567,0,13
4568,1,16
4569,2,21
4570,0,24
4571,1,16
4572,2,27
4573,0,27
4574,1,23
4575,2,7
4576,0,8
4577,1,15
4578,2,24
4579,0,21
4580,1,26
4581,2,17
4582,0,20
4583,1,26
4584,2,17
4585,0,20
4586,1,25
4587,2,24
4588,0,18
4589,1,22
4590,2,16
4591,0,28
4592,1,13
4593,2,28
4594,0,15
4595,1,9
4596,2,14
4597,0,22
4598,1,21
4599,2,38
4600,0,17
4601,1,34
4602,2,14
4603,0,24
4604,1,25
4605,2,17
4606,0,22
4607,1,29
4608,2,21
4609,0,17
4610,1,27
4611,2,15
4612,0,16
4613,1,23
4614,2,24
4615,0,17
4616,1,25
4617,2,22
4618,0,19
4619,1,18
4620,2,39
4621,0,18
4622,1,9
4623,2,19
4624,0,23
4625,1,38
4626,2,29
4627,0,23
4628,1,13
4629,2,15
4630,0,24
4631,1,18
4632,2,26
4633,0,26
4634,1,22
4635,2,13
4636,0,15
4637,1,22
4638,2,25
4639,0,17
4640,1,22
4641,2,28
4642,0,25
4643,1,25
4644,2,17
4645,0,25
4646,1,16
4647,2,16
4648,0,13
4649,1,20
4650,2,22
4651,0,19
4652,1,14
4653,2,28
4654,0,19
4655,1,21
4656,2,32
4657,0,19
4658,1,18
4659,2,30
4660,0,22
4661,1,30
4662,2,20
4663,0,12
4664,1,27
4665,2,17
4666,0,18
4667,1,22
4668,2,34
4669,0,27
4670,1,36
4671,2,7
4672,0,26
4673,1,12
4674,2,15
4675,0,24
4676,1,27
4677,2,28
4678,0,14
4679,1,26
4680,2,28
4681,0,28
4682,1,21
4683,2,13
4684,0,12
4685,1,12
4686,2,15
4687,0,25
4688,1,20
4689,2,14
4690,0,17
4691,1,23
4692,2,25
4693,0,13
4694,1,30
4695,2,30
4696,0,15
4697,1,17
4698,2,26
4699,0,28
4700,1,29
4701,2,29
4702,0,20
4703,1,17
4704,2,20
4705,0,14
4706,1,8
4707,2,27
4708,0,24
4709,1,21
4710,2,21
4711,0,13
4712,1,19
4713,2,44
4714,0,38
4715,1,24
4716,2,12
4717,0,26
4718,1,15
4719,2,17
4720,0,21
4721,1,23
4722,2,22
4723,0,18
4724,1,26
4725,2,25
4726,0,19
4727,1,20
4728,2,16
4729,0,15
4730,1,16
4731,2,11
4732,0,7
4733,1,29
4734,2,27
4735,0,26
4736,1,23
4737,2,17
4738,0,27
4739,1,24
4740,2,10
4741,0,8
4742,1,26
4743,2,16
4744,0,19
4745,1,27
4746,2,20
4747,0,30
4748,1,20
4749,2,36
4750,0,12
4751,1,20
4752,2,18
4753,0,32
4754,1,22
4755,2,21
4756,0,25
4757,1,24
4758,2,24
4759,0,11
4760,1,10
4761,2,25
4762,0,20
4763,1,12
4764,2,13
4765,0,25
4766,1,26
4767,2,36
4768,0,13
4769,1,24
4770,2,19
4771,0,27
4772,1,10
4773,2,15
4774,0,22
4775,1,15
4776,2,13
4777,0,22
4778,1,15
4779,2,19
4780,0,16
4781,1,27
4782,2,24
4783,0,17
4784,1,28
4785,2,39
4786,0,25
4787,1,29
4788,2,32
4789,0,17
4790,1,18
4791,2,22
4792,0,18
4793,1,25
4794,2,20
4795,0,17
4796,1,22
4797,2,14
4798,0,13
4799,1,22
4800,2,22
4801,0,23
4802,1,18
4803,2,14
4804,0,23
4805,1,26
4806,2,15
4807,0,24
4808,1,18
4809,2,34
4810,0,15
4811,1,23
4812,2,18
4813,0,27
4814,1,28
4815,2,16
4816,0,22
4817,1,34
4818,2,21
4819,0,14
4820,1,31
4821,2,35
4822,0,18
4823,1,17
4824,2,21
4825,0,19
4826,1,31
4827,2,20
4828,0,16
4829,1,20
4830,2,28
4831,0,32
4832,1,26
4833,2,26
4834,0,25
4835,1,14
4836,2,17
4837,0,34
4838,1,22
4839,2,18
4840,0,12
4841,1,13
4842,2,13
4843,0,19
4844,1,12
4845,2,23
4846,0,25
4847,1,8
4848,2,20
4849,0,19
4850,1,17
4851,2,14
4852,0,21
4853,1,23
4854,2,34
4855,0,10
4856,1,25
4857,2,21
4858,0,23
4859,1,18
4860,2,26
4861,0,25
4862,1,21
4863,2,28
4864,0,20
4865,1,38
4866,2,12
4867,0,18
4868,1,20
4869,2,20
4870,0,12
4871,1,22
4872,2,13
4873,0,18
4874,1,20
4875,2,33
4876,0,11
4877,1,20
4878,2,16
4879,0,22
4880,1,25
4881,2,23
4882,0,20
4883,1,7
4884,2,19
4885,0,28
4886,1,41
4887,2,30
4888,0,19
4889,1,25
4890,2,13
4891,0,32
4892,1,15
4893,2,18
4894,0,16
4895,1,16
4896,2,29
4897,0,23
4898,1,19
4899,2,16
4900,0,19
4901,1,20
4902,2,24
4903,0,29
4904,1,47
4905,2,26
4906,0,23
4907,1,14
4908,2,17
4909,0,20
4910,1,27
4911,2,12
4912,0,25
4913,1,25
4914,2,25
4915,0,19
4916,1,34
4917,2,17
4918,0,40
4919,1,27
4920,2,28
4921,0,13
4922,1,21
4923,2,20
4924,0,29
4925,1,10
4926,2,29
4927,0,14
4928,1,16
4929,2,21
4930,0,19
4931,1,14
4932,2,11
4933,0,23
4934,1,35
4935,2,18
4936,0,22
4937,1,30
4938,2,29
4939,0,13
4940,1,18
4941,2,25
4942,0,22
4943,1,13
4944,2,22
4945,0,14
4946,1,32
4947,2,24
4948,0,14
4949,1,27
4950,2,16
4951,0,17
4952,1,16
4953,2,25
4954,0,24
4955,1,29
4956,2,20
4957,0,34
4958,1,19
4959,2,16
4960,0,33
4961,1,27
4962,2,13
4963,0,21
4964,1,18
4965,2,37
4966,0,15
4967,1,28
4968,2,30
4969,0,25
4970,1,15
4971,2,24
4972,0,10
4973,1,31
4974,2,24
4975,0,34
4976,1,25
4977,2,22
4978,0,32
4979,1,17
4980,2,24
4981,0,14
4982,1,25
4983,2,19
4984,0,28
4985,1,29
4986,2,27
4987,0,25
4988,1,14
4989,2,17
4990,0,23
4991,1,29
4992,2,22
4993,0,18
4994,1,14
4995,2,18
4996,0,20
4997,1,12
4998,2,14
4999,0,19
5000,1,25
5001,2,22
5002,0,21
5003,1,32
5004,2,25
5005,0,26
5006,1,14
5007,2,17
5008,0,36
5009,1,31
5010,2,14
5011,0,20
5012,1,18
5013,2,18
5014,0,15
5015,1,21
5016,2,21
5017,0,24
5018,1,24
5019,2,27
5020,0,18
5021,1,21
5022,2,16
5023,0,31
5024,1,12
5025,2,23
5026,0,12
5027,1,29
5028,2,22
5029,0,11
5030,1,20
5031,2,20
5032,0,21
5033,1,23
5034,2,23
5035,0,16
5036,1,12
5037,2,15
5038,0,25
5039,1,20
5040,2,22
5041,0,19
5042,1,15
5043,2,14
5044,0,25
5045,1,33
5046,2,17
5047,0,11
5048,1,9
5049,2,17
5050,0,22
5051,1,20
5052,2,24
5053,0,16
5054,1,33
5055,2,16
5056,0,15
5057,1,23
5058,2,30
5059,0,16
5060,1,22
5061,2,21
5062,0,28
5063,1,16
5064,2,15
5065,0,16
5066,1,13
5067,2,29
5068,0,22
5069,1,22
5070,2,29
5071,0,12
5072,1,14
5073,2,19
5074,0,17
5075,1,11
5076,2,30
5077,0,14
5078,1,22
5079,2,19
5080,0,19
5081,1,21
5082,2,37
5083,0,17
5084,1,17
5085,2,24
5086,0,28
5087,1,46
5088,2,15
5089,0,17
5090,1,13
5091,2,16
5092,0,18
5093,1,15
5094,2,20
5095,0,34
5096,1,21
5097,2,35
5098,0,20
5099,1,18
5100,2,20
5101,0,12
5102,1,14
5103,2,27
5104,0,29
5105,1,14
5106,2,18
5107,0,17
5108,1,37
5109,2,15
5110,0,13
5111,1,23
5112,2,11
5113,0,15
5114,1,20
5115,2,22
5116,0,34
5117,1,16
5118,2,16
5119,0,14
5120,1,34
5121,2,13
5122,0,18
5123,1,15
5124,2,22
5125,0,18
5126,1,17
5127,2,19
5128,0,8
5129,1,36
5130,2,23
5131,0,20
5132,1,19
5133,2,24
5134,0,31
5135,1,13
5136,2,27
5137,0,19
5138,1,24
5139,2,15
5140,0,30
5141,1,17
5142,2,19
5143,0,26
5144,1,17
5145,2,10
5146,0,26
5147,1,29
5148,2,46
5149,0,26
5150,1,18
5151,2,30
5152,0,10
5153,1,16
5154,2,32
5155,0,36
5156,1,13
5157,2,24
5158,0,30
5159,1,15
5160,2,18
5161,0,28
5162,1,19
5163,2,35
5164,0,24
5165,1,14
5166,2,16
5167,0,26
5168,1,16
5169,2,27
5170,0,26
5171,1,13
5172,2,33
5173,0,37
5174,1,21
5175,2,16
5176,0,20
5177,1,24
5178,2,17
5179,0,9
5180,1,23
5181,2,16
5182,0,14
5183,1,15
5184,2,28
5185,0,15
5186,1,21
5187,2,13
5188,0,15
5189,1,9
5190,2,14
5191,0,15
5192,1,16
5193,2,14
5194,0,15
5195,1,17
5196,2,16
5197,0,22
5198,1,17
5199,2,21
5200,0,20
5201,1,24
5202,2,18
5203,0,19
5204,1,25
5205,2,22
5206,0,25
5207,1,18
5208,2,20
5209,0,22
5210,1,23
5211,2,14
5212,0,26
5213,1,18
5214,2,21
5215,0,7
5216,1,32
5217,2,20
5218,0,21
5219,1,23
5220,2,21
5221,0,12
5222,1,25
5223,2,28
5224,0,16
5225,1,18
5226,2,11
5227,0,28
5228,1,9
5229,2,25
5230,0,15
5231,1,40
5232,2,25
5233,0,22
5234,1,12
5235,2,18
5236,0,11
5237,1,7
5238,2,28
5239,0,21
5240,1,26
5241,2,21
5242,0,16
5243,1,23
5244,2,32
5245,0,15
5246,1,15
5247,2,27
5248,0,20
5249,1,35
5250,2,16
5251,0,23
5252,1,24
5253,2,25
5254,0,22
5255,1,20
5256,2,23
5257,0,12
5258,1,21
5259,2,12
5260,0,17
5261,1,15
5262,2,25
5263,0,17
5264,1,16
5265,2,26
5266,0,8
5267,1,11
5268,2,9
5269,0,29
5270,1,26
5271,2,13
5272,0,19
5273,1,12
5274,2,13
5275,0,29
5276,1,9
5277,2,27
5278,0,13
5279,1,27
5280,2,16
5281,0,28
5282,1,30
5283,2,22
5284,0,27
5285,1,21
5286,2,15
5287,0,17
5288,1,22
5289,2,19
5290,0,31
5291,1,33
5292,2,20
5293,0,32
5294,1,10
5295,2,17
5296,0,12
5297,1,19
5298,2,23
5299,0,31
5300,1,19
5301,2,25
5302,0,19
5303,1,15
5304,2,30
5305,0,22
5306,1,27
5307,2,25
5308,0,21
5309,1,22
5310,2,15
5311,0,18
5312,1,10
5313,2,18
5314,0,21
5315,1,27
5316,2,14
5317,0,35
5318,1,16
5319,2,18
5320,0,36
5321,1,13
5322,2,37
5323,0,22
5324,1,18
5325,2,24
5326,0,18
5327,1,15
5328,2,20
5329,0,18
5330,1,23
5331,2,16
5332,0,20
5333,1,21
5334,2,26
5335,0,17
5336,1,22
5337,2,25
5338,0,17
5339,1,23
5340,2,24
5341,0,26
5342,1,15
5343,2,44
5344,0,9
5345,1,17
5346,2,18
5347,0,13
5348,1,16
5349,2,20
5350,0,17
5351,1,20
5352,2,56
5353,0,32
5354,1,17
5355,2,25
5356,0,19
5357,1,30
5358,2,16
5359,0,17
5360,1,13
5361,2,25
5362,0,25
5363,1,15
5364,2,20
5365,0,21
5366,1,22
5367,2,22
5368,0,7
5369,1,19
5370,2,13
5371,0,19
5372,1,14
5373,2,23
5374,0,19
5375,1,12
5376,2,20
5377,0,31
5378,1,21
5379,2,21
5380,0,37
5381,1,36
5382,2,17
5383,0,28
5384,1,12
5385,2,19
5386,0,16
5387,1,21
5388,2,24
5389,0,9
5390,1,14
5391,2,22
5392,0,15
5393,1,16
5394,2,8
5395,0,35
5396,1,18
5397,2,29
5398,0,25
5399,1,12
5400,2,25
5401,0,12
5402,1,17
5403,2,18
5404,0,6
5405,1,18
5406,2,27
5407,0,25
5408,1,28
5409,2,20
5410,0,15
5411,1,27
5412,2,19
5413,0,23
5414,1,26
5415,2,23
5416,0,10
5417,1,16
5418,2,13
5419,0,25
5420,1,27
5421,2,18
5422,0,25
5423,1,7
5424,2,28
5425,0,12
5426,1,27
5427,2,25
5428,0,22
5429,1,15
5430,2,37
5431,0,22
5432,1,39
5433,2,15
5434,0,9
5435,1,25
5436,2,17
5437,0,22
5438,1,18
5439,2,13
5440,0,23
5441,1,17
5442,2,15
5443,0,27
5444,1,16
5445,2,13
5446,0,24
5447,1,27
5448,2,30
5449,0,25
5450,1,23
5451,2,25
5452,0,27
5453,1,27
5454,2,36
5455,0,26
5456,1,18
5457,2,16
5458,0,20
5459,1,21
5460,2,15
5461,0,19
5462,1,20
5463,2,28
5464,0,22
5465,1,13
5466,2,35
5467,0,10
5468,1,33
5469,2,13
5470,0,22
5471,1,26
5472,2,20
5473,0,23
5474,1,17
5475,2,17
5476,0,25
5477,1,32
5478,2,11
5479,0,19
5480,1,24
5481,2,22
5482,0,14
5483,1,14
5484,2,18
5485,0,25
5486,1,14
5487,2,24
5488,0,7
5489,1,17
5490,2,25
5491,0,30
5492,1,18
5493,2,25
5494,0,20
5495,1,20
5496,2,26
5497,0,26
5498,1,31
5499,2,21
5500,0,19
5501,1,22
5502,2,23
5503,0,19
5504,1,10
5505,2,29
5506,0,32
5507,1,20
5508,2,10
5509,0,22
5510,1,38
5511,2,12
5512,0,13
5513,1,18
5514,2,20
5515,0,41
5516,1,31
5517,2,24
5518,0,18
5519,1,15
5520,2,31
5521,0,15
5522,1,12
5523,2,21
5524,0,20
5525,1,22
5526,2,14
5527,0,25
5528,1,20
5529,2,22
5530,0,18
5531,1,17
5532,2,13
5533,0,22
5534,1,21
5535,2,28
5536,0,24
5537,1,34
5538,2,30
5539,0,29
5540,1,24
5541,2,16
5542,0,27
5543,1,17
5544,2,11
5545,0,15
5546,1,39
5547,2,36
5548,0,30
5549,1,16
5550,2,17
5551,0,12
5552,1,18
5553,2,23
5554,0,23
5555,1,20
5556,2,24
5557,0,19
5558,1,16
5559,2,21
5560,0,17
5561,1,32
5562,2,30
5563,0,22
5564,1,24
5565,2,22
5566,0,21
5567,1,34
5568,2,26
5569,0,18
5570,1,24
5571,2,21
5572,0,17
5573,1,25
5574,2,35
5575,0,18
5576,1,20
5577,2,20
5578,0,22
5579,1,18
5580,2,23
5581,0,20
5582,1,22
5583,2,17
5584,0,13
5585,1,21
5586,2,17
5587,0,23
5588,1,24
5589,2,25
5590,0,20
5591,1,31
5592,2,38
5593,0,17
5594,1,16
5595,2,33
5596,0,15
5597,1,15
5598,2,29
5599,0,18
5600,1,19
5601,2,28
5602,0,41
5603,1,9
5604,2,44
5605,0,19
5606,1,40
5607,2,17
5608,0,27
5609,1,10
5610,2,12
5611,0,25
5612,1,16
5613,2,32
5614,0,9
5615,1,15
5616,2,22
5617,0,22
5618,1,23
5619,2,23
5620,0,19
5621,1,17
5622,2,23
5623,0,23
5624,1,16
5625,2,19
5626,0,18
5627,1,16
5628,2,19
5629,0,33
5630,1,15
5631,2,32
5632,0,18
5633,1,22
5634,2,8
5635,0,20
5636,1,15
5637,2,21
5638,0,15
5639,1,17
5640,2,17
5641,0,22
5642,1,24
5643,2,50
5644,0,18
5645,1,9
5646,2,16
5647,0,17
5648,1,17
5649,2,21
5650,0,9
5651,1,16
5652,2,20
5653,0,21
5654,1,22
5655,2,19
5656,0,10
5657,1,9
5658,2,16
5659,0,18
5660,1,13
5661,2,22
5662,0,18
5663,1,24
5664,2,26
5665,0,23
5666,1,15
5667,2,24
5668,0,12
5669,1,18
5670,2,18
5671,0,17
5672,1,32
5673,2,24
5674,0,23
5675,1,27
5676,2,28
5677,0,23
5678,1,29
5679,2,23
5680,0,16
5681,1,23
5682,2,25
5683,0,12
5684,1,29
5685,2,19
5686,0,17
5687,1,22
5688,2,14
5689,0,18
5690,1,37
5691,2,18
5692,0,18
5693,1,11
5694,2,25
5695,0,24
5696,1,24
5697,2,13
5698,0,27
5699,1,11
5700,2,15
5701,0,19
5702,1,17
5703,2,30
5704,0,15
5705,1,17
5706,2,21
5707,0,22
5708,1,11
5709,2,12
5710,0,15
5711,1,39
5712,2,20
5713,0,8
5714,1,12
5715,2,12
5716,0,18
5717,1,30
5718,2,27
5719,0,26
5720,1,25
5721,2,17
5722,0,21
5723,1,20
5724,2,21
5725,0,28
5726,1,15
5727,2,34
5728,0,14
5729,1,28
5730,2,27
5731,0,25
5732,1,14
5733,2,25
5734,0,15
5735,1,15
5736,2,20
5737,0,14
5738,1,15
5739,2,11
5740,0,18
5741,1,13
5742,2,15
5743,0,23
5744,1,15
5745,2,17
5746,0,32
5747,1,11
5748,2,25
5749,0,14
5750,1,28
5751,2,22
5752,0,13
5753,1,23
5754,2,36
5755,0,13
5756,1,18
5757,2,13
5758,0,23
5759,1,21
5760,2,14
5761,0,14
5762,1,11
5763,2,23
5764,0,31
5765,1,25
5766,2,24
5767,0,11
5768,1,17
5769,2,27
5770,0,19
5771,1,24
5772,2,17
5773,0,15
5774,1,16
5775,2,25
5776,0,20
5777,1,17
5778,2,23
5779,0,14
5780,1,19
5781,2,23
5782,0,24
5783,1,37
5784,2,10
5785,0,11
5786,1,18
5787,2,10
5788,0,20
5789,1,12
5790,2,18
5791,0,24
5792,1,11
5793,2,40
5794,0,28
5795,1,31
5796,2,28
5797,0,15
5798,1,23
5799,2,15
5800,0,29
5801,1,30
5802,2,18
5803,0,23
5804,1,35
5805,2,24
5806,0,20
5807,1,23
5808,2,38
5809,0,21
5810,1,15
5811,2,29
5812,0,17
5813,1,30
5814,2,24
5815,0,24
5816,1,17
5817,2,14
5818,0,21
5819,1,13
5820,2,12
5821,0,19
5822,1,19
5823,2,16
5824,0,10
5825,1,5
5826,2,22
5827,0,22
5828,1,15
5829,2,10
5830,0,37
5831,1,24
5832,2,67
5833,0,13
5834,1,21
5835,2,15
5836,0,23
5837,1,25
5838,2,35
5839,0,23
5840,1,18
5841,2,35
5842,0,20
5843,1,33
5844,2,35
5845,0,19
5846,1,17
5847,2,15
5848,0,18
5849,1,23
5850,2,12
5851,0,13
5852,1,30
5853,2,24
5854,0,36
5855,1,14
5856,2,23
5857,0,25
5858,1,18
5859,2,25
5860,0,21
5861,1,33
5862,2,34
5863,0,18
5864,1,22
5865,2,16
5866,0,23
5867,1,18
5868,2,30
5869,0,15
5870,1,30
5871,2,23
5872,0,20
5873,1,15
5874,2,17
5875,0,29
5876,1,32
5877,2,18
5878,0,18
5879,1,17
5880,2,26
5881,0,20
5882,1,18
5883,2,20
5884,0,25
5885,1,10
5886,2,16
5887,0,20
5888,1,29
5889,2,17
5890,0,21
5891,1,10
5892,2,7
5893,0,22
5894,1,23
5895,2,17
5896,0,21
5897,1,7
5898,2,13
5899,0,11
5900,1,24
5901,2,13
5902,0,23
5903,1,15
5904,2,28
5905,0,14
5906,1,23
5907,2,32
5908,0,22
5909,1,22
5910,2,25
5911,0,19
5912,1,24
5913,2,17
5914,0,28
5915,1,20
5916,2,33
5917,0,17
5918,1,18
5919,2,9
5920,0,18
5921,1,21
5922,2,14
5923,0,25
5924,1,31
5925,2,20
5926,0,18
5927,1,27
5928,2,33
5929,0,13
5930,1,17
5931,2,25
5932,0,16
5933,1,12
5934,2,24
5935,0,8
5936,1,22
5937,2,22
5938,0,12
5939,1,26
5940,2,15
5941,0,15
5942,1,27
5943,2,17
5944,0,31
5945,1,27
5946,2,14
5947,0,20
5948,1,21
5949,2,8
5950,0,14
5951,1,28
5952,2,31
5953,0,16
5954,1,16
5955,2,21
5956,0,17
5957,1,16
5958,2,15
5959,0,33
5960,1,22
5961,2,28
5962,0,8
5963,1,25
5964,2,25
5965,0,9
5966,1,15
5967,2,5
5968,0,19
5969,1,20
5970,2,37
5971,0,18
5972,1,11
5973,2,12
5974,0,15
5975,1,29
5976,2,21
5977,0,25
5978,1,11
5979,2,20
5980,0,18
5981,1,22
5982,2,20
5983,0,27
5984,1,35
5985,2,22
5986,0,16
5987,1,20
5988,2,10
5989,0,25
5990,1,13
5991,2,20
5992,0,14
5993,1,16
5994,2,24
5995,0,18
5996,1,17
5997,2,20
5998,0,12
5999,1,27
6000,2,14
6001,0,24
6002,1,10
6003,2,19
6004,0,24
6005,1,22
6006,2,18
6007,0,26
6008,1,33
6009,2,25
6010,0,23
6011,1,17
6012,2,9
6013,0,24
6014,1,22
6015,2,20
6016,0,27
6017,1,13
6018,2,23
6019,0,27
6020,1,21
6021,2,19
6022,0,19
6023,1,20
6024,2,15
6025,0,21
6026,1,25
6027,2,18
6028,0,23
6029,1,14
6030,2,16
6031,0,20
6032,1,30
6033,2,30
6034,0,12
6035,1,16
6036,2,10
6037,0,30
6038,1,24
6039,2,27
6040,0,29
6041,1,11
6042,2,21
6043,0,30
6044,1,16
6045,2,12
6046,0,22
6047,1,23
6048,2,27
6049,0,30
6050,1,14
6051,2,13
6052,0,13
6053,1,15
6054,2,19
6055,0,28
6056,1,18
6057,2,25
6058,0,21
6059,1,18
6060,2,22
6061,0,12
6062,1,33
6063,2,21
6064,0,23
6065,1,8
6066,2,15
6067,0,21
6068,1,8
6069,2,21
6070,0,28
6071,1,20
6072,2,24
6073,0,10
6074,1,17
6075,2,33
6076,0,21
6077,1,16
6078,2,23
6079,0,15
6080,1,30
6081,2,24
6082,0,15
6083,1,21
6084,2,10
6085,0,26
6086,1,9
6087,2,17
6088,0,12
6089,1,9
6090,2,20
6091,0,19
6092,1,9
6093,2,32
6094,0,14
6095,1,23
6096,2,34
6097,0,18
6098,1,16
6099,2,19
6100,0,28
6101,1,29
6102,2,19
6103,0,29
6104,1,9
6105,2,21
6106,0,16
6107,1,13
6108,2,14
6109,0,24
6110,1,8
6111,2,28
6112,0,32
6113,1,25
6114,2,23
6115,0,15
6116,1,24
6117,2,12
6118,0,33
6119,1,17
6120,2,23
6121,0,19
6122,1,31
6123,2,32
6124,0,24
6125,1,22
6126,2,23
6127,0,25
6128,1,18
6129,2,17
6130,0,41
6131,1,14
6132,2,21
6133,0,31
6134,1,27
6135,2,17
6136,0,27
6137,1,24
6138,2,20
6139,0,11
6140,1,12
6141,2,16
6142,0,14
6143,1,12
6144,2,21
6145,0,18
6146,1,7
6147,2,18
6148,0,16
6149,1,19
6150,2,34
6151,0,12
6152,1,27
6153,2,17
6154,0,22
6155,1,22
6156,2,12
6157,0,8
6158,1,17
6159,2,36
6160,0,25
6161,1,34
6162,2,13
6163,0,4
6164,1,12
6165,2,22
6166,0,11
6167,1,17
6168,2,15
6169,0,22
6170,1,11
6171,2,12
6172,0,22
6173,1,9
6174,2,21
6175,0,23
6176,1,26
6177,2,24
6178,0,10
6179,1,11
6180,2,32
6181,0,21
6182,1,20
6183,2,21
6184,0,8
6185,1,34
6186,2,8
6187,0,24
6188,1,16
6189,2,16
6190,0,23
6191,1,38
6192,2,30
6193,0,19
6194,1,12
6195,2,29
6196,0,15
6197,1,22
6198,2,17
6199,0,14
6200,1,12
6201,2,13
6202,0,7
6203,1,17
6204,2,14
6205,0,22
6206,1,14
6207,2,15
6208,0,17
6209,1,32
6210,2,28
6211,0,21
6212,1,25
6213,2,13
6214,0,15
6215,1,15
6216,2,19
6217,0,34
6218,1,23
6219,2,14
6220,0,15
6221,1,25
6222,2,19
6223,0,33
6224,1,11
6225,2,26
6226,0,22
6227,1,18
6228,2,27
6229,0,17
6230,1,25
6231,2,24
6232,0,12
6233,1,10
6234,2,12
6235,0,13
6236,1,11
6237,2,12
6238,0,12
6239,1,27
6240,2,14
6241,0,36
6242,1,20
6243,2,24
6244,0,23
6245,1,18
6246,2,36
6247,0,14
6248,1,26
6249,2,19
6250,0,26
6251,1,29
6252,2,17
6253,0,15
6254,1,20
6255,2,20
6256,0,10
6257,1,26
6258,2,12
6259,0,25
6260,1,12
6261,2,13
6262,0,17
6263,1,15
6264,2,13
6265,0,15
6266,1,29
6267,2,19
6268,0,24
6269,1,11
6270,2,14
6271,0,22
6272,1,17
6273,2,15
6274,0,17
6275,1,14
6276,2,19
6277,0,22
6278,1,34
6279,2,19
6280,0,41
6281,1,28
6282,2,24
6283,0,16
6284,1,19
6285,2,22
6286,0,12
6287,1,11
6288,2,16
6289,0,18
6290,1,28
6291,2,29
6292,0,20
6293,1,24
6294,2,19
6295,0,8
6296,1,18
6297,2,14
6298,0,30
6299,1,17
6300,2,13
6301,0,13
6302,1,19
6303,2,18
6304,0,17
6305,1,13
6306,2,27
6307,0,10
6308,1,18
6309,2,10
6310,0,14
6311,1,13
6312,2,27
6313,0,13
6314,1,16
6315,2,25
6316,0,13
6317,1,18
6318,2,29
6319,0,15
6320,1,25
6321,2,26
6322,0,35
6323,1,16
6324,2,23
6325,0,30
6326,1,22
6327,2,20
6328,0,28
6329,1,18
6330,2,21
6331,0,39
6332,1,22
6333,2,20
6334,0,21
6335,1,15
6336,2,21
6337,0,22
6338,1,26
6339,2,28
6340,0,23
6341,1,25
6342,2,15
6343,0,18
6344,1,15
6345,2,22
6346,0,14
6347,1,17
6348,2,23
6349,0,19
6350,1,16
6351,2,18
6352,0,21
6353,1,26
6354,2,24
6355,0,25
6356,1,20
6357,2,30
6358,0,38
6359,1,11
6360,2,31
6361,0,13
6362,1,21
6363,2,14
6364,0,28
6365,1,21
6366,2,15
6367,0,22
6368,1,14
6369,2,18
6370,0,27
6371,1,21
6372,2,21
6373,0,14
6374,1,16
6375,2,12
6376,0,20
6377,1,21
6378,2,36
6379,0,18
6380,1,31
6381,2,28
6382,0,40
6383,1,14
6384,2,20
6385,0,7
6386,1,17
6387,2,10
6388,0,18
6389,1,8
6390,2,12
6391,0,9
6392,1,23
6393,2,27
6394,0,10
6395,1,14
6396,2,11
6397,0,10
6398,1,27
6399,2,36
6400,0,20
6401,1,32
6402,2,29
6403,0,24
6404,1,17
6405,2,21
6406,0,22
6407,1,46
6408,2,17
6409,0,23
6410,1,25
6411,2,21
6412,0,29
6413,1,19
6414,2,24
6415,0,22
6416,1,30
6417,2,33
6418,0,17
6419,1,12
6420,2,25
6421,0,20
6422,1,15
6423,2,29
6424,0,25
6425,1,19
6426,2,16
6427,0,22
6428,1,13
6429,2,19
6430,0,15
6431,1,17
6432,2,31
6433,0,17
6434,1,15
6435,2,19
6436,0,21
6437,1,26
6438,2,21
6439,0,23
6440,1,12
6441,2,33
6442,0,21
6443,1,31
6444,2,27
6445,0,32
6446,1,15
6447,2,18
6448,0,21
6449,1,17
6450,2,19
6451,0,23
6452,1,11
6453,2,25
6454,0,10
6455,1,18
6456,2,26
6457,0,16
6458,1,11
6459,2,39
6460,0,23
6461,1,19
6462,2,20
6463,0,12
6464,1,41
6465,2,29
6466,0,22
6467,1,23
6468,2,19
6469,0,25
6470,1,25
6471,2,34
6472,0,19
6473,1,36
6474,2,20
6475,0,21
6476,1,12
6477,2,28
6478,0,20
6479,1,30
6480,2,24
6481,0,16
6482,1,19
6483,2,13
6484,0,12
6485,1,12
6486,2,18
6487,0,23
6488,1,31
6489,2,21
6490,0,19
6491,1,25
6492,2,13
6493,0,15
6494,1,16
6495,2,14
6496,0,34
6497,1,31
6498,2,12
6499,0,24
6500,1,33
6501,2,24
6502,0,19
6503,1,22
6504,2,11
6505,0,22
6506,1,28
6507,2,20
6508,0,20
6509,1,28
6510,2,21
6511,0,21
6512,1,39
6513,2,27
6514,0,17
6515,1,28
6516,2,22
6517,0,20
6518,1,20
6519,2,9
6520,0,30
6521,1,19
6522,2,11
6523,0,12
6524,1,19
6525,2,10
6526,0,22
6527,1,34
6528,2,22
6529,0,15
6530,1,21
6531,2,18
6532,0,14
6533,1,22
6534,2,30
6535,0,24
6536,1,21
6537,2,11
6538,0,14
6539,1,22
6540,2,17
6541,0,23
6542,1,25
6543,2,14
6544,0,23
6545,1,15
6546,2,28
6547,0,13
6548,1,27
6549,2,21
6550,0,18
6551,1,24
6552,2,27
6553,0,21
6554,1,6
6555,2,20
6556,0,14
6557,1,20
6558,2,24
6559,0,15
6560,1,36
6561,2,34
6562,0,17
6563,1,21
6564,2,21
6565,0,32
6566,1,22
6567,2,19
6568,0,11
6569,1,20
6570,2,31
6571,0,16
6572,1,15
6573,2,20
6574,0,6
6575,1,25
6576,2,17
6577,0,17
6578,1,17
6579,2,22
6580,0,21
6581,1,15
6582,2,30
6583,0,16
6584,1,28
6585,2,14
6586,0,20
6587,1,16
6588,2,21
6589,0,16
6590,1,22
6591,2,17
6592,0,17
6593,1,34
6594,2,35
6595,0,18
6596,1,19
6597,2,19
6598,0,21
6599,1,21
6600,2,11
6601,0,25
6602,1,14
6603,2,25
6604,0,20
6605,1,16
6606,2,17
6607,0,21
6608,1,16
6609,2,19
6610,0,16
6611,1,24
6612,2,17
6613,0,13
6614,1,24
6615,2,14
6616,0,16
6617,1,9
6618,2,13
6619,0,33
6620,1,15
6621,2,26
6622,0,28
6623,1,18
6624,2,36
6625,0,15
6626,1,11
6627,2,17
6628,0,14
6629,1,24
6630,2,19
6631,0,27
6632,1,20
6633,2,28
6634,0,18
6635,1,14
6636,2,24
6637,0,18
6638,1,25
6639,2,12
6640,0,27
6641,1,29
6642,2,21
6643,0,29
6644,1,12
6645,2,22
6646,0,16
6647,1,12
6648,2,17
6649,0,14
6650,1,22
6651,2,22
6652,0,15
6653,1,30
6654,2,23
6655,0,21
6656,1,25
6657,2,25
6658,0,31
6659,1,27
6660,2,24
6661,0,24
6662,1,16
6663,2,12
6664,0,28
6665,1,26
6666,2,30
6667,0,19
6668,1,9
6669,2,10
6670,0,10
6671,1,12
6672,2,14
6673,0,17
6674,1,7
6675,2,12
6676,0,21
6677,1,13
6678,2,11
6679,0,30
6680,1,20
6681,2,14
6682,0,43
6683,1,27
6684,2,18
6685,0,15
6686,1,24
6687,2,14
6688,0,17
6689,1,38
6690,2,18
6691,0,16
6692,1,26
6693,2,35
6694,0,16
6695,1,14
6696,2,21
6697,0,39
6698,1,19
6699,2,16
6700,0,16
6701,1,18
6702,2,30
6703,0,23
6704,1,23
6705,2,22
6706,0,17
6707,1,31
6708,2,27
6709,0,33
6710,1,21
6711,2,30
6712,0,34
6713,1,10
6714,2,23
6715,0,18
6716,1,23
6717,2,20
6718,0,23
6719,1,13
6720,2,8
6721,0,18
6722,1,20
6723,2,15
6724,0,24
6725,1,36
6726,2,24
6727,0,21
6728,1,9
6729,2,34
6730,0,16
6731,1,17
6732,2,29
6733,0,15
6734,1,14
6735,2,9
6736,0,12
6737,1,15
6738,2,18
6739,0,21
6740,1,31
6741,2,28
6742,0,22
6743,1,22
6744,2,19
6745,0,13
6746,1,16
6747,2,30
6748,0,18
6749,1,24
6750,2,7
6751,0,18
6752,1,32
6753,2,22
6754,0,21
6755,1,27
6756,2,23
6757,0,13
6758,1,18
6759,2,34
6760,0,40
6761,1,23
6762,2,29
6763,0,15
6764,1,30
6765,2,20
6766,0,18
6767,1,39
6768,2,27
6769,0,21
6770,1,22
6771,2,27
6772,0,23
6773,1,9
6774,2,12
6775,0,27
6776,1,18
6777,2,27
6778,0,17
6779,1,33
6780,2,25
6781,0,23
6782,1,26
6783,2,13
6784,0,11
6785,1,12
6786,2,24
6787,0,15
6788,1,18
6789,2,25
6790,0,25
6791,1,13
6792,2,9
6793,0,21
6794,1,16
6795,2,19
6796,0,15
6797,1,26
6798,2,31
6799,0,16
6800,1,15
6801,2,20
6802,0,20
6803,1,14
6804,2,20
6805,0,15
6806,1,24
6807,2,16
6808,0,18
6809,1,19
6810,2,33
6811,0,22
6812,1,22
6813,2,13
6814,0,13
6815,1,17
6816,2,25
6817,0,25
6818,1,26
6819,2,13
6820,0,12
6821,1,22
6822,2,14
6823,0,15
6824,1,14
6825,2,18
6826,0,19
6827,1,29
6828,2,25
6829,0,13
6830,1,23
6831,2,25
6832,0,10
6833,1,21
6834,2,9
6835,0,15
6836,1,21
6837,2,11
6838,0,21
6839,1,20
6840,2,17
6841,0,17
6842,1,22
6843,2,15
6844,0,15
6845,1,20
6846,2,22
6847,0,21
6848,1,23
6849,2,19
6850,0,38
6851,1,20
6852,2,23
6853,0,12
6854,1,22
6855,2,13
6856,0,19
6857,1,34
6858,2,19
6859,0,24
6860,1,39
6861,2,13
6862,0,29
6863,1,25
6864,2,20
6865,0,21
6866,1,12
6867,2,31
6868,0,14
6869,1,26
6870,2,22
6871,0,18
6872,1,32
6873,2,24
6874,0,20
6875,1,7
6876,2,23
6877,0,19
6878,1,24
6879,2,22
6880,0,16
6881,1,16
6882,2,23
6883,0,26
6884,1,24
6885,2,15
6886,0,27
6887,1,9
6888,2,38
6889,0,12
6890,1,11
6891,2,23
6892,0,13
6893,1,22
6894,2,20
6895,0,32
6896,1,14
6897,2,24
6898,0,24
6899,1,22
6900,2,18
6901,0,16
6902,1,17
6903,2,23
6904,0,26
6905,1,17
6906,2,31
6907,0,21
6908,1,20
6909,2,15
6910,0,23
6911,1,38
6912,2,15
6913,0,12
6914,1,22
6915,2,14
6916,0,29
6917,1,18
6918,2,30
6919,0,26
6920,1,21
6921,2,29
6922,0,12
6923,1,8
6924,2,27
6925,0,10
6926,1,13
6927,2,15
6928,0,13
6929,1,15
6930,2,17
6931,0,23
6932,1,24
6933,2,24
6934,0,10
6935,1,18
6936,2,13
6937,0,28
6938,1,20
6939,2,6
6940,0,24
6941,1,12
6942,2,29
6943,0,26
6944,1,7
6945,2,10
6946,0,23
6947,1,11
6948,2,16
6949,0,26
6950,1,16
6951,2,19
6952,0,19
6953,1,16
6954,2,15
6955,0,21
6956,1,23
6957,2,26
6958,0,13
6959,1,33
6960,2,20
6961,0,20
6962,1,21
6963,2,24
6964,0,28
6965,1,13
6966,2,18
6967,0,20
6968,1,14
6969,2,30
6970,0,5
6971,1,9
6972,2,8
6973,0,42
6974,1,11
6975,2,25
6976,0,14
6977,1,18
6978,2,17
6979,0,11
6980,1,18
6981,2,19
6982,0,17
6983,1,26
6984,2,17
6985,0,11
6986,1,15
6987,2,22
6988,0,11
6989,1,13
6990,2,27
6991,0,26
6992,1,29
6993,2,18
6994,0,22
6995,1,28
6996,2,22
6997,0,13
6998,1,16
6999,2,21
7000,0,13
7001,1,19
7002,2,29
7003,0,17
7004,1,9
7005,2,22
7006,0,23
7007,1,19
7008,2,13
7009,0,32
7010,1,17
7011,2,29
7012,0,29
7013,1,19
7014,2,25
7015,0,28
7016,1,20
7017,2,13
7018,0,29
7019,1,21
7020,2,27
7021,0,27
7022,1,20
7023,2,36
7024,0,30
7025,1,25
7026,2,36
7027,0,17
7028,1,24
7029,2,19
7030,0,16
7031,1,25
7032,2,47
7033,0,30
7034,1,17
7035,2,12
7036,0,18
7037,1,20
7038,2,24
7039,0,19
7040,1,8
7041,2,32
7042,0,15
7043,1,24
7044,2,27
7045,0,10
7046,1,13
7047,2,17
7048,0,32
7049,1,18
7050,2,25
7051,0,16
7052,1,14
7053,2,28
7054,0,14
7055,1,15
7056,2,18
7057,0,18
7058,1,26
7059,2,11
7060,0,12
7061,1,29
7062,2,20
7063,0,27
7064,1,21
7065,2,13
7066,0,16
7067,1,9
7068,2,14
7069,0,29
7070,1,16
7071,2,11
7072,0,11
7073,1,26
7074,2,24
7075,0,13
7076,1,13
7077,2,13
7078,0,17
7079,1,20
7080,2,34
7081,0,18
7082,1,8
7083,2,12
7084,0,28
7085,1,24
7086,2,37
7087,0,27
7088,1,6
7089,2,12
7090,0,34
7091,1,18
7092,2,15
7093,0,14
7094,1,31
7095,2,20
7096,0,11
7097,1,30
7098,2,9
7099,0,25
7100,1,19
7101,2,27
7102,0,24
7103,1,17
7104,2,21
7105,0,20
7106,1,8
7107,2,39
7108,0,22
7109,1,34
7110,2,32
7111,0,30
7112,1,19
7113,2,19
7114,0,17
7115,1,22
7116,2,18
7117,0,33
7118,1,17
7119,2,15
7120,0,19
7121,1,24
7122,2,9
7123,0,29
7124,1,23
7125,2,21
7126,0,24
7127,1,12
7128,2,24
7129,0,19
7130,1,15
7131,2,15
7132,0,18
7133,1,20
7134,2,19
7135,0,32
7136,1,21
7137,2,28
7138,0,26
7139,1,23
7140,2,26
7141,0,9
7142,1,21
7143,2,21
7144,0,17
7145,1,26
7146,2,27
7147,0,16
7148,1,19
7149,2,16
7150,0,20
7151,1,17
7152,2,20
7153,0,30
7154,1,17
7155,2,14
7156,0,29
7157,1,31
7158,2,22
7159,0,12
7160,1,20
7161,2,25
7162,0,22
7163,1,31
7164,2,25
7165,0,26
7166,1,19
7167,2,25
7168,0,21
7169,1,35
7170,2,17
7171,0,25
7172,1,7
7173,2,35
7174,0,18
7175,1,19
7176,2,41
7177,0,24
7178,1,23
7179,2,25
7180,0,15
7181,1,9
7182,2,28
7183,0,12
7184,1,21
7185,2,16
7186,0,17
7187,1,12
7188,2,15
7189,0,17
7190,1,32
7191,2,8
7192,0,17
7193,1,23
7194,2,25
7195,0,16
7196,1,35
7197,2,19
7198,0,21
7199,1,15
7200,2,27
7201,0,16
7202,1,17
7203,2,20
7204,0,16
7205,1,34
7206,2,13
7207,0,32
7208,1,31
7209,2,25
7210,0,19
7211,1,26
7212,2,15
7213,0,19
7214,1,16
7215,2,11
7216,0,12
7217,1,18
7218,2,9
7219,0,30
7220,1,21
7221,2,15
7222,0,23
7223,1,11
7224,2,29
7225,0,10
7226,1,23
7227,2,8
7228,0,13
7229,1,11
7230,2,23
7231,0,25
7232,1,19
7233,2,39
7234,0,18
7235,1,11
7236,2,21
7237,0,15
7238,1,33
7239,2,15
7240,0,18
7241,1,20
7242,2,12
7243,0,21
7244,1,25
7245,2,22
7246,0,18
7247,1,17
7248,2,13
7249,0,17
7250,1,14
7251,2,27
7252,0,19
7253,1,20
7254,2,20
7255,0,14
7256,1,13
7257,2,17
7258,0,17
7259,1,21
7260,2,26
7261,0,25
7262,1,20
7263,2,5
7264,0,11
7265,1,17
7266,2,20
7267,0,28
7268,1,12
7269,2,17
7270,0,15
7271,1,15
7272,2,28
7273,0,24
7274,1,23
7275,2,18
7276,0,15
7277,1,24
7278,2,21
7279,0,16
7280,1,16
7281,2,18
7282,0,19
7283,1,8
7284,2,21
7285,0,15
7286,1,10
7287,2,20
7288,0,21
7289,1,12
7290,2,29
7291,0,23
7292,1,18
7293,2,18
7294,0,13
7295,1,33
7296,2,25
7297,0,17
7298,1,11
7299,2,20
7300,0,24
7301,1,20
7302,2,25
7303,0,18
7304,1,17
7305,2,28
7306,0,18
7307,1,26
7308,2,27
7309,0,21
7310,1,20
7311,2,17
7312,0,16
7313,1,11
7314,2,20
7315,0,13
7316,1,31
7317,2,22
7318,0,26
7319,1,16
7320,2,18
7321,0,15
7322,1,12
7323,2,22
7324,0,23
7325,1,17
7326,2,9
7327,0,20
7328,1,22
7329,2,20
7330,0,19
7331,1,14
7332,2,21
7333,0,27
7334,1,9
7335,2,20
7336,0,11
7337,1,14
7338,2,20
7339,0,20
7340,1,16
7341,2,7
7342,0,34
7343,1,29
7344,2,28
7345,0,34
7346,1,24
7347,2,12
7348,0,32
7349,1,23
7350,2,22
7351,0,14
7352,1,10
7353,2,11
7354,0,33
7355,1,21
7356,2,25
7357,0,26
7358,1,22
7359,2,23
7360,0,19
7361,1,15
7362,2,18
7363,0,25
7364,1,27
7365,2,26
7366,0,17
7367,1,14
7368,2,12
7369,0,19
7370,1,22
7371,2,25
7372,0,14
7373,1,16
7374,2,24
7375,0,27
7376,1,17
7377,2,23
7378,0,22
7379,1,14
7380,2,24
7381,0,12
7382,1,21
7383,2,23
7384,0,20
7385,1,16
7386,2,19
7387,0,12
7388,1,28
7389,2,19
7390,0,29
7391,1,21
7392,2,20
7393,0,26
7394,1,22
7395,2,28
7396,0,21
7397,1,17
7398,2,27
7399,0,16
7400,1,13
7401,2,17
7402,0,8
7403,1,6
7404,2,39
7405,0,19
7406,1,18
7407,2,24
7408,0,12
7409,1,30
7410,2,21
7411,0,28
7412,1,33
7413,2,19
7414,0,23
7415,1,13
7416,2,11
7417,0,19
7418,1,25
7419,2,11
7420,0,19
7421,1,34
7422,2,20
7423,0,26
7424,1,28
7425,2,13
7426,0,28
7427,1,10
7428,2,16
7429,0,20
7430,1,22
7431,2,15
7432,0,14
7433,1,22
7434,2,24
7435,0,19
7436,1,17
7437,2,22
7438,0,16
7439,1,17
7440,2,12
7441,0,12
7442,1,17
7443,2,30
7444,0,12
7445,1,33
7446,2,26
7447,0,12
7448,1,25
7449,2,41
7450,0,30
7451,1,36
7452,2,23
7453,0,38
7454,1,17
7455,2,19
7456,0,24
7457,1,38
7458,2,18
7459,0,32
7460,1,28
7461,2,32
7462,0,19
7463,1,12
7464,2,15
7465,0,18
7466,1,15
7467,2,18
7468,0,21
7469,1,9
7470,2,24
7471,0,31
7472,1,21
7473,2,26
7474,0,26
7475,1,30
7476,2,31
7477,0,25
7478,1,29
7479,2,20
7480,0,24
7481,1,24
7482,2,13
7483,0,10
7484,1,8
7485,2,21
7486,0,25
7487,1,20
7488,2,21
7489,0,18
7490,1,19
7491,2,13
7492,0,23
7493,1,15
7494,2,21
7495,0,28
7496,1,27
7497,2,18
7498,0,19
7499,1,26
7500,2,17
7501,0,23
7502,1,24
7503,2,11
7504,0,10
7505,1,11
7506,2,12
7507,0,13
7508,1,20
7509,2,20
7510,0,18
7511,1,25
7512,2,26
7513,0,20
7514,1,29
7515,2,25
7516,0,21
7517,1,19
7518,2,17
7519,0,21
7520,1,13
7521,2,18
7522,0,15
7523,1,35
7524,2,19
7525,0,12
7526,1,20
7527,2,12
7528,0,22
7529,1,16
7530,2,21
7531,0,42
7532,1,8
7533,2,23
7534,0,32
7535,1,16
7536,2,18
7537,0,19
7538,1,12
7539,2,21
7540,0,14
7541,1,14
7542,2,18
7543,0,26
7544,1,17
7545,2,22
7546,0,23
7547,1,29
7548,2,9
7549,0,13
7550,1,19
7551,2,19
7552,0,26
7553,1,17
7554,2,20
7555,0,15
7556,1,22
7557,2,22
7558,0,17
7559,1,19
7560,2,28
7561,0,13
7562,1,13
7563,2,20
7564,0,26
7565,1,18
7566,2,16
7567,0,19
7568,1,25
7569,2,15
7570,0,14
7571,1,28
7572,2,27
7573,0,29
7574,1,17
7575,2,30
7576,0,35
7577,1,20
7578,2,26
7579,0,33
7580,1,8
7581,2,31
7582,0,21
7583,1,22
7584,2,19
7585,0,30
7586,1,19
7587,2,12
7588,0,13
7589,1,21
7590,2,13
7591,0,14
7592,1,12
7593,2,16
7594,0,15
7595,1,33
7596,2,14
7597,0,24
7598,1,24
7599,2,25
7600,0,29
7601,1,13
7602,2,13
7603,0,20
7604,1,25
7605,2,23
7606,0,16
7607,1,13
7608,2,24
7609,0,21
7610,1,39
7611,2,27
7612,0,27
7613,1,27
7614,2,21
7615,0,26
7616,1,25
7617,2,20
7618,0,21
7619,1,29
7620,2,25
7621,0,27
7622,1,20
7623,2,14
7624,0,34
7625,1,34
7626,2,21
7627,0,28
7628,1,19
7629,2,24
7630,0,23
7631,1,13
7632,2,15
7633,0,16
7634,1,35
7635,2,23
7636,0,20
7637,1,18
7638,2,25
7639,0,6
7640,1,19
7641,2,13
7642,0,18
7643,1,34
7644,2,28
7645,0,25
7646,1,13
7647,2,9
7648,0,10
7649,1,23
7650,2,23
7651,0,20
7652,1,18
7653,2,18
7654,0,12
7655,1,12
7656,2,17
7657,0,16
7658,1,25
7659,2,21
7660,0,19
7661,1,20
7662,2,20
7663,0,26
7664,1,38
7665,2,17
7666,0,28
7667,1,12
7668,2,24
7669,0,17
7670,1,25
7671,2,22
7672,0,27
7673,1,18
7674,2,21
7675,0,16
7676,1,16
7677,2,12
7678,0,25
7679,1,8
7680,2,26
7681,0,35
7682,1,19
7683,2,17
7684,0,16
7685,1,23
7686,2,11
7687,0,19
7688,1,15
7689,2,31
7690,0,25
7691,1,22
7692,2,26
7693,0,23
7694,1,28
7695,2,17
7696,0,13
7697,1,23
7698,2,26
7699,0,20
7700,1,11
7701,2,33
7702,0,21
7703,1,24
7704,2,18
7705,0,29
7706,1,18
7707,2,24
7708,0,21
7709,1,19
7710,2,22
7711,0,29
7712,1,16
7713,2,23
7714,0,36
7715,1,10
7716,2,28
7717,0,20
7718,1,14
7719,2,11
7720,0,22
7721,1,25
7722,2,16
7723,0,23
7724,1,30
7725,2,13
7726,0,29
7727,1,33
7728,2,22
7729,0,20
7730,1,26
7731,2,16
7732,0,16
7733,1,15
7734,2,36
7735,0,30
7736,1,27
7737,2,22
7738,0,23
7739,1,7
7740,2,22
7741,0,24
7742,1,39
7743,2,16
7744,0,20
7745,1,19
7746,2,22
7747,0,32
7748,1,25
7749,2,21
7750,0,11
7751,1,20
7752,2,15
7753,0,11
7754,1,14
7755,2,22
7756,0,24
7757,1,14
7758,2,15
7759,0,20
7760,1,21
7761,2,28
7762,0,45
7763,1,20
7764,2,23
7765,0,12
7766,1,13
7767,2,26
7768,0,18
7769,1,15
7770,2,13
7771,0,28
7772,1,23
7773,2,22
7774,0,22
7775,1,7
7776,2,17
7777,0,15
7778,1,23
7779,2,14
7780,0,23
7781,1,21
7782,2,21
7783,0,26
7784,1,20
7785,2,29
7786,0,21
7787,1,20
7788,2,17
7789,0,13
7790,1,24
7791,2,21
7792,0,10
7793,1,18
7794,2,9
7795,0,27
7796,1,24
7797,2,10
7798,0,20
7799,1,25
7800,2,24
7801,0,20
7802,1,24
7803,2,9
7804,0,31
7805,1,25
7806,2,12
7807,0,22
7808,1,20
7809,2,17
7810,0,15
7811,1,12
7812,2,16
7813,0,16
7814,1,19
7815,2,28
7816,0,28
7817,1,16
7818,2,13
7819,0,17
7820,1,18
7821,2,33
7822,0,30
7823,1,16
7824,2,27
7825,0,22
7826,1,28
7827,2,22
7828,0,14
7829,1,36
7830,2,11
7831,0,24
7832,1,11
7833,2,25
7834,0,12
7835,1,8
7836,2,22
7837,0,19
7838,1,16
7839,2,16
7840,0,22
7841,1,26
7842,2,21
7843,0,15
7844,1,20
7845,2,14
7846,0,21
7847,1,25
7848,2,23
7849,0,11
7850,1,11
7851,2,22
7852,0,20
7853,1,17
7854,2,17
7855,0,16
7856,1,33
7857,2,24
7858,0,23
7859,1,30
7860,2,13
7861,0,25
7862,1,19
7863,2,17
7864,0,12
7865,1,15
7866,2,8
7867,0,27
7868,1,24
7869,2,32
7870,0,25
7871,1,25
7872,2,18
7873,0,14
7874,1,12
7875,2,16
7876,0,22
7877,1,12
7878,2,15
7879,0,18
7880,1,15
7881,2,23
7882,0,22
7883,1,19
7884,2,20
7885,0,12
7886,1,23
7887,2,18
7888,0,12
7889,1,21
7890,2,13
7891,0,17
7892,1,21
7893,2,18
7894,0,17
7895,1,30
7896,2,24
7897,0,9
7898,1,13
7899,2,26
7900,0,32
7901,1,21
7902,2,27
7903,0,13
7904,1,23
7905,2,30
7906,0,25
7907,1,34
7908,2,31
7909,0,11
7910,1,22
7911,2,19
7912,0,24
7913,1,32
7914,2,21
7915,0,29
7916,1,8
7917,2,14
7918,0,16
7919,1,20
7920,2,24
7921,0,33
7922,1,17
7923,2,27
7924,0,23
7925,1,30
7926,2,20
7927,0,13
7928,1,15
7929,2,24
7930,0,20
7931,1,20
7932,2,22
7933,0,21
7934,1,38
7935,2,28
7936,0,19
7937,1,13
7938,2,20
7939,0,25
7940,1,15
7941,2,23
7942,0,11
7943,1,15
7944,2,17
7945,0,20
7946,1,21
7947,2,19
7948,0,24
7949,1,23
7950,2,25
7951,0,12
7952,1,13
7953,2,20
7954,0,11
7955,1,12
7956,2,27
7957,0,17
7958,1,18
7959,2,10
7960,0,16
7961,1,20
7962,2,12
7963,0,16
7964,1,31
7965,2,30
7966,0,16
7967,1,15
7968,2,11
7969,0,27
7970,1,21
7971,2,22
7972,0,24
7973,1,34
7974,2,28
7975,0,19
7976,1,26
7977,2,8
7978,0,22
7979,1,16
7980,2,24
7981,0,20
7982,1,22
7983,2,16
7984,0,19
7985,1,16
7986,2,27
7987,0,19
7988,1,19
7989,2,9
7990,0,15
7991,1,24
7992,2,31
7993,0,16
7994,1,18
7995,2,23
7996,0,22
7997,1,9
7998,2,16
7999,0,9
8000,1,14
8001,2,23
8002,0,19
8003,1,20
8004,2,16
8005,0,19
8006,1,10
8007,2,15
8008,0,29
8009,1,18
8010,2,22
8011,0,19
8012,1,16
8013,2,11
8014,0,16
8015,1,30
8016,2,25
8017,0,19
8018,1,25
8019,2,32
8020,0,34
8021,1,21
8022,2,27
8023,0,20
8024,1,17
8025,2,24
8026,0,22
8027,1,25
8028,2,12
8029,0,23
8030,1,14
8031,2,19
8032,0,9
8033,1,18
8034,2,13
8035,0,26
8036,1,17
8037,2,28
8038,0,22
8039,1,12
8040,2,22
8041,0,12
8042,1,23
8043,2,29
8044,0,20
8045,1,17
8046,2,21
8047,0,14
8048,1,13
8049,2,16
8050,0,14
8051,1,25
8052,2,23
8053,0,34
8054,1,17
8055,2,26
8056,0,17
8057,1,24
8058,2,27
8059,0,25
8060,1,29
8061,2,23
8062,0,21
8063,1,16
8064,2,19
8065,0,14
8066,1,40
8067,2,25
8068,0,24
8069,1,15
8070,2,26
8071,0,24
8072,1,34
8073,2,11
8074,0,29
8075,1,12
8076,2,16
8077,0,32
8078,1,19
8079,2,24
8080,0,14
8081,1,15
8082,2,16
8083,0,21
8084,1,28
8085,2,14
8086,0,22
8087,1,15
8088,2,24
8089,0,15
8090,1,14
8091,2,26
8092,0,21
8093,1,15
8094,2,14
8095,0,16
8096,1,15
8097,2,26
8098,0,18
8099,1,16
8100,2,25
8101,0,17
8102,1,13
8103,2,18
8104,0,27
8105,1,20
8106,2,20
8107,0,33
8108,1,20
8109,2,23
8110,0,15
8111,1,24
8112,2,20
8113,0,23
8114,1,17
8115,2,39
8116,0,21
8117,1,25
8118,2,12
8119,0,17
8120,1,17
8121,2,22
8122,0,17
8123,1,21
8124,2,11
8125,0,20
8126,1,15
8127,2,17
8128,0,18
8129,1,27
8130,2,17
8131,0,24
8132,1,12
8133,2,23
8134,0,20
8135,1,14
8136,2,16
8137,0,25
8138,1,14
8139,2,19
8140,0,25
8141,1,13
8142,2,15
8143,0,30
8144,1,10
8145,2,18
8146,0,26
8147,1,24
8148,2,30
8149,0,16
8150,1,30
8151,2,20
8152,0,25
8153,1,16
8154,2,29
8155,0,23
8156,1,17
8157,2,15
8158,0,19
8159,1,14
8160,2,28
8161,0,15
8162,1,16
8163,2,23
8164,0,19
8165,1,30
8166,2,32
8167,0,25
8168,1,23
8169,2,41
8170,0,18
8171,1,20
8172,2,25
8173,0,10
8174,1,17
8175,2,16
8176,0,18
8177,1,11
8178,2,19
8179,0,12
8180,1,18
8181,2,11
8182,0,14
8183,1,12
8184,2,25
8185,0,15
8186,1,23
8187,2,19
8188,0,12
8189,1,22
8190,2,26
8191,0,9
8192,1,7
8193,2,19
8194,0,16
8195,1,16
8196,2,12
8197,0,11
8198,1,30
8199,2,20
8200,0,30
8201,1,17
8202,2,26
8203,0,21
8204,1,14
8205,2,22
8206,0,24
8207,1,22
8208,2,13
8209,0,18
8210,1,14
8211,2,17
8212,0,20
8213,1,15
8214,2,12
8215,0,16
8216,1,31
8217,2,25
8218,0,20
8219,1,14
8220,2,19
8221,0,15
8222,1,7
8223,2,20
8224,0,18
8225,1,18
8226,2,50
8227,0,27
8228,1,22
8229,2,23
8230,0,14
8231,1,16
8232,2,12
8233,0,15
8234,1,13
8235,2,18
8236,0,14
8237,1,21
8238,2,24
8239,0,16
8240,1,23
8241,2,14
8242,0,22
8243,1,18
8244,2,15
8245,0,21
8246,1,22
8247,2,29
8248,0,22
8249,1,23
8250,2,19
8251,0,25
8252,1,25
8253,2,25
8254,0,16
8255,1,13
8256,2,19
8257,0,26
8258,1,26
8259,2,13
8260,0,18
8261,1,22
8262,2,29
8263,0,19
8264,1,16
8265,2,20
8266,0,19
8267,1,5
8268,2,15
8269,0,18
8270,1,10
8271,2,38
8272,0,17
8273,1,8
8274,2,18
8275,0,15
8276,1,28
8277,2,34
8278,0,21
8279,1,12
8280,2,16
8281,0,7
8282,1,11
8283,2,20
8284,0,16
8285,1,15
8286,2,12
8287,0,23
8288,1,28
8289,2,14
8290,0,16
8291,1,26
8292,2,16
8293,0,10
8294,1,21
8295,2,24
8296,0,18
8297,1,22
8298,2,20
8299,0,13
8300,1,12
8301,2,28
8302,0,12
8303,1,29
8304,2,21
8305,0,15
8306,1,7
8307,2,16
8308,0,18
8309,1,11
8310,2,28
8311,0,16
8312,1,7
8313,2,34
8314,0,14
8315,1,19
8316,2,19
8317,0,26
8318,1,14
8319,2,22
8320,0,20
8321,1,19
8322,2,11
8323,0,20
8324,1,14
8325,2,9
8326,0,25
8327,1,12
8328,2,20
8329,0,30
8330,1,8
8331,2,19
8332,0,15
8333,1,14
8334,2,31
8335,0,14
8336,1,16
8337,2,14
8338,0,20
8339,1,22
8340,2,16
8341,0,24
8342,1,13
8343,2,13
8344,0,27
8345,1,17
8346,2,14
8347,0,20
8348,1,13
8349,2,12
8350,0,22
8351,1,15
8352,2,24
8353,0,25
8354,1,27
8355,2,21
8356,0,13
8357,1,13
8358,2,24
8359,0,15
8360,1,21
8361,2,26
8362,0,17
8363,1,23
8364,2,31
8365,0,33
8366,1,29
8367,2,27
8368,0,18
8369,1,19
8370,2,13
8371,0,11
8372,1,19
8373,2,28
8374,0,15
8375,1,22
8376,2,23
8377,0,29
8378,1,11
8379,2,15
8380,0,15
8381,1,12
8382,2,20
8383,0,18
8384,1,19
8385,2,20
8386,0,19
8387,1,14
8388,2,16
8389,0,20
8390,1,28
8391,2,33
8392,0,25
8393,1,14
8394,2,26
8395,0,11
8396,1,22
8397,2,32
8398,0,14
8399,1,18
8400,2,13
8401,0,28
8402,1,21
8403,2,23
8404,0,28
8405,1,16
8406,2,29
8407,0,17
8408,1,17
8409,2,19
8410,0,13
8411,1,14
8412,2,15
8413,0,23
8414,1,16
8415,2,12
8416,0,15
8417,1,18
8418,2,28
8419,0,21
8420,1,18
8421,2,15
8422,0,23
8423,1,26
8424,2,18
8425,0,14
8426,1,20
8427,2,15
8428,0,30
8429,1,22
8430,2,12
8431,0,26
8432,1,23
8433,2,26
8434,0,15
8435,1,25
8436,2,9
8437,0,10
8438,1,13
8439,2,31
8440,0,25
8441,1,17
8442,2,24
8443,0,15
8444,1,8
8445,2,21
8446,0,22
8447,1,26
8448,2,15
8449,0,29
8450,1,9
8451,2,27
8452,0,34
8453,1,15
8454,2,19
8455,0,16
8456,1,28
8457,2,16
8458,0,15
8459,1,15
8460,2,9
8461,0,23
8462,1,17
8463,2,12
8464,0,23
8465,1,16
8466,2,19
8467,0,20
8468,1,16
8469,2,21
8470,0,18
8471,1,16
8472,2,25
8473,0,19
8474,1,22
8475,2,25
8476,0,16
8477,1,21
8478,2,12
8479,0,17
8480,1,21
8481,2,12
8482,0,11
8483,1,9
8484,2,20
8485,0,36
8486,1,17
8487,2,19
8488,0,23
8489,1,10
8490,2,8
8491,0,23
8492,1,20
8493,2,13
8494,0,19
8495,1,18
8496,2,23
8497,0,16
8498,1,21
8499,2,17
8500,0,17
8501,1,24
8502,2,22
8503,0,18
8504,1,7
8505,2,27
8506,0,17
8507,1,12
8508,2,16
8509,0,22
8510,1,20
8511,2,20
8512,0,31
8513,1,25
8514,2,11
8515,0,14
8516,1,16
8517,2,27
8518,0,13
8519,1,23
8520,2,16
8521,0,19
8522,1,10
8523,2,12
8524,0,20
8525,1,48
8526,2,29
8527,0,22
8528,1,17
8529,2,10
8530,0,22
8531,1,15
8532,2,23
8533,0,21
8534,1,21
8535,2,17
8536,0,33
8537,1,15
8538,2,40
8539,0,19
8540,1,39
8541,2,13
8542,0,12
8543,1,24
8544,2,8
8545,0,13
8546,1,17
8547,2,19
8548,0,30
8549,1,15
8550,2,27
8551,0,19
8552,1,14
8553,2,8
8554,0,30
8555,1,14
8556,2,19
8557,0,29
8558,1,18
8559,2,15
8560,0,34
8561,1,18
8562,2,13
8563,0,24
8564,1,24
8565,2,26
8566,0,21
8567,1,25
8568,2,17
8569,0,13
8570,1,29
8571,2,21
8572,0,10
8573,1,12
8574,2,28
8575,0,18
8576,1,28
8577,2,9
8578,0,27
8579,1,15
8580,2,16
8581,0,25
8582,1,14
8583,2,18
8584,0,27
8585,1,12
8586,2,25
8587,0,17
8588,1,12
8589,2,11
8590,0,25
8591,1,25
8592,2,17
8593,0,18
8594,1,24
8595,2,19
8596,0,13
8597,1,19
8598,2,13
8599,0,37
8600,1,15
8601,2,21
8602,0,7
8603,1,12
8604,2,29
8605,0,26
8606,1,18
8607,2,15
8608,0,29
8609,1,19
8610,2,21
8611,0,20
8612,1,29
8613,2,26
8614,0,15
8615,1,26
8616,2,14
8617,0,28
8618,1,20
8619,2,20
8620,0,12
8621,1,14
8622,2,21
8623,0,16
8624,1,16
8625,2,23
8626,0,15
8627,1,19
8628,2,25
8629,0,19
8630,1,14
8631,2,24
8632,0,32
8633,1,21
8634,2,24
8635,0,23
8636,1,26
8637,2,12
8638,0,18
8639,1,27
8640,2,23
8641,0,27
8642,1,26
8643,2,13
8644,0,23
8645,1,10
8646,2,27
8647,0,13
8648,1,23
8649,2,14
8650,0,30
8651,1,22
8652,2,24
8653,0,23
8654,1,13
8655,2,13
8656,0,13
8657,1,17
8658,2,18
8659,0,18
8660,1,17
8661,2,16
8662,0,19
8663,1,22
8664,2,22
8665,0,23
8666,1,14
8667,2,16
8668,0,18
8669,1,15
8670,2,14
8671,0,12
8672,1,15
8673,2,29
8674,0,15
8675,1,24
8676,2,21
8677,0,28
8678,1,16
8679,2,17
8680,0,12
8681,1,32
8682,2,27
8683,0,14
8684,1,24
8685,2,14
8686,0,33
8687,1,20
8688,2,24
8689,0,25
8690,1,5
8691,2,23
8692,0,18
8693,1,31
8694,2,15
8695,0,23
8696,1,26
8697,2,17
8698,0,16
8699,1,11
8700,2,10
8701,0,42
8702,1,19
8703,2,15
8704,0,24
8705,1,17
8706,2,24
8707,0,19
8708,1,19
8709,2,16
8710,0,18
8711,1,18
8712,2,22
8713,0,22
8714,1,23
8715,2,25
8716,0,24
8717,1,37
8718,2,21
8719,0,17
8720,1,25
8721,2,30
8722,0,18
8723,1,14
8724,2,15
8725,0,23
8726,1,11
8727,2,19
8728,0,36
8729,1,31
8730,2,25
8731,0,26
8732,1,31
8733,2,24
8734,0,22
8735,1,21
8736,2,24
8737,0,24
8738,1,38
8739,2,39
8740,0,24
8741,1,24
8742,2,24
8743,0,29
8744,1,14
8745,2,16
8746,0,33
8747,1,13
8748,2,25
8749,0,22
8750,1,19
8751,2,18
8752,0,12
8753,1,16
8754,2,16
8755,0,15
8756,1,15
8757,2,24
8758,0,18
8759,1,14
8760,2,21
8761,0,24
8762,1,19
8763,2,12
8764,0,8
8765,1,27
8766,2,16
8767,0,30
8768,1,17
8769,2,26
8770,0,19
8771,1,13
8772,2,23
8773,0,15
8774,1,16
8775,2,8
8776,0,17
8777,1,22
8778,2,19
8779,0,13
8780,1,8
8781,2,18
8782,0,9
8783,1,15
8784,2,8
8785,0,23
8786,1,13
8787,2,15
8788,0,26
8789,1,20
8790,2,23
8791,0,14
8792,1,7
8793,2,16
8794,0,14
8795,1,30
8796,2,12
8797,0,17
8798,1,25
8799,2,19
8800,0,17
8801,1,22
8802,2,17
8803,0,26
8804,1,14
8805,2,18
8806,0,8
8807,1,20
8808,2,32
8809,0,19
8810,1,14
8811,2,40
8812,0,14
8813,1,15
8814,2,12
8815,0,37
8816,1,17
8817,2,32
8818,0,21
8819,1,29
8820,2,22
8821,0,19
8822,1,18
8823,2,15
8824,0,18
8825,1,15
8826,2,21
8827,0,25
8828,1,13
8829,2,23
8830,0,32
8831,1,21
8832,2,14
8833,0,27
8834,1,32
8835,2,15
8836,0,20
8837,1,21
8838,2,23
8839,0,15
8840,1,15
8841,2,9
8842,0,24
8843,1,23
8844,2,21
8845,0,16
8846,1,17
8847,2,26
8848,0,21
8849,1,14
8850,2,17
8851,0,20
8852,1,12
8853,2,12
8854,0,21
8855,1,18
8856,2,16
8857,0,13
8858,1,20
8859,2,13
8860,0,34
8861,1,27
8862,2,10
8863,0,26
8864,1,12
8865,2,18
8866,0,22
8867,1,22
8868,2,17
8869,0,13
8870,1,17
8871,2,25
8872,0,12
8873,1,14
8874,2,16
8875,0,16
8876,1,33
8877,2,15
8878,0,14
8879,1,18
8880,2,27
8881,0,31
8882,1,16
8883,2,14
8884,0,21
8885,1,29
8886,2,27
8887,0,10
8888,1,20
8889,2,27
8890,0,31
8891,1,11
8892,2,7
8893,0,33
8894,1,20
8895,2,27
8896,0,18
8897,1,20
8898,2,8
8899,0,17
8900,1,17
8901,2,32
8902,0,12
8903,1,15
8904,2,19
8905,0,15
8906,1,22
8907,2,30
8908,0,18
8909,1,15
8910,2,13
8911,0,16
8912,1,16
8913,2,19
8914,0,17
8915,1,10
8916,2,25
8917,0,20
8918,1,15
8919,2,11
8920,0,21
8921,1,29
8922,2,15
8923,0,31
8924,1,20
8925,2,20
8926,0,28
8927,1,19
8928,2,11
8929,0,18
8930,1,15
8931,2,32
8932,0,10
8933,1,27
8934,2,21
8935,0,16
8936,1,15
8937,2,37
8938,0,20
8939,1,14
8940,2,11
8941,0,27
8942,1,21
8943,2,20
8944,0,24
8945,1,20
8946,2,16
8947,0,24
8948,1,16
8949,2,15
8950,0,13
8951,1,18
8952,2,19
8953,0,15
8954,1,22
8955,2,24
8956,0,16
8957,1,11
8958,2,24
8959,0,14
8960,1,18
8961,2,11
8962,0,23
8963,1,30
8964,2,18
8965,0,25
8966,1,15
8967,2,10
8968,0,19
8969,1,22
8970,2,27
8971,0,21
8972,1,20
8973,2,31
8974,0,26
8975,1,18
8976,2,23
8977,0,10
8978,1,20
8979,2,22
8980,0,16
8981,1,31
8982,2,12
8983,0,11
8984,1,21
8985,2,21
8986,0,20
8987,1,24
8988,2,14
8989,0,12
8990,1,16
8991,2,16
8992,0,8
8993,1,17
8994,2,10
8995,0,21
8996,1,8
8997,2,15
8998,0,27
8999,1,15
9000,2,15
9001,0,22
9002,1,10
9003,2,15
9004,0,25
9005,1,16
9006,2,18
9007,0,17
9008,1,11
9009,2,24
9010,0,17
9011,1,16
9012,2,18
9013,0,9
9014,1,11
9015,2,17
9016,0,18
9017,1,25
9018,2,13
9019,0,23
9020,1,28
9021,2,17
9022,0,15
9023,1,16
9024,2,21
9025,0,10
9026,1,17
9027,2,33
9028,0,18
9029,1,13
9030,2,19
9031,0,23
9032,1,17
9033,2,12
9034,0,12
9035,1,12
9036,2,19
9037,0,27
9038,1,28
9039,2,20
9040,0,19
9041,1,28
9042,2,33
9043,0,23
9044,1,16
9045,2,24
9046,0,23
9047,1,20
9048,2,28
9049,0,40
9050,1,36
9051,2,26
9052,0,10
9053,1,34
9054,2,19
9055,0,28
9056,1,11
9057,2,21
9058,0,7
9059,1,30
9060,2,10
9061,0,25
9062,1,10
9063,2,10
9064,0,12
9065,1,18
9066,2,21
9067,0,16
9068,1,21
9069,2,9
9070,0,28
9071,1,24
9072,2,13
9073,0,17
9074,1,22
9075,2,22
9076,0,17
9077,1,15
9078,2,13
9079,0,20
9080,1,27
9081,2,16
9082,0,21
9083,1,16
9084,2,15
9085,0,18
9086,1,9
9087,2,19
9088,0,21
9089,1,27
9090,2,15
9091,0,33
9092,1,21
9093,2,26
9094,0,8
9095,1,18
9096,2,20
9097,0,24
9098,1,18
9099,2,11
9100,0,17
9101,1,13
9102,2,9
9103,0,32
9104,1,30
9105,2,21
9106,0,27
9107,1,19
9108,2,19
9109,0,16
9110,1,14
9111,2,20
9112,0,31
9113,1,23
9114,2,25
9115,0,24
9116,1,16
9117,2,24
9118,0,22
9119,1,15
9120,2,23
9121,0,18
9122,1,17
9123,2,24
9124,0,26
9125,1,19
9126,2,18
9127,0,12
9128,1,28
9129,2,19
9130,0,15
9131,1,20
9132,2,32
9133,0,11
9134,1,5
9135,2,18
9136,0,10
9137,1,19
9138,2,10
9139,0,34
9140,1,20
9141,2,18
9142,0,12
9143,1,8
9144,2,23
9145,0,22
9146,1,20
9147,2,28
9148,0,24
9149,1,23
9150,2,13
9151,0,17
9152,1,21
9153,2,8
9154,0,18
9155,1,19
9156,2,24
9157,0,25
9158,1,17
9159,2,24
9160,0,10
9161,1,15
9162,2,25
9163,0,22
9164,1,20
9165,2,36
9166,0,21
9167,1,19
9168,2,21
9169,0,13
9170,1,22
9171,2,17
9172,0,28
9173,1,18
9174,2,9
9175,0,24
9176,1,17
9177,2,17
9178,0,13
9179,1,16
9180,2,15
9181,0,25
9182,1,23
9183,2,8
9184,0,25
9185,1,8
9186,2,22
9187,0,17
9188,1,21
9189,2,22
9190,0,7
9191,1,10
9192,2,19
9193,0,19
9194,1,17
9195,2,19
9196,0,15
9197,1,23
9198,2,18
9199,0,22
9200,1,22
9201,2,22
9202,0,13
9203,1,19
9204,2,27
9205,0,34
9206,1,16
9207,2,23
9208,0,25
9209,1,29
9210,2,22
9211,0,25
9212,1,14
9213,2,25
9214,0,21
9215,1,14
9216,2,26
9217,0,22
9218,1,13
9219,2,27
9220,0,24
9221,1,18
9222,2,16
9223,0,24
9224,1,19
9225,2,23
9226,0,26
9227,1,16
9228,2,27
9229,0,18
9230,1,10
9231,2,26
9232,0,26
9233,1,18
9234,2,19
9235,0,12
9236,1,20
9237,2,15
9238,0,27
9239,1,21
9240,2,14
9241,0,13
9242,1,21
9243,2,20
9244,0,11
9245,1,25
9246,2,19
9247,0,11
9248,1,18
9249,2,17
9250,0,14
9251,1,16
9252,2,19
9253,0,13
9254,1,25
9255,2,48
9256,0,18
9257,1,14
9258,2,40
9259,0,20
9260,1,15
9261,2,14
9262,0,37
9263,1,15
9264,2,21
9265,0,20
9266,1,14
9267,2,8
9268,0,21
9269,1,18
9270,2,13
9271,0,16
9272,1,10
9273,2,22
9274,0,19
9275,1,5
9276,2,19
9277,0,24
9278,1,29
9279,2,25
9280,0,25
9281,1,12
9282,2,18
9283,0,28
9284,1,25
9285,2,19
9286,0,19
9287,1,9
9288,2,17
9289,0,19
9290,1,17
9291,2,16
9292,0,19
9293,1,17
9294,2,26
9295,0,15
9296,1,13
9297,2,22
9298,0,24
9299,1,30
9300,2,19
9301,0,17
9302,1,10
9303,2,12
9304,0,15
9305,1,19
9306,2,17
9307,0,15
9308,1,9
9309,2,18
9310,0,25
9311,1,22
9312,2,15
9313,0,21
9314,1,12
9315,2,21
9316,0,20
9317,1,26
9318,2,10
9319,0,25
9320,1,32
9321,2,25
9322,0,21
9323,1,21
9324,2,22
9325,0,24
9326,1,11
9327,2,15
9328,0,22
9329,1,19
9330,2,6
9331,0,17
9332,1,23
9333,2,26
9334,0,9
9335,1,7
9336,2,10
9337,0,18
9338,1,13
9339,2,17
9340,0,27
9341,1,25
9342,2,14
9343,0,22
9344,1,16
9345,2,23
9346,0,31
9347,1,30
9348,2,30
9349,0,30
9350,1,18
9351,2,17
9352,0,13
9353,1,8
9354,2,12
9355,0,19
9356,1,9
9357,2,12
9358,0,27
9359,1,16
9360,2,23
9361,0,20
9362,1,25
9363,2,21
9364,0,21
9365,1,10
9366,2,20
9367,0,22
9368,1,25
9369,2,13
9370,0,32
9371,1,21
9372,2,13
9373,0,18
9374,1,25
9375,2,16
9376,0,20
9377,1,10
9378,2,24
9379,0,16
9380,1,15
9381,2,20
9382,0,24
9383,1,19
9384,2,23
9385,0,25
9386,1,8
9387,2,10
9388,0,18
9389,1,15
9390,2,18
9391,0,13
9392,1,14
9393,2,17
9394,0,13
9395,1,13
9396,2,30
9397,0,31
9398,1,19
9399,2,18
9400,0,18
9401,1,21
9402,2,13
9403,0,6
9404,1,15
9405,2,23
9406,0,11
9407,1,21
9408,2,16
9409,0,29
9410,1,15
9411,2,25
9412,0,19
9413,1,16
9414,2,14
9415,0,26
9416,1,10
9417,2,25
9418,0,34
9419,1,20
9420,2,25
9421,0,12
9422,1,20
9423,2,16
9424,0,22
9425,1,24
9426,2,12
9427,0,23
9428,1,13
9429,2,6
9430,0,18
9431,1,31
9432,2,26
9433,0,18
9434,1,24
9435,2,10
9436,0,12
9437,1,19
9438,2,29
9439,0,20
9440,1,19
9441,2,12
9442,0,17
9443,1,25
9444,2,28
9445,0,13
9446,1,13
9447,2,17
9448,0,16
9449,1,11
9450,2,11
9451,0,25
9452,1,14
9453,2,36
9454,0,28
9455,1,10
9456,2,26
9457,0,22
9458,1,18
9459,2,33
9460,0,18
9461,1,22
9462,2,19
9463,0,12
9464,1,18
9465,2,13
9466,0,13
9467,1,22
9468,2,24
9469,0,12
9470,1,15
9471,2,23
9472,0,16
9473,1,10
9474,2,19
9475,0,21
9476,1,23
9477,2,19
9478,0,15
9479,1,13
9480,2,10
9481,0,26
9482,1,13
9483,2,24
9484,0,23
9485,1,34
9486,2,24
9487,0,12
9488,1,32
9489,2,20
9490,0,21
9491,1,11
9492,2,16
9493,0,11
9494,1,13
9495,2,24
9496,0,25
9497,1,24
9498,2,17
9499,0,20
9500,1,29
9501,2,16
9502,0,30
9503,1,12
9504,2,28
9505,0,22
9506,1,11
9507,2,16
9508,0,11
9509,1,28
9510,2,24
9511,0,24
9512,1,9
9513,2,29
9514,0,12
9515,1,18
9516,2,16
9517,0,28
9518,1,13
9519,2,35
9520,0,23
9521,1,19
9522,2,23
9523,0,37
9524,1,11
9525,2,29
9526,0,15
9527,1,25
9528,2,18
9529,0,17
9530,1,18
9531,2,14
9532,0,18
9533,1,20
9534,2,28
9535,0,13
9536,1,23
9537,2,19
9538,0,13
9539,1,21
9540,2,16
9541,0,19
9542,1,12
9543,2,21
9544,0,11
9545,1,23
9546,2,26
9547,0,20
9548,1,14
9549,2,20
9550,0,20
9551,1,22
9552,2,26
9553,0,16
9554,1,16
9555,2,15
9556,0,7
9557,1,11
9558,2,27
9559,0,18
9560,1,19
9561,2,25
9562,0,21
9563,1,25
9564,2,24
9565,0,15
9566,1,27
9567,2,15
9568,0,25
9569,1,9
9570,2,17
9571,0,12
9572,1,18
9573,2,22
9574,0,15
9575,1,11
9576,2,20
9577,0,19
9578,1,25
9579,2,15
9580,0,25
9581,1,14
9582,2,25
9583,0,16
9584,1,17
9585,2,10
9586,0,15
9587,1,26
9588,2,22
9589,0,23
9590,1,10
9591,2,39
9592,0,16
9593,1,19
9594,2,18
9595,0,13
9596,1,36
9597,2,24
9598,0,15
9599,1,13
9600,2,28
9601,0,20
9602,1,18
9603,2,18
9604,0,15
9605,1,11
9606,2,16
9607,0,12
9608,1,21
9609,2,4
9610,0,7
9611,1,9
9612,2,10
9613,0,23
9614,1,28
9615,2,17
9616,0,16
9617,1,25
9618,2,12
9619,0,14
9620,1,30
9621,2,25
9622,0,23
9623,1,22
9624,2,25
9625,0,22
9626,1,14
9627,2,19
9628,0,16
9629,1,17
9630,2,20
9631,0,10
9632,1,15
9633,2,23
9634,0,18
9635,1,17
9636,2,26
9637,0,12
9638,1,20
9639,2,15
9640,0,28
9641,1,21
9642,2,23
9643,0,15
9644,1,17
9645,2,25
9646,0,12
9647,1,12
9648,2,39
9649,0,17
9650,1,16
9651,2,10
9652,0,26
9653,1,18
9654,2,14
9655,0,9
9656,1,27
9657,2,27
9658,0,30
9659,1,20
9660,2,20
9661,0,23
9662,1,37
9663,2,6
9664,0,16
9665,1,22
9666,2,15
9667,0,23
9668,1,8
9669,2,14
9670,0,26
9671,1,11
9672,2,16
9673,0,19
9674,1,16
9675,2,18
9676,0,21
9677,1,12
9678,2,16
9679,0,17
9680,1,20
9681,2,32
9682,0,7
9683,1,15
9684,2,7
9685,0,14
9686,1,20
9687,2,25
9688,0,24
9689,1,22
9690,2,19
9691,0,23
9692,1,18
9693,2,16
9694,0,31
9695,1,10
9696,2,17
9697,0,22
9698,1,24
9699,2,19
9700,0,19
9701,1,27
9702,2,10
9703,0,23
9704,1,25
9705,2,15
9706,0,22
9707,1,18
9708,2,14
9709,0,11
9710,1,14
9711,2,16
9712,0,11
9713,1,23
9714,2,9
9715,0,15
9716,1,14
9717,2,8
9718,0,30
9719,1,19
9720,2,28
9721,0,16
9722,1,15
9723,2,13
9724,0,10
9725,1,7
9726,2,18
9727,0,17
9728,1,23
9729,2,20
9730,0,24
9731,1,18
9732,2,21
9733,0,15
9734,1,13
9735,2,20
9736,0,9
9737,1,18
9738,2,14
9739,0,16
9740,1,17
9741,2,27
9742,0,17
9743,1,17
9744,2,18
9745,0,19
9746,1,9
9747,2,27
9748,0,33
9749,1,29
9750,2,27
9751,0,20
9752,1,11
9753,2,22
9754,0,9
9755,1,19
9756,2,20
9757,0,19
9758,1,15
9759,2,10
9760,0,12
9761,1,24
9762,2,16
9763,0,19
9764,1,14
9765,2,11
9766,0,26
9767,1,15
9768,2,30
9769,0,17
9770,1,30
9771,2,29
9772,0,20
9773,1,27
9774,2,18
9775,0,12
9776,1,21
9777,2,16
9778,0,21
9779,1,7
9780,2,6
9781,0,16
9782,1,13
9783,2,16
9784,0,26
9785,1,23
9786,2,24
9787,0,22
9788,1,12
9789,2,11
9790,0,13
9791,1,17
9792,2,27
9793,0,7
9794,1,20
9795,2,15
9796,0,28
9797,1,35
9798,2,26
9799,0,18
9800,1,19
9801,2,20
9802,0,19
9803,1,21
9804,2,17
9805,0,25
9806,1,13
9807,2,18
9808,0,30
9809,1,32
9810,2,14
9811,0,32
9812,1,15
9813,2,19
9814,0,13
9815,1,7
9816,2,7
9817,0,21
9818,1,37
9819,2,38
9820,0,13
9821,1,11
9822,2,9
9823,0,16
9824,1,29
9825,2,30
9826,0,17
9827,1,17
9828,2,11
9829,0,15
9830,1,18
9831,2,3
9832,0,29
9833,1,15
9834,2,23
9835,0,28
9836,1,10
9837,2,17
9838,0,19
9839,1,26
9840,2,11
9841,0,22
9842,1,11
9843,2,19
9844,0,19
9845,1,25
9846,2,15
9847,0,16
9848,1,7
9849,2,9
9850,0,33
9851,1,20
9852,2,8
9853,0,39
9854,1,22
9855,2,22
9856,0,17
9857,1,25
9858,2,10
9859,0,11
9860,1,17
9861,2,9
9862,0,27
9863,1,7
9864,2,20
9865,0,28
9866,1,6
9867,2,11
9868,0,28
9869,1,31
9870,2,18
9871,0,25
9872,1,18
9873,2,22
9874,0,28
9875,1,25
9876,2,20
9877,0,17
9878,1,27
9879,2,18
9880,0,14
9881,1,24
9882,2,19
9883,0,30
9884,1,21
9885,2,11
9886,0,31
9887,1,18
9888,2,27
9889,0,19
9890,1,11
9891,2,29
9892,0,14
9893,1,35
9894,2,24
9895,0,15
9896,1,16
9897,2,22
9898,0,23
9899,1,14
9900,2,12
9901,0,32
9902,1,17
9903,2,16
9904,0,14
9905,1,21
9906,2,19
9907,0,17
9908,1,20
9909,2,14
9910,0,16
9911,1,20
9912,2,16
9913,0,18
9914,1,13
9915,2,15
9916,0,9
9917,1,12
9918,2,11
9919,0,19
9920,1,25
9921,2,22
9922,0,11
9923,1,20
9924,2,29
9925,0,19
9926,1,7
9927,2,11
9928,0,14
9929,1,33
9930,2,24
9931,0,22
9932,1,27
9933,2,22
9934,0,12
9935,1,12
9936,2,23
9937,0,23
9938,1,21
9939,2,19
9940,0,22
9941,1,16
9942,2,21
9943,0,4
9944,1,17
9945,2,19
9946,0,26
9947,1,28
9948,2,10
9949,0,22
9950,1,12
9951,2,10
9952,0,14
9953,1,10
9954,2,8
9955,0,18
9956,1,29
9957,2,10
9958,0,13
9959,1,29
9960,2,17
9961,0,13
9962,1,29
9963,2,18
9964,0,23
9965,1,19
9966,2,29
9967,0,17
9968,1,10
9969,2,23
9970,0,16
9971,1,16
9972,2,12
9973,0,18
9974,1,15
9975,2,13
9976,0,16
9977,1,9
9978,2,11
9979,0,13
9980,1,28
9981,2,15
9982,0,28
9983,1,28
9984,2,28
9985,0,17
9986,1,30
9987,2,15
9988,0,13
9989,1,23
9990,2,26
9991,0,25
9992,1,4
9993,2,10
9994,0,17
9995,1,23
9996,2,21
9997,0,25
9998,1,34
9999,2,36
10000,0,21
10001,1,24
10002,2,12
10003,0,21
10004,1,11
10005,2,16
10006,0,13
10007,1,14
10008,2,19
10009,0,8
10010,1,23
10011,2,18
10012,0,20
10013,1,8
10014,2,19
10015,0,23
10016,1,20
10017,2,24
10018,0,18
10019,1,13
10020,2,25
10021,0,10
10022,1,11
10023,2,19
10024,0,14
10025,1,26
10026,2,22
10027,0,12
10028,1,9
10029,2,20
10030,0,10
10031,1,12
10032,2,15
10033,0,11
10034,1,15
10035,2,20
10036,0,11
10037,1,16
10038,2,23
10039,0,11
10040,1,12
10041,2,25
10042,0,24
10043,1,26
10044,2,23
10045,0,21
10046,1,23
10047,2,16
10048,0,22
10049,1,25
10050,2,19
10051,0,20
10052,1,14
10053,2,12
10054,0,19
10055,1,18
10056,2,23
10057,0,13
10058,1,9
10059,2,18
10060,0,17
10061,1,14
10062,2,10
10063,0,13
10064,1,33
10065,2,20
10066,0,16
10067,1,20
10068,2,16
10069,0,16
10070,1,13
10071,2,13
10072,0,12
10073,1,18
10074,2,26
10075,0,24
10076,1,14
10077,2,8
10078,0,14
10079,1,19
10080,2,15
10081,0,18
10082,1,19
10083,2,12
10084,0,18
10085,1,11
10086,2,15
10087,0,13
10088,1,14
10089,2,13
10090,0,23
10091,1,8
10092,2,28
10093,0,9
10094,1,19
10095,2,11
10096,0,18
10097,1,18
10098,2,15
10099,0,23
10100,1,26
10101,2,8
10102,0,19
10103,1,18
10104,2,9
10105,0,23
10106,1,13
10107,2,32
10108,0,18
10109,1,13
10110,2,21
10111,0,17
10112,1,15
10113,2,24
10114,0,23
10115,1,13
10116,2,21
10117,0,15
10118,1,26
10119,2,12
10120,0,12
10121,1,22
10122,2,6
10123,0,34
10124,1,32
10125,2,13
10126,0,14
10127,1,19
10128,2,18
10129,0,22
10130,1,9
10131,2,11
10132,0,15
10133,1,20
10134,2,22
10135,0,11
10136,1,14
10137,2,20
10138,0,14
10139,1,12
10140,2,8
10141,0,17
10142,1,32
10143,2,20
10144,0,16
10145,1,21
10146,2,16
10147,0,19
10148,1,18
10149,2,13
10150,0,24
10151,1,27
10152,2,21
10153,0,18
10154,1,23
10155,2,13
10156,0,19
10157,1,11
10158,2,12
10159,0,20
10160,1,23
10161,2,17
10162,0,15
10163,1,16
10164,2,17
10165,0,17
10166,1,23
10167,2,31
10168,0,13
10169,1,18
10170,2,19
10171,0,12
10172,1,18
10173,2,12
10174,0,25
10175,1,23
10176,2,21
10177,0,16
10178,1,20
10179,2,21
10180,0,15
10181,1,15
10182,2,15
10183,0,16
10184,1,8
10185,2,14
10186,0,12
10187,1,10
10188,2,17
10189,0,9
10190,1,10
10191,2,17
10192,0,34
10193,1,23
10194,2,29
10195,0,19
10196,1,21
10197,2,16
10198,0,16
10199,1,26
10200,2,10
10201,0,16
10202,1,14
10203,2,18
10204,0,34
10205,1,10
10206,2,17
10207,0,18
10208,1,15
10209,2,21
10210,0,25
10211,1,18
10212,2,23
10213,0,12
10214,1,11
10215,2,34
10216,0,16
10217,1,19
10218,2,18
10219,0,24
10220,1,15
10221,2,20
10222,0,22
10223,1,23
10224,2,23
10225,0,13
10226,1,23
10227,2,23
10228,0,21
10229,1,26
10230,2,14
10231,0,17
10232,1,15
10233,2,20
10234,0,19
10235,1,12
10236,2,19
10237,0,25
10238,1,13
10239,2,20
10240,0,18
10241,1,16
10242,2,27
10243,0,24
10244,1,26
10245,2,13
10246,0,19
10247,1,15
10248,2,14
10249,0,33
10250,1,13
10251,2,21
10252,0,16
10253,1,30
10254,2,13
10255,0,18
10256,1,20
10257,2,19
10258,0,36
10259,1,27
10260,2,22
10261,0,20
10262,1,27
10263,2,11
10264,0,24
10265,1,16
10266,2,19
10267,0,19
10268,1,21
10269,2,13
10270,0,23
10271,1,16
10272,2,28
10273,0,22
10274,1,17
10275,2,23
10276,0,25
10277,1,10
10278,2,34
10279,0,26
10280,1,18
10281,2,24
10282,0,21
10283,1,14
10284,2,14
10285,0,13
10286,1,12
10287,2,16
10288,0,18
10289,1,19
10290,2,17
10291,0,18
10292,1,14
10293,2,20
10294,0,21
10295,1,15
10296,2,15
10297,0,29
10298,1,21
10299,2,11
10300,0,30
10301,1,18
10302,2,25
10303,0,16
10304,1,21
10305,2,18
10306,0,10
10307,1,23
10308,2,24
10309,0,26
10310,1,10
10311,2,17
10312,0,28
10313,1,20
10314,2,22
10315,0,11
10316,1,26
10317,2,36
10318,0,11
10319,1,21
10320,2,18
10321,0,22
10322,1,12
10323,2,1
10324,0,13
10325,1,26
10326,2,18
10327,0,24
10328,1,20
10329,2,10
10330,0,21
10331,1,10
10332,2,18
10333,0,45
10334,1,20
10335,2,8
10336,0,12
10337,1,14
10338,2,5
10339,0,21
10340,1,10
10341,2,10
10342,0,29
10343,1,10
10344,2,9
10345,0,17
10346,1,29
10347,2,16
10348,0,31
10349,1,11
10350,2,22
10351,0,12
10352,1,14
10353,2,9
10354,0,34
10355,1,12
10356,2,19
10357,0,19
10358,1,26
10359,2,22
10360,0,12
10361,1,36
10362,2,17
10363,0,14
10364,1,12
10365,2,14
10366,0,17
10367,1,28
10368,2,16
10369,0,12
10370,1,23
10371,2,19
10372,0,36
10373,1,22
10374,2,36
10375,0,19
10376,1,14
10377,2,27
10378,0,26
10379,1,16
10380,2,18
10381,0,16
10382,1,22
10383,2,13
10384,0,23
10385,1,13
10386,2,18
10387,0,28
10388,1,14
10389,2,18
10390,0,13
10391,1,14
10392,2,21
10393,0,19
10394,1,19
10395,2,9
10396,0,26
10397,1,28
10398,2,25
10399,0,18
10400,1,17
10401,2,13
10402,0,15
10403,1,17
10404,2,24
10405,0,24
10406,1,3
10407,2,13
10408,0,27
10409,1,15
10410,2,21
10411,0,23
10412,1,10
10413,2,18
10414,0,24
10415,1,21
10416,2,22
10417,0,32
10418,1,14
10419,2,14
10420,0,25
10421,1,14
10422,2,20
10423,0,31
10424,1,18
10425,2,11
10426,0,21
10427,1,11
10428,2,29
10429,0,19
10430,1,20
10431,2,20
10432,0,22
10433,1,18
10434,2,28
10435,0,23
10436,1,17
10437,2,18
10438,0,19
10439,1,15
10440,2,30
10441,0,22
10442,1,15
10443,2,15
10444,0,19
10445,1,18
10446,2,22
10447,0,19
10448,1,13
10449,2,8
10450,0,18
10451,1,18
10452,2,22
10453,0,37
10454,1,30
10455,2,15
10456,0,23
10457,1,14
10458,2,27
10459,0,14
10460,1,23
10461,2,12
10462,0,25
10463,1,16
10464,2,9
10465,0,16
10466,1,15
10467,2,24
10468,0,21
10469,1,11
10470,2,17
10471,0,20
10472,1,11
10473,2,14
10474,0,20
10475,1,13
10476,2,16
10477,0,23
10478,1,25
10479,2,16
10480,0,21
10481,1,33
10482,2,15
10483,0,9
10484,1,26
10485,2,24
10486,0,19
10487,1,19
10488,2,17
10489,0,23
10490,1,20
10491,2,39
10492,0,34
10493,1,15
10494,2,25
10495,0,17
10496,1,31
10497,2,21
10498,0,24
10499,1,29
10500,2,43
10501,0,12
10502,1,22
10503,2,22
10504,0,13
10505,1,8
10506,2,13
10507,0,24
10508,1,18
10509,2,10
10510,0,21
10511,1,29
10512,2,12
10513,0,21
10514,1,16
10515,2,8
10516,0,20
10517,1,22
10518,2,7
10519,0,26
10520,1,7
10521,2,24
10522,0,17
10523,1,26
10524,2,26
10525,0,16
10526,1,29
10527,2,29
10528,0,29
10529,1,17
10530,2,29
10531,0,28
10532,1,31
10533,2,35
10534,0,11
10535,1,16
10536,2,21
10537,0,11
10538,1,10
10539,2,32
10540,0,15
10541,1,17
10542,2,25
10543,0,9
10544,1,28
10545,2,6
10546,0,27
10547,1,16
10548,2,32
10549,0,17
10550,1,13
10551,2,34
10552,0,37
10553,1,11
10554,2,8
10555,0,19
10556,1,21
10557,2,26
10558,0,18
10559,1,34
10560,2,17
10561,0,18
10562,1,8
10563,2,32
10564,0,22
10565,1,18
10566,2,12
10567,0,17
10568,1,17
10569,2,17
10570,0,17
10571,1,7
10572,2,10
10573,0,16
10574,1,12
10575,2,13
10576,0,16
10577,1,25
10578,2,23
10579,0,20
10580,1,11
10581,2,17
10582,0,28
10583,1,11
10584,2,7
10585,0,21
10586,1,15
10587,2,8
10588,0,15
10589,1,36
10590,2,7
10591,0,15
10592,1,14
10593,2,20
10594,0,22
10595,1,10
10596,2,13
10597,0,31
10598,1,14
10599,2,11
10600,0,10
10601,1,11
10602,2,28
10603,0,21
10604,1,9
10605,2,8
10606,0,12
10607,1,12
10608,2,11
10609,0,14
10610,1,23
10611,2,10
10612,0,13
10613,1,14
10614,2,9
10615,0,16
10616,1,21
10617,2,24
10618,0,19
10619,1,16
10620,2,12
10621,0,9
10622,1,18
10623,2,16
10624,0,8
10625,1,12
10626,2,9
10627,0,24
10628,1,39
10629,2,14
10630,0,16
10631,1,21
10632,2,22
10633,0,32
10634,1,19
10635,2,32
10636,0,14
10637,1,30
10638,2,19
10639,0,25
10640,1,20
10641,2,9
10642,0,21
10643,1,20
10644,2,15
10645,0,21
10646,1,15
10647,2,17
10648,0,36
10649,1,21
10650,2,12
10651,0,16
10652,1,16
10653,2,22
10654,0,20
10655,1,14
10656,2,6
10657,0,9
10658,1,12
10659,2,13
10660,0,23
10661,1,16
10662,2,34
10663,0,18
10664,1,20
10665,2,15
10666,0,19
10667,1,15
10668,2,15
10669,0,24
10670,1,18
10671,2,23
10672,0,24
10673,1,19
10674,2,23
10675,0,23
10676,1,16
10677,2,12
10678,0,24
10679,1,22
10680,2,21
10681,0,34
10682,1,15
10683,2,17
10684,0,17
10685,1,16
10686,2,28
10687,0,14
10688,1,19
10689,2,19
10690,0,12
10691,1,18
10692,2,15
10693,0,15
10694,1,11
10695,2,9
10696,0,17
10697,1,9
10698,2,13
10699,0,34
10700,1,34
10701,2,5
10702,0,16
10703,1,14
10704,2,12
10705,0,10
10706,1,19
10707,2,28
10708,0,28
10709,1,29
10710,2,22
10711,0,23
10712,1,25
10713,2,5
10714,0,20
10715,1,35
10716,2,22
10717,0,23
10718,1,21
10719,2,17
10720,0,12
10721,1,18
10722,2,21
10723,0,15
10724,1,17
10725,2,12
10726,0,19
10727,1,12
10728,2,17
10729,0,19
10730,1,22
10731,2,21
10732,0,31
10733,1,20
10734,2,31
10735,0,20
10736,1,16
10737,2,22
10738,0,16
10739,1,10
10740,2,25
10741,0,27
10742,1,23
10743,2,20
10744,0,22
10745,1,11
10746,2,26
10747,0,10
10748,1,13
10749,2,27
10750,0,10
10751,1,20
10752,2,11
10753,0,10
10754,1,16
10755,2,18
10756,0,23
10757,1,12
10758,2,10
10759,0,11
10760,1,15
10761,2,18
10762,0,16
10763,1,25
10764,2,17
10765,0,45
10766,1,13
10767,2,36
10768,0,12
10769,1,5
10770,2,25
10771,0,21
10772,1,9
10773,2,15
10774,0,19
10775,1,11
10776,2,16
10777,0,33
10778,1,11
10779,2,13
10780,0,15
10781,1,13
10782,2,20
10783,0,29
10784,1,28
10785,2,38
10786,0,21
10787,1,17
10788,2,27
10789,0,23
10790,1,14
10791,2,20
10792,0,29
10793,1,20
10794,2,18
10795,0,21
10796,1,14
10797,2,23
10798,0,13
10799,1,26
10800,2,20
10801,0,26
10802,1,23
10803,2,24
10804,0,36
10805,1,18
10806,2,27
10807,0,29
10808,1,24
10809,2,15
10810,0,15
10811,1,8
10812,2,14
10813,0,15
10814,1,16
10815,2,15
10816,0,23
10817,1,30
10818,2,24
10819,0,19
10820,1,15
10821,2,14
10822,0,13
10823,1,19
10824,2,19
10825,0,21
10826,1,17
10827,2,12
10828,0,19
10829,1,28
10830,2,15
10831,0,8
10832,1,17
10833,2,12
10834,0,17
10835,1,30
10836,2,11
10837,0,26
10838,1,24
10839,2,25
10840,0,18
10841,1,22
10842,2,9
10843,0,26
10844,1,13
10845,2,14
10846,0,27
10847,1,19
10848,2,16
10849,0,9
10850,1,27
10851,2,10
10852,0,21
10853,1,19
10854,2,9
10855,0,22
10856,1,31
10857,2,20
10858,0,16
10859,1,15
10860,2,18
10861,0,18
10862,1,12
10863,2,22
10864,0,37
10865,1,8
10866,2,24
10867,0,10
10868,1,15
10869,2,16
10870,0,11
10871,1,19
10872,2,25
10873,0,14
10874,1,16
10875,2,19
10876,0,19
10877,1,41
10878,2,15
10879,0,13
10880,1,33
10881,2,24
10882,0,20
10883,1,25
10884,2,15
10885,0,27
10886,1,13
10887,2,11
10888,0,19
10889,1,15
10890,2,18
10891,0,32
10892,1,16
10893,2,14
10894,0,24
10895,1,22
10896,2,21
10897,0,32
10898,1,10
10899,2,22
10900,0,29
10901,1,31
10902,2,8
10903,0,29
10904,1,21
10905,2,11
10906,0,11
10907,1,18
10908,2,24
10909,0,20
10910,1,18
10911,2,7
10912,0,19
10913,1,18
10914,2,26
10915,0,29
10916,1,17
10917,2,14
10918,0,19
10919,1,30
10920,2,27
10921,0,23
10922,1,19
10923,2,9
10924,0,15
10925,1,22
10926,2,21
10927,0,23
10928,1,22
10929,2,10
10930,0,6
10931,1,20
10932,2,23
10933,0,18
10934,1,27
10935,2,10
10936,0,23
10937,1,16
10938,2,12
10939,0,18
10940,1,6
10941,2,12
10942,0,9
10943,1,13
10944,2,16
10945,0,20
10946,1,21
10947,2,26
10948,0,16
10949,1,25
10950,2,32
10951,0,14
10952,1,16
10953,2,16
10954,0,14
10955,1,16
10956,2,15
10957,0,11
10958,1,21
10959,2,14
10960,0,19
10961,1,36
10962,2,26
10963,0,12
10964,1,17
10965,2,20
10966,0,13
10967,1,13
10968,2,12
10969,0,19
10970,1,26
10971,2,22
10972,0,9
10973,1,4
10974,2,14
10975,0,12
10976,1,15
10977,2,19
10978,0,14
10979,1,8
10980,2,9
10981,0,21
10982,1,26
10983,2,15
10984,0,28
10985,1,23
10986,2,24
10987,0,16
10988,1,27
10989,2,17
10990,0,17
10991,1,12
10992,2,12
10993,0,15
10994,1,13
10995,2,24
10996,0,20
10997,1,25
10998,2,16
10999,0,14
11000,1,5
11001,2,14
11002,0,27
11003,1,22
11004,2,42
11005,0,35
11006,1,15
11007,2,22
11008,0,17
11009,1,13
11010,2,22
11011,0,24
11012,1,12
11013,2,21
11014,0,19
11015,1,13
11016,2,8
11017,0,13
11018,1,22
11019,2,12
11020,0,20
11021,1,15
11022,2,24
11023,0,8
11024,1,10
11025,2,20
11026,0,37
11027,1,18
11028,2,25
11029,0,25
11030,1,6
11031,2,5
11032,0,28
11033,1,16
11034,2,28
11035,0,18
11036,1,24
11037,2,12
11038,0,17
11039,1,16
11040,2,15
11041,0,24
11042,1,18
11043,2,26
11044,0,25
11045,1,18
11046,2,21
11047,0,12
11048,1,15
11049,2,12
11050,0,22
11051,1,16
11052,2,19
11053,0,24
11054,1,15
11055,2,9
11056,0,24
11057,1,17
11058,2,14
11059,0,20
11060,1,22
11061,2,16
11062,0,21
11063,1,12
11064,2,22
11065,0,18
11066,1,28
11067,2,14
11068,0,20
11069,1,12
11070,2,14
11071,0,24
11072,1,22
11073,2,21
11074,0,27
11075,1,14
11076,2,29
11077,0,31
11078,1,17
11079,2,24
11080,0,18
11081,1,12
11082,2,22
11083,0,16
11084,1,22
11085,2,24
11086,0,15
11087,1,26
11088,2,23
11089,0,15
11090,1,9
11091,2,10
11092,0,9
11093,1,17
11094,2,15
11095,0,15
11096,1,11
11097,2,18
11098,0,19
11099,1,17
11100,2,26
11101,0,17
11102,1,12
11103,2,17
11104,0,15
11105,1,24
11106,2,7
11107,0,17
11108,1,17
11109,2,14
11110,0,19
11111,1,8
11112,2,17
11113,0,19
11114,1,20
11115,2,15
11116,0,19
11117,1,11
11118,2,16
11119,0,29
11120,1,22
11121,2,33
11122,0,15
11123,1,20
11124,2,9
11125,0,25
11126,1,24
11127,2,15
11128,0,7
11129,1,16
11130,2,17
11131,0,23
11132,1,16
11133,2,33
11134,0,37
11135,1,15
11136,2,24
11137,0,22
11138,1,23
11139,2,27
11140,0,22
11141,1,18
11142,2,14
11143,0,14
11144,1,13
11145,2,17
11146,0,30
11147,1,8
11148,2,25
11149,0,20
11150,1,14
11151,2,18
11152,0,14
11153,1,27
11154,2,26
11155,0,27
11156,1,14
11157,2,27
11158,0,25
11159,1,17
11160,2,26
11161,0,13
11162,1,19
11163,2,19
11164,0,21
11165,1,11
11166,2,12
11167,0,13
11168,1,12
11169,2,10
11170,0,16
11171,1,21
11172,2,34
11173,0,17
11174,1,13
11175,2,24
11176,0,20
11177,1,16
11178,2,18
11179,0,35
11180,1,16
11181,2,26
11182,0,7
11183,1,12
11184,2,30
11185,0,18
11186,1,18
11187,2,18
11188,0,16
11189,1,18
11190,2,19
11191,0,25
11192,1,19
11193,2,20
11194,0,18
11195,1,17
11196,2,8
11197,0,11
11198,1,12
11199,2,40
11200,0,22
11201,1,18
11202,2,23
11203,0,8
11204,1,20
11205,2,21
11206,0,25
11207,1,26
11208,2,19
11209,0,10
11210,1,14
11211,2,17
11212,0,15
11213,1,14
11214,2,22
11215,0,17
11216,1,9
11217,2,20
11218,0,25
11219,1,11
11220,2,27
11221,0,18
11222,1,18
11223,2,16
11224,0,23
11225,1,15
11226,2,16
11227,0,22
11228,1,23
11229,2,22
11230,0,15
11231,1,19
11232,2,15
11233,0,24
11234,1,12
11235,2,18
11236,0,17
11237,1,13
11238,2,14
11239,0,9
11240,1,19
11241,2,22
11242,0,9
11243,1,11
11244,2,11
11245,0,18
11246,1,15
11247,2,9
11248,0,15
11249,1,22
11250,2,14
11251,0,10
11252,1,25
11253,2,14
11254,0,24
11255,1,18
11256,2,20
11257,0,20
11258,1,29
11259,2,17
11260,0,21
11261,1,21
11262,2,22
11263,0,22
11264,1,17
11265,2,21
11266,0,20
11267,1,11
11268,2,14
11269,0,15
11270,1,20
11271,2,15
11272,0,19
11273,1,13
11274,2,24
11275,0,19
11276,1,24
11277,2,27
11278,0,18
11279,1,12
11280,2,16
11281,0,31
11282,1,7
11283,2,34
11284,0,26
11285,1,11
11286,2,33
11287,0,31
11288,1,25
11289,2,32
11290,0,25
11291,1,10
11292,2,20
11293,0,11
11294,1,17
11295,2,21
11296,0,19
11297,1,13
11298,2,22
11299,0,22
11300,1,10
11301,2,29
11302,0,16
11303,1,18
11304,2,26
11305,0,19
11306,1,21
11307,2,21
11308,0,14
11309,1,13
11310,2,24
11311,0,29
11312,1,16
11313,2,17
11314,0,40
11315,1,12
11316,2,22
11317,0,17
11318,1,16
11319,2,12
11320,0,25
11321,1,15
11322,2,39
11323,0,18
11324,1,13
11325,2,16
11326,0,14
11327,1,24
11328,2,29
11329,0,16
11330,1,10
11331,2,18
11332,0,25
11333,1,22
11334,2,19
11335,0,19
11336,1,23
11337,2,18
11338,0,7
11339,1,16
11340,2,11
11341,0,25
11342,1,14
11343,2,15
11344,0,23
11345,1,22
11346,2,18
11347,0,24
11348,1,16
11349,2,38
11350,0,26
11351,1,15
11352,2,20
11353,0,20
11354,1,19
11355,2,38
11356,0,21
11357,1,11
11358,2,32
11359,0,12
11360,1,26
11361,2,25
11362,0,17
11363,1,14
11364,2,29
11365,0,16
11366,1,26
11367,2,19
11368,0,16
11369,1,14
11370,2,9
11371,0,22
11372,1,15
11373,2,9
11374,0,20
11375,1,20
11376,2,30
11377,0,25
11378,1,32
11379,2,11
11380,0,25
11381,1,12
11382,2,11
11383,0,17
11384,1,15
11385,2,31
11386,0,24
11387,1,15
11388,2,19
11389,0,20
11390,1,17
11391,2,15
11392,0,15
11393,1,18
11394,2,17
11395,0,34
11396,1,28
11397,2,23
11398,0,18
11399,1,11
11400,2,19
11401,0,21
11402,1,11
11403,2,17
11404,0,28
11405,1,7
11406,2,12
11407,0,21
11408,1,14
11409,2,13
11410,0,25
11411,1,32
11412,2,26
11413,0,21
11414,1,15
11415,2,16
11416,0,26
11417,1,34
11418,2,20
11419,0,31
11420,1,23
11421,2,26
11422,0,17
11423,1,15
11424,2,19
11425,0,12
11426,1,14
11427,2,19
11428,0,19
11429,1,26
11430,2,8
11431,0,16
11432,1,22
11433,2,31
11434,0,15
11435,1,16
11436,2,27
11437,0,19
11438,1,13
11439,2,21
11440,0,21
11441,1,12
11442,2,21
11443,0,5
11444,1,13
11445,2,21
11446,0,25
11447,1,17
11448,2,16
11449,0,19
11450,1,18
11451,2,24
11452,0,15
11453,1,16
11454,2,13
11455,0,19
11456,1,20
11457,2,20
11458,0,15
11459,1,21
11460,2,6
11461,0,15
11462,1,23
11463,2,16
11464,0,27
11465,1,21
11466,2,24
11467,0,25
11468,1,15
11469,2,15
11470,0,10
11471,1,15
11472,2,14
11473,0,22
11474,1,7
11475,2,16
11476,0,13
11477,1,12
11478,2,17
11479,0,12
11480,1,18
11481,2,15
11482,0,27
11483,1,16
11484,2,19
11485,0,25
11486,1,19
11487,2,12
11488,0,10
11489,1,17
11490,2,16
11491,0,13
11492,1,13
11493,2,12
11494,0,6
11495,1,24
11496,2,18
11497,0,18
11498,1,22
11499,2,23
11500,0,8
11501,1,12
11502,2,17
11503,0,16
11504,1,18
11505,2,16
11506,0,26
11507,1,13
11508,2,16
11509,0,21
11510,1,22
11511,2,23
11512,0,22
11513,1,20
11514,2,11
11515,0,9
11516,1,19
11517,2,19
11518,0,32
11519,1,27
11520,2,18
11521,0,20
11522,1,17
11523,2,24
11524,0,13
11525,1,16
11526,2,18
11527,0,16
11528,1,41
11529,2,14
11530,0,28
11531,1,16
11532,2,26
11533,0,23
11534,1,11
11535,2,11
11536,0,14
11537,1,32
11538,2,13
11539,0,25
11540,1,34
11541,2,20
11542,0,25
11543,1,14
11544,2,31
11545,0,22
11546,1,20
11547,2,9
11548,0,16
11549,1,13
11550,2,15
11551,0,17
11552,1,21
11553,2,19
11554,0,16
11555,1,29
11556,2,29
11557,0,29
11558,1,19
11559,2,14
11560,0,16
11561,1,11
11562,2,17
11563,0,13
11564,1,15
11565,2,13
11566,0,12
11567,1,15
11568,2,12
11569,0,23
11570,1,16
11571,2,24
11572,0,24
11573,1,22
11574,2,35
11575,0,21
11576,1,22
11577,2,19
11578,0,12
11579,1,13
11580,2,28
11581,0,17
11582,1,32
11583,2,23
11584,0,13
11585,1,18
11586,2,26
11587,0,25
11588,1,21
11589,2,15
11590,0,24
11591,1,15
11592,2,35
11593,0,20
11594,1,25
11595,2,16
11596,0,16
11597,1,18
11598,2,14
11599,0,23
11600,1,14
11601,2,14
11602,0,18
11603,1,23
11604,2,18
11605,0,26
11606,1,23
11607,2,20
11608,0,22
11609,1,31
11610,2,17
11611,0,21
11612,1,4
11613,2,15
11614,0,14
11615,1,20
11616,2,21
11617,0,23
11618,1,19
11619,2,15
11620,0,27
11621,1,20
11622,2,24
11623,0,20
11624,1,16
11625,2,24
11626,0,20
11627,1,13
11628,2,14
11629,0,18
11630,1,12
11631,2,18
11632,0,36
11633,1,12
11634,2,17
11635,0,9
11636,1,22
11637,2,10
11638,0,10
11639,1,15
11640,2,18
11641,0,23
11642,1,23
11643,2,12
11644,0,22
11645,1,23
11646,2,16
11647,0,16
11648,1,19
11649,2,18
11650,0,24
11651,1,25
11652,2,27
11653,0,13
11654,1,16
11655,2,23
11656,0,11
11657,1,13
11658,2,18
11659,0,19
11660,1,13
11661,2,10
11662,0,19
11663,1,15
11664,2,15
11665,0,17
11666,1,15
11667,2,22
11668,0,17
11669,1,25
11670,2,26
11671,0,21
11672,1,20
11673,2,15
11674,0,19
11675,1,18
11676,2,28
11677,0,18
11678,1,15
11679,2,16
11680,0,26
11681,1,37
11682,2,23
11683,0,11
11684,1,22
11685,2,28
11686,0,15
11687,1,9
11688,2,13
11689,0,18
11690,1,26
11691,2,13
11692,0,14
11693,1,24
11694,2,33
11695,0,16
11696,1,14
11697,2,17
11698,0,22
11699,1,5
11700,2,22
11701,0,21
11702,1,15
11703,2,20
11704,0,7
11705,1,15
11706,2,28
11707,0,12
11708,1,8
11709,2,22
11710,0,19
11711,1,11
11712,2,17
11713,0,22
11714,1,17
11715,2,28
11716,0,9
11717,1,19
11718,2,19
11719,0,19
11720,1,21
11721,2,26
11722,0,20
11723,1,10
11724,2,22
11725,0,18
11726,1,23
11727,2,19
11728,0,22
11729,1,25
11730,2,11
11731,0,14
11732,1,33
11733,2,19
11734,0,19
11735,1,18
11736,2,29
11737,0,13
11738,1,15
11739,2,18
11740,0,22
11741,1,25
11742,2,26
11743,0,19
11744,1,22
11745,2,23
11746,0,13
11747,1,20
11748,2,11
11749,0,21
11750,1,15
11751,2,13
11752,0,21
11753,1,10
11754,2,21
11755,0,16
11756,1,10
11757,2,16
11758,0,17
11759,1,15
11760,2,11
11761,0,19
11762,1,21
11763,2,16
11764,0,21
11765,1,17
11766,2,13
11767,0,9
11768,1,13
11769,2,25
11770,0,24
11771,1,14
11772,2,10
11773,0,14
11774,1,30
11775,2,6
11776,0,17
11777,1,12
11778,2,30
11779,0,31
11780,1,8
11781,2,16
11782,0,21
11783,1,15
11784,2,16
11785,0,19
11786,1,15
11787,2,19
11788,0,21
11789,1,18
11790,2,14
11791,0,26
11792,1,17
11793,2,19
11794,0,13
11795,1,27
11796,2,19
11797,0,40
11798,1,15
11799,2,25
11800,0,18
11801,1,14
11802,2,11
11803,0,31
11804,1,27
11805,2,17
11806,0,10
11807,1,12
11808,2,17
11809,0,18
11810,1,23
11811,2,17
11812,0,26
11813,1,25
11814,2,21
11815,0,12
11816,1,16
11817,2,15
11818,0,19
11819,1,25
11820,2,16
11821,0,23
11822,1,18
11823,2,32
11824,0,23
11825,1,16
11826,2,24
11827,0,14
11828,1,10
11829,2,16
11830,0,30
11831,1,20
11832,2,27
11833,0,22
11834,1,15
11835,2,35
11836,0,18
11837,1,21
11838,2,17
11839,0,15
11840,1,28
11841,2,22
11842,0,25
11843,1,28
11844,2,23
11845,0,16
11846,1,11
11847,2,24
11848,0,12
11849,1,16
11850,2,21
11851,0,28
11852,1,13
11853,2,21
11854,0,17
11855,1,26
11856,2,9
11857,0,28
11858,1,17
11859,2,31
11860,0,36
11861,1,14
11862,2,16
11863,0,16
11864,1,10
11865,2,14
11866,0,9
11867,1,23
11868,2,24
11869,0,15
11870,1,11
11871,2,25
11872,0,23
11873,1,18
11874,2,9
11875,0,15
11876,1,15
11877,2,14
11878,0,33
11879,1,21
11880,2,13
11881,0,19
11882,1,16
11883,2,17
11884,0,17
11885,1,16
11886,2,17
11887,0,12
11888,1,24
11889,2,17
11890,0,13
11891,1,18
11892,2,27
11893,0,14
11894,1,18
11895,2,18
11896,0,9
11897,1,12
11898,2,17
11899,0,24
11900,1,23
11901,2,25
11902,0,14
11903,1,15
11904,2,13
11905,0,11
11906,1,12
11907,2,28
11908,0,20
11909,1,22
11910,2,12
11911,0,15
11912,1,19
11913,2,21
11914,0,25
11915,1,18
11916,2,18
11917,0,18
11918,1,22
11919,2,18
11920,0,24
11921,1,17
11922,2,23
11923,0,14
11924,1,33
11925,2,7
11926,0,14
11927,1,19
11928,2,21
11929,0,17
11930,1,13
11931,2,12
11932,0,19
11933,1,17
11934,2,17
11935,0,35
11936,1,28
11937,2,20
11938,0,16
11939,1,27
11940,2,22
11941,0,19
11942,1,12
11943,2,17
11944,0,26
11945,1,15
11946,2,20
11947,0,8
11948,1,17
11949,2,16
11950,0,21
11951,1,12
11952,2,24
11953,0,16
11954,1,21
11955,2,7
11956,0,22
11957,1,7
11958,2,16
11959,0,16
11960,1,14
11961,2,30
11962,0,15
11963,1,25
11964,2,31
11965,0,35
11966,1,14
11967,2,27
11968,0,23
11969,1,11
11970,2,14
11971,0,10
11972,1,13
11973,2,11
11974,0,6
11975,1,23
11976,2,15
11977,0,13
11978,1,30
11979,2,12
11980,0,15
11981,1,9
11982,2,20
11983,0,16
11984,1,16
11985,2,24
11986,0,16
11987,1,19
11988,2,30
11989,0,24
11990,1,26
11991,2,20
11992,0,17
11993,1,28
11994,2,26
11995,0,17
11996,1,22
11997,2,24
11998,0,29
11999,1,20
12000,2,11
12001,0,20
12002,1,39
12003,2,25
12004,0,7
12005,1,10
12006,2,18
12007,0,18
12008,1,19
12009,2,11
12010,0,12
12011,1,14
12012,2,12
12013,0,26
12014,1,17
12015,2,13
12016,0,17
12017,1,22
12018,2,20
12019,0,25
12020,1,10
12021,2,5
12022,0,46
12023,1,11
12024,2,10
12025,0,22
12026,1,15
12027,2,27
12028,0,15
12029,1,14
12030,2,14
12031,0,27
12032,1,13
12033,2,13
12034,0,22
12035,1,22
12036,2,14
12037,0,14
12038,1,25
12039,2,7
12040,0,9
12041,1,8
12042,2,30
12043,0,27
12044,1,15
12045,2,20
12046,0,31
12047,1,25
12048,2,15
12049,0,31
12050,1,10
12051,2,15
12052,0,22
12053,1,7
12054,2,26
12055,0,16
12056,1,27
12057,2,23
12058,0,18
12059,1,11
12060,2,18
12061,0,13
12062,1,13
12063,2,10
12064,0,25
12065,1,11
12066,2,35
12067,0,10
12068,1,19
12069,2,17
12070,0,14
12071,1,27
12072,2,15
12073,0,19
12074,1,14
12075,2,9
12076,0,12
12077,1,21
12078,2,11
12079,0,14
12080,1,21
12081,2,18
12082,0,24
12083,1,19
12084,2,13
12085,0,22
12086,1,26
12087,2,15
12088,0,23
12089,1,19
12090,2,17
12091,0,25
12092,1,18
12093,2,24
12094,0,20
12095,1,17
12096,2,14
12097,0,11
12098,1,14
12099,2,9
12100,0,8
12101,1,16
12102,2,21
12103,0,25
12104,1,10
12105,2,11
12106,0,23
12107,1,13
12108,2,9
12109,0,20
12110,1,15
12111,2,28
12112,0,17
12113,1,13
12114,2,12
12115,0,22
12116,1,19
12117,2,18
12118,0,16
12119,1,12
12120,2,17
12121,0,18
12122,1,11
12123,2,33
12124,0,9
12125,1,8
12126,2,16
12127,0,29
12128,1,28
12129,2,18
12130,0,19
12131,1,12
12132,2,27
12133,0,16
12134,1,12
12135,2,11
12136,0,10
12137,1,23
12138,2,14
12139,0,27
12140,1,10
12141,2,21
12142,0,18
12143,1,12
12144,2,32
12145,0,21
12146,1,21
12147,2,30
12148,0,13
12149,1,20
12150,2,19
12151,0,13
12152,1,18
12153,2,16
12154,0,11
12155,1,18
12156,2,19
12157,0,20
12158,1,40
12159,2,28
12160,0,14
12161,1,15
12162,2,16
12163,0,19
12164,1,13
12165,2,20
12166,0,14
12167,1,20
12168,2,18
12169,0,25
12170,1,24
12171,2,21
12172,0,27
12173,1,11
12174,2,36
12175,0,18
12176,1,27
12177,2,27
12178,0,18
12179,1,20
12180,2,20
12181,0,16
12182,1,14
12183,2,12
12184,0,13
12185,1,18
12186,2,12
12187,0,11
12188,1,32
12189,2,18
12190,0,21
12191,1,23
12192,2,13
12193,0,23
12194,1,18
12195,2,19
12196,0,11
12197,1,22
12198,2,23
12199,0,17
12200,1,19
12201,2,21
12202,0,16
12203,1,12
12204,2,11
12205,0,11
12206,1,14
12207,2,21
12208,0,18
12209,1,14
12210,2,20
12211,0,14
12212,1,11
12213,2,16
12214,0,14
12215,1,27
12216,2,32
12217,0,34
12218,1,20
12219,2,20
12220,0,20
12221,1,15
12222,2,12
12223,0,24
12224,1,30
12225,2,21
12226,0,18
12227,1,19
12228,2,28
12229,0,8
12230,1,18
12231,2,15
12232,0,14
12233,1,20
12234,2,15
12235,0,20
12236,1,18
12237,2,32
12238,0,19
12239,1,14
12240,2,15
12241,0,28
12242,1,8
12243,2,16
12244,0,12
12245,1,16
12246,2,26
12247,0,12
12248,1,25
12249,2,20
12250,0,27
12251,1,14
12252,2,20
12253,0,19
12254,1,19
12255,2,15
12256,0,19
12257,1,10
12258,2,22
12259,0,19
12260,1,23
12261,2,24
12262,0,14
12263,1,20
12264,2,16
12265,0,12
12266,1,37
12267,2,34
12268,0,26
12269,1,7
12270,2,16
12271,0,12
12272,1,9
12273,2,10
12274,0,26
12275,1,11
12276,2,17
12277,0,18
12278,1,17
12279,2,13
12280,0,23
12281,1,21
12282,2,23
12283,0,14
12284,1,13
12285,2,26
12286,0,27
12287,1,13
12288,2,22
12289,0,25
12290,1,21
12291,2,16
12292,0,27
12293,1,11
12294,2,22
12295,0,15
12296,1,18
12297,2,16
12298,0,23
12299,1,23
12300,2,25
12301,0,34
12302,1,14
12303,2,5
12304,0,26
12305,1,17
12306,2,17
12307,0,18
12308,1,9
12309,2,37
12310,0,18
12311,1,15
12312,2,26
12313,0,11
12314,1,20
12315,2,16
12316,0,19
12317,1,21
12318,2,15
12319,0,24
12320,1,28
12321,2,19
12322,0,11
12323,1,21
12324,2,11
12325,0,5
12326,1,15
12327,2,22
12328,0,44
12329,1,23
12330,2,20
12331,0,18
12332,1,13
12333,2,16
12334,0,29
12335,1,9
12336,2,30
12337,0,19
12338,1,12
12339,2,11
12340,0,34
12341,1,9
12342,2,14
12343,0,15
12344,1,12
12345,2,20
12346,0,23
12347,1,17
12348,2,25
12349,0,16
12350,1,18
12351,2,20
12352,0,15
12353,1,18
12354,2,18
12355,0,15
12356,1,16
12357,2,12
12358,0,18
12359,1,24
12360,2,11
12361,0,24
12362,1,31
12363,2,14
12364,0,14
12365,1,21
12366,2,17
12367,0,25
12368,1,10
12369,2,22
12370,0,23
12371,1,19
12372,2,18
12373,0,16
12374,1,15
12375,2,15
12376,0,15
12377,1,11
12378,2,15
12379,0,25
12380,1,29
12381,2,24
12382,0,18
12383,1,25
12384,2,11
12385,0,22
12386,1,13
12387,2,20
12388,0,11
12389,1,15
12390,2,19
12391,0,20
12392,1,11
12393,2,23
12394,0,17
12395,1,28
12396,2,29
12397,0,25
12398,1,12
12399,2,9
12400,0,20
12401,1,28
12402,2,11
12403,0,22
12404,1,19
12405,2,21
12406,0,20
12407,1,19
12408,2,17
12409,0,27
12410,1,26
12411,2,11
12412,0,10
12413,1,26
12414,2,28
12415,0,27
12416,1,17
12417,2,7
12418,0,16
12419,1,22
12420,2,14
12421,0,22
12422,1,11
12423,2,15
12424,0,14
12425,1,13
12426,2,9
12427,0,11
12428,1,14
12429,2,14
12430,0,27
12431,1,14
12432,2,19
12433,0,16
12434,1,9
12435,2,14
12436,0,19
12437,1,21
12438,2,30
12439,0,22
12440,1,30
12441,2,13
12442,0,21
12443,1,22
12444,2,13
12445,0,21
12446,1,16
12447,2,10
12448,0,22
12449,1,25
12450,2,31
12451,0,24
12452,1,25
12453,2,18
12454,0,21
12455,1,27
12456,2,21
12457,0,15
12458,1,13
12459,2,16
12460,0,21
12461,1,16
12462,2,16
12463,0,29
12464,1,25
12465,2,13
12466,0,17
12467,1,12
12468,2,13
12469,0,28
12470,1,14
12471,2,11
12472,0,21
12473,1,10
12474,2,11
12475,0,17
12476,1,20
12477,2,17
12478,0,14
12479,1,20
12480,2,12
12481,0,26
12482,1,11
12483,2,10
12484,0,25
12485,1,14
12486,2,15
12487,0,29
12488,1,12
12489,2,8
12490,0,25
12491,1,17
12492,2,22
12493,0,24
12494,1,12
12495,2,17
12496,0,28
12497,1,20
12498,2,30
12499,0,15
12500,1,28
12501,2,25
12502,0,25
12503,1,15
12504,2,43
12505,0,20
12506,1,18
12507,2,26
12508,0,16
12509,1,10
12510,2,29
12511,0,19
12512,1,22
12513,2,25
12514,0,17
12515,1,17
12516,2,16
12517,0,14
12518,1,36
12519,2,20
12520,0,17
12521,1,10
12522,2,22
12523,0,12
12524,1,16
12525,2,19
12526,0,18
12527,1,20
12528,2,21
12529,0,22
12530,1,16
12531,2,31
12532,0,21
12533,1,18
12534,2,14
12535,0,23
12536,1,8
12537,2,28
12538,0,31
12539,1,22
12540,2,17
12541,0,18
12542,1,17
12543,2,16
12544,0,27
12545,1,32
12546,2,11
12547,0,31
12548,1,12
12549,2,22
12550,0,12
12551,1,13
12552,2,34
12553,0,9
12554,1,12
12555,2,18
12556,0,20
12557,1,16
12558,2,14
12559,0,12
12560,1,22
12561,2,14
12562,0,28
12563,1,17
12564,2,9
12565,0,26
12566,1,11
12567,2,10
12568,0,16
12569,1,11
12570,2,26
12571,0,14
12572,1,24
12573,2,12
12574,0,13
12575,1,13
12576,2,27
12577,0,23
12578,1,14
12579,2,22
12580,0,26
12581,1,13
12582,2,16
12583,0,26
12584,1,22
12585,2,11
12586,0,17
12587,1,10
12588,2,10
12589,0,21
12590,1,33
12591,2,26
12592,0,26
12593,1,9
12594,2,9
12595,0,14
12596,1,11
12597,2,18
12598,0,7
12599,1,21
12600,2,28
12601,0,13
12602,1,22
12603,2,26
12604,0,20
12605,1,29
12606,2,17
12607,0,21
12608,1,14
12609,2,20
12610,0,24
12611,1,19
12612,2,28
12613,0,16
12614,1,15
12615,2,27
12616,0,30
12617,1,12
12618,2,13
12619,0,16
12620,1,16
12621,2,20
12622,0,21
12623,1,19
12624,2,12
12625,0,14
12626,1,13
12627,2,11
12628,0,19
12629,1,14
12630,2,25
12631,0,13
12632,1,17
12633,2,17
12634,0,19
12635,1,10
12636,2,10
12637,0,19
12638,1,22
12639,2,12
12640,0,22
12641,1,19
12642,2,18
12643,0,20
12644,1,35
12645,2,26
12646,0,15
12647,1,15
12648,2,23
12649,0,25
12650,1,15
12651,2,14
12652,0,15
12653,1,17
12654,2,16
12655,0,23
12656,1,17
12657,2,11
12658,0,19
12659,1,19
12660,2,7
12661,0,15
12662,1,29
12663,2,22
12664,0,17
12665,1,14
12666,2,13
12667,0,10
12668,1,15
12669,2,23
12670,0,16
12671,1,6
12672,2,22
12673,0,20
12674,1,15
12675,2,33
12676,0,24
12677,1,20
12678,2,27
12679,0,19
12680,1,14
12681,2,7
12682,0,26
12683,1,17
12684,2,15
12685,0,22
12686,1,18
12687,2,15
12688,0,35
12689,1,27
12690,2,18
12691,0,11
12692,1,24
12693,2,9
12694,0,13
12695,1,12
12696,2,18
12697,0,30
12698,1,18
12699,2,25
12700,0,22
12701,1,10
12702,2,41
12703,0,30
12704,1,16
12705,2,15
12706,0,27
12707,1,25
12708,2,27
12709,0,18
12710,1,30
12711,2,17
12712,0,19
12713,1,9
12714,2,30
12715,0,18
12716,1,10
12717,2,18
12718,0,20
12719,1,14
12720,2,22
12721,0,19
12722,1,20
12723,2,11
12724,0,17
12725,1,12
12726,2,27
12727,0,13
12728,1,28
12729,2,13
12730,0,15
12731,1,26
12732,2,9
12733,0,27
12734,1,13
12735,2,10
12736,0,16
12737,1,26
12738,2,24
12739,0,18
12740,1,15
12741,2,28
12742,0,16
12743,1,26
12744,2,15
12745,0,24
12746,1,8
12747,2,20
12748,0,17
12749,1,24
12750,2,21
12751,0,14
12752,1,21
12753,2,34
12754,0,22
12755,1,13
12756,2,8
12757,0,22
12758,1,23
12759,2,20
12760,0,20
12761,1,12
12762,2,19
12763,0,22
12764,1,19
12765,2,9
12766,0,27
12767,1,16
12768,2,22
12769,0,18
12770,1,6
12771,2,24
12772,0,14
12773,1,14
12774,2,18
12775,0,17
12776,1,13
12777,2,23
12778,0,25
12779,1,22
12780,2,10
12781,0,22
12782,1,13
12783,2,28
12784,0,17
12785,1,19
12786,2,17
12787,0,20
12788,1,36
12789,2,24
12790,0,22
12791,1,14
12792,2,25
12793,0,23
12794,1,26
12795,2,20
12796,0,18
12797,1,18
12798,2,11
12799,0,19
12800,1,24
12801,2,19
12802,0,19
12803,1,13
12804,2,18
12805,0,25
12806,1,13
12807,2,13
12808,0,17
12809,1,30
12810,2,13
12811,0,16
12812,1,10
12813,2,15
12814,0,16
12815,1,18
12816,2,25
12817,0,37
12818,1,14
12819,2,31
12820,0,24
12821,1,25
12822,2,41
12823,0,20
12824,1,23
12825,2,18
12826,0,13
12827,1,13
12828,2,25
12829,0,30
12830,1,26
12831,2,11
12832,0,15
12833,1,20
12834,2,20
12835,0,26
12836,1,22
12837,2,24
12838,0,19
12839,1,17
12840,2,35
12841,0,16
12842,1,21
12843,2,19
12844,0,16
12845,1,19
12846,2,10
12847,0,16
12848,1,14
12849,2,23
12850,0,19
12851,1,12
12852,2,10
12853,0,17
12854,1,13
12855,2,11
12856,0,16
12857,1,12
12858,2,19
12859,0,9
12860,1,14
12861,2,8
12862,0,39
12863,1,21
12864,2,14
12865,0,39
12866,1,17
12867,2,20
12868,0,26
12869,1,19
12870,2,20
12871,0,18
12872,1,15
12873,2,16
12874,0,16
12875,1,13
12876,2,16
12877,0,28
12878,1,25
12879,2,20
12880,0,12
12881,1,15
12882,2,17
12883,0,22
12884,1,9
12885,2,19
12886,0,9
12887,1,19
12888,2,13
12889,0,18
12890,1,15
12891,2,38
12892,0,18
12893,1,11
12894,2,21
12895,0,26
12896,1,17
12897,2,15
12898,0,10
12899,1,12
12900,2,20
12901,0,20
12902,1,11
12903,2,18
12904,0,13
12905,1,19
12906,2,7
12907,0,21
12908,1,15
12909,2,16
12910,0,25
12911,1,12
12912,2,13
12913,0,10
12914,1,17
12915,2,13
12916,0,27
12917,1,20
12918,2,15
12919,0,22
12920,1,17
12921,2,11
12922,0,20
12923,1,12
12924,2,24
12925,0,17
12926,1,10
12927,2,13
12928,0,19
12929,1,15
12930,2,18
12931,0,19
12932,1,18
12933,2,21
12934,0,15
12935,1,9
12936,2,21
12937,0,26
12938,1,24
12939,2,18
12940,0,26
12941,1,13
12942,2,11
12943,0,20
12944,1,9
12945,2,17
12946,0,25
12947,1,24
12948,2,16
12949,0,22
12950,1,17
12951,2,15
12952,0,15
12953,1,14
12954,2,19
12955,0,11
12956,1,31
12957,2,31
12958,0,16
12959,1,26
12960,2,12
12961,0,32
12962,1,6
12963,2,14
12964,0,19
12965,1,22
12966,2,7
12967,0,11
12968,1,16
12969,2,19
12970,0,8
12971,1,6
12972,2,22
12973,0,14
12974,1,16
12975,2,28
12976,0,21
12977,1,14
12978,2,14
12979,0,23
12980,1,13
12981,2,22
12982,0,14
12983,1,32
12984,2,29
12985,0,21
12986,1,20
12987,2,15
12988,0,21
12989,1,10
12990,2,12
12991,0,29
12992,1,20
12993,2,13
12994,0,27
12995,1,18
12996,2,12
12997,0,24
12998,1,16
12999,2,19
13000,0,21
13001,1,15
13002,2,29
13003,0,17
13004,1,23
13005,2,10
13006,0,31
13007,1,17
13008,2,31
13009,0,12
13010,1,25
13011,2,27
13012,0,21
13013,1,11
13014,2,25
13015,0,16
13016,1,10
13017,2,17
13018,0,19
13019,1,27
13020,2,10
13021,0,20
13022,1,31
13023,2,16
13024,0,18
13025,1,11
13026,2,24
13027,0,24
13028,1,20
13029,2,25
13030,0,19
13031,1,27
13032,2,20
13033,0,8
13034,1,26
13035,2,11
13036,0,15
13037,1,12
13038,2,11
13039,0,25
13040,1,19
13041,2,12
13042,0,17
13043,1,12
13044,2,18
13045,0,32
13046,1,18
13047,2,24
13048,0,18
13049,1,20
13050,2,20
13051,0,22
13052,1,13
13053,2,17
13054,0,25
13055,1,11
13056,2,14
13057,0,34
13058,1,18
13059,2,22
13060,0,27
13061,1,11
13062,2,19
13063,0,10
13064,1,19
13065,2,25
13066,0,19
13067,1,18
13068,2,31
13069,0,10
13070,1,17
13071,2,7
13072,0,20
13073,1,21
13074,2,31
13075,0,21
13076,1,19
13077,2,9
13078,0,14
13079,1,11
13080,2,20
13081,0,20
13082,1,17
13083,2,21
13084,0,29
13085,1,20
13086,2,14
13087,0,24
13088,1,13
13089,2,15
13090,0,34
13091,1,11
13092,2,19
13093,0,15
13094,1,16
13095,2,9
13096,0,19
13097,1,24
13098,2,18
13099,0,12
13100,1,20
13101,2,19
13102,0,25
13103,1,12
13104,2,12
13105,0,15
13106,1,23
13107,2,8
13108,0,16
13109,1,14
13110,2,25
13111,0,23
13112,1,8
13113,2,32
13114,0,20
13115,1,16
13116,2,20
13117,0,28
13118,1,14
13119,2,25
13120,0,24
13121,1,9
13122,2,26
13123,0,9
13124,1,16
13125,2,24
13126,0,12
13127,1,12
13128,2,21
13129,0,25
13130,1,10
13131,2,17
13132,0,27
13133,1,6
13134,2,17
13135,0,15
13136,1,10
13137,2,24
13138,0,17
13139,1,12
13140,2,23
13141,0,21
13142,1,16
13143,2,14
13144,0,27
13145,1,23
13146,2,11
13147,0,19
13148,1,14
13149,2,23
13150,0,25
13151,1,18
13152,2,21
13153,0,20
13154,1,15
13155,2,17
13156,0,23
13157,1,20
13158,2,20
13159,0,23
13160,1,17
13161,2,15
13162,0,16
13163,1,9
13164,2,19
13165,0,15
13166,1,23
13167,2,11
13168,0,15
13169,1,14
13170,2,15
13171,0,13
13172,1,15
13173,2,9
13174,0,16
13175,1,12
13176,2,28
13177,0,21
13178,1,18
13179,2,8
13180,0,24
13181,1,21
13182,2,15
13183,0,12
13184,1,19
13185,2,21
13186,0,21
13187,1,16
13188,2,18
13189,0,21
13190,1,12
13191,2,19
13192,0,19
13193,1,17
13194,2,8
13195,0,19
13196,1,32
13197,2,14
13198,0,13
13199,1,23
13200,2,21
13201,0,30
13202,1,16
13203,2,22
13204,0,22
13205,1,7
13206,2,23
13207,0,26
13208,1,7
13209,2,19
13210,0,7
13211,1,20
13212,2,18
13213,0,18
13214,1,33
13215,2,20
13216,0,13
13217,1,8
13218,2,14
13219,0,42
13220,1,30
13221,2,24
13222,0,11
13223,1,26
13224,2,9
13225,0,17
13226,1,17
13227,2,23
13228,0,15
13229,1,12
13230,2,21
13231,0,13
13232,1,27
13233,2,34
13234,0,18
13235,1,18
13236,2,20
13237,0,28
13238,1,22
13239,2,12
13240,0,29
13241,1,11
13242,2,19
13243,0,14
13244,1,19
13245,2,15
13246,0,36
13247,1,16
13248,2,27
13249,0,31
13250,1,18
13251,2,15
13252,0,15
13253,1,24
13254,2,19
13255,0,14
13256,1,20
13257,2,14
13258,0,17
13259,1,9
13260,2,32
13261,0,20
13262,1,14
13263,2,14
13264,0,18
13265,1,39
13266,2,26
13267,0,25
13268,1,16
13269,2,9
13270,0,10
13271,1,21
13272,2,9
13273,0,15
13274,1,8
13275,2,15
13276,0,11
13277,1,17
13278,2,12
13279,0,24
13280,1,24
13281,2,32
13282,0,24
13283,1,9
13284,2,17
13285,0,16
13286,1,21
13287,2,22
13288,0,25
13289,1,24
13290,2,16
13291,0,17
13292,1,12
13293,2,23
13294,0,26
13295,1,24
13296,2,17
13297,0,30
13298,1,27
13299,2,21
13300,0,14
13301,1,26
13302,2,24
13303,0,17
13304,1,14
13305,2,23
13306,0,18
13307,1,17
13308,2,32
13309,0,22
13310,1,9
13311,2,14
13312,0,22
13313,1,11
13314,2,41
13315,0,8
13316,1,18
13317,2,16
13318,0,17
13319,1,12
13320,2,15
13321,0,16
13322,1,16
13323,2,10
13324,0,13
13325,1,19
13326,2,13
13327,0,24
13328,1,21
13329,2,23
13330,0,18
13331,1,28
13332,2,14
13333,0,21
13334,1,21
13335,2,26
13336,0,21
13337,1,34
13338,2,21
13339,0,18
13340,1,20
13341,2,13
13342,0,26
13343,1,15
13344,2,27
13345,0,18
13346,1,9
13347,2,32
13348,0,17
13349,1,22
13350,2,16
13351,0,25
13352,1,19
13353,2,25
13354,0,9
13355,1,14
13356,2,14
13357,0,25
13358,1,11
13359,2,20
13360,0,26
13361,1,18
13362,2,25
13363,0,20
13364,1,19
13365,2,7
13366,0,13
13367,1,18
13368,2,24
13369,0,20
13370,1,10
13371,2,17
13372,0,20
13373,1,29
13374,2,15
13375,0,20
13376,1,40
13377,2,12
13378,0,25
13379,1,12
13380,2,25
13381,0,14
13382,1,12
13383,2,28
13384,0,15
13385,1,11
13386,2,10
13387,0,16
13388,1,28
13389,2,21
13390,0,20
13391,1,15
13392,2,18
13393,0,27
13394,1,22
13395,2,18
13396,0,23
13397,1,12
13398,2,13
13399,0,16
13400,1,18
13401,2,20
13402,0,26
13403,1,15
13404,2,16
13405,0,21
13406,1,13
13407,2,15
13408,0,22
13409,1,23
13410,2,11
13411,0,32
13412,1,7
13413,2,24
13414,0,14
13415,1,26
13416,2,9
13417,0,14
13418,1,15
13419,2,13
13420,0,27
13421,1,27
13422,2,21
13423,0,26
13424,1,17
13425,2,16
13426,0,12
13427,1,24
13428,2,26
13429,0,27
13430,1,16
13431,2,40
13432,0,16
13433,1,30
13434,2,18
13435,0,24
13436,1,28
13437,2,6
13438,0,25
13439,1,11
13440,2,18
13441,0,25
13442,1,19
13443,2,15
13444,0,16
13445,1,15
13446,2,35
13447,0,18
13448,1,18
13449,2,23
13450,0,14
13451,1,10
13452,2,18
13453,0,18
13454,1,19
13455,2,27
13456,0,19
13457,1,23
13458,2,20
13459,0,15
13460,1,11
13461,2,18
13462,0,20
13463,1,14
13464,2,26
13465,0,20
13466,1,29
13467,2,14
13468,0,18
13469,1,8
13470,2,11
13471,0,22
13472,1,30
13473,2,20
13474,0,16
13475,1,26
13476,2,26
13477,0,17
13478,1,16
13479,2,31
13480,0,27
13481,1,27
13482,2,25
13483,0,17
13484,1,34
13485,2,14
13486,0,22
13487,1,13
13488,2,12
13489,0,12
13490,1,15
13491,2,28
13492,0,11
13493,1,11
13494,2,30
13495,0,24
13496,1,12
13497,2,20
13498,0,32
13499,1,44
13500,2,18
13501,0,9
13502,1,14
13503,2,18
13504,0,34
13505,1,11
13506,2,17
13507,0,28
13508,1,7
13509,2,26
13510,0,19
13511,1,31
13512,2,11
13513,0,19
13514,1,20
13515,2,20
13516,0,15
13517,1,32
13518,2,17
13519,0,8
13520,1,24
13521,2,13
13522,0,17
13523,1,17
13524,2,15
13525,0,18
13526,1,14
13527,2,25
13528,0,20
13529,1,23
13530,2,16
13531,0,25
13532,1,15
13533,2,29
13534,0,18
13535,1,20
13536,2,10
13537,0,21
13538,1,24
13539,2,24
13540,0,17
13541,1,25
13542,2,23
13543,0,20
13544,1,24
13545,2,17
13546,0,14
13547,1,27
13548,2,12
13549,0,25
13550,1,23
13551,2,13
13552,0,23
13553,1,14
13554,2,23
13555,0,17
13556,1,20
13557,2,9
13558,0,27
13559,1,20
13560,2,15
13561,0,7
13562,1,12
13563,2,8
13564,0,12
13565,1,15
13566,2,20
13567,0,19
13568,1,23
13569,2,14
13570,0,15
13571,1,20
13572,2,20
13573,0,23
13574,1,6
13575,2,11
13576,0,14
13577,1,12
13578,2,18
13579,0,25
13580,1,13
13581,2,8
13582,0,24
13583,1,22
13584,2,10
13585,0,16
13586,1,7
13587,2,23
13588,0,16
13589,1,16
13590,2,20
13591,0,15
13592,1,33
13593,2,19
13594,0,22
13595,1,17
13596,2,18
13597,0,13
13598,1,15
13599,2,18
13600,0,24
13601,1,15
13602,2,25
13603,0,25
13604,1,15
13605,2,10
13606,0,8
13607,1,29
13608,2,21
13609,0,15
13610,1,16
13611,2,28
13612,0,18
13613,1,14
13614,2,25
13615,0,31
13616,1,21
13617,2,18
13618,0,19
13619,1,15
13620,2,16
13621,0,17
13622,1,25
13623,2,15
13624,0,15
13625,1,21
13626,2,15
13627,0,20
13628,1,14
13629,2,13
13630,0,15
13631,1,24
13632,2,11
13633,0,22
13634,1,9
13635,2,11
13636,0,21
13637,1,22
13638,2,12
13639,0,13
13640,1,4
13641,2,21
13642,0,24
13643,1,12
13644,2,31
13645,0,8
13646,1,10
13647,2,11
13648,0,25
13649,1,20
13650,2,32
13651,0,14
13652,1,17
13653,2,22
13654,0,19
13655,1,10
13656,2,9
13657,0,30
13658,1,20
13659,2,15
13660,0,19
13661,1,23
13662,2,11
13663,0,12
13664,1,17
13665,2,17
13666,0,17
13667,1,22
13668,2,22
13669,0,15
13670,1,19
13671,2,17
13672,0,24
13673,1,18
13674,2,18
13675,0,39
13676,1,20
13677,2,20
13678,0,16
13679,1,8
13680,2,7
13681,0,15
13682,1,15
13683,2,16
13684,0,22
13685,1,24
13686,2,9
13687,0,11
13688,1,9
13689,2,12
13690,0,21
13691,1,10
13692,2,18
13693,0,20
13694,1,7
13695,2,15
13696,0,24
13697,1,11
13698,2,8
13699,0,13
13700,1,18
13701,2,29
13702,0,16
13703,1,21
13704,2,13
13705,0,14
13706,1,15
13707,2,18
13708,0,23
13709,1,22
13710,2,15
13711,0,12
13712,1,20
13713,2,14
13714,0,15
13715,1,7
13716,2,27
13717,0,17
13718,1,23
13719,2,22
13720,0,14
13721,1,17
13722,2,21
13723,0,10
13724,1,19
13725,2,12
13726,0,17
13727,1,21
13728,2,27
13729,0,16
13730,1,17
13731,2,19
13732,0,21
13733,1,34
13734,2,8
13735,0,17
13736,1,21
13737,2,7
13738,0,15
13739,1,10
13740,2,17
13741,0,15
13742,1,20
13743,2,9
13744,0,17
13745,1,19
13746,2,18
13747,0,14
13748,1,24
13749,2,17
13750,0,17
13751,1,19
13752,2,13
13753,0,14
13754,1,14
13755,2,28
13756,0,10
13757,1,15
13758,2,35
13759,0,14
13760,1,16
13761,2,10
13762,0,18
13763,1,31
13764,2,11
13765,0,34
13766,1,28
13767,2,20
13768,0,16
13769,1,26
13770,2,25
13771,0,16
13772,1,22
13773,2,15
13774,0,27
13775,1,23
13776,2,14
13777,0,12
13778,1,15
13779,2,18
13780,0,21
13781,1,22
13782,2,17
13783,0,18
13784,1,13
13785,2,20
13786,0,19
13787,1,33
13788,2,9
13789,0,20
13790,1,16
13791,2,16
13792,0,12
13793,1,16
13794,2,16
13795,0,10
13796,1,16
13797,2,13
13798,0,17
13799,1,17
13800,2,23
13801,0,19
13802,1,12
13803,2,27
13804,0,12
13805,1,14
13806,2,15
13807,0,19
13808,1,19
13809,2,19
13810,0,25
13811,1,20
13812,2,24
13813,0,15
13814,1,23
13815,2,13
13816,0,30
13817,1,27
13818,2,16
13819,0,15
13820,1,27
13821,2,14
13822,0,21
13823,1,13
13824,2,12
13825,0,19
13826,1,23
13827,2,29
13828,0,25
13829,1,22
13830,2,12
13831,0,19
13832,1,17
13833,2,6
13834,0,16
13835,1,12
13836,2,8
13837,0,23
13838,1,6
13839,2,19
13840,0,18
13841,1,24
13842,2,29
13843,0,21
13844,1,28
13845,2,24
13846,0,15
13847,1,21
13848,2,9
13849,0,34
13850,1,24
13851,2,15
13852,0,5
13853,1,25
13854,2,17
13855,0,37
13856,1,22
13857,2,16
13858,0,16
13859,1,22
13860,2,18
13861,0,13
13862,1,32
13863,2,10
13864,0,16
13865,1,18
13866,2,26
13867,0,25
13868,1,14
13869,2,21
13870,0,25
13871,1,14
13872,2,23
13873,0,10
13874,1,17
13875,2,15
13876,0,17
13877,1,9
13878,2,22
13879,0,20
13880,1,26
13881,2,8
13882,0,21
13883,1,26
13884,2,9
13885,0,27
13886,1,14
13887,2,21
13888,0,17
13889,1,19
13890,2,10
13891,0,22
13892,1,21
13893,2,28
13894,0,12
13895,1,23
13896,2,21
13897,0,13
13898,1,8
13899,2,17
13900,0,26
13901,1,18
13902,2,22
13903,0,12
13904,1,26
13905,2,18
13906,0,22
13907,1,7
13908,2,28
13909,0,14
13910,1,19
13911,2,20
13912,0,44
13913,1,20
13914,2,16
13915,0,15
13916,1,25
13917,2,19
13918,0,25
13919,1,32
13920,2,14
13921,0,31
13922,1,21
13923,2,13
13924,0,21
13925,1,9
13926,2,17
13927,0,24
13928,1,14
13929,2,34
13930,0,24
13931,1,14
13932,2,19
13933,0,19
13934,1,10
13935,2,19
13936,0,31
13937,1,27
13938,2,26
13939,0,21
13940,1,5
13941,2,19
13942,0,15
13943,1,15
13944,2,15
13945,0,19
13946,1,8
13947,2,19
13948,0,16
13949,1,10
13950,2,19
13951,0,17
13952,1,12
13953,2,16
13954,0,10
13955,1,16
13956,2,15
13957,0,27
13958,1,25
13959,2,17
13960,0,27
13961,1,20
13962,2,19
13963,0,15
13964,1,14
13965,2,23
13966,0,27
13967,1,15
13968,2,11
13969,0,16
13970,1,29
13971,2,22
13972,0,9
13973,1,21
13974,2,14
13975,0,20
13976,1,8
13977,2,19
13978,0,21
13979,1,17
13980,2,23
13981,0,16
13982,1,12
13983,2,22
13984,0,12
13985,1,22
13986,2,12
13987,0,16
13988,1,15
13989,2,22
13990,0,25
13991,1,8
13992,2,9
13993,0,26
13994,1,9
13995,2,8
13996,0,16
13997,1,31
13998,2,18
13999,0,18
14000,1,14
14001,2,18
14002,0,9
14003,1,17
14004,2,16
14005,0,21
14006,1,18
14007,2,18
14008,0,24
14009,1,12
14010,2,11
14011,0,17
14012,1,14
14013,2,17
14014,0,9
14015,1,20
14016,2,19
14017,0,17
14018,1,31
14019,2,23
14020,0,20
14021,1,26
14022,2,18
14023,0,17
14024,1,24
14025,2,21
14026,0,14
14027,1,23
14028,2,19
14029,0,16
14030,1,13
14031,2,8
14032,0,19
14033,1,21
14034,2,16
14035,0,17
14036,1,21
14037,2,16
14038,0,29
14039,1,27
14040,2,23
14041,0,24
14042,1,13
14043,2,29
14044,0,27
14045,1,30
14046,2,8
14047,0,21
14048,1,15
14049,2,22
14050,0,38
14051,1,14
14052,2,18
14053,0,21
14054,1,12
14055,2,13
14056,0,28
14057,1,16
14058,2,19
14059,0,30
14060,1,10
14061,2,20
14062,0,19
14063,1,24
14064,2,12
14065,0,19
14066,1,6
14067,2,23
14068,0,20
14069,1,21
14070,2,34
14071,0,21
14072,1,9
14073,2,17
14074,0,18
14075,1,19
14076,2,13
14077,0,20
14078,1,16
14079,2,16
14080,0,22
14081,1,25
14082,2,21
14083,0,24
14084,1,12
14085,2,17
14086,0,17
14087,1,17
14088,2,13
14089,0,28
14090,1,8
14091,2,9
14092,0,14
14093,1,19
14094,2,22
14095,0,17
14096,1,15
14097,2,21
14098,0,21
14099,1,18
14100,2,11
14101,0,30
14102,1,24
14103,2,24
14104,0,17
14105,1,11
14106,2,19
14107,0,25
14108,1,19
14109,2,21
14110,0,13
14111,1,22
14112,2,10
14113,0,25
14114,1,17
14115,2,20
14116,0,16
14117,1,14
14118,2,8
14119,0,21
14120,1,19
14121,2,32
14122,0,17
14123,1,18
14124,2,13
14125,0,26
14126,1,17
14127,2,30
14128,0,15
14129,1,17
14130,2,17
14131,0,12
14132,1,27
14133,2,14
14134,0,17
14135,1,26
14136,2,16
14137,0,23
14138,1,13
14139,2,26
14140,0,20
14141,1,20
14142,2,12
14143,0,27
14144,1,9
14145,2,19
14146,0,16
14147,1,12
14148,2,25
14149,0,6
14150,1,14
14151,2,21
14152,0,22
14153,1,25
14154,2,14
14155,0,18
14156,1,15
14157,2,20
14158,0,15
14159,1,21
14160,2,15
14161,0,17
14162,1,15
14163,2,27
14164,0,25
14165,1,15
14166,2,15
14167,0,18
14168,1,9
14169,2,26
14170,0,15
14171,1,26
14172,2,19
14173,0,25
14174,1,10
14175,2,11
14176,0,25
14177,1,9
14178,2,26
14179,0,26
14180,1,14
14181,2,17
14182,0,10
14183,1,18
14184,2,34
14185,0,14
14186,1,16
14187,2,18
14188,0,18
14189,1,4
14190,2,13
14191,0,16
14192,1,16
14193,2,19
14194,0,23
14195,1,19
14196,2,22
14197,0,12
14198,1,18
14199,2,24
14200,0,17
14201,1,32
14202,2,21
14203,0,12
14204,1,18
14205,2,20
14206,0,18
14207,1,23
14208,2,24
14209,0,34
14210,1,22
14211,2,26
14212,0,21
14213,1,12
14214,2,17
14215,0,15
14216,1,25
14217,2,23
14218,0,16
14219,1,21
14220,2,17
14221,0,13
14222,1,6
14223,2,12
14224,0,10
14225,1,33
14226,2,13
14227,0,16
14228,1,34
14229,2,7
14230,0,26
14231,1,26
14232,2,23
14233,0,27
14234,1,12
14235,2,11
14236,0,16
14237,1,14
14238,2,35
14239,0,23
14240,1,39
14241,2,17
14242,0,13
14243,1,28
14244,2,18
14245,0,28
14246,1,25
14247,2,21
14248,0,12
14249,1,18
14250,2,28
14251,0,12
14252,1,10
14253,2,10
14254,0,34
14255,1,28
14256,2,24
14257,0,23
14258,1,15
14259,2,22
14260,0,15
14261,1,24
14262,2,25
14263,0,21
14264,1,22
14265,2,20
14266,0,20
14267,1,9
14268,2,12
14269,0,18
14270,1,18
14271,2,18
14272,0,9
14273,1,18
14274,2,17
14275,0,26
14276,1,9
14277,2,15
14278,0,20
14279,1,28
14280,2,27
14281,0,25
14282,1,11
14283,2,25
14284,0,16
14285,1,12
14286,2,16
14287,0,31
14288,1,25
14289,2,23
14290,0,15
14291,1,10
14292,2,13
14293,0,11
14294,1,12
14295,2,12
14296,0,22
14297,1,15
14298,2,11
14299,0,22
14300,1,19
14301,2,27
14302,0,16
14303,1,13
14304,2,9
14305,0,5
14306,1,30
14307,2,8
14308,0,25
14309,1,14
14310,2,31
14311,0,18
14312,1,19
14313,2,27
14314,0,20
14315,1,13
14316,2,17
14317,0,21
14318,1,15
14319,2,13
14320,0,17
14321,1,41
14322,2,17
14323,0,16
14324,1,7
14325,2,30
14326,0,13
14327,1,11
14328,2,15
14329,0,37
14330,1,20
14331,2,9
14332,0,28
14333,1,21
14334,2,15
14335,0,20
14336,1,5
14337,2,32
14338,0,21
14339,1,18
14340,2,20
14341,0,8
14342,1,14
14343,2,36
14344,0,16
14345,1,20
14346,2,8
14347,0,15
14348,1,22
14349,2,15
14350,0,32
14351,1,18
14352,2,20
14353,0,27
14354,1,24
14355,2,19
14356,0,20
14357,1,13
14358,2,18
14359,0,25
14360,1,19
14361,2,11
14362,0,10
14363,1,17
14364,2,15
14365,0,24
14366,1,12
14367,2,16
14368,0,29
14369,1,20
14370,2,16
14371,0,32
14372,1,16
14373,2,8
14374,0,18
14375,1,15
14376,2,22
14377,0,17
14378,1,32
14379,2,14
14380,0,22
14381,1,18
14382,2,18
14383,0,24
14384,1,40
14385,2,15
14386,0,19
14387,1,16
14388,2,11
14389,0,25
14390,1,22
14391,2,15
14392,0,15
14393,1,16
14394,2,24
14395,0,20
14396,1,21
14397,2,26
14398,0,5
14399,1,22
14400,2,9
14401,0,12
14402,1,18
14403,2,23
14404,0,11
14405,1,6
14406,2,19
14407,0,28
14408,1,15
14409,2,10
14410,0,18
14411,1,13
14412,2,9
14413,0,25
14414,1,11
14415,2,20
14416,0,18
14417,1,21
14418,2,19
14419,0,19
14420,1,26
14421,2,20
14422,0,11
14423,1,8
14424,2,21
14425,0,28
14426,1,8
14427,2,14
14428,0,12
14429,1,16
14430,2,13
14431,0,18
14432,1,11
14433,2,18
14434,0,9
14435,1,16
14436,2,14
14437,0,17
14438,1,14
14439,2,18
14440,0,22
14441,1,13
14442,2,23
14443,0,11
14444,1,16
14445,2,24
14446,0,24
14447,1,15
14448,2,25
14449,0,20
14450,1,26
14451,2,25
14452,0,15
14453,1,17
14454,2,27
14455,0,20
14456,1,22
14457,2,21
14458,0,24
14459,1,27
14460,2,21
14461,0,17
14462,1,21
14463,2,19
14464,0,13
14465,1,15
14466,2,13
14467,0,8
14468,1,19
14469,2,8
14470,0,26
14471,1,15
14472,2,9
14473,0,14
14474,1,15
14475,2,29
14476,0,21
14477,1,12
14478,2,13
14479,0,19
14480,1,28
14481,2,5
14482,0,9
14483,1,12
14484,2,17
14485,0,13
14486,1,21
14487,2,24
14488,0,12
14489,1,21
14490,2,23
14491,0,16
14492,1,16
14493,2,27
14494,0,18
14495,1,14
14496,2,19
14497,0,12
14498,1,7
14499,2,30
14500,0,16
14501,1,22
14502,2,24
14503,0,22
14504,1,15
14505,2,12
14506,0,21
14507,1,14
14508,2,12
14509,0,21
14510,1,19
14511,2,18
14512,0,17
14513,1,13
14514,2,18
14515,0,14
14516,1,25
14517,2,6
14518,0,24
14519,1,9
14520,2,23
14521,0,13
14522,1,12
14523,2,12
14524,0,22
14525,1,4
14526,2,32
14527,0,23
14528,1,17
14529,2,23
14530,0,16
14531,1,27
14532,2,15
14533,0,18
14534,1,13
14535,2,16
14536,0,36
14537,1,27
14538,2,31
14539,0,17
14540,1,21
14541,2,11
14542,0,19
14543,1,19
14544,2,22
14545,0,32
14546,1,21
14547,2,10
14548,0,20
14549,1,18
14550,2,22
14551,0,13
14552,1,13
14553,2,14
14554,0,22
14555,1,13
14556,2,17
14557,0,26
14558,1,8
14559,2,8
14560,0,17
14561,1,20
14562,2,12
14563,0,21
14564,1,8
14565,2,20
14566,0,23
14567,1,20
14568,2,16
14569,0,14
14570,1,20
14571,2,15
14572,0,13
14573,1,10
14574,2,24
14575,0,32
14576,1,13
14577,2,20
14578,0,11
14579,1,11
14580,2,18
14581,0,29
14582,1,30
14583,2,11
14584,0,28
14585,1,18
14586,2,40
14587,0,24
14588,1,11
14589,2,19
14590,0,31
14591,1,19
14592,2,30
14593,0,31
14594,1,18
14595,2,24
14596,0,18
14597,1,12
14598,2,28
14599,0,22
14600,1,13
14601,2,12
14602,0,18
14603,1,17
14604,2,11
14605,0,19
14606,1,17
14607,2,5
14608,0,20
14609,1,27
14610,2,25
14611,0,16
14612,1,26
14613,2,13
14614,0,24
14615,1,14
14616,2,16
14617,0,23
14618,1,23
14619,2,16
14620,0,34
14621,1,10
14622,2,27
14623,0,23
14624,1,21
14625,2,19
14626,0,9
14627,1,20
14628,2,18
14629,0,16
14630,1,10
14631,2,15
14632,0,24
14633,1,18
14634,2,22
14635,0,39
14636,1,11
14637,2,16
14638,0,27
14639,1,21
14640,2,20
14641,0,16
14642,1,9
14643,2,17
14644,0,6
14645,1,31
14646,2,19
14647,0,19
14648,1,18
14649,2,26
14650,0,23
14651,1,18
14652,2,23
14653,0,29
14654,1,14
14655,2,19
14656,0,17
14657,1,11
14658,2,23
14659,0,21
14660,1,15
14661,2,23
14662,0,20
14663,1,22
14664,2,12
14665,0,13
14666,1,17
14667,2,22
14668,0,14
14669,1,11
14670,2,9
14671,0,20
14672,1,5
14673,2,11
14674,0,22
14675,1,17
14676,2,12
14677,0,19
14678,1,7
14679,2,22
14680,0,12
14681,1,21
14682,2,16
14683,0,17
14684,1,19
14685,2,12
14686,0,24
14687,1,14
14688,2,9
14689,0,35
14690,1,11
14691,2,20
14692,0,10
14693,1,21
14694,2,26
14695,0,17
14696,1,13
14697,2,28
14698,0,14
14699,1,17
14700,2,28
14701,0,10
14702,1,8
14703,2,31
14704,0,21
14705,1,14
14706,2,8
14707,0,22
14708,1,12
14709,2,8
14710,0,20
14711,1,12
14712,2,22
14713,0,12
14714,1,16
14715,2,20
14716,0,15
14717,1,27
14718,2,21
14719,0,21
14720,1,20
14721,2,24
14722,0,11
14723,1,22
14724,2,9
14725,0,11
14726,1,15
14727,2,21
14728,0,14
14729,1,15
14730,2,14
14731,0,20
14732,1,14
14733,2,18
14734,0,14
14735,1,19
14736,2,19
14737,0,11
14738,1,14
14739,2,16
14740,0,11
14741,1,20
14742,2,33
14743,0,10
14744,1,8
14745,2,22
14746,0,24
14747,1,16
14748,2,16
14749,0,16
14750,1,12
14751,2,40
14752,0,26
14753,1,10
14754,2,16
14755,0,13
14756,1,6
14757,2,16
14758,0,16
14759,1,16
14760,2,14
14761,0,15
14762,1,12
14763,2,19
14764,0,20
14765,1,25
14766,2,17
14767,0,14
14768,1,16
14769,2,14
14770,0,21
14771,1,27
14772,2,11
14773,0,11
14774,1,13
14775,2,14
14776,0,23
14777,1,24
14778,2,13
14779,0,14
14780,1,21
14781,2,17
14782,0,13
14783,1,9
14784,2,15
14785,0,19
14786,1,20
14787,2,37
14788,0,23
14789,1,20
14790,2,15
14791,0,16
14792,1,13
14793,2,13
14794,0,23
14795,1,30
14796,2,16
14797,0,23
14798,1,25
14799,2,12
14800,0,28
14801,1,21
14802,2,16
14803,0,27
14804,1,13
14805,2,13
14806,0,22
14807,1,7
14808,2,15
14809,0,33
14810,1,14
14811,2,10
14812,0,16
14813,1,8
14814,2,13
14815,0,21
14816,1,20
14817,2,12
14818,0,14
14819,1,7
14820,2,10
14821,0,10
14822,1,26
14823,2,14
14824,0,14
14825,1,21
14826,2,31
14827,0,22
14828,1,14
14829,2,5
14830,0,19
14831,1,12
14832,2,26
14833,0,15
14834,1,37
14835,2,19
14836,0,23
14837,1,20
14838,2,21
14839,0,14
14840,1,29
14841,2,21
14842,0,8
14843,1,24
14844,2,14
14845,0,14
14846,1,10
14847,2,19
14848,0,20
14849,1,18
14850,2,23
14851,0,13
14852,1,17
14853,2,10
14854,0,40
14855,1,14
14856,2,23
14857,0,15
14858,1,16
14859,2,13
14860,0,20
14861,1,17
14862,2,16
14863,0,21
14864,1,23
14865,2,13
14866,0,25
14867,1,17
14868,2,20
14869,0,23
14870,1,17
14871,2,23
14872,0,31
14873,1,22
14874,2,11
14875,0,24
14876,1,14
14877,2,12
14878,0,19
14879,1,10
14880,2,10
14881,0,20
14882,1,25
14883,2,8
14884,0,12
14885,1,13
14886,2,16
14887,0,18
14888,1,16
14889,2,16
14890,0,21
14891,1,15
14892,2,20
14893,0,13
14894,1,27
14895,2,19
14896,0,15
14897,1,22
14898,2,19
14899,0,25
14900,1,20
14901,2,15
14902,0,26
14903,1,20
14904,2,31
14905,0,31
14906,1,24
14907,2,43
14908,0,22
14909,1,11
14910,2,15
14911,0,12
14912,1,16
14913,2,21
14914,0,21
14915,1,16
14916,2,17
14917,0,20
14918,1,7
14919,2,26
14920,0,27
14921,1,19
14922,2,20
14923,0,24
14924,1,27
14925,2,13
14926,0,17
14927,1,12
14928,2,26
14929,0,17
14930,1,15
14931,2,17
14932,0,19
14933,1,27
14934,2,19
14935,0,20
14936,1,22
14937,2,22
14938,0,16
14939,1,27
14940,2,25
14941,0,17
14942,1,9
14943,2,22
14944,0,12
14945,1,10
14946,2,12
14947,0,26
14948,1,27
14949,2,20
14950,0,7
14951,1,17
14952,2,18
14953,0,29
14954,1,11
14955,2,23
14956,0,16
14957,1,10
14958,2,15
14959,0,12
14960,1,12
14961,2,13
14962,0,16
14963,1,11
14964,2,10
14965,0,10
14966,1,18
14967,2,10
14968,0,25
14969,1,19
14970,2,14
14971,0,30
14972,1,14
14973,2,14
14974,0,8
14975,1,16
14976,2,11
14977,0,12
14978,1,29
14979,2,25
14980,0,7
14981,1,13
14982,2,16
14983,0,24
14984,1,16
14985,2,6
14986,0,26
14987,1,24
14988,2,12
14989,0,12
14990,1,17
14991,2,8
14992,0,22
14993,1,10
14994,2,17
14995,0,19
14996,1,10
14997,2,9
14998,0,29
14999,1,18
15000,2,17
15001,0,21
15002,1,21
15003,2,9
15004,0,20
15005,1,19
15006,2,12
15007,0,8
15008,1,13
15009,2,12
15010,0,25
15011,1,32
15012,2,18
15013,0,27
15014,1,13
15015,2,12
15016,0,31
15017,1,16
15018,2,13
15019,0,27
15020,1,15
15021,2,12
15022,0,9
15023,1,13
15024,2,26
15025,0,16
15026,1,13
15027,2,12
15028,0,7
15029,1,19
15030,2,21
15031,0,9
15032,1,21
15033,2,15
15034,0,18
15035,1,21
15036,2,16
15037,0,26
15038,1,15
15039,2,13
15040,0,18
15041,1,18
15042,2,13
15043,0,17
15044,1,8
15045,2,7
15046,0,12
15047,1,12
15048,2,21
15049,0,15
15050,1,19
15051,2,17
15052,0,18
15053,1,24
15054,2,9
15055,0,18
15056,1,25
15057,2,10
15058,0,17
15059,1,16
15060,2,14
15061,0,16
15062,1,19
15063,2,29
15064,0,14
15065,1,9
15066,2,31
15067,0,17
15068,1,12
15069,2,28
15070,0,24
15071,1,19
15072,2,14
15073,0,23
15074,1,24
15075,2,13
15076,0,17
15077,1,34
15078,2,15
15079,0,21
15080,1,16
15081,2,13
15082,0,17
15083,1,25
15084,2,21
15085,0,22
15086,1,23
15087,2,18
15088,0,18
15089,1,10
15090,2,11
15091,0,26
15092,1,16
15093,2,14
15094,0,23
15095,1,12
15096,2,9
15097,0,25
15098,1,15
15099,2,20
15100,0,16
15101,1,9
15102,2,19
15103,0,25
15104,1,10
15105,2,21
15106,0,11
15107,1,30
15108,2,27
15109,0,24
15110,1,3
15111,2,11
15112,0,22
15113,1,18
15114,2,14
15115,0,24
15116,1,20
15117,2,22
15118,0,11
15119,1,14
15120,2,15
15121,0,29
15122,1,29
15123,2,23
15124,0,15
15125,1,19
15126,2,16
15127,0,18
15128,1,21
15129,2,13
15130,0,10
15131,1,14
15132,2,17
15133,0,26
15134,1,10
15135,2,8
15136,0,23
15137,1,19
15138,2,23
15139,0,25
15140,1,16
15141,2,10
15142,0,31
15143,1,19
15144,2,16
15145,0,31
15146,1,21
15147,2,18
15148,0,22
15149,1,28
15150,2,16
15151,0,16
15152,1,14
15153,2,20
15154,0,29
15155,1,16
15156,2,24
15157,0,27
15158,1,14
15159,2,16
15160,0,20
15161,1,30
15162,2,31
15163,0,23
15164,1,26
15165,2,19
15166,0,19
15167,1,26
15168,2,23
15169,0,19
15170,1,14
15171,2,13
15172,0,14
15173,1,1
15174,2,23
15175,0,24
15176,1,21
15177,2,19
15178,0,26
15179,1,17
15180,2,20
15181,0,19
15182,1,14
15183,2,14
15184,0,31
15185,1,11
15186,2,11
15187,0,17
15188,1,19
15189,2,10
15190,0,23
15191,1,21
15192,2,19
15193,0,35
15194,1,12
15195,2,14
15196,0,18
15197,1,32
15198,2,30
15199,0,15
15200,1,14
15201,2,15
15202,0,26
15203,1,18
15204,2,28
15205,0,23
15206,1,14
15207,2,24
15208,0,14
15209,1,13
15210,2,29
15211,0,29
15212,1,10
15213,2,25
15214,0,12
15215,1,15
15216,2,20
15217,0,19
15218,1,15
15219,2,22
15220,0,26
15221,1,23
15222,2,28
15223,0,25
15224,1,12
15225,2,16
15226,0,24
15227,1,22
15228,2,9
15229,0,14
15230,1,14
15231,2,22
15232,0,31
15233,1,30
15234,2,38
15235,0,22
15236,1,12
15237,2,24
15238,0,10
15239,1,15
15240,2,20
15241,0,10
15242,1,19
15243,2,14
15244,0,23
15245,1,16
15246,2,23
15247,0,8
15248,1,20
15249,2,12
15250,0,13
15251,1,10
15252,2,15
15253,0,14
15254,1,15
15255,2,16
15256,0,20
15257,1,9
15258,2,27
15259,0,23
15260,1,12
15261,2,23
15262,0,15
15263,1,16
15264,2,13
15265,0,17
15266,1,10
15267,2,11
15268,0,18
15269,1,19
15270,2,19
15271,0,25
15272,1,14
15273,2,15
15274,0,16
15275,1,15
15276,2,13
15277,0,22
15278,1,9
15279,2,9
15280,0,28
15281,1,27
15282,2,21
15283,0,16
15284,1,9
15285,2,32
15286,0,9
15287,1,19
15288,2,17
15289,0,35
15290,1,12
15291,2,27
15292,0,13
15293,1,28
15294,2,15
15295,0,14
15296,1,18
15297,2,20
15298,0,25
15299,1,23
15300,2,31
15301,0,22
15302,1,26
15303,2,7
15304,0,13
15305,1,13
15306,2,5
15307,0,29
15308,1,34
15309,2,30
15310,0,21
15311,1,16
15312,2,27
15313,0,23
15314,1,6
15315,2,15
15316,0,26
15317,1,11
15318,2,19
15319,0,26
15320,1,23
15321,2,32
15322,0,15
15323,1,19
15324,2,10
15325,0,12
15326,1,19
15327,2,16
15328,0,14
15329,1,22
15330,2,25
15331,0,16
15332,1,17
15333,2,18
15334,0,28
15335,1,18
15336,2,29
15337,0,22
15338,1,15
15339,2,16
15340,0,25
15341,1,16
15342,2,21
15343,0,23
15344,1,15
15345,2,32
15346,0,19
15347,1,20
15348,2,24
15349,0,19
15350,1,13
15351,2,11
15352,0,24
15353,1,16
15354,2,25
15355,0,25
15356,1,20
15357,2,26
15358,0,15
15359,1,37
15360,2,10
15361,0,17
15362,1,12
15363,2,19
15364,0,8
15365,1,18
15366,2,26
15367,0,33
15368,1,10
15369,2,19
15370,0,26
15371,1,31
15372,2,21
15373,0,21
15374,1,15
15375,2,25
15376,0,18
15377,1,20
15378,2,18
15379,0,27
15380,1,9
15381,2,13
15382,0,18
15383,1,16
15384,2,17
15385,0,25
15386,1,16
15387,2,26
15388,0,12
15389,1,17
15390,2,27
15391,0,19
15392,1,29
15393,2,12
15394,0,21
15395,1,8
15396,2,20
15397,0,23
15398,1,11
15399,2,15
15400,0,22
15401,1,21
15402,2,25
15403,0,17
15404,1,21
15405,2,19
15406,0,11
15407,1,10
15408,2,12
15409,0,18
15410,1,22
15411,2,18
15412,0,26
15413,1,16
15414,2,21
15415,0,22
15416,1,24
15417,2,10
15418,0,12
15419,1,20
15420,2,13
15421,0,22
15422,1,36
15423,2,21
15424,0,28
15425,1,14
15426,2,13
15427,0,30
15428,1,14
15429,2,20
15430,0,23
15431,1,20
15432,2,17
15433,0,21
15434,1,18
15435,2,24
15436,0,19
15437,1,17
15438,2,20
15439,0,13
15440,1,9
15441,2,10
15442,0,16
15443,1,24
15444,2,16
15445,0,18
15446,1,17
15447,2,18
15448,0,14
15449,1,13
15450,2,33
15451,0,14
15452,1,10
15453,2,21
15454,0,14
15455,1,26
15456,2,12
15457,0,19
15458,1,17
15459,2,17
15460,0,15
15461,1,13
15462,2,24
15463,0,13
15464,1,8
15465,2,12
15466,0,12
15467,1,11
15468,2,16
15469,0,27
15470,1,19
15471,2,22
15472,0,17
15473,1,14
15474,2,26
15475,0,24
15476,1,11
15477,2,22
15478,0,19
15479,1,7
15480,2,18
15481,0,8
15482,1,17
15483,2,40
15484,0,22
15485,1,18
15486,2,27
15487,0,27
15488,1,23
15489,2,28
15490,0,18
15491,1,25
15492,2,14
15493,0,15
15494,1,17
15495,2,16
15496,0,19
15497,1,15
15498,2,16
15499,0,14
15500,1,26
15501,2,23
15502,0,9
15503,1,20
15504,2,37
15505,0,25
15506,1,10
15507,2,4
15508,0,15
15509,1,20
15510,2,13
15511,0,15
15512,1,18
15513,2,16
15514,0,13
15515,1,7
15516,2,18
15517,0,29
15518,1,17
15519,2,37
15520,0,22
15521,1,15
15522,2,15
15523,0,28
15524,1,14
15525,2,13
15526,0,42
15527,1,28
15528,2,35
15529,0,12
15530,1,24
15531,2,13
15532,0,19
15533,1,20
15534,2,19
15535,0,23
15536,1,22
15537,2,30
15538,0,21
15539,1,16
15540,2,13
15541,0,16
15542,1,13
15543,2,29
15544,0,28
15545,1,22
15546,2,18
15547,0,23
15548,1,25
15549,2,25
15550,0,16
15551,1,22
15552,2,19
15553,0,19
15554,1,16
15555,2,14
15556,0,17
15557,1,27
15558,2,21
15559,0,18
15560,1,13
15561,2,16
15562,0,14
15563,1,19
15564,2,15
15565,0,14
15566,1,15
15567,2,16
15568,0,14
15569,1,7
15570,2,17
15571,0,19
15572,1,21
15573,2,18
15574,0,15
15575,1,14
15576,2,15
15577,0,22
15578,1,14
15579,2,15
15580,0,16
15581,1,19
15582,2,22
15583,0,14
15584,1,19
15585,2,23
15586,0,26
15587,1,28
15588,2,16
15589,0,23
15590,1,22
15591,2,27
15592,0,19
15593,1,20
15594,2,15
15595,0,24
15596,1,16
15597,2,29
15598,0,20
15599,1,17
15600,2,12
15601,0,25
15602,1,23
15603,2,28
15604,0,30
15605,1,15
15606,2,17
15607,0,23
15608,1,15
15609,2,12
15610,0,8
15611,1,14
15612,2,29
15613,0,19
15614,1,13
15615,2,30
15616,0,21
15617,1,18
15618,2,18
15619,0,27
15620,1,22
15621,2,48
15622,0,22
15623,1,17
15624,2,29
15625,0,14
15626,1,17
15627,2,8
15628,0,18
15629,1,27
15630,2,15
15631,0,18
15632,1,14
15633,2,23
15634,0,21
15635,1,8
15636,2,22
15637,0,18
15638,1,24
15639,2,24
15640,0,28
15641,1,14
15642,2,13
15643,0,23
15644,1,37
15645,2,24
15646,0,13
15647,1,16
15648,2,21
15649,0,13
15650,1,12
15651,2,17
15652,0,15
15653,1,25
15654,2,32
15655,0,20
15656,1,23
15657,2,17
15658,0,14
15659,1,11
15660,2,20
15661,0,17
15662,1,23
15663,2,21
15664,0,9
15665,1,17
15666,2,15
15667,0,14
15668,1,17
15669,2,24
15670,0,18
15671,1,11
15672,2,8
15673,0,20
15674,1,13
15675,2,10
15676,0,14
15677,1,15
15678,2,29
15679,0,24
15680,1,11
15681,2,18
15682,0,23
15683,1,16
15684,2,14
15685,0,14
15686,1,17
15687,2,13
15688,0,15
15689,1,17
15690,2,21
15691,0,18
15692,1,18
15693,2,9
15694,0,39
15695,1,7
15696,2,16
15697,0,23
15698,1,23
15699,2,21
15700,0,23
15701,1,18
15702,2,17
15703,0,20
15704,1,45
15705,2,22
15706,0,21
15707,1,27
15708,2,9
15709,0,26
15710,1,26
15711,2,14
15712,0,18
15713,1,21
15714,2,23
15715,0,10
15716,1,24
15717,2,13
15718,0,10
15719,1,6
15720,2,22
15721,0,18
15722,1,21
15723,2,18
15724,0,18
15725,1,9
15726,2,24
15727,0,21
15728,1,7
15729,2,8
15730,0,18
15731,1,13
15732,2,15
15733,0,23
15734,1,15
15735,2,28
15736,0,13
15737,1,21
15738,2,22
15739,0,21
15740,1,18
15741,2,16
15742,0,15
15743,1,14
15744,2,12
15745,0,19
15746,1,20
15747,2,31
15748,0,12
15749,1,17
15750,2,9
15751,0,19
15752,1,19
15753,2,15
15754,0,22
15755,1,6
15756,2,27
15757,0,13
15758,1,15
15759,2,21
15760,0,18
15761,1,21
15762,2,25
15763,0,36
15764,1,12
15765,2,11
15766,0,17
15767,1,22
15768,2,29
15769,0,24
15770,1,19
15771,2,28
15772,0,33
15773,1,20
15774,2,13
15775,0,19
15776,1,15
15777,2,13
15778,0,32
15779,1,19
15780,2,19
15781,0,15
15782,1,32
15783,2,17
15784,0,25
15785,1,25
15786,2,22
15787,0,29
15788,1,26
15789,2,25
15790,0,14
15791,1,10
15792,2,10
15793,0,20
15794,1,15
15795,2,26
15796,0,20
15797,1,10
15798,2,8
15799,0,17
15800,1,19
15801,2,13
15802,0,11
15803,1,15
15804,2,24
15805,0,24
15806,1,12
15807,2,17
15808,0,19
15809,1,23
15810,2,25
15811,0,24
15812,1,17
15813,2,26
15814,0,17
15815,1,11
15816,2,33
15817,0,24
15818,1,8
15819,2,22
15820,0,17
15821,1,7
15822,2,12
15823,0,17
15824,1,31
15825,2,43
15826,0,17
15827,1,25
15828,2,11
15829,0,20
15830,1,22
15831,2,53
15832,0,18
15833,1,18
15834,2,8
15835,0,23
15836,1,23
15837,2,13
15838,0,25
15839,1,22
15840,2,13
15841,0,12
15842,1,10
15843,2,17
15844,0,22
15845,1,15
15846,2,13
15847,0,23
15848,1,7
15849,2,16
15850,0,16
15851,1,28
15852,2,15
15853,0,20
15854,1,18
15855,2,18
15856,0,38
15857,1,24
15858,2,13
15859,0,24
15860,1,21
15861,2,11
15862,0,19
15863,1,11
15864,2,23
15865,0,25
15866,1,9
15867,2,12
15868,0,23
15869,1,6
15870,2,15
15871,0,5
15872,1,23
15873,2,11
15874,0,21
15875,1,12
15876,2,15
15877,0,27
15878,1,24
15879,2,34
15880,0,8
15881,1,31
15882,2,12
15883,0,19
15884,1,26
15885,2,26
15886,0,23
15887,1,16
15888,2,9
15889,0,7
15890,1,27
15891,2,13
15892,0,24
15893,1,14
15894,2,26
15895,0,30
15896,1,25
15897,2,16
15898,0,27
15899,1,24
15900,2,10
15901,0,16
15902,1,28
15903,2,29
15904,0,12
15905,1,14
15906,2,13
15907,0,20
15908,1,13
15909,2,40
15910,0,23
15911,1,22
15912,2,13
15913,0,22
15914,1,29
15915,2,16
15916,0,21
15917,1,22
15918,2,19
15919,0,25
15920,1,24
15921,2,24
15922,0,23
15923,1,22
15924,2,15
15925,0,14
15926,1,18
15927,2,21
15928,0,19
15929,1,24
15930,2,29
15931,0,19
15932,1,15
15933,2,15
15934,0,25
15935,1,26
15936,2,14
15937,0,18
15938,1,35
15939,2,13
15940,0,11
15941,1,20
15942,2,12
15943,0,21
15944,1,27
15945,2,17
15946,0,11
15947,1,6
15948,2,11
15949,0,18
15950,1,21
15951,2,13
15952,0,20
15953,1,22
15954,2,21
15955,0,16
15956,1,22
15957,2,26
15958,0,22
15959,1,9
15960,2,7
15961,0,29
15962,1,13
15963,2,20
15964,0,30
15965,1,31
15966,2,19
15967,0,8
15968,1,10
15969,2,14
15970,0,16
15971,1,26
15972,2,9
15973,0,12
15974,1,31
15975,2,19
15976,0,18
15977,1,30
15978,2,27
15979,0,16
15980,1,11
15981,2,13
15982,0,19
15983,1,26
15984,2,15
15985,0,18
15986,1,19
15987,2,11
15988,0,25
15989,1,15
15990,2,22
15991,0,28
15992,1,25
15993,2,19
15994,0,15
15995,1,17
15996,2,14
15997,0,26
15998,1,8
15999,2,30
16000,0,10
16001,1,18
16002,2,14
16003,0,19
16004,1,28
16005,2,7
16006,0,11
16007,1,17
16008,2,20
16009,0,27
16010,1,10
16011,2,17
16012,0,16
16013,1,12
16014,2,17
16015,0,12
16016,1,7
16017,2,20
16018,0,13
16019,1,20
16020,2,23
16021,0,8
16022,1,14
16023,2,27
16024,0,18
16025,1,19
16026,2,15
16027,0,17
16028,1,19
16029,2,15
16030,0,13
16031,1,13
16032,2,22
16033,0,20
16034,1,17
16035,2,24
16036,0,36
16037,1,21
16038,2,31
16039,0,23
16040,1,25
16041,2,15
16042,0,11
16043,1,28
16044,2,26
16045,0,19
16046,1,19
16047,2,14
16048,0,11
16049,1,13
16050,2,15
16051,0,23
16052,1,14
16053,2,14
16054,0,18
16055,1,21
16056,2,26
16057,0,17
16058,1,14
16059,2,17
16060,0,26
16061,1,21
16062,2,17
16063,0,25
16064,1,6
16065,2,22
16066,0,23
16067,1,22
16068,2,17
16069,0,11
16070,1,17
16071,2,17
16072,0,32
16073,1,29
16074,2,27
16075,0,21
16076,1,19
16077,2,25
16078,0,18
16079,1,16
16080,2,24
16081,0,11
16082,1,12
16083,2,17
16084,0,18
16085,1,30
16086,2,20
16087,0,27
16088,1,15
16089,2,15
16090,0,13
16091,1,13
16092,2,5
16093,0,17
16094,1,31
16095,2,14
16096,0,15
16097,1,13
16098,2,39
16099,0,19
16100,1,12
16101,2,18
16102,0,22
16103,1,24
16104,2,11
16105,0,17
16106,1,22
16107,2,27
16108,0,17
16109,1,17
16110,2,22
16111,0,17
16112,1,20
16113,2,23
16114,0,23
16115,1,21
16116,2,18
16117,0,17
16118,1,14
16119,2,13
16120,0,12
16121,1,34
16122,2,27
16123,0,30
16124,1,20
16125,2,20
16126,0,9
16127,1,23
16128,2,9
16129,0,21
16130,1,13
16131,2,11
16132,0,10
16133,1,15
16134,2,11
16135,0,17
16136,1,22
16137,2,30
16138,0,14
16139,1,12
16140,2,11
16141,0,12
16142,1,18
16143,2,10
16144,0,20
16145,1,27
16146,2,20
16147,0,17
16148,1,13
16149,2,16
16150,0,21
16151,1,21
16152,2,21
16153,0,23
16154,1,20
16155,2,13
16156,0,27
16157,1,14
16158,2,25
16159,0,12
16160,1,14
16161,2,12
16162,0,25
16163,1,20
16164,2,12
16165,0,22
16166,1,12
16167,2,14
16168,0,8
16169,1,7
16170,2,9
16171,0,20
16172,1,13
16173,2,15
16174,0,30
16175,1,13
16176,2,21
16177,0,23
16178,1,9
16179,2,16
16180,0,19
16181,1,14
16182,2,10
16183,0,18
16184,1,14
16185,2,12
16186,0,20
16187,1,6
16188,2,15
16189,0,7
16190,1,18
16191,2,14
16192,0,11
16193,1,15
16194,2,18
16195,0,20
16196,1,24
16197,2,27
16198,0,21
16199,1,28
16200,2,11
16201,0,24
16202,1,25
16203,2,18
16204,0,13
16205,1,14
16206,2,14
16207,0,26
16208,1,16
16209,2,22
16210,0,21
16211,1,7
16212,2,29
16213,0,19
16214,1,11
16215,2,17
16216,0,27
16217,1,14
16218,2,33
16219,0,12
16220,1,19
16221,2,14
16222,0,18
16223,1,11
16224,2,19
16225,0,20
16226,1,13
16227,2,5
16228,0,26
16229,1,34
16230,2,20
16231,0,11
16232,1,18
16233,2,25
16234,0,13
16235,1,13
16236,2,16
16237,0,13
16238,1,9
16239,2,15
16240,0,22
16241,1,24
16242,2,25
16243,0,27
16244,1,19
16245,2,16
16246,0,28
16247,1,22
16248,2,22
16249,0,16
16250,1,3
16251,2,14
16252,0,20
16253,1,14
16254,2,37
16255,0,19
16256,1,32
16257,2,19
16258,0,15
16259,1,17
16260,2,17
16261,0,23
16262,1,16
16263,2,14
16264,0,30
16265,1,19
16266,2,23
16267,0,15
16268,1,22
16269,2,28
16270,0,13
16271,1,15
16272,2,22
16273,0,18
16274,1,13
16275,2,9
16276,0,32
16277,1,10
16278,2,24
16279,0,21
16280,1,23
16281,2,14
16282,0,24
16283,1,24
16284,2,17
16285,0,25
16286,1,13
16287,2,22
16288,0,24
16289,1,20
16290,2,19
16291,0,15
16292,1,7
16293,2,23
16294,0,23
16295,1,17
16296,2,17
16297,0,18
16298,1,26
16299,2,13
16300,0,27
16301,1,19
16302,2,13
16303,0,23
16304,1,13
16305,2,11
16306,0,24
16307,1,17
16308,2,17
16309,0,33
16310,1,16
16311,2,33
16312,0,24
16313,1,12
16314,2,5
16315,0,23
16316,1,14
16317,2,7
16318,0,23
16319,1,17
16320,2,12
16321,0,22
16322,1,7
16323,2,17
16324,0,32
16325,1,19
16326,2,9
16327,0,23
16328,1,19
16329,2,22
16330,0,19
16331,1,20
16332,2,19
16333,0,11
16334,1,21
16335,2,17
16336,0,17
16337,1,12
16338,2,19
16339,0,9
16340,1,14
16341,2,14
16342,0,14
16343,1,12
16344,2,23
16345,0,18
16346,1,22
16347,2,20
16348,0,14
16349,1,25
16350,2,25
16351,0,9
16352,1,20
16353,2,14
16354,0,30
16355,1,17
16356,2,27
16357,0,26
16358,1,17
16359,2,16
16360,0,26
16361,1,19
16362,2,24
16363,0,23
16364,1,7
16365,2,22
16366,0,19
16367,1,8
16368,2,19
16369,0,18
16370,1,28
16371,2,32
16372,0,20
16373,1,36
16374,2,12
16375,0,17
16376,1,9
16377,2,16
16378,0,22
16379,1,22
16380,2,24
16381,0,24
16382,1,16
16383,2,17
16384,0,25
16385,1,30
16386,2,23
16387,0,22
16388,1,17
16389,2,22
16390,0,13
16391,1,33
16392,2,30
16393,0,29
16394,1,18
16395,2,13
16396,0,27
16397,1,16
16398,2,14
16399,0,18
16400,1,14
16401,2,15
16402,0,23
16403,1,24
16404,2,29
16405,0,22
16406,1,18
16407,2,24
16408,0,11
16409,1,16
16410,2,27
16411,0,22
16412,1,11
16413,2,16
16414,0,9
16415,1,26
16416,2,12
16417,0,13
16418,1,17
16419,2,37
16420,0,15
16421,1,16
16422,2,27
16423,0,13
16424,1,14
16425,2,17
16426,0,17
16427,1,14
16428,2,16
16429,0,34
16430,1,21
16431,2,17
16432,0,14
16433,1,10
16434,2,13
16435,0,24
16436,1,17
16437,2,20
16438,0,28
16439,1,9
16440,2,20
16441,0,13
16442,1,17
16443,2,37
16444,0,16
16445,1,32
16446,2,23
16447,0,11
16448,1,12
16449,2,24
16450,0,23
16451,1,14
16452,2,33
16453,0,18
16454,1,13
16455,2,36
16456,0,22
16457,1,26
16458,2,24
16459,0,18
16460,1,7
16461,2,13
16462,0,23
16463,1,26
16464,2,13
16465,0,19
16466,1,12
16467,2,26
16468,0,29
16469,1,23
16470,2,17
16471,0,22
16472,1,8
16473,2,16
16474,0,10
16475,1,11
16476,2,17
16477,0,24
16478,1,12
16479,2,16
16480,0,14
16481,1,11
16482,2,15
16483,0,17
16484,1,13
16485,2,18
16486,0,24
16487,1,21
16488,2,20
16489,0,13
16490,1,30
16491,2,29
16492,0,33
16493,1,21
16494,2,12
16495,0,25
16496,1,20
16497,2,7
16498,0,24
16499,1,20
16500,2,12
16501,0,23
16502,1,29
16503,2,24
16504,0,22
16505,1,10
16506,2,18
16507,0,19
16508,1,23
16509,2,30
16510,0,19
16511,1,12
16512,2,12
16513,0,15
16514,1,22
16515,2,21
16516,0,28
16517,1,30
16518,2,24
16519,0,20
16520,1,23
16521,2,19
16522,0,22
16523,1,9
16524,2,20
16525,0,12
16526,1,8
16527,2,16
16528,0,15
16529,1,12
16530,2,11
16531,0,26
16532,1,11
16533,2,5
16534,0,26
16535,1,17
16536,2,23
16537,0,24
16538,1,18
16539,2,14
16540,0,15
16541,1,13
16542,2,12
16543,0,12
16544,1,18
16545,2,16
16546,0,12
16547,1,18
16548,2,22
16549,0,31
16550,1,21
16551,2,35
16552,0,16
16553,1,14
16554,2,23
16555,0,18
16556,1,26
16557,2,22
16558,0,18
16559,1,30
16560,2,18
16561,0,21
16562,1,16
16563,2,21
16564,0,17
16565,1,28
16566,2,19
16567,0,21
16568,1,9
16569,2,29
16570,0,26
16571,1,17
16572,2,17
16573,0,19
16574,1,15
16575,2,16
16576,0,19
16577,1,23
16578,2,20
16579,0,28
16580,1,15
16581,2,18
16582,0,19
16583,1,14
16584,2,12
16585,0,22
16586,1,7
16587,2,18
16588,0,14
16589,1,11
16590,2,19
16591,0,19
16592,1,21
16593,2,31
16594,0,20
16595,1,34
16596,2,13
16597,0,17
16598,1,27
16599,2,24
16600,0,15
16601,1,25
16602,2,27
16603,0,31
16604,1,8
16605,2,23
16606,0,14
16607,1,16
16608,2,19
16609,0,30
16610,1,25
16611,2,17
16612,0,15
16613,1,13
16614,2,24
16615,0,24
16616,1,20
16617,2,14
16618,0,15
16619,1,22
16620,2,9
16621,0,17
16622,1,24
16623,2,17
16624,0,27
16625,1,19
16626,2,13
16627,0,30
16628,1,22
16629,2,23
16630,0,20
16631,1,25
16632,2,10
16633,0,27
16634,1,17
16635,2,14
16636,0,20
16637,1,10
16638,2,9
16639,0,19
16640,1,13
16641,2,18
16642,0,19
16643,1,18
16644,2,17
16645,0,18
16646,1,18
16647,2,17
16648,0,29
16649,1,20
16650,2,20
16651,0,13
16652,1,33
16653,2,20
16654,0,18
16655,1,17
16656,2,19
16657,0,21
16658,1,27
16659,2,16
16660,0,18
16661,1,18
16662,2,16
16663,0,23
16664,1,20
16665,2,22
16666,0,18
16667,1,16
16668,2,20
16669,0,10
16670,1,18
16671,2,23
16672,0,14
16673,1,12
16674,2,15
16675,0,16
16676,1,10
16677,2,4
16678,0,14
16679,1,21
16680,2,21
16681,0,14
16682,1,11
16683,2,12
16684,0,18
16685,1,23
16686,2,15
16687,0,28
16688,1,11
16689,2,22
16690,0,16
16691,1,7
16692,2,12
16693,0,26
16694,1,10
16695,2,21
16696,0,14
16697,1,25
16698,2,28
16699,0,20
16700,1,16
16701,2,17
16702,0,29
16703,1,22
16704,2,37
16705,0,27
16706,1,18
16707,2,18
16708,0,7
16709,1,12
16710,2,16
16711,0,14
16712,1,19
16713,2,24
16714,0,15
16715,1,11
16716,2,28
16717,0,14
16718,1,28
16719,2,16
16720,0,19
16721,1,25
16722,2,13
16723,0,8
16724,1,27
16725,2,33
16726,0,17
16727,1,16
16728,2,17
16729,0,13
16730,1,13
16731,2,25
16732,0,14
16733,1,5
16734,2,18
16735,0,19
16736,1,32
16737,2,18
16738,0,23
16739,1,29
16740,2,12
16741,0,12
16742,1,18
16743,2,12
16744,0,21
16745,1,15
16746,2,4
16747,0,20
16748,1,22
16749,2,16
16750,0,22
16751,1,35
16752,2,26
16753,0,17
16754,1,5
16755,2,21
16756,0,24
16757,1,10
16758,2,17
16759,0,27
16760,1,6
16761,2,19
16762,0,12
16763,1,24
16764,2,24
16765,0,11
16766,1,20
16767,2,10
16768,0,22
16769,1,16
16770,2,18
16771,0,25
16772,1,17
16773,2,15
16774,0,28
16775,1,19
16776,2,25
16777,0,16
16778,1,15
16779,2,14
16780,0,19
16781,1,6
16782,2,10
16783,0,29
16784,1,17
16785,2,13
16786,0,26
16787,1,16
16788,2,20
16789,0,23
16790,1,17
16791,2,17
16792,0,19
16793,1,12
16794,2,17
16795,0,18
16796,1,16
16797,2,13
16798,0,24
16799,1,19
16800,2,11
16801,0,24
16802,1,12
16803,2,22
16804,0,26
16805,1,16
16806,2,12
16807,0,22
16808,1,19
16809,2,23
16810,0,31
16811,1,10
16812,2,20
16813,0,18
16814,1,34
16815,2,15
16816,0,18
16817,1,21
16818,2,24
16819,0,21
16820,1,14
16821,2,18
16822,0,8
16823,1,10
16824,2,14
16825,0,11
16826,1,12
16827,2,21
16828,0,11
16829,1,18
16830,2,38
16831,0,13
16832,1,17
16833,2,14
16834,0,21
16835,1,8
16836,2,19
16837,0,13
16838,1,21
16839,2,18
16840,0,23
16841,1,26
16842,2,15
16843,0,37
16844,1,17
16845,2,26
16846,0,10
16847,1,14
16848,2,14
16849,0,29
16850,1,14
16851,2,20
16852,0,20
16853,1,11
16854,2,20
16855,0,17
16856,1,22
16857,2,20
16858,0,14
16859,1,22
16860,2,26
16861,0,13
16862,1,12
16863,2,14
16864,0,26
16865,1,29
16866,2,9
16867,0,16
16868,1,19
16869,2,22
16870,0,30
16871,1,17
16872,2,18
16873,0,25
16874,1,37
16875,2,19
16876,0,24
16877,1,24
16878,2,32
16879,0,26
16880,1,15
16881,2,15
16882,0,7
16883,1,19
16884,2,22
16885,0,13
16886,1,14
16887,2,28
16888,0,18
16889,1,14
16890,2,17
16891,0,18
16892,1,19
16893,2,15
16894,0,14
16895,1,9
16896,2,20
16897,0,24
16898,1,14
16899,2,9
16900,0,23
16901,1,11
16902,2,24
16903,0,18
16904,1,21
16905,2,15
16906,0,15
16907,1,23
16908,2,15
16909,0,15
16910,1,39
16911,2,16
16912,0,18
16913,1,18
16914,2,12
16915,0,29
16916,1,8
16917,2,10
16918,0,17
16919,1,22
16920,2,21
16921,0,11
16922,1,21
16923,2,21
16924,0,24
16925,1,16
16926,2,20
16927,0,32
16928,1,9
16929,2,21
16930,0,20
16931,1,30
16932,2,14
16933,0,21
16934,1,16
16935,2,22
16936,0,12
16937,1,31
16938,2,17
16939,0,23
16940,1,27
16941,2,28
16942,0,14
16943,1,21
16944,2,19
16945,0,16
16946,1,13
16947,2,18
16948,0,36
16949,1,13
16950,2,36
16951,0,16
16952,1,8
16953,2,10
16954,0,25
16955,1,26
16956,2,23
16957,0,23
16958,1,13
16959,2,18
16960,0,29
16961,1,9
16962,2,16
16963,0,12
16964,1,10
16965,2,30
16966,0,20
16967,1,16
16968,2,21
16969,0,22
16970,1,14
16971,2,29
16972,0,21
16973,1,13
16974,2,22
16975,0,6
16976,1,14
16977,2,15
16978,0,23
16979,1,15
16980,2,25
16981,0,28
16982,1,21
16983,2,25
16984,0,29
16985,1,23
16986,2,23
16987,0,21
16988,1,25
16989,2,16
16990,0,23
16991,1,17
16992,2,14
16993,0,20
16994,1,14
16995,2,14
16996,0,23
16997,1,6
16998,2,22
16999,0,23
17000,1,11
17001,2,17
17002,0,33
17003,1,14
17004,2,41
17005,0,29
17006,1,14
17007,2,15
17008,0,17
17009,1,19
17010,2,17
17011,0,32
17012,1,22
17013,2,21
17014,0,20
17015,1,20
17016,2,18
17017,0,12
17018,1,18
17019,2,12
17020,0,16
17021,1,18
17022,2,17
17023,0,21
17024,1,16
17025,2,21
17026,0,12
17027,1,21
17028,2,6
17029,0,19
17030,1,11
17031,2,7
17032,0,13
17033,1,18
17034,2,24
17035,0,22
17036,1,8
17037,2,23
17038,0,14
17039,1,19
17040,2,21
17041,0,19
17042,1,13
17043,2,19
17044,0,37
17045,1,16
17046,2,21
17047,0,18
17048,1,14
17049,2,17
17050,0,36
17051,1,22
17052,2,20
17053,0,16
17054,1,9
17055,2,6
17056,0,26
17057,1,8
17058,2,16
17059,0,21
17060,1,18
17061,2,17
17062,0,16
17063,1,26
17064,2,16
17065,0,33
17066,1,33
17067,2,20
17068,0,13
17069,1,18
17070,2,20
17071,0,29
17072,1,12
17073,2,27
17074,0,17
17075,1,18
17076,2,10
17077,0,24
17078,1,17
17079,2,13
17080,0,25
17081,1,32
17082,2,10
17083,0,20
17084,1,12
17085,2,20
17086,0,28
17087,1,18
17088,2,25
17089,0,31
17090,1,19
17091,2,13
17092,0,22
17093,1,17
17094,2,31
17095,0,10
17096,1,8
17097,2,18
17098,0,22
17099,1,14
17100,2,25
17101,0,29
17102,1,16
17103,2,13
17104,0,11
17105,1,11
17106,2,30
17107,0,25
17108,1,29
17109,2,17
17110,0,22
17111,1,19
17112,2,14
17113,0,11
17114,1,25
17115,2,17
17116,0,19
17117,1,17
17118,2,24
17119,0,22
17120,1,13
17121,2,6
17122,0,35
17123,1,20
17124,2,13
17125,0,15
17126,1,14
17127,2,26
17128,0,24
17129,1,22
17130,2,28
17131,0,26
17132,1,18
17133,2,28
17134,0,24
17135,1,7
17136,2,22
17137,0,24
17138,1,27
17139,2,16
17140,0,13
17141,1,22
17142,2,21
17143,0,21
17144,1,22
17145,2,23
17146,0,20
17147,1,15
17148,2,9
17149,0,17
17150,1,30
17151,2,39
17152,0,21
17153,1,25
17154,2,15
17155,0,28
17156,1,25
17157,2,17
17158,0,15
17159,1,19
17160,2,11
17161,0,23
17162,1,18
17163,2,7
17164,0,25
17165,1,22
17166,2,23
17167,0,23
17168,1,28
17169,2,18
17170,0,21
17171,1,24
17172,2,25
17173,0,26
17174,1,17
17175,2,37
17176,0,19
17177,1,9
17178,2,8
17179,0,20
17180,1,18
17181,2,34
17182,0,25
17183,1,27
17184,2,29
17185,0,22
17186,1,18
17187,2,26
17188,0,12
17189,1,14
17190,2,19
17191,0,25
17192,1,16
17193,2,4
17194,0,21
17195,1,9
17196,2,24
17197,0,19
17198,1,13
17199,2,15
17200,0,13
17201,1,21
17202,2,17
17203,0,21
17204,1,10
17205,2,17
17206,0,24
17207,1,3
17208,2,5
17209,0,21
17210,1,9
17211,2,29
17212,0,27
17213,1,14
17214,2,22
17215,0,20
17216,1,21
17217,2,36
17218,0,12
17219,1,14
17220,2,23
17221,0,13
17222,1,3
17223,2,9
17224,0,29
17225,1,35
17226,2,24
17227,0,19
17228,1,16
17229,2,12
17230,0,13
17231,1,17
17232,2,17
17233,0,7
17234,1,14
17235,2,11
17236,0,12
17237,1,19
17238,2,8
17239,0,37
17240,1,32
17241,2,12
17242,0,28
17243,1,21
17244,2,17
17245,0,27
17246,1,19
17247,2,25
17248,0,21
17249,1,35
17250,2,30
17251,0,7
17252,1,25
17253,2,16
17254,0,16
17255,1,30
17256,2,10
17257,0,22
17258,1,9
17259,2,30
17260,0,17
17261,1,5
17262,2,15
17263,0,27
17264,1,28
17265,2,12
17266,0,20
17267,1,10
17268,2,19
17269,0,26
17270,1,21
17271,2,8
17272,0,20
17273,1,9
17274,2,7
17275,0,24
17276,1,15
17277,2,12
17278,0,19
17279,1,20
17280,2,12
17281,0,16
17282,1,27
17283,2,24
17284,0,20
17285,1,20
17286,2,18
17287,0,23
17288,1,25
17289,2,19
17290,0,18
17291,1,11
17292,2,18
17293,0,27
17294,1,20
17295,2,24
17296,0,19
17297,1,24
17298,2,26
17299,0,17
17300,1,13
17301,2,33
17302,0,9
17303,1,26
17304,2,24
17305,0,13
17306,1,13
17307,2,17
17308,0,10
17309,1,20
17310,2,20
17311,0,21
17312,1,23
17313,2,21
17314,0,16
17315,1,8
17316,2,11
17317,0,17
17318,1,19
17319,2,19
17320,0,15
17321,1,7
17322,2,13
17323,0,31
17324,1,7
17325,2,18
17326,0,27
17327,1,15
17328,2,25
17329,0,21
17330,1,7
17331,2,38
17332,0,7
17333,1,3
17334,2,13
17335,0,20
17336,1,11
17337,2,26
17338,0,28
17339,1,14
17340,2,24
17341,0,28
17342,1,22
17343,2,14
17344,0,17
17345,1,20
17346,2,13
17347,0,18
17348,1,11
17349,2,11
17350,0,17
17351,1,12
17352,2,11
17353,0,20
17354,1,20
17355,2,29
17356,0,9
17357,1,29
17358,2,20
17359,0,13
17360,1,17
17361,2,13
17362,0,22
17363,1,29
17364,2,15
17365,0,24
17366,1,15
17367,2,21
17368,0,22
17369,1,15
17370,2,22
17371,0,22
17372,1,15
17373,2,17
17374,0,34
17375,1,11
17376,2,13
17377,0,18
17378,1,16
17379,2,26
17380,0,24
17381,1,22
17382,2,14
17383,0,26
17384,1,22
17385,2,21
17386,0,15
17387,1,7
17388,2,17
17389,0,13
17390,1,7
17391,2,14
17392,0,20
17393,1,20
17394,2,28
17395,0,37
17396,1,8
17397,2,15
17398,0,21
17399,1,19
17400,2,19
17401,0,33
17402,1,24
17403,2,16
17404,0,16
17405,1,18
17406,2,22
17407,0,22
17408,1,26
17409,2,12
17410,0,17
17411,1,26
17412,2,22
17413,0,22
17414,1,11
17415,2,7
17416,0,29
17417,1,21
17418,2,11
17419,0,29
17420,1,12
17421,2,24
17422,0,23
17423,1,8
17424,2,18
17425,0,18
17426,1,17
17427,2,3
17428,0,17
17429,1,27
17430,2,22
17431,0,21
17432,1,17
17433,2,19
17434,0,16
17435,1,35
17436,2,16
17437,0,28
17438,1,32
17439,2,17
17440,0,24
17441,1,15
17442,2,16
17443,0,21
17444,1,11
17445,2,22
17446,0,20
17447,1,26
17448,2,15
17449,0,27
17450,1,11
17451,2,32
17452,0,21
17453,1,15
17454,2,18
17455,0,21
17456,1,31
17457,2,16
17458,0,25
17459,1,16
17460,2,23
17461,0,18
17462,1,17
17463,2,13
17464,0,23
17465,1,37
17466,2,25
17467,0,33
17468,1,8
17469,2,19
17470,0,25
17471,1,5
17472,2,12
17473,0,19
17474,1,27
17475,2,29
17476,0,12
17477,1,11
17478,2,17
17479,0,27
17480,1,25
17481,2,29
17482,0,28
17483,1,16
17484,2,26
17485,0,9
17486,1,19
17487,2,14
17488,0,28
17489,1,16
17490,2,45
17491,0,14
17492,1,18
17493,2,19
17494,0,21
17495,1,17
17496,2,38
17497,0,29
17498,1,21
17499,2,14
17500,0,17
17501,1,12
17502,2,26
17503,0,41
17504,1,14
17505,2,20
17506,0,25
17507,1,26
17508,2,29
17509,0,23
17510,1,7
17511,2,26
17512,0,11
17513,1,14
17514,2,17
17515,0,22
17516,1,22
17517,2,24
17518,0,16
17519,1,15
17520,2,19
17521,0,10
17522,1,17
17523,2,23
17524,0,31
17525,1,7
17526,2,13
17527,0,21
17528,1,16
17529,2,19
17530,0,13
17531,1,20
17532,2,19
17533,0,20
17534,1,12
17535,2,16
17536,0,16
17537,1,5
17538,2,37
17539,0,26
17540,1,25
17541,2,12
17542,0,20
17543,1,13
17544,2,15
17545,0,24
17546,1,12
17547,2,20
17548,0,27
17549,1,21
17550,2,16
17551,0,38
17552,1,13
17553,2,19
17554,0,17
17555,1,19
17556,2,24
17557,0,31
17558,1,17
17559,2,23
17560,0,21
17561,1,11
17562,2,22
17563,0,23
17564,1,17
17565,2,17
17566,0,17
17567,1,29
17568,2,16
17569,0,25
17570,1,12
17571,2,23
17572,0,20
17573,1,15
17574,2,18
17575,0,21
17576,1,9
17577,2,21
17578,0,18
17579,1,16
17580,2,12
17581,0,25
17582,1,30
17583,2,16
17584,0,21
17585,1,20
17586,2,17
17587,0,15
17588,1,11
17589,2,10
17590,0,27
17591,1,18
17592,2,22
17593,0,29
17594,1,10
17595,2,17
17596,0,29
17597,1,21
17598,2,29
17599,0,25
17600,1,12
17601,2,23
17602,0,15
17603,1,22
17604,2,14
17605,0,25
17606,1,19
17607,2,15
17608,0,19
17609,1,15
17610,2,14
17611,0,27
17612,1,17
17613,2,11
17614,0,23
17615,1,14
17616,2,15
17617,0,8
17618,1,16
17619,2,22
17620,0,10
17621,1,15
17622,2,21
17623,0,15
17624,1,10
17625,2,26
17626,0,25
17627,1,12
17628,2,23
17629,0,14
17630,1,8
17631,2,13
17632,0,20
17633,1,12
17634,2,13
17635,0,18
17636,1,7
17637,2,30
17638,0,17
17639,1,24
17640,2,20
17641,0,13
17642,1,21
17643,2,21
17644,0,23
17645,1,28
17646,2,13
17647,0,14
17648,1,10
17649,2,22
17650,0,31
17651,1,16
17652,2,17
17653,0,23
17654,1,10
17655,2,7
17656,0,25
17657,1,19
17658,2,38
17659,0,24
17660,1,15
17661,2,18
17662,0,13
17663,1,20
17664,2,22
17665,0,23
17666,1,13
17667,2,13
17668,0,31
17669,1,25
17670,2,25
17671,0,24
17672,1,22
17673,2,13
17674,0,20
17675,1,14
17676,2,15
17677,0,12
17678,1,14
17679,2,12
17680,0,25
17681,1,17
17682,2,20
17683,0,22
17684,1,19
17685,2,19
17686,0,18
17687,1,10
17688,2,15
17689,0,26
17690,1,18
17691,2,22
17692,0,13
17693,1,19
17694,2,19
17695,0,7
17696,1,16
17697,2,13
17698,0,20
17699,1,22
17700,2,16
17701,0,19
17702,1,22
17703,2,17
17704,0,12
17705,1,12
17706,2,13
17707,0,32
17708,1,18
17709,2,17
17710,0,26
17711,1,18
17712,2,10
17713,0,11
17714,1,24
17715,2,28
17716,0,15
17717,1,8
17718,2,19
17719,0,18
17720,1,16
17721,2,19
17722,0,7
17723,1,9
17724,2,19
17725,0,27
17726,1,30
17727,2,14
17728,0,22
17729,1,14
17730,2,24
17731,0,26
17732,1,16
17733,2,19
17734,0,23
17735,1,25
17736,2,38
17737,0,23
17738,1,5
17739,2,24
17740,0,15
17741,1,11
17742,2,10
17743,0,31
17744,1,32
17745,2,13
17746,0,16
17747,1,28
17748,2,28
17749,0,22
17750,1,15
17751,2,13
17752,0,29
17753,1,23
17754,2,18
17755,0,16
17756,1,20
17757,2,8
17758,0,23
17759,1,15
17760,2,20
17761,0,23
17762,1,39
17763,2,13
17764,0,23
17765,1,16
17766,2,24
17767,0,21
17768,1,7
17769,2,14
17770,0,21
17771,1,25
17772,2,17
17773,0,29
17774,1,12
17775,2,9
17776,0,35
17777,1,13
17778,2,22
17779,0,23
17780,1,13
17781,2,14
17782,0,31
17783,1,20
17784,2,19
17785,0,22
17786,1,23
17787,2,23
17788,0,19
17789,1,18
17790,2,31
17791,0,21
17792,1,13
17793,2,27
17794,0,13
17795,1,6
17796,2,26
17797,0,25
17798,1,17
17799,2,24
17800,0,10
17801,1,20
17802,2,8
17803,0,28
17804,1,14
17805,2,24
17806,0,11
17807,1,12
17808,2,29
17809,0,15
17810,1,17
17811,2,17
17812,0,29
17813,1,19
17814,2,22
17815,0,30
17816,1,18
17817,2,14
17818,0,15
17819,1,19
17820,2,24
17821,0,27
17822,1,14
17823,2,18
17824,0,17
17825,1,3
17826,2,9
17827,0,16
17828,1,16
17829,2,24
17830,0,17
17831,1,32
17832,2,18
17833,0,28
17834,1,11
17835,2,12
17836,0,25
17837,1,21
17838,2,28
17839,0,34
17840,1,12
17841,2,12
17842,0,14
17843,1,9
17844,2,11
17845,0,25
17846,1,14
17847,2,17
17848,0,17
17849,1,17
17850,2,27
17851,0,21
17852,1,17
17853,2,20
17854,0,13
17855,1,13
17856,2,17
17857,0,7
17858,1,18
17859,2,22
17860,0,35
17861,1,12
17862,2,19
17863,0,23
17864,1,11
17865,2,14
17866,0,23
17867,1,22
17868,2,7
17869,0,17
17870,1,15
17871,2,12
17872,0,26
17873,1,22
17874,2,18
17875,0,19
17876,1,15
17877,2,12
17878,0,16
17879,1,18
17880,2,11
17881,0,28
17882,1,25
17883,2,10
17884,0,18
17885,1,22
17886,2,23
17887,0,29
17888,1,23
17889,2,22
17890,0,20
17891,1,14
17892,2,14
17893,0,19
17894,1,12
17895,2,12
17896,0,11
17897,1,23
17898,2,21
17899,0,36
17900,1,27
17901,2,31
17902,0,22
17903,1,9
17904,2,13
17905,0,16
17906,1,17
17907,2,16
17908,0,16
17909,1,34
17910,2,15
17911,0,10
17912,1,23
17913,2,23
17914,0,29
17915,1,20
17916,2,32
17917,0,27
17918,1,18
17919,2,15
17920,0,12
17921,1,27
17922,2,17
17923,0,9
17924,1,9
17925,2,11
17926,0,18
17927,1,15
17928,2,19
17929,0,11
17930,1,19
17931,2,13
17932,0,22
17933,1,22
17934,2,15
17935,0,31
17936,1,9
17937,2,22
17938,0,23
17939,1,18
17940,2,22
17941,0,30
17942,1,9
17943,2,26
17944,0,12
17945,1,19
17946,2,13
17947,0,30
17948,1,20
17949,2,17
17950,0,22
17951,1,10
17952,2,12
17953,0,22
17954,1,20
17955,2,16
17956,0,10
17957,1,14
17958,2,10
17959,0,18
17960,1,24
17961,2,19
17962,0,10
17963,1,16
17964,2,14
17965,0,34
17966,1,12
17967,2,32
17968,0,13
17969,1,16
17970,2,16
17971,0,19
17972,1,12
17973,2,15
17974,0,15
17975,1,15
17976,2,19
17977,0,13
17978,1,30
17979,2,15
17980,0,13
17981,1,22
17982,2,19
17983,0,10
17984,1,32
17985,2,13
17986,0,17
17987,1,12
17988,2,15
17989,0,14
17990,1,12
17991,2,19
17992,0,28
17993,1,14
17994,2,22
17995,0,14
17996,1,11
17997,2,9
17998,0,18
17999,1,17
18000,2,17
18001,0,25
18002,1,19
18003,2,21
18004,0,24
18005,1,23
18006,2,28
18007,0,22
18008,1,9
18009,2,18
18010,0,20
18011,1,31
18012,2,19
18013,0,14
18014,1,17
18015,2,27
18016,0,27
18017,1,22
18018,2,29
18019,0,22
18020,1,14
18021,2,22
18022,0,16
18023,1,14
18024,2,19
18025,0,22
18026,1,24
18027,2,14
18028,0,33
18029,1,15
18030,2,6
18031,0,18
18032,1,17
18033,2,18
18034,0,10
18035,1,11
18036,2,25
18037,0,25
18038,1,9
18039,2,27
18040,0,26
18041,1,14
18042,2,19
18043,0,26
18044,1,26
18045,2,20
18046,0,11
18047,1,8
18048,2,20
18049,0,13
18050,1,19
18051,2,17
18052,0,27
18053,1,28
18054,2,18
18055,0,28
18056,1,8
18057,2,24
18058,0,15
18059,1,32
18060,2,24
18061,0,8
18062,1,20
18063,2,26
18064,0,13
18065,1,22
18066,2,15
18067,0,14
18068,1,23
18069,2,24
18070,0,22
18071,1,23
18072,2,12
18073,0,18
18074,1,23
18075,2,21
18076,0,25
18077,1,20
18078,2,18
18079,0,19
18080,1,18
18081,2,16
18082,0,21
18083,1,11
18084,2,20
18085,0,18
18086,1,19
18087,2,15
18088,0,18
18089,1,15
18090,2,8
18091,0,14
18092,1,23
18093,2,14
18094,0,19
18095,1,16
18096,2,21
18097,0,22
18098,1,26
18099,2,24
18100,0,18
18101,1,30
18102,2,18
18103,0,10
18104,1,17
18105,2,13
18106,0,12
18107,1,13
18108,2,24
18109,0,34
18110,1,16
18111,2,18
18112,0,15
18113,1,15
18114,2,24
18115,0,19
18116,1,10
18117,2,19
18118,0,16
18119,1,11
18120,2,14
18121,0,18
18122,1,17
18123,2,14
18124,0,20
18125,1,22
18126,2,14
18127,0,20
18128,1,10
18129,2,32
18130,0,13
18131,1,9
18132,2,23
18133,0,19
18134,1,14
18135,2,20
18136,0,11
18137,1,6
18138,2,14
18139,0,12
18140,1,12
18141,2,24
18142,0,25
18143,1,10
18144,2,20
18145,0,15
18146,1,26
18147,2,8
18148,0,21
18149,1,26
18150,2,29
18151,0,21
18152,1,15
18153,2,16
18154,0,12
18155,1,24
18156,2,16
18157,0,12
18158,1,21
18159,2,14
18160,0,23
18161,1,15
18162,2,24
18163,0,16
18164,1,10
18165,2,36
18166,0,21
18167,1,12
18168,2,19
18169,0,15
18170,1,20
18171,2,20
18172,0,23
18173,1,15
18174,2,20
18175,0,28
18176,1,7
18177,2,14
18178,0,18
18179,1,11
18180,2,16
18181,0,24
18182,1,19
18183,2,20
18184,0,19
18185,1,26
18186,2,31
18187,0,32
18188,1,11
18189,2,26
18190,0,17
18191,1,8
18192,2,28
18193,0,11
18194,1,19
18195,2,14
18196,0,20
18197,1,14
18198,2,26
18199,0,20
18200,1,14
18201,2,20
18202,0,13
18203,1,16
18204,2,17
18205,0,23
18206,1,11
18207,2,17
18208,0,25
18209,1,10
18210,2,18
18211,0,32
18212,1,22
18213,2,20
18214,0,14
18215,1,33
18216,2,27
18217,0,13
18218,1,29
18219,2,21
18220,0,4
18221,1,16
18222,2,18
18223,0,5
18224,1,11
18225,2,13
18226,0,26
18227,1,19
18228,2,22
18229,0,28
18230,1,20
18231,2,25
18232,0,17
18233,1,11
18234,2,11
18235,0,14
18236,1,22
18237,2,20
18238,0,21
18239,1,17
18240,2,8
18241,0,15
18242,1,20
18243,2,19
18244,0,22
18245,1,33
18246,2,13
18247,0,22
18248,1,11
18249,2,17
18250,0,26
18251,1,23
18252,2,19
18253,0,15
18254,1,28
18255,2,34
18256,0,21
18257,1,21
18258,2,21
18259,0,20
18260,1,20
18261,2,8
18262,0,28
18263,1,16
18264,2,11
18265,0,13
18266,1,27
18267,2,20
18268,0,20
18269,1,14
18270,2,20
18271,0,19
18272,1,24
18273,2,17
18274,0,27
18275,1,23
18276,2,36
18277,0,10
18278,1,18
18279,2,18
18280,0,21
18281,1,1
18282,2,21
18283,0,17
18284,1,17
18285,2,10
18286,0,28
18287,1,26
18288,2,19
18289,0,25
18290,1,6
18291,2,24
18292,0,21
18293,1,20
18294,2,15
18295,0,14
18296,1,21
18297,2,22
18298,0,23
18299,1,20
18300,2,36
18301,0,24
18302,1,18
18303,2,27
18304,0,33
18305,1,29
18306,2,29
18307,0,13
18308,1,5
18309,2,20
18310,0,27
18311,1,18
18312,2,22
18313,0,12
18314,1,19
18315,2,11
18316,0,15
18317,1,17
18318,2,11
18319,0,22
18320,1,23
18321,2,18
18322,0,25
18323,1,14
18324,2,16
18325,0,9
18326,1,8
18327,2,16
18328,0,24
18329,1,17
18330,2,9
18331,0,28
18332,1,18
18333,2,14
18334,0,22
18335,1,23
18336,2,18
18337,0,25
18338,1,14
18339,2,20
18340,0,15
18341,1,11
18342,2,12
18343,0,24
18344,1,16
18345,2,13
18346,0,19
18347,1,15
18348,2,11
18349,0,14
18350,1,26
18351,2,17
18352,0,8
18353,1,31
18354,2,7
18355,0,15
18356,1,16
18357,2,29
18358,0,21
18359,1,20
18360,2,22
18361,0,16
18362,1,25
18363,2,28
18364,0,19
18365,1,8
18366,2,8
18367,0,16
18368,1,9
18369,2,16
18370,0,20
18371,1,16
18372,2,22
18373,0,25
18374,1,17
18375,2,4
18376,0,45
18377,1,22
18378,2,39
18379,0,14
18380,1,5
18381,2,15
18382,0,17
18383,1,17
18384,2,12
18385,0,27
18386,1,19
18387,2,22
18388,0,20
18389,1,7
18390,2,9
18391,0,17
18392,1,9
18393,2,9
18394,0,19
18395,1,25
18396,2,22
18397,0,11
18398,1,17
18399,2,14
18400,0,23
18401,1,21
18402,2,10
18403,0,19
18404,1,6
18405,2,17
18406,0,16
18407,1,19
18408,2,10
18409,0,17
18410,1,7
18411,2,18
18412,0,23
18413,1,13
18414,2,24
18415,0,26
18416,1,27
18417,2,10
18418,0,17
18419,1,17
18420,2,24
18421,0,12
18422,1,11
18423,2,24
18424,0,20
18425,1,23
18426,2,19
18427,0,8
18428,1,18
18429,2,14
18430,0,24
18431,1,19
18432,2,15
18433,0,17
18434,1,13
18435,2,14
18436,0,28
18437,1,13
18438,2,11
18439,0,20
18440,1,22
18441,2,19
18442,0,20
18443,1,7
18444,2,28
18445,0,27
18446,1,24
18447,2,31
18448,0,30
18449,1,14
18450,2,18
18451,0,31
18452,1,19
18453,2,14
18454,0,18
18455,1,20
18456,2,23
18457,0,18
18458,1,9
18459,2,18
18460,0,21
18461,1,8
18462,2,11
18463,0,30
18464,1,19
18465,2,18
18466,0,21
18467,1,17
18468,2,23
18469,0,34
18470,1,20
18471,2,22
18472,0,13
18473,1,15
18474,2,15
18475,0,24
18476,1,21
18477,2,20
18478,0,28
18479,1,12
18480,2,24
18481,0,16
18482,1,18
18483,2,21
18484,0,21
18485,1,19
18486,2,23
18487,0,16
18488,1,22
18489,2,23
18490,0,25
18491,1,11
18492,2,13
18493,0,22
18494,1,8
18495,2,23
18496,0,21
18497,1,21
18498,2,15
18499,0,14
18500,1,21
18501,2,23
18502,0,17
18503,1,19
18504,2,15
18505,0,12
18506,1,12
18507,2,15
18508,0,14
18509,1,14
18510,2,8
18511,0,18
18512,1,23
18513,2,21
18514,0,23
18515,1,22
18516,2,24
18517,0,19
18518,1,27
18519,2,26
18520,0,21
18521,1,15
18522,2,21
18523,0,18
18524,1,5
18525,2,10
18526,0,8
18527,1,24
18528,2,15
18529,0,14
18530,1,23
18531,2,17
18532,0,23
18533,1,35
18534,2,35
18535,0,14
18536,1,7
18537,2,25
18538,0,23
18539,1,34
18540,2,27
18541,0,23
18542,1,16
18543,2,23
18544,0,15
18545,1,17
18546,2,16
18547,0,24
18548,1,17
18549,2,10
18550,0,22
18551,1,10
18552,2,11
18553,0,20
18554,1,12
18555,2,20
18556,0,45
18557,1,25
18558,2,17
18559,0,24
18560,1,14
18561,2,14
18562,0,8
18563,1,9
18564,2,16
18565,0,29
18566,1,15
18567,2,29
18568,0,19
18569,1,16
18570,2,21
18571,0,22
18572,1,24
18573,2,21
18574,0,16
18575,1,24
18576,2,23
18577,0,28
18578,1,10
18579,2,19
18580,0,21
18581,1,22
18582,2,10
18583,0,26
18584,1,17
18585,2,16
18586,0,25
18587,1,27
18588,2,14
18589,0,20
18590,1,16
18591,2,22
18592,0,16
18593,1,14
18594,2,19
18595,0,9
18596,1,16
18597,2,15
18598,0,11
18599,1,19
18600,2,22
18601,0,11
18602,1,9
18603,2,9
18604,0,20
18605,1,12
18606,2,19
18607,0,23
18608,1,13
18609,2,12
18610,0,20
18611,1,14
18612,2,15
18613,0,15
18614,1,8
18615,2,12
18616,0,14
18617,1,22
18618,2,22
18619,0,24
18620,1,27
18621,2,18
18622,0,22
18623,1,18
18624,2,12
18625,0,13
18626,1,30
18627,2,13
18628,0,22
18629,1,23
18630,2,22
18631,0,23
18632,1,17
18633,2,21
18634,0,41
18635,1,11
18636,2,24
18637,0,24
18638,1,14
18639,2,15
18640,0,16
18641,1,24
18642,2,16
18643,0,25
18644,1,28
18645,2,28
18646,0,20
18647,1,16
18648,2,12
18649,0,9
18650,1,11
18651,2,21
18652,0,16
18653,1,14
18654,2,14
18655,0,31
18656,1,25
18657,2,18
18658,0,12
18659,1,15
18660,2,10
18661,0,15
18662,1,21
18663,2,27
18664,0,13
18665,1,19
18666,2,9
18667,0,16
18668,1,21
18669,2,23
18670,0,17
18671,1,9
18672,2,20
18673,0,31
18674,1,18
18675,2,16
18676,0,25
18677,1,24
18678,2,19
18679,0,15
18680,1,13
18681,2,18
18682,0,14
18683,1,17
18684,2,29
18685,0,19
18686,1,30
18687,2,18
18688,0,20
18689,1,16
18690,2,19
18691,0,14
18692,1,14
18693,2,12
18694,0,17
18695,1,12
18696,2,10
18697,0,18
18698,1,15
18699,2,16
18700,0,14
18701,1,22
18702,2,27
18703,0,28
18704,1,15
18705,2,22
18706,0,11
18707,1,17
18708,2,22
18709,0,18
18710,1,24
18711,2,13
18712,0,14
18713,1,6
18714,2,29
18715,0,26
18716,1,19
18717,2,27
18718,0,16
18719,1,14
18720,2,26
18721,0,15
18722,1,14
18723,2,15
18724,0,14
18725,1,21
18726,2,13
18727,0,23
18728,1,16
18729,2,19
18730,0,16
18731,1,10
18732,2,24
18733,0,16
18734,1,13
18735,2,3
18736,0,16
18737,1,11
18738,2,14
18739,0,23
18740,1,20
18741,2,26
18742,0,20
18743,1,15
18744,2,13
18745,0,31
18746,1,19
18747,2,19
18748,0,16
18749,1,23
18750,2,24
18751,0,19
18752,1,15
18753,2,26
18754,0,26
18755,1,21
18756,2,22
18757,0,8
18758,1,14
18759,2,18
18760,0,17
18761,1,21
18762,2,12
18763,0,20
18764,1,14
18765,2,24
18766,0,8
18767,1,26
18768,2,29
18769,0,24
18770,1,18
18771,2,26
18772,0,13
18773,1,18
18774,2,21
18775,0,21
18776,1,11
18777,2,21
18778,0,16
18779,1,22
18780,2,13
18781,0,16
18782,1,11
18783,2,24
18784,0,22
18785,1,25
18786,2,27
18787,0,29
18788,1,32
18789,2,25
18790,0,29
18791,1,14
18792,2,16
18793,0,20
18794,1,19
18795,2,24
18796,0,26
18797,1,4
18798,2,22
18799,0,8
18800,1,22
18801,2,20
18802,0,16
18803,1,10
18804,2,8
18805,0,12
18806,1,24
18807,2,14
18808,0,20
18809,1,20
18810,2,7
18811,0,23
18812,1,15
18813,2,39
18814,0,25
18815,1,17
18816,2,16
18817,0,13
18818,1,22
18819,2,19
18820,0,26
18821,1,12
18822,2,25
18823,0,18
18824,1,18
18825,2,9
18826,0,25
18827,1,28
18828,2,23
18829,0,15
18830,1,11
18831,2,19
18832,0,19
18833,1,18
18834,2,11
18835,0,27
18836,1,17
18837,2,27
18838,0,19
18839,1,27
18840,2,24
18841,0,13
18842,1,14
18843,2,12
18844,0,23
18845,1,9
18846,2,4
18847,0,35
18848,1,19
18849,2,8
18850,0,24
18851,1,11
18852,2,34
18853,0,16
18854,1,20
18855,2,24
18856,0,24
18857,1,19
18858,2,34
18859,0,27
18860,1,17
18861,2,21
18862,0,13
18863,1,18
18864,2,11
18865,0,23
18866,1,4
18867,2,10
18868,0,21
18869,1,23
18870,2,18
18871,0,29
18872,1,21
18873,2,27
18874,0,22
18875,1,18
18876,2,11
18877,0,13
18878,1,21
18879,2,14
18880,0,11
18881,1,11
18882,2,28
18883,0,22
18884,1,10
18885,2,24
18886,0,23
18887,1,35
18888,2,21
18889,0,22
18890,1,8
18891,2,21
18892,0,27
18893,1,13
18894,2,11
18895,0,16
18896,1,20
18897,2,31
18898,0,11
18899,1,16
18900,2,17
18901,0,10
18902,1,12
18903,2,19
18904,0,13
18905,1,12
18906,2,18
18907,0,21
18908,1,8
18909,2,10
18910,0,19
18911,1,11
18912,2,21
18913,0,28
18914,1,19
18915,2,9
18916,0,18
18917,1,25
18918,2,32
18919,0,19
18920,1,11
18921,2,10
18922,0,32
18923,1,18
18924,2,10
18925,0,23
18926,1,22
18927,2,22
18928,0,13
18929,1,17
18930,2,15
18931,0,12
18932,1,21
18933,2,12
18934,0,18
18935,1,17
18936,2,20
18937,0,17
18938,1,18
18939,2,27
18940,0,17
18941,1,13
18942,2,12
18943,0,28
18944,1,16
18945,2,13
18946,0,31
18947,1,21
18948,2,21
18949,0,21
18950,1,24
18951,2,23
18952,0,14
18953,1,18
18954,2,15
18955,0,16
18956,1,21
18957,2,17
18958,0,10
18959,1,27
18960,2,9
18961,0,22
18962,1,10
18963,2,22
18964,0,9
18965,1,19
18966,2,20
18967,0,20
18968,1,15
18969,2,15
18970,0,19
18971,1,18
18972,2,22
18973,0,19
18974,1,15
18975,2,22
18976,0,11
18977,1,7
18978,2,16
18979,0,17
18980,1,16
18981,2,14
18982,0,21
18983,1,28
18984,2,13
18985,0,9
18986,1,7
18987,2,16
18988,0,28
18989,1,11
18990,2,8
18991,0,15
18992,1,34
18993,2,27
18994,0,24
18995,1,7
18996,2,10
18997,0,18
18998,1,20
18999,2,35
19000,0,32
19001,1,30
19002,2,22
19003,0,19
19004,1,11
19005,2,22
19006,0,10
19007,1,22
19008,2,16
19009,0,14
19010,1,17
19011,2,16
19012,0,26
19013,1,29
19014,2,28
19015,0,19
19016,1,31
19017,2,20
19018,0,11
19019,1,19
19020,2,19
19021,0,17
19022,1,15
19023,2,8
19024,0,26
19025,1,19
19026,2,14
19027,0,22
19028,1,18
19029,2,16
19030,0,30
19031,1,17
19032,2,38
19033,0,10
19034,1,17
19035,2,17
19036,0,26
19037,1,27
19038,2,16
19039,0,19
19040,1,10
19041,2,20
19042,0,24
19043,1,23
19044,2,11
19045,0,25
19046,1,13
19047,2,13
19048,0,26
19049,1,19
19050,2,14
19051,0,37
19052,1,15
19053,2,19
19054,0,23
19055,1,22
19056,2,27
19057,0,24
19058,1,20
19059,2,14
19060,0,5
19061,1,21
19062,2,10
19063,0,19
19064,1,32
19065,2,17
19066,0,32
19067,1,15
19068,2,15
19069,0,13
19070,1,20
19071,2,11
19072,0,14
19073,1,14
19074,2,21
19075,0,16
19076,1,24
19077,2,11
19078,0,10
19079,1,29
19080,2,19
19081,0,24
19082,1,15
19083,2,15
19084,0,12
19085,1,15
19086,2,21
19087,0,28
19088,1,12
19089,2,22
19090,0,24
19091,1,13
19092,2,16
19093,0,10
19094,1,16
19095,2,16
19096,0,21
19097,1,13
19098,2,24
19099,0,20
19100,1,17
19101,2,38
19102,0,19
19103,1,9
19104,2,13
19105,0,11
19106,1,7
19107,2,25
19108,0,21
19109,1,24
19110,2,35
19111,0,27
19112,1,11
19113,2,32
19114,0,21
19115,1,36
19116,2,17
19117,0,17
19118,1,22
19119,2,19
19120,0,19
19121,1,17
19122,2,19
19123,0,12
19124,1,25
19125,2,22
19126,0,21
19127,1,9
19128,2,9
19129,0,15
19130,1,30
19131,2,21
19132,0,17
19133,1,17
19134,2,15
19135,0,24
19136,1,9
19137,2,15
19138,0,20
19139,1,18
19140,2,14
19141,0,15
19142,1,14
19143,2,14
19144,0,22
19145,1,28
19146,2,14
19147,0,20
19148,1,18
19149,2,27
19150,0,20
19151,1,13
19152,2,37
19153,0,24
19154,1,9
19155,2,13
19156,0,17
19157,1,13
19158,2,16
19159,0,21
19160,1,12
19161,2,11
19162,0,24
19163,1,31
19164,2,29
19165,0,33
19166,1,24
19167,2,23
19168,0,17
19169,1,25
19170,2,21
19171,0,16
19172,1,16
19173,2,19
19174,0,35
19175,1,14
19176,2,30
19177,0,13
19178,1,23
19179,2,24
19180,0,19
19181,1,22
19182,2,14
19183,0,22
19184,1,12
19185,2,12
19186,0,20
19187,1,26
19188,2,19
19189,0,35
19190,1,33
19191,2,17
19192,0,18
19193,1,9
19194,2,14
19195,0,22
19196,1,19
19197,2,15
19198,0,8
19199,1,10
19200,2,13
19201,0,24
19202,1,19
19203,2,24
19204,0,23
19205,1,12
19206,2,16
19207,0,14
19208,1,17
19209,2,23
19210,0,15
19211,1,11
19212,2,12
19213,0,24
19214,1,23
19215,2,27
19216,0,19
19217,1,12
19218,2,16
19219,0,14
19220,1,6
19221,2,21
19222,0,21
19223,1,18
19224,2,12
19225,0,27
19226,1,16
19227,2,29
19228,0,16
19229,1,24
19230,2,11
19231,0,21
19232,1,21
19233,2,11
19234,0,19
19235,1,17
19236,2,21
19237,0,20
19238,1,22
19239,2,19
19240,0,31
19241,1,10
19242,2,15
19243,0,7
19244,1,22
19245,2,12
19246,0,34
19247,1,29
19248,2,28
19249,0,19
19250,1,9
19251,2,25
19252,0,17
19253,1,23
19254,2,19
19255,0,18
19256,1,28
19257,2,22
19258,0,11
19259,1,20
19260,2,13
19261,0,19
19262,1,21
19263,2,31
19264,0,16
19265,1,20
19266,2,21
19267,0,22
19268,1,28
19269,2,22
19270,0,13
19271,1,12
19272,2,16
19273,0,9
19274,1,39
19275,2,25
19276,0,27
19277,1,28
19278,2,8
19279,0,16
19280,1,11
19281,2,17
19282,0,6
19283,1,14
19284,2,32
19285,0,11
19286,1,23
19287,2,17
19288,0,27
19289,1,21
19290,2,20
19291,0,15
19292,1,18
19293,2,21
19294,0,11
19295,1,11
19296,2,23
19297,0,51
19298,1,14
19299,2,21
19300,0,14
19301,1,14
19302,2,24
19303,0,24
19304,1,17
19305,2,12
19306,0,15
19307,1,9
19308,2,16
19309,0,22
19310,1,26
19311,2,24
19312,0,22
19313,1,29
19314,2,15
19315,0,16
19316,1,19
19317,2,16
19318,0,35
19319,1,27
19320,2,21
19321,0,18
19322,1,31
19323,2,9
19324,0,23
19325,1,11
19326,2,15
19327,0,23
19328,1,12
19329,2,19
19330,0,13
19331,1,18
19332,2,17
19333,0,23
19334,1,15
19335,2,13
19336,0,16
19337,1,22
19338,2,10
19339,0,14
19340,1,13
19341,2,20
19342,0,21
19343,1,11
19344,2,12
19345,0,28
19346,1,24
19347,2,33
19348,0,25
19349,1,15
19350,2,24
19351,0,14
19352,1,16
19353,2,14
19354,0,37
19355,1,33
19356,2,14
19357,0,22
19358,1,14
19359,2,24
19360,0,24
19361,1,12
19362,2,10
19363,0,13
19364,1,27
19365,2,18
19366,0,20
19367,1,33
19368,2,20
19369,0,9
19370,1,11
19371,2,24
19372,0,32
19373,1,22
19374,2,33
19375,0,22
19376,1,16
19377,2,17
19378,0,25
19379,1,19
19380,2,25
19381,0,19
19382,1,22
19383,2,7
19384,0,22
19385,1,19
19386,2,24
19387,0,24
19388,1,11
19389,2,39
19390,0,18
19391,1,13
19392,2,25
19393,0,19
19394,1,11
19395,2,10
19396,0,27
19397,1,22
19398,2,26
19399,0,23
19400,1,11
19401,2,26
19402,0,21
19403,1,27
19404,2,28
19405,0,18
19406,1,31
19407,2,29
19408,0,24
19409,1,22
19410,2,20
19411,0,27
19412,1,21
19413,2,18
19414,0,20
19415,1,27
19416,2,16
19417,0,16
19418,1,23
19419,2,12
19420,0,21
19421,1,3
19422,2,20
19423,0,12
19424,1,15
19425,2,22
19426,0,9
19427,1,23
19428,2,28
19429,0,13
19430,1,27
19431,2,18
19432,0,11
19433,1,18
19434,2,24
19435,0,25
19436,1,17
19437,2,28
19438,0,15
19439,1,26
19440,2,23
19441,0,18
19442,1,17
19443,2,18
19444,0,4
19445,1,29
19446,2,10
19447,0,19
19448,1,9
19449,2,26
19450,0,8
19451,1,15
19452,2,20
19453,0,21
19454,1,31
19455,2,19
19456,0,24
19457,1,17
19458,2,22
19459,0,10
19460,1,18
19461,2,22
19462,0,23
19463,1,21
19464,2,36
19465,0,34
19466,1,22
19467,2,16
19468,0,28
19469,1,13
19470,2,32
19471,0,15
19472,1,16
19473,2,10
19474,0,21
19475,1,15
19476,2,12
19477,0,34
19478,1,12
19479,2,39
19480,0,28
19481,1,17
19482,2,14
19483,0,18
19484,1,10
19485,2,19
19486,0,20
19487,1,18
19488,2,23
19489,0,26
19490,1,16
19491,2,18
19492,0,25
19493,1,36
19494,2,24
19495,0,27
19496,1,16
19497,2,24
19498,0,18
19499,1,16
19500,2,27
19501,0,17
19502,1,10
19503,2,29
19504,0,16
19505,1,32
19506,2,17
19507,0,12
19508,1,18
19509,2,19
19510,0,25
19511,1,13
19512,2,13
19513,0,23
19514,1,15
19515,2,16
19516,0,8
19517,1,7
19518,2,32
19519,0,26
19520,1,23
19521,2,10
19522,0,13
19523,1,11
19524,2,21
19525,0,18
19526,1,30
19527,2,16
19528,0,16
19529,1,10
19530,2,13
19531,0,15
19532,1,16
19533,2,16
19534,0,16
19535,1,14
19536,2,8
19537,0,27
19538,1,19
19539,2,23
19540,0,23
19541,1,22
19542,2,38
19543,0,13
19544,1,7
19545,2,12
19546,0,28
19547,1,25
19548,2,7
19549,0,22
19550,1,23
19551,2,42
19552,0,12
19553,1,11
19554,2,8
19555,0,20
19556,1,16
19557,2,15
19558,0,14
19559,1,27
19560,2,21
19561,0,20
19562,1,24
19563,2,7
19564,0,13
19565,1,15
19566,2,15
19567,0,32
19568,1,23
19569,2,23
19570,0,23
19571,1,21
19572,2,19
19573,0,16
19574,1,18
19575,2,24
19576,0,17
19577,1,15
19578,2,17
19579,0,17
19580,1,19
19581,2,27
19582,0,21
19583,1,12
19584,2,24
19585,0,25
19586,1,12
19587,2,22
19588,0,8
19589,1,13
19590,2,22
19591,0,22
19592,1,32
19593,2,13
19594,0,16
19595,1,18
19596,2,24
19597,0,27
19598,1,28
19599,2,21
19600,0,16
19601,1,28
19602,2,20
19603,0,21
19604,1,19
19605,2,22
19606,0,12
19607,1,11
19608,2,18
19609,0,15
19610,1,28
19611,2,22
19612,0,17
19613,1,23
19614,2,19
19615,0,16
19616,1,18
19617,2,9
19618,0,21
19619,1,32
19620,2,22
19621,0,25
19622,1,21
19623,2,11
19624,0,19
19625,1,10
19626,2,8
19627,0,27
19628,1,17
19629,2,23
19630,0,23
19631,1,19
19632,2,15
19633,0,22
19634,1,16
19635,2,18
19636,0,16
19637,1,17
19638,2,19
19639,0,13
19640,1,19
19641,2,14
19642,0,20
19643,1,20
19644,2,29
19645,0,16
19646,1,15
19647,2,20
19648,0,34
19649,1,30
19650,2,28
19651,0,18
19652,1,14
19653,2,5
19654,0,17
19655,1,24
19656,2,21
19657,0,18
19658,1,28
19659,2,10
19660,0,14
19661,1,13
19662,2,26
19663,0,23
19664,1,22
19665,2,15
19666,0,15
19667,1,20
19668,2,11
19669,0,26
19670,1,10
19671,2,32
19672,0,12
19673,1,30
19674,2,12
19675,0,19
19676,1,18
19677,2,15
19678,0,20
19679,1,30
19680,2,21
19681,0,11
19682,1,16
19683,2,20
19684,0,13
19685,1,21
19686,2,18
19687,0,29
19688,1,16
19689,2,18
19690,0,14
19691,1,17
19692,2,13
19693,0,8
19694,1,8
19695,2,13
19696,0,13
19697,1,19
19698,2,25
19699,0,18
19700,1,17
19701,2,10
19702,0,11
19703,1,24
19704,2,15
19705,0,17
19706,1,16
19707,2,10
19708,0,10
19709,1,11
19710,2,16
19711,0,13
19712,1,21
19713,2,25
19714,0,22
19715,1,11
19716,2,26
19717,0,13
19718,1,9
19719,2,21
19720,0,27
19721,1,11
19722,2,16
19723,0,35
19724,1,20
19725,2,11
19726,0,24
19727,1,32
19728,2,18
19729,0,16
19730,1,16
19731,2,21
19732,0,24
19733,1,16
19734,2,23
19735,0,17
19736,1,13
19737,2,27
19738,0,25
19739,1,22
19740,2,18
19741,0,10
19742,1,21
19743,2,22
19744,0,27
19745,1,25
19746,2,23
19747,0,22
19748,1,14
19749,2,13
19750,0,20
19751,1,19
19752,2,9
19753,0,14
19754,1,15
19755,2,17
19756,0,22
19757,1,13
19758,2,14
19759,0,25
19760,1,21
19761,2,23
19762,0,10
19763,1,12
19764,2,12
19765,0,14
19766,1,9
19767,2,28
19768,0,23
19769,1,9
19770,2,21
19771,0,14
19772,1,10
19773,2,13
19774,0,19
19775,1,18
19776,2,12
19777,0,16
19778,1,10
19779,2,19
19780,0,28
19781,1,16
19782,2,28
19783,0,17
19784,1,13
19785,2,13
19786,0,23
19787,1,18
19788,2,13
19789,0,17
19790,1,45
19791,2,17
19792,0,19
19793,1,19
19794,2,36
19795,0,27
19796,1,18
19797,2,8
19798,0,25
19799,1,16
19800,2,17
19801,0,26
19802,1,26
19803,2,28
19804,0,27
19805,1,6
19806,2,25
19807,0,17
19808,1,15
19809,2,10
19810,0,26
19811,1,13
19812,2,20
19813,0,26
19814,1,22
19815,2,16
19816,0,12
19817,1,24
19818,2,10
19819,0,14
19820,1,12
19821,2,16
19822,0,26
19823,1,17
19824,2,19
19825,0,24
19826,1,21
19827,2,25
19828,0,15
19829,1,27
19830,2,22
19831,0,23
19832,1,13
19833,2,13
19834,0,29
19835,1,16
19836,2,15
19837,0,15
19838,1,16
19839,2,13
19840,0,29
19841,1,14
19842,2,13
19843,0,9
19844,1,16
19845,2,13
19846,0,21
19847,1,14
19848,2,20
19849,0,16
19850,1,10
19851,2,14
19852,0,16
19853,1,22
19854,2,25
19855,0,20
19856,1,16
19857,2,22
19858,0,17
19859,1,13
19860,2,16
19861,0,21
19862,1,19
19863,2,9
19864,0,18
19865,1,14
19866,2,20
19867,0,40
19868,1,13
19869,2,22
19870,0,27
19871,1,19
19872,2,16
19873,0,32
19874,1,16
19875,2,14
19876,0,18
19877,1,11
19878,2,21
19879,0,33
19880,1,18
19881,2,12
19882,0,22
19883,1,17
19884,2,23
19885,0,17
19886,1,18
19887,2,18
19888,0,26
19889,1,32
19890,2,28
19891,0,18
19892,1,16
19893,2,21
19894,0,17
19895,1,21
19896,2,14
19897,0,15
19898,1,27
19899,2,13
19900,0,18
19901,1,15
19902,2,14
19903,0,21
19904,1,22
19905,2,34
19906,0,28
19907,1,36
19908,2,24
19909,0,36
19910,1,18
19911,2,25
19912,0,18
19913,1,31
19914,2,13
19915,0,18
19916,1,9
19917,2,10
19918,0,18
19919,1,5
19920,2,22
19921,0,20
19922,1,10
19923,2,14
19924,0,21
19925,1,19
19926,2,28
19927,0,22
19928,1,25
19929,2,21
19930,0,22
19931,1,15
19932,2,26
19933,0,10
19934,1,16
19935,2,8
19936,0,17
19937,1,19
19938,2,32
19939,0,16
19940,1,16
19941,2,17
19942,0,28
19943,1,21
19944,2,24
19945,0,11
19946,1,30
19947,2,13
19948,0,17
19949,1,6
19950,2,16
19951,0,7
19952,1,24
19953,2,11
19954,0,21
19955,1,24
19956,2,21
19957,0,17
19958,1,22
19959,2,17
19960,0,23
19961,1,17
19962,2,12
19963,0,21
19964,1,20
19965,2,19
19966,0,18
19967,1,19
19968,2,25
19969,0,11
19970,1,12
19971,2,9
19972,0,18
19973,1,9
19974,2,20
19975,0,30
19976,1,10
19977,2,23
19978,0,23
19979,1,21
19980,2,16
19981,0,23
19982,1,21
19983,2,26
19984,0,21
19985,1,13
19986,2,17
19987,0,26
19988,1,6
19989,2,21
19990,0,27
19991,1,10
19992,2,22
19993,0,27
19994,1,6
19995,2,14
19996,0,25
19997,1,11
19998,2,23
19999,0,13
20000,1,18
20001,2,18
20002,0,19
20003,1,13
20004,2,24
20005,0,29
20006,1,21
20007,2,11
20008,0,19
20009,1,15
20010,2,14
20011,0,25
20012,1,38
20013,2,12
20014,0,14
20015,1,12
20016,2,10
20017,0,18
20018,1,13
20019,2,16
20020,0,18
20021,1,15
20022,2,20
20023,0,14
20024,1,9
20025,2,13
20026,0,18
20027,1,14
20028,2,17
20029,0,10
20030,1,17
20031,2,21
20032,0,16
20033,1,26
20034,2,36
20035,0,21
20036,1,13
20037,2,22
20038,0,20
20039,1,12
20040,2,21
20041,0,16
20042,1,16
20043,2,28
20044,0,34
20045,1,9
20046,2,40
20047,0,9
20048,1,9
20049,2,24
20050,0,18
20051,1,19
20052,2,12
20053,0,13
20054,1,17
20055,2,17
20056,0,15
20057,1,14
20058,2,21
20059,0,25
20060,1,16
20061,2,28
20062,0,26
20063,1,23
20064,2,12
20065,0,24
20066,1,25
20067,2,17
20068,0,21
20069,1,17
20070,2,49
20071,0,19
20072,1,17
20073,2,17
20074,0,35
20075,1,14
20076,2,18
20077,0,19
20078,1,10
20079,2,26
20080,0,12
20081,1,17
20082,2,20
20083,0,12
20084,1,23
20085,2,19
20086,0,16
20087,1,20
20088,2,15
20089,0,17
20090,1,34
20091,2,17
20092,0,25
20093,1,21
20094,2,12
20095,0,18
20096,1,23
20097,2,13
20098,0,21
20099,1,19
20100,2,21
20101,0,21
20102,1,18
20103,2,14
20104,0,15
20105,1,10
20106,2,11
20107,0,15
20108,1,15
20109,2,23
20110,0,10
20111,1,30
20112,2,29
20113,0,13
20114,1,17
20115,2,25
20116,0,22
20117,1,21
20118,2,14
20119,0,31
20120,1,19
20121,2,10
20122,0,23
20123,1,18
20124,2,17
20125,0,19
20126,1,28
20127,2,18
20128,0,16
20129,1,13
20130,2,17
20131,0,21
20132,1,21
20133,2,29
20134,0,24
20135,1,16
20136,2,27
20137,0,16
20138,1,26
20139,2,20
20140,0,22
20141,1,31
20142,2,26
20143,0,29
20144,1,17
20145,2,19
20146,0,22
20147,1,15
20148,2,19
20149,0,23
20150,1,52
20151,2,20
20152,0,38
20153,1,14
20154,2,14
20155,0,26
20156,1,31
20157,2,21
20158,0,30
20159,1,22
20160,2,24
20161,0,14
20162,1,6
20163,2,24
20164,0,8
20165,1,27
20166,2,16
20167,0,16
20168,1,14
20169,2,18
20170,0,18
20171,1,24
20172,2,25
20173,0,17
20174,1,13
20175,2,17
20176,0,23
20177,1,14
20178,2,9
20179,0,19
20180,1,12
20181,2,36
20182,0,23
20183,1,32
20184,2,21
20185,0,23
20186,1,31
20187,2,15
20188,0,28
20189,1,9
20190,2,24
20191,0,30
20192,1,30
20193,2,21
20194,0,22
20195,1,19
20196,2,16
20197,0,16
20198,1,29
20199,2,24
20200,0,14
20201,1,28
20202,2,35
20203,0,13
20204,1,9
20205,2,24
20206,0,13
20207,1,29
20208,2,21
20209,0,20
20210,1,24
20211,2,12
20212,0,14
20213,1,23
20214,2,22
20215,0,14
20216,1,13
20217,2,15
20218,0,22
20219,1,18
20220,2,14
20221,0,18
20222,1,12
20223,2,25
20224,0,17
20225,1,31
20226,2,13
20227,0,22
20228,1,8
20229,2,17
20230,0,23
20231,1,13
20232,2,27
20233,0,16
20234,1,21
20235,2,19
20236,0,24
20237,1,22
20238,2,26
20239,0,15
20240,1,11
20241,2,25
20242,0,25
20243,1,28
20244,2,17
20245,0,13
20246,1,27
20247,2,19
20248,0,25
20249,1,16
20250,2,29
20251,0,22
20252,1,17
20253,2,25
20254,0,13
20255,1,24
20256,2,22
20257,0,23
20258,1,19
20259,2,32
20260,0,24
20261,1,22
20262,2,24
20263,0,15
20264,1,22
20265,2,22
20266,0,13
20267,1,18
20268,2,14
20269,0,20
20270,1,11
20271,2,12
20272,0,17
20273,1,16
20274,2,6
20275,0,21
20276,1,7
20277,2,22
20278,0,20
20279,1,31
20280,2,22
20281,0,19
20282,1,14
20283,2,22
20284,0,17
20285,1,28
20286,2,26
20287,0,27
20288,1,13
20289,2,14
20290,0,22
20291,1,20
20292,2,41
20293,0,26
20294,1,22
20295,2,15
20296,0,12
20297,1,31
20298,2,24
20299,0,32
20300,1,22
20301,2,12
20302,0,11
20303,1,21
20304,2,16
20305,0,18
20306,1,19
20307,2,13
20308,0,18
20309,1,15
20310,2,19
20311,0,9
20312,1,20
20313,2,18
20314,0,20
20315,1,9
20316,2,14
20317,0,37
20318,1,12
20319,2,18
20320,0,14
20321,1,8
20322,2,27
20323,0,17
20324,1,30
20325,2,14
20326,0,21
20327,1,20
20328,2,27
20329,0,33
20330,1,28
20331,2,28
20332,0,5
20333,1,31
20334,2,8
20335,0,30
20336,1,33
20337,2,31
20338,0,26
20339,1,21
20340,2,21
20341,0,18
20342,1,15
20343,2,19
20344,0,7
20345,1,20
20346,2,6
20347,0,16
20348,1,15
20349,2,19
20350,0,14
20351,1,30
20352,2,28
20353,0,26
20354,1,17
20355,2,12
20356,0,17
20357,1,17
20358,2,23
20359,0,24
20360,1,22
20361,2,23
20362,0,28
20363,1,22
20364,2,24
20365,0,22
20366,1,22
20367,2,13
20368,0,33
20369,1,25
20370,2,20
20371,0,13
20372,1,10
20373,2,15
20374,0,30
20375,1,18
20376,2,13
20377,0,13
20378,1,12
20379,2,15
20380,0,22
20381,1,11
20382,2,15
20383,0,21
20384,1,15
20385,2,16
20386,0,25
20387,1,26
20388,2,12
20389,0,20
20390,1,20
20391,2,19
20392,0,16
20393,1,20
20394,2,15
20395,0,30
20396,1,16
20397,2,26
20398,0,22
20399,1,11
20400,2,14
20401,0,12
20402,1,22
20403,2,15
20404,0,27
20405,1,25
20406,2,15
20407,0,11
20408,1,26
20409,2,13
20410,0,13
20411,1,23
20412,2,38
20413,0,21
20414,1,24
20415,2,18
20416,0,18
20417,1,15
20418,2,17
20419,0,19
20420,1,18
20421,2,23
20422,0,24
20423,1,16
20424,2,14
20425,0,20
20426,1,28
20427,2,18
20428,0,21
20429,1,11
20430,2,18
20431,0,24
20432,1,27
20433,2,18
20434,0,12
20435,1,14
20436,2,9
20437,0,13
20438,1,16
20439,2,21
20440,0,6
20441,1,25
20442,2,24
20443,0,22
20444,1,15
20445,2,14
20446,0,24
20447,1,15
20448,2,24
20449,0,21
20450,1,16
20451,2,13
20452,0,18
20453,1,36
20454,2,21
20455,0,15
20456,1,14
20457,2,25
20458,0,16
20459,1,21
20460,2,15
20461,0,18
20462,1,25
20463,2,14
20464,0,21
20465,1,24
20466,2,21
20467,0,13
20468,1,17
20469,2,25
20470,0,27
20471,1,28
20472,2,16
20473,0,25
20474,1,22
20475,2,24
20476,0,22
20477,1,16
20478,2,22
20479,0,15
20480,1,17
20481,2,12
20482,0,11
20483,1,17
20484,2,15
20485,0,22
20486,1,18
20487,2,32
20488,0,24
20489,1,16
20490,2,21
20491,0,23
20492,1,28
20493,2,36
20494,0,30
20495,1,20
20496,2,25
20497,0,19
20498,1,19
20499,2,21
20500,0,26
20501,1,14
20502,2,27
20503,0,18
20504,1,13
20505,2,10
20506,0,20
20507,1,21
20508,2,22
20509,0,19
20510,1,36
20511,2,19
20512,0,22
20513,1,16
20514,2,12
20515,0,24
20516,1,22
20517,2,14
20518,0,21
20519,1,18
20520,2,37
20521,0,35
20522,1,23
20523,2,19
20524,0,18
20525,1,29
20526,2,10
20527,0,24
20528,1,18
20529,2,12
20530,0,20
20531,1,14
20532,2,10
20533,0,16
20534,1,44
20535,2,15
20536,0,24
20537,1,18
20538,2,34
20539,0,18
20540,1,28
20541,2,8
20542,0,17
20543,1,29
20544,2,16
20545,0,9
20546,1,12
20547,2,13
20548,0,22
20549,1,12
20550,2,17
20551,0,23
20552,1,18
20553,2,17
20554,0,15
20555,1,20
20556,2,15
20557,0,27
20558,1,17
20559,2,27
20560,0,18
20561,1,16
20562,2,23
20563,0,15
20564,1,18
20565,2,18
20566,0,19
20567,1,11
20568,2,8
20569,0,22
20570,1,10
20571,2,16
20572,0,16
20573,1,12
20574,2,8
20575,0,10
20576,1,22
20577,2,9
20578,0,24
20579,1,21
20580,2,16
20581,0,25
20582,1,28
20583,2,7
20584,0,21
20585,1,16
20586,2,19
20587,0,16
20588,1,9
20589,2,9
20590,0,9
20591,1,6
20592,2,9
20593,0,16
20594,1,12
20595,2,23
20596,0,22
20597,1,67
20598,2,28
20599,0,14
20600,1,8
20601,2,27
20602,0,13
20603,1,39
20604,2,14
20605,0,17
20606,1,7
20607,2,22
20608,0,18
20609,1,13
20610,2,24
20611,0,36
20612,1,9
20613,2,21
20614,0,31
20615,1,15
20616,2,14
20617,0,14
20618,1,14
20619,2,26
20620,0,20
20621,1,7
20622,2,9
20623,0,19
20624,1,16
20625,2,11
20626,0,21
20627,1,19
20628,2,17
20629,0,10
20630,1,14
20631,2,11
20632,0,18
20633,1,27
20634,2,9
20635,0,12
20636,1,8
20637,2,18
20638,0,21
20639,1,12
20640,2,6
20641,0,25
20642,1,22
20643,2,22
20644,0,17
20645,1,10
20646,2,18
20647,0,11
20648,1,18
20649,2,32
20650,0,21
20651,1,34
20652,2,10
20653,0,28
20654,1,30
20655,2,28
20656,0,25
20657,1,13
20658,2,27
20659,0,17
20660,1,15
20661,2,16
20662,0,22
20663,1,14
20664,2,18
20665,0,30
20666,1,24
20667,2,27
20668,0,25
20669,1,23
20670,2,13
20671,0,10
20672,1,30
20673,2,34
20674,0,22
20675,1,21
20676,2,12
20677,0,29
20678,1,18
20679,2,15
20680,0,12
20681,1,22
20682,2,14
20683,0,17
20684,1,23
20685,2,12
20686,0,28
20687,1,28
20688,2,9
20689,0,29
20690,1,25
20691,2,31
20692,0,21
20693,1,30
20694,2,19
20695,0,17
20696,1,27
20697,2,7
20698,0,20
20699,1,9
20700,2,14
20701,0,23
20702,1,17
20703,2,14
20704,0,32
20705,1,14
20706,2,13
20707,0,19
20708,1,10
20709,2,28
20710,0,25
20711,1,32
20712,2,13
20713,0,21
20714,1,13
20715,2,19
20716,0,27
20717,1,20
20718,2,16
20719,0,17
20720,1,28
20721,2,22
20722,0,12
20723,1,21
20724,2,22
20725,0,31
20726,1,25
20727,2,22
20728,0,18
20729,1,32
20730,2,14
20731,0,20
20732,1,16
20733,2,13
20734,0,25
20735,1,18
20736,2,11
20737,0,17
20738,1,14
20739,2,23
20740,0,16
20741,1,9
20742,2,6
20743,0,12
20744,1,20
20745,2,26
20746,0,40
20747,1,18
20748,2,13
20749,0,7
20750,1,24
20751,2,11
20752,0,21
20753,1,8
20754,2,8
20755,0,19
20756,1,20
20757,2,22
20758,0,19
20759,1,21
20760,2,19
20761,0,12
20762,1,17
20763,2,11
20764,0,27
20765,1,28
20766,2,11
20767,0,14
20768,1,24
20769,2,15
20770,0,20
20771,1,8
20772,2,14
20773,0,12
20774,1,12
20775,2,8
20776,0,20
20777,1,15
20778,2,24
20779,0,14
20780,1,9
20781,2,17
20782,0,23
20783,1,28
20784,2,29
20785,0,16
20786,1,24
20787,2,14
20788,0,27
20789,1,22
20790,2,33
20791,0,17
20792,1,8
20793,2,11
20794,0,18
20795,1,15
20796,2,16
20797,0,15
20798,1,13
20799,2,19
20800,0,22
20801,1,22
20802,2,20
20803,0,13
20804,1,19
20805,2,26
20806,0,29
20807,1,15
20808,2,16
20809,0,17
20810,1,9
20811,2,14
20812,0,28
20813,1,20
20814,2,8
20815,0,19
20816,1,24
20817,2,9
20818,0,23
20819,1,18
20820,2,15
20821,0,12
20822,1,12
20823,2,12
20824,0,24
20825,1,26
20826,2,13
20827,0,24
20828,1,13
20829,2,11
20830,0,23
20831,1,13
20832,2,14
20833,0,23
20834,1,13
20835,2,13
20836,0,26
20837,1,14
20838,2,28
20839,0,11
20840,1,23
20841,2,29
20842,0,13
20843,1,20
20844,2,14
20845,0,20
20846,1,24
20847,2,19
20848,0,14
20849,1,11
20850,2,22
20851,0,25
20852,1,7
20853,2,27
20854,0,16
20855,1,21
20856,2,16
20857,0,26
20858,1,15
20859,2,21
20860,0,11
20861,1,9
20862,2,14
20863,0,5
20864,1,23
20865,2,16
20866,0,18
20867,1,20
20868,2,17
20869,0,17
20870,1,23
20871,2,17
20872,0,14
20873,1,14
20874,2,13
20875,0,10
20876,1,15
20877,2,31
20878,0,22
20879,1,18
20880,2,15
20881,0,16
20882,1,18
20883,2,15
20884,0,21
20885,1,23
20886,2,16
20887,0,18
20888,1,5
20889,2,24
20890,0,26
20891,1,13
20892,2,23
20893,0,23
20894,1,14
20895,2,21
20896,0,30
20897,1,24
20898,2,16
20899,0,18
20900,1,14
20901,2,26
20902,0,26
20903,1,12
20904,2,16
20905,0,24
20906,1,17
20907,2,7
20908,0,16
20909,1,16
20910,2,15
20911,0,11
20912,1,12
20913,2,22
20914,0,27
20915,1,21
20916,2,22
20917,0,18
20918,1,26
20919,2,25
20920,0,14
20921,1,18
20922,2,10
20923,0,14
20924,1,13
20925,2,23
20926,0,24
20927,1,27
20928,2,20
20929,0,19
20930,1,25
20931,2,19
20932,0,23
20933,1,17
20934,2,27
20935,0,29
20936,1,17
20937,2,17
20938,0,22
20939,1,23
20940,2,8
20941,0,33
20942,1,5
20943,2,12
20944,0,13
20945,1,23
20946,2,26
20947,0,30
20948,1,7
20949,2,12
20950,0,26
20951,1,5
20952,2,38
20953,0,17
20954,1,14
20955,2,13
20956,0,22
20957,1,19
20958,2,25
20959,0,16
20960,1,14
20961,2,15
20962,0,20
20963,1,18
20964,2,18
20965,0,22
20966,1,37
20967,2,15
20968,0,22
20969,1,21
20970,2,9
20971,0,21
20972,1,37
20973,2,28
20974,0,14
20975,1,28
20976,2,18
20977,0,21
20978,1,17
20979,2,17
20980,0,22
20981,1,12
20982,2,11
20983,0,29
20984,1,27
20985,2,22
20986,0,21
20987,1,18
20988,2,13
20989,0,11
20990,1,8
20991,2,10
20992,0,14
20993,1,32
20994,2,15
20995,0,25
20996,1,17
20997,2,16
20998,0,24
20999,1,15
21000,2,12
21001,0,14
21002,1,32
21003,2,40
21004,0,14
21005,1,13
21006,2,11
21007,0,31
21008,1,22
21009,2,19
21010,0,19
21011,1,18
21012,2,18
21013,0,20
21014,1,7
21015,2,19
21016,0,17
21017,1,23
21018,2,14
21019,0,29
21020,1,22
21021,2,13
21022,0,12
21023,1,15
21024,2,6
21025,0,19
21026,1,18
21027,2,24
21028,0,15
21029,1,25
21030,2,15
21031,0,27
21032,1,19
21033,2,28
21034,0,22
21035,1,11
21036,2,28
21037,0,13
21038,1,16
21039,2,18
21040,0,17
21041,1,15
21042,2,29
21043,0,30
21044,1,37
21045,2,37
21046,0,13
21047,1,11
21048,2,14
21049,0,12
21050,1,8
21051,2,12
21052,0,9
21053,1,8
21054,2,17
21055,0,24
21056,1,17
21057,2,26
21058,0,17
21059,1,9
21060,2,14
21061,0,19
21062,1,13
21063,2,12
21064,0,24
21065,1,24
21066,2,9
21067,0,15
21068,1,26
21069,2,29
21070,0,21
21071,1,18
21072,2,17
21073,0,20
21074,1,34
21075,2,22
21076,0,16
21077,1,13
21078,2,24
21079,0,16
21080,1,14
21081,2,28
21082,0,19
21083,1,15
21084,2,16
21085,0,12
21086,1,11
21087,2,11
21088,0,18
21089,1,11
21090,2,18
21091,0,21
21092,1,14
21093,2,17
21094,0,16
21095,1,16
21096,2,31
21097,0,26
21098,1,25
21099,2,26
21100,0,23
21101,1,11
21102,2,11
21103,0,19
21104,1,26
21105,2,27
21106,0,12
21107,1,21
21108,2,9
21109,0,20
21110,1,13
21111,2,19
21112,0,20
21113,1,29
21114,2,36
21115,0,18
21116,1,15
21117,2,20
21118,0,21
21119,1,17
21120,2,22
21121,0,31
21122,1,24
21123,2,26
21124,0,20
21125,1,16
21126,2,10
21127,0,22
21128,1,11
21129,2,22
21130,0,10
21131,1,12
21132,2,16
21133,0,24
21134,1,11
21135,2,12
21136,0,16
21137,1,15
21138,2,15
21139,0,29
21140,1,31
21141,2,22
21142,0,19
21143,1,16
21144,2,10
21145,0,17
21146,1,12
21147,2,25
21148,0,24
21149,1,32
21150,2,12
21151,0,16
21152,1,14
21153,2,26
21154,0,26
21155,1,31
21156,2,21
21157,0,24
21158,1,21
21159,2,34
21160,0,29
21161,1,15
21162,2,22
21163,0,26
21164,1,29
21165,2,8
21166,0,11
21167,1,8
21168,2,16
21169,0,12
21170,1,13
21171,2,20
21172,0,14
21173,1,13
21174,2,28
21175,0,13
21176,1,18
21177,2,32
21178,0,21
21179,1,17
21180,2,25
21181,0,26
21182,1,10
21183,2,10
21184,0,20
21185,1,12
21186,2,19
21187,0,19
21188,1,18
21189,2,16
21190,0,16
21191,1,13
21192,2,17
21193,0,29
21194,1,21
21195,2,15
21196,0,24
21197,1,14
21198,2,14
21199,0,21
21200,1,27
21201,2,22
21202,0,22
21203,1,16
21204,2,21
21205,0,11
21206,1,20
21207,2,12
21208,0,29
21209,1,8
21210,2,15
21211,0,10
21212,1,10
21213,2,19
21214,0,24
21215,1,16
21216,2,10
21217,0,18
21218,1,24
21219,2,22
21220,0,13
21221,1,15
21222,2,25
21223,0,20
21224,1,20
21225,2,16
21226,0,19
21227,1,23
21228,2,27
21229,0,29
21230,1,14
21231,2,12
21232,0,36
21233,1,16
21234,2,9
21235,0,17
21236,1,10
21237,2,18
21238,0,17
21239,1,15
21240,2,14
21241,0,16
21242,1,16
21243,2,17
21244,0,23
21245,1,15
21246,2,20
21247,0,18
21248,1,18
21249,2,13
21250,0,45
21251,1,15
21252,2,27
21253,0,18
21254,1,18
21255,2,9
21256,0,22
21257,1,13
21258,2,16
21259,0,22
21260,1,13
21261,2,16
21262,0,6
21263,1,16
21264,2,10
21265,0,22
21266,1,14
21267,2,17
21268,0,9
21269,1,31
21270,2,20
21271,0,17
21272,1,24
21273,2,18
21274,0,22
21275,1,13
21276,2,16
21277,0,26
21278,1,20
21279,2,19
21280,0,21
21281,1,17
21282,2,21
21283,0,30
21284,1,22
21285,2,11
21286,0,27
21287,1,17
21288,2,18
21289,0,21
21290,1,8
21291,2,27
21292,0,18
21293,1,6
21294,2,23
21295,0,18
21296,1,25
21297,2,9
21298,0,18
21299,1,13
21300,2,15
21301,0,22
21302,1,19
21303,2,12
21304,0,15
21305,1,14
21306,2,16
21307,0,18
21308,1,23
21309,2,28
21310,0,15
21311,1,8
21312,2,18
21313,0,17
21314,1,16
21315,2,12
21316,0,22
21317,1,27
21318,2,16
21319,0,23
21320,1,16
21321,2,25
21322,0,27
21323,1,18
21324,2,10
21325,0,22
21326,1,13
21327,2,21
21328,0,15
21329,1,40
21330,2,24
21331,0,15
21332,1,18
21333,2,17
21334,0,13
21335,1,11
21336,2,10
21337,0,20
21338,1,26
21339,2,24
21340,0,14
21341,1,14
21342,2,11
21343,0,14
21344,1,16
21345,2,20
21346,0,18
21347,1,17
21348,2,27
21349,0,14
21350,1,32
21351,2,26
21352,0,18
21353,1,8
21354,2,21
21355,0,19
21356,1,21
21357,2,17
21358,0,18
21359,1,15
21360,2,19
21361,0,13
21362,1,12
21363,2,9
21364,0,11
21365,1,34
21366,2,10
21367,0,25
21368,1,14
21369,2,22
21370,0,25
21371,1,38
21372,2,11
21373,0,9
21374,1,9
21375,2,25
21376,0,21
21377,1,17
21378,2,22
21379,0,17
21380,1,7
21381,2,14
21382,0,10
21383,1,35
21384,2,13
21385,0,19
21386,1,37
21387,2,16
21388,0,14
21389,1,11
21390,2,22
21391,0,14
21392,1,11
21393,2,17
21394,0,24
21395,1,20
21396,2,11
21397,0,19
21398,1,22
21399,2,28
21400,0,20
21401,1,18
21402,2,23
21403,0,15
21404,1,20
21405,2,24
21406,0,20
21407,1,15
21408,2,16
21409,0,13
21410,1,12
21411,2,15
21412,0,27
21413,1,13
21414,2,29
21415,0,11
21416,1,8
21417,2,14
21418,0,25
21419,1,16
21420,2,29
21421,0,15
21422,1,14
21423,2,19
21424,0,29
21425,1,24
21426,2,13
21427,0,31
21428,1,25
21429,2,13
21430,0,21
21431,1,15
21432,2,12
21433,0,20
21434,1,19
21435,2,21
21436,0,25
21437,1,14
21438,2,10
21439,0,20
21440,1,13
21441,2,15
21442,0,17
21443,1,15
21444,2,22
21445,0,16
21446,1,13
21447,2,17
21448,0,19
21449,1,22
21450,2,27
21451,0,25
21452,1,29
21453,2,19
21454,0,13
21455,1,20
21456,2,29
21457,0,21
21458,1,16
21459,2,15
21460,0,25
21461,1,31
21462,2,9
21463,0,15
21464,1,10
21465,2,23
21466,0,31
21467,1,29
21468,2,19
21469,0,11
21470,1,12
21471,2,33
21472,0,20
21473,1,19
21474,2,17
21475,0,16
21476,1,12
21477,2,16
21478,0,17
21479,1,15
21480,2,15
21481,0,20
21482,1,23
21483,2,17
21484,0,20
21485,1,24
21486,2,21
21487,0,22
21488,1,17
21489,2,19
21490,0,27
21491,1,14
21492,2,20
21493,0,14
21494,1,12
21495,2,20
21496,0,16
21497,1,17
21498,2,15
21499,0,27
21500,1,36
21501,2,11
21502,0,19
21503,1,16
21504,2,17
21505,0,26
21506,1,19
21507,2,16
21508,0,25
21509,1,27
21510,2,24
21511,0,19
21512,1,14
21513,2,26
21514,0,22
21515,1,18
21516,2,13
21517,0,12
21518,1,18
21519,2,11
21520,0,9
21521,1,23
21522,2,26
21523,0,7
21524,1,23
21525,2,16
21526,0,26
21527,1,18
21528,2,14
21529,0,17
21530,1,13
21531,2,9
21532,0,21
21533,1,15
21534,2,13
21535,0,12
21536,1,15
21537,2,31
21538,0,26
21539,1,38
21540,2,14
21541,0,18
21542,1,20
21543,2,23
21544,0,17
21545,1,23
21546,2,13
21547,0,29
21548,1,12
21549,2,28
21550,0,19
21551,1,25
21552,2,13
21553,0,6
21554,1,27
21555,2,16
21556,0,14
21557,1,23
21558,2,19
21559,0,29
21560,1,11
21561,2,16
21562,0,18
21563,1,38
21564,2,19
21565,0,27
21566,1,21
21567,2,18
21568,0,19
21569,1,38
21570,2,24
21571,0,16
21572,1,17
21573,2,16
21574,0,13
21575,1,22
21576,2,21
21577,0,16
21578,1,20
21579,2,35
21580,0,20
21581,1,29
21582,2,15
21583,0,15
21584,1,17
21585,2,16
21586,0,29
21587,1,13
21588,2,15
21589,0,23
21590,1,24
21591,2,21
21592,0,22
21593,1,8
21594,2,33
21595,0,20
21596,1,22
21597,2,16
21598,0,28
21599,1,24
21600,2,15
21601,0,15
21602,1,17
21603,2,19
21604,0,22
21605,1,15
21606,2,19
21607,0,18
21608,1,47
21609,2,13
21610,0,32
21611,1,25
21612,2,15
21613,0,10
21614,1,33
21615,2,25
21616,0,31
21617,1,15
21618,2,21
21619,0,17
21620,1,16
21621,2,8
21622,0,31
21623,1,8
21624,2,17
21625,0,14
21626,1,15
21627,2,16
21628,0,17
21629,1,18
21630,2,33
21631,0,14
21632,1,11
21633,2,31
21634,0,17
21635,1,4
21636,2,8
21637,0,12
21638,1,19
21639,2,19
21640,0,12
21641,1,24
21642,2,16
21643,0,17
21644,1,11
21645,2,22
21646,0,34
21647,1,13
21648,2,25
21649,0,18
21650,1,24
21651,2,12
21652,0,20
21653,1,7
21654,2,26
21655,0,19
21656,1,14
21657,2,26
21658,0,23
21659,1,19
21660,2,15
21661,0,16
21662,1,23
21663,2,15
21664,0,22
21665,1,37
21666,2,16
21667,0,19
21668,1,18
21669,2,13
21670,0,16
21671,1,12
21672,2,16
21673,0,26
21674,1,19
21675,2,10
21676,0,15
21677,1,23
21678,2,21
21679,0,21
21680,1,8
21681,2,14
21682,0,14
21683,1,20
21684,2,17
21685,0,27
21686,1,23
21687,2,20
21688,0,32
21689,1,25
21690,2,29
21691,0,17
21692,1,13
21693,2,31
21694,0,24
21695,1,15
21696,2,17
21697,0,12
21698,1,16
21699,2,13
21700,0,30
21701,1,16
21702,2,25
21703,0,16
21704,1,25
21705,2,36
21706,0,11
21707,1,17
21708,2,17
21709,0,21
21710,1,20
21711,2,12
21712,0,7
21713,1,18
21714,2,20
21715,0,10
21716,1,26
21717,2,18
21718,0,35
21719,1,20
21720,2,39
21721,0,14
21722,1,15
21723,2,13
21724,0,14
21725,1,23
21726,2,14
21727,0,22
21728,1,18
21729,2,24
21730,0,16
21731,1,29
21732,2,8
21733,0,26
21734,1,22
21735,2,11
21736,0,24
21737,1,31
21738,2,22
21739,0,18
21740,1,41
21741,2,17
21742,0,23
21743,1,19
21744,2,18
21745,0,16
21746,1,23
21747,2,24
21748,0,24
21749,1,21
21750,2,28
21751,0,15
21752,1,14
21753,2,9
21754,0,24
21755,1,29
21756,2,26
21757,0,14
21758,1,18
21759,2,26
21760,0,25
21761,1,15
21762,2,11
21763,0,22
21764,1,10
21765,2,19
21766,0,19
21767,1,16
21768,2,29
21769,0,21
21770,1,13
21771,2,27
21772,0,31
21773,1,9
21774,2,19
21775,0,32
21776,1,17
21777,2,13
21778,0,9
21779,1,19
21780,2,18
21781,0,12
21782,1,10
21783,2,12
21784,0,16
21785,1,19
21786,2,29
21787,0,17
21788,1,6
21789,2,14
21790,0,23
21791,1,22
21792,2,8
21793,0,11
21794,1,21
21795,2,16
21796,0,13
21797,1,24
21798,2,24
21799,0,14
21800,1,27
21801,2,18
21802,0,15
21803,1,16
21804,2,18
21805,0,18
21806,1,16
21807,2,24
21808,0,8
21809,1,12
21810,2,17
21811,0,18
21812,1,9
21813,2,18
21814,0,14
21815,1,15
21816,2,18
21817,0,25
21818,1,10
21819,2,11
21820,0,18
21821,1,16
21822,2,20
21823,0,22
21824,1,19
21825,2,15
21826,0,23
21827,1,21
21828,2,14
21829,0,18
21830,1,17
21831,2,16
21832,0,12
21833,1,14
21834,2,30
21835,0,19
21836,1,37
21837,2,18
21838,0,17
21839,1,18
21840,2,21
21841,0,29
21842,1,8
21843,2,24
21844,0,20
21845,1,23
21846,2,22
21847,0,18
21848,1,18
21849,2,21
21850,0,15
21851,1,18
21852,2,25
21853,0,12
21854,1,18
21855,2,20
21856,0,11
21857,1,18
21858,2,15
21859,0,19
21860,1,14
21861,2,23
21862,0,24
21863,1,17
21864,2,18
21865,0,14
21866,1,9
21867,2,18
21868,0,11
21869,1,20
21870,2,12
21871,0,19
21872,1,9
21873,2,21
21874,0,13
21875,1,20
21876,2,31
21877,0,15
21878,1,11
21879,2,14
21880,0,14
21881,1,3
21882,2,17
21883,0,10
21884,1,16
21885,2,8
21886,0,23
21887,1,15
21888,2,37
21889,0,19
21890,1,18
21891,2,25
21892,0,16
21893,1,36
21894,2,19
21895,0,31
21896,1,13
21897,2,15
21898,0,18
21899,1,13
21900,2,16
21901,0,24
21902,1,21
21903,2,27
21904,0,19
21905,1,16
21906,2,20
21907,0,8
21908,1,10
21909,2,12
21910,0,25
21911,1,14
21912,2,13
21913,0,21
21914,1,5
21915,2,24
21916,0,13
21917,1,7
21918,2,21
21919,0,9
21920,1,8
21921,2,17
21922,0,7
21923,1,24
21924,2,18
21925,0,11
21926,1,26
21927,2,16
21928,0,27
21929,1,16
21930,2,12
21931,0,31
21932,1,18
21933,2,26
21934,0,29
21935,1,19
21936,2,10
21937,0,14
21938,1,10
21939,2,14
21940,0,15
21941,1,18
21942,2,4
21943,0,11
21944,1,19
21945,2,27
21946,0,21
21947,1,8
21948,2,26
21949,0,16
21950,1,26
21951,2,29
21952,0,12
21953,1,5
21954,2,14
21955,0,14
21956,1,24
21957,2,20
21958,0,19
21959,1,16
21960,2,21
21961,0,17
21962,1,10
21963,2,17
21964,0,17
21965,1,18
21966,2,10
21967,0,18
21968,1,8
21969,2,15
21970,0,20
21971,1,20
21972,2,23
21973,0,32
21974,1,9
21975,2,13
21976,0,13
21977,1,29
21978,2,18
21979,0,15
21980,1,15
21981,2,13
21982,0,11
21983,1,21
21984,2,17
21985,0,31
21986,1,20
21987,2,18
21988,0,19
21989,1,15
21990,2,18
21991,0,20
21992,1,21
21993,2,12
21994,0,8
21995,1,29
21996,2,10
21997,0,12
21998,1,8
21999,2,15
22000,0,14
22001,1,18
22002,2,19
22003,0,15
22004,1,9
22005,2,16
22006,0,19
22007,1,17
22008,2,13
22009,0,27
22010,1,30
22011,2,18
22012,0,19
22013,1,30
22014,2,9
22015,0,12
22016,1,23
22017,2,19
22018,0,10
22019,1,13
22020,2,25
22021,0,15
22022,1,15
22023,2,20
22024,0,13
22025,1,14
22026,2,16
22027,0,20
22028,1,21
22029,2,24
22030,0,10
22031,1,24
22032,2,23
22033,0,25
22034,1,18
22035,2,20
22036,0,27
22037,1,15
22038,2,8
22039,0,18
22040,1,14
22041,2,22
22042,0,35
22043,1,13
22044,2,27
22045,0,30
22046,1,21
22047,2,13
22048,0,12
22049,1,3
22050,2,15
22051,0,13
22052,1,20
22053,2,16
22054,0,14
22055,1,19
22056,2,12
22057,0,22
22058,1,22
22059,2,13
22060,0,31
22061,1,11
22062,2,20
22063,0,29
22064,1,9
22065,2,21
22066,0,28
22067,1,29
22068,2,14
22069,0,8
22070,1,16
22071,2,14
22072,0,18
22073,1,13
22074,2,14
22075,0,14
22076,1,15
22077,2,7
22078,0,28
22079,1,20
22080,2,27
22081,0,18
22082,1,10
22083,2,20
22084,0,24
22085,1,8
22086,2,11
22087,0,15
22088,1,7
22089,2,19
22090,0,29
22091,1,13
22092,2,21
22093,0,13
22094,1,30
22095,2,25
22096,0,14
22097,1,16
22098,2,19
22099,0,24
22100,1,5
22101,2,13
22102,0,10
22103,1,28
22104,2,26
22105,0,15
22106,1,18
22107,2,13
22108,0,26
22109,1,17
22110,2,19
22111,0,15
22112,1,17
22113,2,14
22114,0,23
22115,1,33
22116,2,24
22117,0,10
22118,1,21
22119,2,17
22120,0,32
22121,1,20
22122,2,27
22123,0,16
22124,1,25
22125,2,11
22126,0,25
22127,1,21
22128,2,19
22129,0,17
22130,1,12
22131,2,27
22132,0,18
22133,1,5
22134,2,10
22135,0,20
22136,1,14
22137,2,13
22138,0,12
22139,1,14
22140,2,16
22141,0,28
22142,1,8
22143,2,19
22144,0,21
22145,1,25
22146,2,16
22147,0,12
22148,1,11
22149,2,16
22150,0,17
22151,1,24
22152,2,18
22153,0,20
22154,1,18
22155,2,14
22156,0,13
22157,1,14
22158,2,6
22159,0,35
22160,1,18
22161,2,29
22162,0,42
22163,1,19
22164,2,35
22165,0,24
22166,1,16
22167,2,22
22168,0,34
22169,1,16
22170,2,35
22171,0,19
22172,1,27
22173,2,8
22174,0,34
22175,1,10
22176,2,19
22177,0,22
22178,1,23
22179,2,28
22180,0,23
22181,1,11
22182,2,8
22183,0,21
22184,1,9
22185,2,13
22186,0,16
22187,1,24
22188,2,23
22189,0,18
22190,1,13
22191,2,27
22192,0,11
22193,1,17
22194,2,20
22195,0,18
22196,1,9
22197,2,17
22198,0,17
22199,1,18
22200,2,22
22201,0,31
22202,1,26
22203,2,13
22204,0,17
22205,1,39
22206,2,15
22207,0,34
22208,1,23
22209,2,15
22210,0,12
22211,1,11
22212,2,26
22213,0,22
22214,1,21
22215,2,17
22216,0,24
22217,1,9
22218,2,21
22219,0,17
22220,1,34
22221,2,18
22222,0,14
22223,1,13
22224,2,16
22225,0,24
22226,1,10
22227,2,15
22228,0,15
22229,1,17
22230,2,17
22231,0,19
22232,1,30
22233,2,13
22234,0,17
22235,1,26
22236,2,11
22237,0,18
22238,1,16
22239,2,18
22240,0,15
22241,1,9
22242,2,12
22243,0,24
22244,1,13
22245,2,17
22246,0,19
22247,1,14
22248,2,14
22249,0,15
22250,1,14
22251,2,13
22252,0,14
22253,1,8
22254,2,18
22255,0,14
22256,1,10
22257,2,29
22258,0,25
22259,1,22
22260,2,22
22261,0,10
22262,1,8
22263,2,19
22264,0,25
22265,1,14
22266,2,18
22267,0,22
22268,1,26
22269,2,24
22270,0,16
22271,1,19
22272,2,28
22273,0,20
22274,1,16
22275,2,20
22276,0,22
22277,1,24
22278,2,16
22279,0,15
22280,1,10
22281,2,23
22282,0,12
22283,1,17
22284,2,11
22285,0,22
22286,1,21
22287,2,15
22288,0,27
22289,1,17
22290,2,9
22291,0,19
22292,1,24
22293,2,16
22294,0,29
22295,1,18
22296,2,16
22297,0,21
22298,1,11
22299,2,23
22300,0,8
22301,1,14
22302,2,20
22303,0,28
22304,1,13
22305,2,23
22306,0,5
22307,1,19
22308,2,5
22309,0,16
22310,1,20
22311,2,26
22312,0,26
22313,1,8
22314,2,24
22315,0,15
22316,1,21
22317,2,24
22318,0,20
22319,1,20
22320,2,9
22321,0,18
22322,1,12
22323,2,29
22324,0,19
22325,1,29
22326,2,26
22327,0,22
22328,1,14
22329,2,17
22330,0,12
22331,1,10
22332,2,17
22333,0,17
22334,1,13
22335,2,23
22336,0,20
22337,1,22
22338,2,15
22339,0,17
22340,1,12
22341,2,19
22342,0,12
22343,1,17
22344,2,10
22345,0,18
22346,1,19
22347,2,27
22348,0,19
22349,1,27
22350,2,36
22351,0,20
22352,1,8
22353,2,4
22354,0,16
22355,1,16
22356,2,26
22357,0,19
22358,1,15
22359,2,10
22360,0,28
22361,1,22
22362,2,20
22363,0,16
22364,1,21
22365,2,21
22366,0,48
22367,1,23
22368,2,36
22369,0,20
22370,1,13
22371,2,11
22372,0,28
22373,1,28
22374,2,26
22375,0,17
22376,1,21
22377,2,15
22378,0,20
22379,1,12
22380,2,23
22381,0,4
22382,1,29
22383,2,10
22384,0,18
22385,1,14
22386,2,6
22387,0,13
22388,1,10
22389,2,11
22390,0,16
22391,1,24
22392,2,20
22393,0,24
22394,1,19
22395,2,10
22396,0,14
22397,1,17
22398,2,11
22399,0,15
22400,1,22
22401,2,16
22402,0,28
22403,1,22
22404,2,20
22405,0,15
22406,1,20
22407,2,26
22408,0,17
22409,1,13
22410,2,10
22411,0,26
22412,1,8
22413,2,23
22414,0,14
22415,1,28
22416,2,22
22417,0,20
22418,1,3
22419,2,7
22420,0,14
22421,1,15
22422,2,4
22423,0,25
22424,1,19
22425,2,16
22426,0,18
22427,1,18
22428,2,12
22429,0,18
22430,1,25
22431,2,22
22432,0,21
22433,1,8
22434,2,9
22435,0,23
22436,1,12
22437,2,8
22438,0,16
22439,1,32
22440,2,15
22441,0,21
22442,1,12
22443,2,5
22444,0,17
22445,1,11
22446,2,23
22447,0,16
22448,1,4
22449,2,17
22450,0,16
22451,1,13
22452,2,11
22453,0,9
22454,1,14
22455,2,20
22456,0,10
22457,1,23
22458,2,13
22459,0,29
22460,1,19
22461,2,9
22462,0,19
22463,1,11
22464,2,13
22465,0,13
22466,1,12
22467,2,14
22468,0,11
22469,1,21
22470,2,13
22471,0,22
22472,1,18
22473,2,26
22474,0,14
22475,1,8
22476,2,20
22477,0,13
22478,1,15
22479,2,23
22480,0,25
22481,1,18
22482,2,29
22483,0,19
22484,1,24
22485,2,24
22486,0,20
22487,1,13
22488,2,10
22489,0,26
22490,1,17
22491,2,25
22492,0,10
22493,1,13
22494,2,19
22495,0,17
22496,1,6
22497,2,5
22498,0,14
22499,1,20
22500,2,8
22501,0,19
22502,1,17
22503,2,16
22504,0,16
22505,1,18
22506,2,8
22507,0,16
22508,1,11
22509,2,23
22510,0,23
22511,1,37
22512,2,15
22513,0,26
22514,1,9
22515,2,12
22516,0,12
22517,1,5
22518,2,9
22519,0,22
22520,1,32
22521,2,27
22522,0,24
22523,1,27
22524,2,12
22525,0,13
22526,1,12
22527,2,26
22528,0,17
22529,1,17
22530,2,23
22531,0,25
22532,1,11
22533,2,22
22534,0,23
22535,1,21
22536,2,19
22537,0,15
22538,1,13
22539,2,30
22540,0,21
22541,1,14
22542,2,12
22543,0,13
22544,1,19
22545,2,24
22546,0,15
22547,1,9
22548,2,5
22549,0,41
22550,1,30
22551,2,19
22552,0,19
22553,1,11
22554,2,22
22555,0,17
22556,1,5
22557,2,25
22558,0,31
22559,1,18
22560,2,19
22561,0,18
22562,1,12
22563,2,23
22564,0,24
22565,1,22
22566,2,23
22567,0,18
22568,1,20
22569,2,17
22570,0,29
22571,1,17
22572,2,26
22573,0,20
22574,1,14
22575,2,8
22576,0,10
22577,1,37
22578,2,10
22579,0,9
22580,1,26
22581,2,11
22582,0,15
22583,1,17
22584,2,11
22585,0,18
22586,1,14
22587,2,18
22588,0,16
22589,1,17
22590,2,6
22591,0,25
22592,1,13
22593,2,33
22594,0,14
22595,1,18
22596,2,20
22597,0,27
22598,1,8
22599,2,20
22600,0,34
22601,1,16
22602,2,33
22603,0,11
22604,1,12
22605,2,26
22606,0,10
22607,1,21
22608,2,15
22609,0,20
22610,1,18
22611,2,21
22612,0,30
22613,1,13
22614,2,20
22615,0,14
22616,1,19
22617,2,19
22618,0,22
22619,1,10
22620,2,21
22621,0,28
22622,1,6
22623,2,22
22624,0,23
22625,1,23
22626,2,19
22627,0,18
22628,1,7
22629,2,22
22630,0,20
22631,1,21
22632,2,10
22633,0,15
22634,1,14
22635,2,22
22636,0,27
22637,1,5
22638,2,35
22639,0,18
22640,1,13
22641,2,22
22642,0,17
22643,1,12
22644,2,18
22645,0,21
22646,1,21
22647,2,13
22648,0,17
22649,1,11
22650,2,12
22651,0,15
22652,1,26
22653,2,16
22654,0,18
22655,1,18
22656,2,16
22657,0,5
22658,1,18
22659,2,20
22660,0,18
22661,1,12
22662,2,22
22663,0,18
22664,1,20
22665,2,13
22666,0,16
22667,1,9
22668,2,12
22669,0,21
22670,1,29
22671,2,26
22672,0,16
22673,1,15
22674,2,16
22675,0,24
22676,1,6
22677,2,12
22678,0,11
22679,1,15
22680,2,7
22681,0,19
22682,1,9
22683,2,18
22684,0,28
22685,1,15
22686,2,14
22687,0,12
22688,1,26
22689,2,15
22690,0,18
22691,1,11
22692,2,14
22693,0,28
22694,1,16
22695,2,23
22696,0,23
22697,1,13
22698,2,25
22699,0,23
22700,1,7
22701,2,22
22702,0,24
22703,1,9
22704,2,12
22705,0,16
22706,1,34
22707,2,18
22708,0,24
22709,1,17
22710,2,19
22711,0,12
22712,1,24
22713,2,16
22714,0,29
22715,1,14
22716,2,18
22717,0,19
22718,1,25
22719,2,19
22720,0,20
22721,1,17
22722,2,26
22723,0,28
22724,1,21
22725,2,20
22726,0,12
22727,1,26
22728,2,18
22729,0,21
22730,1,22
22731,2,11
22732,0,26
22733,1,24
22734,2,3
22735,0,26
22736,1,11
22737,2,12
22738,0,33
22739,1,19
22740,2,24
22741,0,19
22742,1,14
22743,2,22
22744,0,23
22745,1,23
22746,2,19
22747,0,30
22748,1,13
22749,2,15
22750,0,17
22751,1,16
22752,2,31
22753,0,18
22754,1,13
22755,2,24
22756,0,21
22757,1,18
22758,2,24
22759,0,13
22760,1,27
22761,2,22
22762,0,15
22763,1,10
22764,2,19
22765,0,21
22766,1,24
22767,2,12
22768,0,8
22769,1,19
22770,2,18
22771,0,25
22772,1,25
22773,2,32
22774,0,18
22775,1,14
22776,2,22
22777,0,20
22778,1,23
22779,2,29
22780,0,22
22781,1,26
22782,2,23
22783,0,9
22784,1,15
22785,2,14
22786,0,17
22787,1,8
22788,2,21
22789,0,35
22790,1,19
22791,2,20
22792,0,25
22793,1,25
22794,2,24
22795,0,10
22796,1,16
22797,2,11
22798,0,16
22799,1,25
22800,2,10
22801,0,29
22802,1,27
22803,2,20
22804,0,29
22805,1,10
22806,2,26
22807,0,26
22808,1,11
22809,2,24
22810,0,17
22811,1,34
22812,2,20
22813,0,23
22814,1,25
22815,2,21
22816,0,23
22817,1,24
22818,2,14
22819,0,27
22820,1,21
22821,2,11
22822,0,15
22823,1,14
22824,2,27
22825,0,16
22826,1,7
22827,2,23
22828,0,14
22829,1,9
22830,2,10
22831,0,17
22832,1,7
22833,2,19
22834,0,14
22835,1,22
22836,2,21
22837,0,27
22838,1,20
22839,2,19
22840,0,28
22841,1,27
22842,2,14
22843,0,24
22844,1,15
22845,2,14
22846,0,15
22847,1,32
22848,2,15
22849,0,14
22850,1,22
22851,2,13
22852,0,8
22853,1,25
22854,2,22
22855,0,28
22856,1,21
22857,2,19
22858,0,14
22859,1,24
22860,2,17
22861,0,26
22862,1,26
22863,2,18
22864,0,18
22865,1,14
22866,2,27
22867,0,10
22868,1,19
22869,2,17
22870,0,18
22871,1,16
22872,2,10
22873,0,17
22874,1,8
22875,2,18
22876,0,21
22877,1,17
22878,2,9
22879,0,11
22880,1,13
22881,2,21
22882,0,12
22883,1,5
22884,2,22
22885,0,11
22886,1,7
22887,2,27
22888,0,13
22889,1,6
22890,2,19
22891,0,40
22892,1,39
22893,2,16
22894,0,12
22895,1,11
22896,2,22
22897,0,16
22898,1,22
22899,2,20
22900,0,27
22901,1,18
22902,2,17
22903,0,11
22904,1,22
22905,2,19
22906,0,26
22907,1,18
22908,2,16
22909,0,28
22910,1,15
22911,2,35
22912,0,15
22913,1,17
22914,2,21
22915,0,22
22916,1,14
22917,2,5
22918,0,28
22919,1,12
22920,2,23
22921,0,19
22922,1,13
22923,2,22
22924,0,15
22925,1,9
22926,2,17
22927,0,21
22928,1,9
22929,2,24
22930,0,11
22931,1,20
22932,2,13
22933,0,27
22934,1,14
22935,2,39
22936,0,25
22937,1,13
22938,2,22
22939,0,13
22940,1,7
22941,2,15
22942,0,11
22943,1,15
22944,2,16
22945,0,11
22946,1,15
22947,2,26
22948,0,34
22949,1,17
22950,2,27
22951,0,19
22952,1,19
22953,2,17
22954,0,18
22955,1,17
22956,2,17
22957,0,19
22958,1,11
22959,2,14
22960,0,30
22961,1,9
22962,2,17
22963,0,12
22964,1,21
22965,2,21
22966,0,19
22967,1,6
22968,2,25
22969,0,24
22970,1,12
22971,2,23
22972,0,23
22973,1,19
22974,2,8
22975,0,22
22976,1,18
22977,2,18
22978,0,30
22979,1,22
22980,2,28
22981,0,16
22982,1,12
22983,2,24
22984,0,27
22985,1,25
22986,2,10
22987,0,15
22988,1,16
22989,2,21
22990,0,22
22991,1,13
22992,2,16
22993,0,12
22994,1,9
22995,2,26
22996,0,17
22997,1,26
22998,2,10
22999,0,14
23000,1,11
23001,2,26
23002,0,18
23003,1,17
23004,2,23
23005,0,19
23006,1,1
23007,2,7
23008,0,27
23009,1,29
23010,2,22
23011,0,23
23012,1,6
23013,2,13
23014,0,16
23015,1,8
23016,2,13
23017,0,13
23018,1,21
23019,2,24
23020,0,25
23021,1,12
23022,2,12
23023,0,13
23024,1,19
23025,2,12
23026,0,26
23027,1,24
23028,2,18
23029,0,22
23030,1,14
23031,2,26
23032,0,29
23033,1,22
23034,2,16
23035,0,8
23036,1,23
23037,2,16
23038,0,18
23039,1,13
23040,2,9
23041,0,17
23042,1,10
23043,2,20
23044,0,22
23045,1,11
23046,2,19
23047,0,21
23048,1,25
23049,2,20
23050,0,23
23051,1,18
23052,2,21
23053,0,22
23054,1,8
23055,2,14
23056,0,14
23057,1,18
23058,2,12
23059,0,36
23060,1,6
23061,2,18
23062,0,10
23063,1,10
23064,2,13
23065,0,12
23066,1,17
23067,2,19
23068,0,21
23069,1,21
23070,2,20
23071,0,30
23072,1,17
23073,2,25
23074,0,27
23075,1,16
23076,2,26
23077,0,22
23078,1,17
23079,2,8
23080,0,12
23081,1,20
23082,2,38
23083,0,15
23084,1,18
23085,2,17
23086,0,24
23087,1,14
23088,2,15
23089,0,24
23090,1,23
23091,2,11
23092,0,25
23093,1,15
23094,2,21
23095,0,32
23096,1,24
23097,2,24
23098,0,27
23099,1,13
23100,2,12
23101,0,12
23102,1,18
23103,2,15
23104,0,14
23105,1,11
23106,2,14
23107,0,25
23108,1,16
23109,2,16
23110,0,37
23111,1,24
23112,2,13
23113,0,21
23114,1,9
23115,2,19
23116,0,16
23117,1,21
23118,2,9
23119,0,18
23120,1,15
23121,2,24
23122,0,15
23123,1,20
23124,2,24
23125,0,17
23126,1,15
23127,2,12
23128,0,18
23129,1,10
23130,2,19
23131,0,18
23132,1,23
23133,2,43
23134,0,20
23135,1,11
23136,2,28
23137,0,21
23138,1,32
23139,2,12
23140,0,31
23141,1,33
23142,2,12
23143,0,18
23144,1,9
23145,2,15
23146,0,16
23147,1,19
23148,2,13
23149,0,15
23150,1,26
23151,2,13
23152,0,13
23153,1,23
23154,2,16
23155,0,28
23156,1,20
23157,2,15
23158,0,18
23159,1,11
23160,2,14
23161,0,13
23162,1,13
23163,2,28
23164,0,15
23165,1,13
23166,2,15
23167,0,22
23168,1,23
23169,2,16
23170,0,27
23171,1,20
23172,2,12
23173,0,14
23174,1,13
23175,2,22
23176,0,18
23177,1,9
23178,2,12
23179,0,12
23180,1,24
23181,2,13
23182,0,21
23183,1,15
23184,2,13
23185,0,21
23186,1,7
23187,2,9
23188,0,22
23189,1,11
23190,2,18
23191,0,13
23192,1,15
23193,2,19
23194,0,11
23195,1,22
23196,2,29
23197,0,18
23198,1,34
23199,2,12
23200,0,19
23201,1,39
23202,2,23
23203,0,15
23204,1,17
23205,2,8
23206,0,20
23207,1,26
23208,2,34
23209,0,14
23210,1,31
23211,2,15
23212,0,23
23213,1,24
23214,2,18
23215,0,25
23216,1,5
23217,2,11
23218,0,12
23219,1,6
23220,2,23
23221,0,18
23222,1,17
23223,2,10
23224,0,22
23225,1,20
23226,2,18
23227,0,18
23228,1,18
23229,2,13
23230,0,16
23231,1,12
23232,2,12
23233,0,11
23234,1,11
23235,2,10
23236,0,14
23237,1,13
23238,2,20
23239,0,47
23240,1,16
23241,2,25
23242,0,15
23243,1,23
23244,2,23
23245,0,24
23246,1,26
23247,2,8
23248,0,23
23249,1,27
23250,2,22
23251,0,18
23252,1,23
23253,2,19
23254,0,9
23255,1,8
23256,2,13
23257,0,20
23258,1,10
23259,2,16
23260,0,17
23261,1,23
23262,2,32
23263,0,13
23264,1,14
23265,2,27
23266,0,23
23267,1,18
23268,2,21
23269,0,30
23270,1,22
23271,2,23
23272,0,14
23273,1,7
23274,2,28
23275,0,22
23276,1,16
23277,2,9
23278,0,12
23279,1,16
23280,2,27
23281,0,15
23282,1,19
23283,2,10
23284,0,18
23285,1,16
23286,2,16
23287,0,23
23288,1,18
23289,2,21
23290,0,32
23291,1,12
23292,2,23
23293,0,30
23294,1,18
23295,2,15
23296,0,25
23297,1,23
23298,2,20
23299,0,17
23300,1,13
23301,2,20
23302,0,18
23303,1,14
23304,2,12
23305,0,22
23306,1,17
23307,2,14
23308,0,7
23309,1,27
23310,2,24
23311,0,13
23312,1,27
23313,2,6
23314,0,15
23315,1,31
23316,2,16
23317,0,14
23318,1,16
23319,2,17
23320,0,17
23321,1,13
23322,2,15
23323,0,10
23324,1,11
23325,2,13
23326,0,20
23327,1,21
23328,2,23
23329,0,16
23330,1,10
23331,2,16
23332,0,29
23333,1,8
23334,2,19
23335,0,14
23336,1,16
23337,2,11
23338,0,26
23339,1,15
23340,2,34
23341,0,23
23342,1,17
23343,2,26
23344,0,14
23345,1,11
23346,2,15
23347,0,19
23348,1,16
23349,2,26
23350,0,18
23351,1,36
23352,2,17
23353,0,13
23354,1,14
23355,2,14
23356,0,21
23357,1,22
23358,2,25
23359,0,21
23360,1,19
23361,2,23
23362,0,7
23363,1,13
23364,2,24
23365,0,17
23366,1,10
23367,2,23
23368,0,13
23369,1,23
23370,2,21
23371,0,14
23372,1,20
23373,2,13
23374,0,20
23375,1,8
23376,2,16
23377,0,17
23378,1,11
23379,2,25
23380,0,22
23381,1,16
23382,2,25
23383,0,17
23384,1,21
23385,2,19
23386,0,23
23387,1,11
23388,2,19
23389,0,18
23390,1,17
23391,2,16
23392,0,14
23393,1,21
23394,2,27
23395,0,10
23396,1,12
23397,2,13
23398,0,19
23399,1,22
23400,2,13
23401,0,22
23402,1,10
23403,2,26
23404,0,21
23405,1,18
23406,2,23
23407,0,16
23408,1,26
23409,2,20
23410,0,13
23411,1,11
23412,2,20
23413,0,21
23414,1,18
23415,2,30
23416,0,28
23417,1,17
23418,2,19
23419,0,11
23420,1,18
23421,2,20
23422,0,13
23423,1,13
23424,2,20
23425,0,14
23426,1,32
23427,2,27
23428,0,14
23429,1,25
23430,2,28
23431,0,20
23432,1,7
23433,2,16
23434,0,16
23435,1,27
23436,2,17
23437,0,39
23438,1,20
23439,2,20
23440,0,19
23441,1,14
23442,2,14
23443,0,29
23444,1,19
23445,2,17
23446,0,20
23447,1,13
23448,2,20
23449,0,23
23450,1,16
23451,2,17
23452,0,20
23453,1,31
23454,2,19
23455,0,19
23456,1,17
23457,2,16
23458,0,17
23459,1,14
23460,2,24
23461,0,25
23462,1,7
23463,2,35
23464,0,15
23465,1,18
23466,2,34
23467,0,17
23468,1,25
23469,2,18
23470,0,19
23471,1,15
23472,2,19
23473,0,20
23474,1,11
23475,2,11
23476,0,16
23477,1,10
23478,2,7
23479,0,15
23480,1,24
23481,2,37
23482,0,13
23483,1,11
23484,2,23
23485,0,15
23486,1,14
23487,2,25
23488,0,17
23489,1,24
23490,2,7
23491,0,11
23492,1,14
23493,2,14
23494,0,19
23495,1,20
23496,2,15
23497,0,23
23498,1,26
23499,2,16
23500,0,18
23501,1,9
23502,2,19
23503,0,26
23504,1,10
23505,2,27
23506,0,17
23507,1,15
23508,2,25
23509,0,15
23510,1,21
23511,2,8
23512,0,18
23513,1,29
23514,2,17
23515,0,14
23516,1,37
23517,2,21
23518,0,20
23519,1,16
23520,2,25
23521,0,14
23522,1,15
23523,2,10
23524,0,17
23525,1,10
23526,2,13
23527,0,21
23528,1,19
23529,2,28
23530,0,18
23531,1,17
23532,2,24
23533,0,30
23534,1,8
23535,2,11
23536,0,21
23537,1,20
23538,2,20
23539,0,16
23540,1,16
23541,2,18
23542,0,17
23543,1,12
23544,2,15
23545,0,37
23546,1,18
23547,2,14
23548,0,18
23549,1,25
23550,2,24
23551,0,10
23552,1,14
23553,2,13
23554,0,20
23555,1,13
23556,2,19
23557,0,14
23558,1,7
23559,2,23
23560,0,13
23561,1,33
23562,2,19
23563,0,17
23564,1,10
23565,2,18
23566,0,12
23567,1,13
23568,2,29
23569,0,14
23570,1,15
23571,2,14
23572,0,13
23573,1,11
23574,2,12
23575,0,38
23576,1,34
23577,2,21
23578,0,22
23579,1,22
23580,2,13
23581,0,26
23582,1,25
23583,2,18
23584,0,24
23585,1,15
23586,2,7
23587,0,20
23588,1,12
23589,2,25
23590,0,21
23591,1,17
23592,2,12
23593,0,21
23594,1,12
23595,2,10
23596,0,16
23597,1,22
23598,2,34
23599,0,11
23600,1,9
23601,2,13
23602,0,14
23603,1,20
23604,2,17
23605,0,8
23606,1,31
23607,2,15
23608,0,23
23609,1,15
23610,2,22
23611,0,12
23612,1,32
23613,2,13
23614,0,8
23615,1,13
23616,2,12
23617,0,15
23618,1,10
23619,2,21
23620,0,18
23621,1,19
23622,2,28
23623,0,16
23624,1,21
23625,2,18
23626,0,13
23627,1,21
23628,2,18
23629,0,25
23630,1,11
23631,2,10
23632,0,22
23633,1,23
23634,2,19
23635,0,28
23636,1,17
23637,2,12
23638,0,21
23639,1,11
23640,2,14
23641,0,17
23642,1,21
23643,2,23
23644,0,22
23645,1,21
23646,2,11
23647,0,20
23648,1,7
23649,2,15
23650,0,23
23651,1,15
23652,2,19
23653,0,17
23654,1,7
23655,2,22
23656,0,5
23657,1,24
23658,2,14
23659,0,30
23660,1,34
23661,2,26
23662,0,20
23663,1,19
23664,2,16
23665,0,13
23666,1,9
23667,2,6
23668,0,15
23669,1,15
23670,2,16
23671,0,22
23672,1,16
23673,2,11
23674,0,20
23675,1,25
23676,2,23
23677,0,21
23678,1,15
23679,2,35
23680,0,19
23681,1,12
23682,2,32
23683,0,25
23684,1,21
23685,2,31
23686,0,32
23687,1,11
23688,2,8
23689,0,18
23690,1,25
23691,2,10
23692,0,15
23693,1,13
23694,2,10
23695,0,23
23696,1,21
23697,2,29
23698,0,13
23699,1,30
23700,2,9
23701,0,11
23702,1,17
23703,2,8
23704,0,27
23705,1,15
23706,2,11
23707,0,19
23708,1,18
23709,2,21
23710,0,27
23711,1,16
23712,2,16
23713,0,22
23714,1,18
23715,2,44
23716,0,21
23717,1,23
23718,2,19
23719,0,30
23720,1,20
23721,2,19
23722,0,12
23723,1,21
23724,2,19
23725,0,18
23726,1,34
23727,2,13
23728,0,24
23729,1,22
23730,2,17
23731,0,27
23732,1,6
23733,2,22
23734,0,20
23735,1,17
23736,2,6
23737,0,13
23738,1,14
23739,2,11
23740,0,26
23741,1,35
23742,2,23
23743,0,11
23744,1,15
23745,2,27
23746,0,27
23747,1,15
23748,2,8
23749,0,22
23750,1,22
23751,2,36
23752,0,25
23753,1,12
23754,2,21
23755,0,19
23756,1,14
23757,2,23
23758,0,19
23759,1,18
23760,2,24
23761,0,15
23762,1,22
23763,2,23
23764,0,17
23765,1,17
23766,2,21
23767,0,21
23768,1,24
23769,2,13
23770,0,17
23771,1,17
23772,2,13
23773,0,5
23774,1,9
23775,2,14
23776,0,14
23777,1,29
23778,2,14
23779,0,16
23780,1,16
23781,2,24
23782,0,11
23783,1,28
23784,2,13
23785,0,19
23786,1,7
23787,2,17
23788,0,15
23789,1,13
23790,2,10
23791,0,23
23792,1,38
23793,2,17
23794,0,14
23795,1,11
23796,2,13
23797,0,18
23798,1,27
23799,2,19
23800,0,27
23801,1,13
23802,2,22
23803,0,21
23804,1,25
23805,2,15
23806,0,10
23807,1,10
23808,2,22
23809,0,12
23810,1,9
23811,2,6
23812,0,21
23813,1,22
23814,2,16
23815,0,11
23816,1,18
23817,2,11
23818,0,30
23819,1,13
23820,2,11
23821,0,18
23822,1,20
23823,2,24
23824,0,16
23825,1,25
23826,2,21
23827,0,22
23828,1,17
23829,2,11
23830,0,23
23831,1,21
23832,2,19
23833,0,34
23834,1,19
23835,2,24
23836,0,22
23837,1,27
23838,2,18
23839,0,10
23840,1,15
23841,2,16
23842,0,20
23843,1,12
23844,2,16
23845,0,14
23846,1,16
23847,2,7
23848,0,15
23849,1,31
23850,2,9
23851,0,20
23852,1,16
23853,2,23
23854,0,13
23855,1,21
23856,2,9
23857,0,30
23858,1,11
23859,2,12
23860,0,32
23861,1,11
23862,2,17
23863,0,17
23864,1,23
23865,2,24
23866,0,14
23867,1,18
23868,2,18
23869,0,18
23870,1,11
23871,2,32
23872,0,36
23873,1,29
23874,2,12
23875,0,26
23876,1,25
23877,2,27
23878,0,17
23879,1,13
23880,2,15
23881,0,20
23882,1,24
23883,2,24
23884,0,16
23885,1,16
23886,2,22
23887,0,15
23888,1,25
23889,2,16
23890,0,24
23891,1,25
23892,2,16
23893,0,22
23894,1,27
23895,2,23
23896,0,20
23897,1,32
23898,2,36
23899,0,21
23900,1,17
23901,2,20
23902,0,30
23903,1,9
23904,2,18
23905,0,21
23906,1,19
23907,2,24
23908,0,23
23909,1,16
23910,2,7
23911,0,20
23912,1,15
23913,2,25
23914,0,19
23915,1,9
23916,2,16
23917,0,14
23918,1,24
23919,2,14
23920,0,21
23921,1,23
23922,2,13
23923,0,19
23924,1,16
23925,2,12
23926,0,11
23927,1,17
23928,2,19
23929,0,18
23930,1,24
23931,2,6
23932,0,6
23933,1,31
23934,2,17
23935,0,17
23936,1,9
23937,2,11
23938,0,8
23939,1,23
23940,2,23
23941,0,20
23942,1,13
23943,2,20
23944,0,23
23945,1,29
23946,2,29
23947,0,38
23948,1,11
23949,2,13
23950,0,14
23951,1,21
23952,2,19
23953,0,14
23954,1,14
23955,2,11
23956,0,20
23957,1,16
23958,2,15
23959,0,26
23960,1,34
23961,2,29
23962,0,8
23963,1,22
23964,2,17
23965,0,17
23966,1,16
23967,2,18
23968,0,18
23969,1,8
23970,2,40
23971,0,18
23972,1,8
23973,2,11
23974,0,25
23975,1,16
23976,2,31
23977,0,15
23978,1,18
23979,2,31
23980,0,9
23981,1,11
23982,2,19
23983,0,27
23984,1,16
23985,2,27
23986,0,18
23987,1,25
23988,2,6
23989,0,30
23990,1,22
23991,2,19
23992,0,15
23993,1,12
23994,2,20
23995,0,16
23996,1,7
23997,2,20
23998,0,19
23999,1,22
24000,2,22
24001,0,12
24002,1,17
24003,2,17
24004,0,16
24005,1,23
24006,2,15
24007,0,14
24008,1,8
24009,2,16
24010,0,15
24011,1,15
24012,2,25
24013,0,42
24014,1,28
24015,2,15
24016,0,15
24017,1,18
24018,2,15
24019,0,17
24020,1,16
24021,2,12
24022,0,16
24023,1,17
24024,2,14
24025,0,14
24026,1,13
24027,2,16
24028,0,16
24029,1,29
24030,2,26
24031,0,13
24032,1,21
24033,2,18
24034,0,18
24035,1,8
24036,2,25
24037,0,23
24038,1,28
24039,2,35
24040,0,16
24041,1,10
24042,2,26
24043,0,14
24044,1,8
24045,2,21
24046,0,23
24047,1,4
24048,2,18
24049,0,21
24050,1,20
24051,2,8
24052,0,20
24053,1,13
24054,2,21
24055,0,17
24056,1,18
24057,2,8
24058,0,15
24059,1,21
24060,2,14
24061,0,30
24062,1,17
24063,2,23
24064,0,18
24065,1,12
24066,2,8
24067,0,21
24068,1,13
24069,2,28
24070,0,24
24071,1,11
24072,2,20
24073,0,11
24074,1,15
24075,2,18
24076,0,22
24077,1,24
24078,2,15
24079,0,15
24080,1,23
24081,2,24
24082,0,12
24083,1,10
24084,2,26
24085,0,14
24086,1,13
24087,2,26
24088,0,15
24089,1,13
24090,2,15
24091,0,30
24092,1,12
24093,2,27
24094,0,24
24095,1,27
24096,2,15
24097,0,28
24098,1,9
24099,2,14
24100,0,17
24101,1,19
24102,2,16
24103,0,18
24104,1,16
24105,2,13
24106,0,18
24107,1,27
24108,2,25
24109,0,28
24110,1,17
24111,2,21
24112,0,19
24113,1,14
24114,2,11
24115,0,17
24116,1,13
24117,2,13
24118,0,11
24119,1,14
24120,2,16
24121,0,19
24122,1,31
24123,2,10
24124,0,20
24125,1,27
24126,2,16
24127,0,26
24128,1,16
24129,2,14
24130,0,27
24131,1,10
24132,2,13
24133,0,17
24134,1,16
24135,2,26
24136,0,8
24137,1,20
24138,2,14
24139,0,13
24140,1,15
24141,2,20
24142,0,18
24143,1,14
24144,2,10
24145,0,16
24146,1,22
24147,2,26
24148,0,15
24149,1,19
24150,2,10
24151,0,27
24152,1,7
24153,2,17
24154,0,34
24155,1,13
24156,2,11
24157,0,27
24158,1,10
24159,2,26
24160,0,26
24161,1,19
24162,2,28
24163,0,28
24164,1,14
24165,2,10
24166,0,19
24167,1,9
24168,2,13
24169,0,25
24170,1,22
24171,2,6
24172,0,19
24173,1,8
24174,2,12
24175,0,21
24176,1,19
24177,2,32
24178,0,28
24179,1,15
24180,2,17
24181,0,24
24182,1,21
24183,2,22
24184,0,23
24185,1,20
24186,2,14
24187,0,26
24188,1,31
24189,2,22
24190,0,21
24191,1,15
24192,2,28
24193,0,12
24194,1,12
24195,2,16
24196,0,24
24197,1,28
24198,2,17
24199,0,12
24200,1,18
24201,2,22
24202,0,13
24203,1,26
24204,2,15
24205,0,22
24206,1,14
24207,2,28
24208,0,23
24209,1,19
24210,2,15
24211,0,22
24212,1,36
24213,2,22
24214,0,15
24215,1,12
24216,2,19
24217,0,22
24218,1,6
24219,2,21
24220,0,17
24221,1,25
24222,2,14
24223,0,22
24224,1,21
24225,2,10
24226,0,18
24227,1,19
24228,2,15
24229,0,23
24230,1,20
24231,2,18
24232,0,11
24233,1,11
24234,2,12
24235,0,11
24236,1,4
24237,2,24
24238,0,23
24239,1,20
24240,2,27
24241,0,18
24242,1,11
24243,2,19
24244,0,35
24245,1,11
24246,2,22
24247,0,17
24248,1,14
24249,2,27
24250,0,20
24251,1,16
24252,2,15
24253,0,11
24254,1,29
24255,2,21
24256,0,20
24257,1,11
24258,2,19
24259,0,27
24260,1,12
24261,2,17
24262,0,22
24263,1,15
24264,2,32
24265,0,24
24266,1,15
24267,2,14
24268,0,15
24269,1,26
24270,2,9
24271,0,16
24272,1,23
24273,2,13
24274,0,29
24275,1,21
24276,2,18
24277,0,23
24278,1,16
24279,2,15
24280,0,9
24281,1,12
24282,2,17
24283,0,19
24284,1,17
24285,2,21
24286,0,30
24287,1,16
24288,2,20
24289,0,16
24290,1,15
24291,2,21
24292,0,14
24293,1,16
24294,2,22
24295,0,17
24296,1,55
24297,2,22
24298,0,25
24299,1,21
24300,2,10
24301,0,9
24302,1,10
24303,2,11
24304,0,25
24305,1,15
24306,2,35
24307,0,9
24308,1,14
24309,2,18
24310,0,14
24311,1,16
24312,2,8
24313,0,21
24314,1,11
24315,2,11
24316,0,24
24317,1,18
24318,2,26
24319,0,22
24320,1,15
24321,2,4
24322,0,15
24323,1,16
24324,2,10
24325,0,16
24326,1,12
24327,2,23
24328,0,12
24329,1,14
24330,2,13
24331,0,22
24332,1,9
24333,2,19
24334,0,13
24335,1,23
24336,2,23
24337,0,15
24338,1,27
24339,2,7
24340,0,29
24341,1,6
24342,2,18
24343,0,23
24344,1,22
24345,2,17
24346,0,28
24347,1,13
24348,2,20
24349,0,15
24350,1,17
24351,2,8
24352,0,10
24353,1,16
24354,2,23
24355,0,32
24356,1,23
24357,2,18
24358,0,17
24359,1,17
24360,2,31
24361,0,18
24362,1,32
24363,2,15
24364,0,14
24365,1,6
24366,2,14
24367,0,14
24368,1,25
24369,2,16
24370,0,23
24371,1,19
24372,2,21
24373,0,26
24374,1,15
24375,2,17
24376,0,29
24377,1,13
24378,2,27
24379,0,22
24380,1,20
24381,2,16
24382,0,21
24383,1,15
24384,2,15
24385,0,11
24386,1,12
24387,2,19
24388,0,15
24389,1,16
24390,2,10
24391,0,21
24392,1,13
24393,2,14
24394,0,19
24395,1,33
24396,2,32
24397,0,19
24398,1,15
24399,2,24
24400,0,14
24401,1,15
24402,2,16
24403,0,21
24404,1,25
24405,2,27
24406,0,15
24407,1,24
24408,2,23
24409,0,17
24410,1,7
24411,2,27
24412,0,28
24413,1,18
24414,2,15
24415,0,15
24416,1,26
24417,2,21
24418,0,21
24419,1,10
24420,2,16
24421,0,10
24422,1,32
24423,2,18
24424,0,30
24425,1,17
24426,2,13
24427,0,17
24428,1,27
24429,2,14
24430,0,21
24431,1,21
24432,2,14
24433,0,16
24434,1,21
24435,2,15
24436,0,17
24437,1,5
24438,2,14
24439,0,15
24440,1,22
24441,2,28
24442,0,21
24443,1,17
24444,2,24
24445,0,20
24446,1,23
24447,2,10
24448,0,21
24449,1,9
24450,2,11
24451,0,17
24452,1,23
24453,2,24
24454,0,20
24455,1,15
24456,2,25
24457,0,13
24458,1,17
24459,2,30
24460,0,18
24461,1,21
24462,2,15
24463,0,13
24464,1,11
24465,2,12
24466,0,28
24467,1,15
24468,2,26
24469,0,18
24470,1,21
24471,2,27
24472,0,16
24473,1,16
24474,2,31
24475,0,28
24476,1,26
24477,2,10
24478,0,27
24479,1,22
24480,2,10
24481,0,20
24482,1,25
24483,2,11
24484,0,26
24485,1,16
24486,2,17
24487,0,21
24488,1,25
24489,2,24
24490,0,23
24491,1,15
24492,2,32
24493,0,25
24494,1,12
24495,2,14
24496,0,16
24497,1,12
24498,2,16
24499,0,6
24500,1,17
24501,2,9
24502,0,17
24503,1,22
24504,2,17
24505,0,12
24506,1,15
24507,2,17
24508,0,11
24509,1,34
24510,2,23
24511,0,12
24512,1,28
24513,2,22
24514,0,16
24515,1,9
24516,2,21
24517,0,28
24518,1,24
24519,2,7
24520,0,14
24521,1,20
24522,2,7
24523,0,27
24524,1,16
24525,2,11
24526,0,14
24527,1,27
24528,2,14
24529,0,21
24530,1,13
24531,2,19
24532,0,14
24533,1,20
24534,2,15
24535,0,28
24536,1,31
24537,2,9
24538,0,25
24539,1,9
24540,2,18
24541,0,15
24542,1,15
24543,2,9
24544,0,21
24545,1,9
24546,2,17
24547,0,26
24548,1,24
24549,2,28
24550,0,20
24551,1,14
24552,2,24
24553,0,16
24554,1,14
24555,2,30
24556,0,22
24557,1,25
24558,2,29
24559,0,22
24560,1,12
24561,2,15
24562,0,15
24563,1,5
24564,2,23
24565,0,19
24566,1,8
24567,2,18
24568,0,10
24569,1,6
24570,2,25
24571,0,18
24572,1,20
24573,2,31
24574,0,12
24575,1,25
24576,2,11
24577,0,24
24578,1,16
24579,2,14
24580,0,26
24581,1,14
24582,2,19
24583,0,25
24584,1,23
24585,2,19
24586,0,27
24587,1,44
24588,2,22
24589,0,15
24590,1,10
24591,2,16
24592,0,15
24593,1,14
24594,2,11
24595,0,19
24596,1,28
24597,2,31
24598,0,22
24599,1,21
24600,2,14
24601,0,17
24602,1,18
24603,2,19
24604,0,31
24605,1,11
24606,2,15
24607,0,15
24608,1,20
24609,2,22
24610,0,35
24611,1,31
24612,2,29
24613,0,16
24614,1,19
24615,2,13
24616,0,26
24617,1,16
24618,2,19
24619,0,19
24620,1,20
24621,2,17
24622,0,11
24623,1,12
24624,2,15
24625,0,10
24626,1,17
24627,2,27
24628,0,19
24629,1,30
24630,2,18
24631,0,22
24632,1,25
24633,2,27
24634,0,22
24635,1,21
24636,2,8
24637,0,22
24638,1,22
24639,2,23
24640,0,21
24641,1,16
24642,2,21
24643,0,17
24644,1,25
24645,2,13
24646,0,21
24647,1,17
24648,2,21
24649,0,21
24650,1,22
24651,2,25
24652,0,15
24653,1,24
24654,2,14
24655,0,36
24656,1,23
24657,2,21
24658,0,24
24659,1,15
24660,2,13
24661,0,24
24662,1,27
24663,2,13
24664,0,17
24665,1,22
24666,2,19
24667,0,12
24668,1,14
24669,2,14
24670,0,22
24671,1,24
24672,2,25
24673,0,12
24674,1,37
24675,2,21
24676,0,14
24677,1,32
24678,2,13
24679,0,39
24680,1,12
24681,2,19
24682,0,26
24683,1,11
24684,2,7
24685,0,12
24686,1,15
24687,2,8
24688,0,31
24689,1,31
24690,2,13
24691,0,16
24692,1,9
24693,2,13
24694,0,26
24695,1,16
24696,2,29
24697,0,27
24698,1,12
24699,2,20
24700,0,22
24701,1,16
24702,2,17
24703,0,13
24704,1,29
24705,2,13
24706,0,17
24707,1,5
24708,2,10
24709,0,22
24710,1,24
24711,2,17
24712,0,29
24713,1,16
24714,2,13
24715,0,19
24716,1,16
24717,2,21
24718,0,17
24719,1,26
24720,2,16
24721,0,30
24722,1,13
24723,2,18
24724,0,10
24725,1,17
24726,2,24
24727,0,17
24728,1,22
24729,2,13
24730,0,15
24731,1,9
24732,2,18
24733,0,17
24734,1,15
24735,2,20
24736,0,13
24737,1,17
24738,2,22
24739,0,16
24740,1,12
24741,2,17
24742,0,28
24743,1,17
24744,2,10
24745,0,6
24746,1,29
24747,2,18
24748,0,28
24749,1,14
24750,2,25
24751,0,17
24752,1,13
24753,2,11
24754,0,14
24755,1,10
24756,2,18
24757,0,18
24758,1,7
24759,2,13
24760,0,16
24761,1,14
24762,2,24
24763,0,18
24764,1,21
24765,2,32
24766,0,19
24767,1,18
24768,2,12
24769,0,13
24770,1,26
24771,2,15
24772,0,23
24773,1,8
24774,2,20
24775,0,12
24776,1,23
24777,2,17
24778,0,21
24779,1,25
24780,2,20
24781,0,20
24782,1,22
24783,2,11
24784,0,18
24785,1,18
24786,2,19
24787,0,25
24788,1,16
24789,2,30
24790,0,22
24791,1,15
24792,2,31
24793,0,20
24794,1,12
24795,2,18
24796,0,20
24797,1,16
24798,2,12
24799,0,25
24800,1,30
24801,2,18
24802,0,17
24803,1,27
24804,2,15
24805,0,22
24806,1,18
24807,2,13
24808,0,23
24809,1,13
24810,2,19
24811,0,19
24812,1,24
24813,2,12
24814,0,26
24815,1,12
24816,2,21
24817,0,12
24818,1,11
24819,2,17
24820,0,25
24821,1,24
24822,2,21
24823,0,18
24824,1,16
24825,2,18
24826,0,17
24827,1,16
24828,2,20
24829,0,32
24830,1,12
24831,2,24
24832,0,35
24833,1,39
24834,2,29
24835,0,13
24836,1,29
24837,2,14
24838,0,25
24839,1,10
24840,2,16
24841,0,22
24842,1,20
24843,2,30
24844,0,18
24845,1,23
24846,2,20
24847,0,15
24848,1,19
24849,2,13
24850,0,23
24851,1,26
24852,2,31
24853,0,17
24854,1,16
24855,2,11
24856,0,16
24857,1,35
24858,2,10
24859,0,9
24860,1,20
24861,2,19
24862,0,15
24863,1,20
24864,2,17
24865,0,12
24866,1,23
24867,2,8
24868,0,29
24869,1,15
24870,2,12
24871,0,32
24872,1,25
24873,2,21
24874,0,25
24875,1,11
24876,2,27
24877,0,19
24878,1,21
24879,2,8
24880,0,34
24881,1,22
24882,2,12
24883,0,20
24884,1,20
24885,2,6
24886,0,28
24887,1,18
24888,2,21
24889,0,18
24890,1,11
24891,2,36
24892,0,23
24893,1,25
24894,2,14
24895,0,26
24896,1,14
24897,2,14
24898,0,21
24899,1,12
24900,2,11
24901,0,26
24902,1,20
24903,2,24
24904,0,12
24905,1,20
24906,2,25
24907,0,22
24908,1,16
24909,2,14
24910,0,15
24911,1,22
24912,2,17
24913,0,23
24914,1,18
24915,2,18
24916,0,16
24917,1,17
24918,2,17
24919,0,10
24920,1,32
24921,2,13
24922,0,22
24923,1,28
24924,2,27
24925,0,9
24926,1,23
24927,2,13
24928,0,30
24929,1,24
24930,2,15
24931,0,14
24932,1,21
24933,2,33
24934,0,30
24935,1,7
24936,2,18
24937,0,21
24938,1,10
24939,2,9
24940,0,21
24941,1,16
24942,2,14
24943,0,17
24944,1,15
24945,2,8
24946,0,14
24947,1,21
24948,2,22
24949,0,20
24950,1,18
24951,2,29
24952,0,7
24953,1,16
24954,2,23
24955,0,17
24956,1,12
24957,2,19
24958,0,17
24959,1,14
24960,2,28
24961,0,13
24962,1,17
24963,2,15
24964,0,21
24965,1,23
24966,2,19
24967,0,22
24968,1,20
24969,2,25
24970,0,27
24971,1,6
24972,2,10
24973,0,15
24974,1,20
24975,2,31
24976,0,20
24977,1,15
24978,2,26
24979,0,7
24980,1,15
24981,2,11
24982,0,12
24983,1,9
24984,2,17
24985,0,41
24986,1,15
24987,2,20
24988,0,28
24989,1,19
24990,2,28
24991,0,14
24992,1,22
24993,2,17
24994,0,16
24995,1,20
24996,2,15
24997,0,15
24998,1,16
24999,2,20
25000,0,17
25001,1,13
25002,2,6
25003,0,22
25004,1,20
25005,2,25
25006,0,20
25007,1,20
25008,2,24
25009,0,11
25010,1,26
25011,2,25
25012,0,23
25013,1,20
25014,2,20
25015,0,34
25016,1,13
25017,2,15
25018,0,15
25019,1,17
25020,2,15
25021,0,22
25022,1,20
25023,2,16
25024,0,25
25025,1,16
25026,2,19
25027,0,21
25028,1,13
25029,2,21
25030,0,18
25031,1,20
25032,2,18
25033,0,27
25034,1,27
25035,2,15
25036,0,17
25037,1,19
25038,2,14
25039,0,24
25040,1,11
25041,2,20
25042,0,20
25043,1,25
25044,2,21
25045,0,10
25046,1,29
25047,2,8
25048,0,18
25049,1,9
25050,2,13
25051,0,16
25052,1,27
25053,2,7
25054,0,16
25055,1,15
25056,2,8
25057,0,11
25058,1,24
25059,2,26
25060,0,17
25061,1,18
25062,2,25
25063,0,15
25064,1,11
25065,2,13
25066,0,20
25067,1,15
25068,2,24
25069,0,15
25070,1,9
25071,2,21
25072,0,18
25073,1,18
25074,2,25
25075,0,11
25076,1,12
25077,2,16
25078,0,20
25079,1,27
25080,2,40
25081,0,14
25082,1,23
25083,2,11
25084,0,19
25085,1,39
25086,2,23
25087,0,12
25088,1,25
25089,2,29
25090,0,23
25091,1,18
25092,2,13
25093,0,13
25094,1,26
25095,2,22
25096,0,14
25097,1,16
25098,2,22
25099,0,18
25100,1,13
25101,2,10
25102,0,12
25103,1,20
25104,2,21
25105,0,18
25106,1,15
25107,2,32
25108,0,24
25109,1,5
25110,2,16
25111,0,15
25112,1,14
25113,2,13
25114,0,18
25115,1,15
25116,2,13
25117,0,24
25118,1,32
25119,2,12
25120,0,13
25121,1,29
25122,2,29
25123,0,18
25124,1,10
25125,2,18
25126,0,16
25127,1,19
25128,2,17
25129,0,16
25130,1,18
25131,2,7
25132,0,20
25133,1,14
25134,2,17
25135,0,15
25136,1,31
25137,2,29
25138,0,20
25139,1,12
25140,2,14
25141,0,13
25142,1,21
25143,2,19
25144,0,23
25145,1,13
25146,2,13
25147,0,15
25148,1,16
25149,2,17
25150,0,25
25151,1,15
25152,2,24
25153,0,15
25154,1,11
25155,2,13
25156,0,31
25157,1,12
25158,2,11
25159,0,16
25160,1,8
25161,2,29
25162,0,24
25163,1,29
25164,2,13
25165,0,9
25166,1,24
25167,2,15
25168,0,14
25169,1,9
25170,2,6
25171,0,29
25172,1,19
25173,2,20
25174,0,9
25175,1,33
25176,2,16
25177,0,18
25178,1,9
25179,2,16
25180,0,13
25181,1,14
25182,2,36
25183,0,18
25184,1,20
25185,2,23
25186,0,14
25187,1,15
25188,2,29
25189,0,34
25190,1,10
25191,2,16
25192,0,17
25193,1,23
25194,2,26
25195,0,20
25196,1,18
25197,2,22
25198,0,38
25199,1,16
25200,2,20
25201,0,19
25202,1,21
25203,2,18
25204,0,19
25205,1,13
25206,2,37
25207,0,17
25208,1,12
25209,2,14
25210,0,13
25211,1,22
25212,2,13
25213,0,14
25214,1,14
25215,2,23
25216,0,17
25217,1,24
25218,2,20
25219,0,12
25220,1,18
25221,2,13
25222,0,18
25223,1,13
25224,2,19
25225,0,23
25226,1,25
25227,2,21
25228,0,24
25229,1,21
25230,2,11
25231,0,17
25232,1,18
25233,2,24
25234,0,13
25235,1,22
25236,2,21
25237,0,16
25238,1,16
25239,2,14
25240,0,5
25241,1,25
25242,2,11
25243,0,22
25244,1,16
25245,2,23
25246,0,16
25247,1,27
25248,2,22
25249,0,17
25250,1,17
25251,2,19
25252,0,25
25253,1,18
25254,2,22
25255,0,23
25256,1,12
25257,2,14
25258,0,22
25259,1,14
25260,2,25
25261,0,20
25262,1,21
25263,2,16
25264,0,29
25265,1,23
25266,2,20
25267,0,23
25268,1,12
25269,2,14
25270,0,24
25271,1,29
25272,2,20
25273,0,24
25274,1,21
25275,2,9
25276,0,11
25277,1,20
25278,2,24
25279,0,23
25280,1,22
25281,2,23
25282,0,16
25283,1,16
25284,2,14
25285,0,21
25286,1,17
25287,2,9
25288,0,23
25289,1,15
25290,2,22
25291,0,17
25292,1,13
25293,2,18
25294,0,21
25295,1,16
25296,2,28
25297,0,15
25298,1,4
25299,2,15
25300,0,17
25301,1,18
25302,2,22
25303,0,28
25304,1,16
25305,2,19
25306,0,31
25307,1,17
25308,2,23
25309,0,13
25310,1,10
25311,2,23
25312,0,16
25313,1,28
25314,2,21
25315,0,9
25316,1,8
25317,2,14
25318,0,18
25319,1,37
25320,2,19
25321,0,20
25322,1,21
25323,2,21
25324,0,26
25325,1,31
25326,2,12
25327,0,19
25328,1,19
25329,2,16
25330,0,17
25331,1,10
25332,2,40
25333,0,23
25334,1,15
25335,2,11
25336,0,20
25337,1,15
25338,2,9
25339,0,22
25340,1,24
25341,2,25
25342,0,23
25343,1,10
25344,2,9
25345,0,12
25346,1,33
25347,2,18
25348,0,14
25349,1,14
25350,2,10
25351,0,23
25352,1,25
25353,2,10
25354,0,33
25355,1,26
25356,2,25
25357,0,42
25358,1,16
25359,2,10
25360,0,23
25361,1,10
25362,2,19
25363,0,17
25364,1,13
25365,2,15
25366,0,14
25367,1,14
25368,2,15
25369,0,14
25370,1,19
25371,2,16
25372,0,22
25373,1,22
25374,2,25
25375,0,16
25376,1,9
25377,2,20
25378,0,22
25379,1,8
25380,2,15
25381,0,23
25382,1,17
25383,2,5
25384,0,16
25385,1,10
25386,2,10
25387,0,14
25388,1,13
25389,2,19
25390,0,25
25391,1,8
25392,2,27
25393,0,17
25394,1,44
25395,2,10
25396,0,8
25397,1,16
25398,2,34
25399,0,11
25400,1,30
25401,2,20
25402,0,24
25403,1,5
25404,2,29
25405,0,12
25406,1,10
25407,2,7
25408,0,19
25409,1,17
25410,2,29
25411,0,19
25412,1,24
25413,2,12
25414,0,15
25415,1,11
25416,2,9
25417,0,22
25418,1,17
25419,2,23
25420,0,9
25421,1,19
25422,2,14
25423,0,20
25424,1,15
25425,2,22
25426,0,14
25427,1,16
25428,2,16
25429,0,18
25430,1,17
25431,2,10
25432,0,17
25433,1,30
25434,2,29
25435,0,14
25436,1,23
25437,2,6
25438,0,26
25439,1,23
25440,2,22
25441,0,25
25442,1,28
25443,2,17
25444,0,10
25445,1,23
25446,2,14
25447,0,16
25448,1,22
25449,2,18
25450,0,31
25451,1,18
25452,2,11
25453,0,24
25454,1,15
25455,2,17
25456,0,16
25457,1,8
25458,2,13
25459,0,24
25460,1,31
25461,2,19
25462,0,27
25463,1,34
25464,2,21
25465,0,23
25466,1,17
25467,2,13
25468,0,21
25469,1,17
25470,2,24
25471,0,8
25472,1,27
25473,2,23
25474,0,22
25475,1,11
25476,2,15
25477,0,18
25478,1,28
25479,2,13
25480,0,48
25481,1,23
25482,2,25
25483,0,12
25484,1,32
25485,2,12
25486,0,10
25487,1,19
25488,2,16
25489,0,21
25490,1,26
25491,2,23
25492,0,13
25493,1,10
25494,2,7
25495,0,23
25496,1,18
25497,2,20
25498,0,9
25499,1,35
25500,2,16
25501,0,32
25502,1,12
25503,2,14
25504,0,24
25505,1,17
25506,2,19
25507,0,25
25508,1,21
25509,2,16
25510,0,12
25511,1,7
25512,2,28
25513,0,17
25514,1,16
25515,2,28
25516,0,14
25517,1,21
25518,2,10
25519,0,16
25520,1,15
25521,2,17
25522,0,17
25523,1,14
25524,2,28
25525,0,23
25526,1,14
25527,2,14
25528,0,12
25529,1,25
25530,2,9
25531,0,13
25532,1,11
25533,2,17
25534,0,14
25535,1,17
25536,2,31
25537,0,17
25538,1,19
25539,2,22
25540,0,13
25541,1,16
25542,2,12
25543,0,13
25544,1,5
25545,2,13
25546,0,30
25547,1,17
25548,2,21
25549,0,24
25550,1,22
25551,2,17
25552,0,18
25553,1,29
25554,2,11
25555,0,19
25556,1,18
25557,2,16
25558,0,24
25559,1,18
25560,2,11
25561,0,23
25562,1,6
25563,2,13
25564,0,20
25565,1,26
25566,2,5
25567,0,14
25568,1,19
25569,2,16
25570,0,19
25571,1,27
25572,2,24
25573,0,19
25574,1,10
25575,2,16
25576,0,15
25577,1,10
25578,2,18
25579,0,18
25580,1,20
25581,2,12
25582,0,15
25583,1,19
25584,2,18
25585,0,12
25586,1,7
25587,2,14
25588,0,13
25589,1,14
25590,2,9
25591,0,25
25592,1,13
25593,2,16
25594,0,29
25595,1,28
25596,2,10
25597,0,13
25598,1,16
25599,2,11
25600,0,18
25601,1,15
25602,2,17
25603,0,25
25604,1,26
25605,2,22
25606,0,24
25607,1,25
25608,2,17
25609,0,15
25610,1,18
25611,2,17
25612,0,13
25613,1,39
25614,2,17
25615,0,16
25616,1,21
25617,2,12
25618,0,15
25619,1,12
25620,2,25
25621,0,23
25622,1,14
25623,2,24
25624,0,20
25625,1,17
25626,2,23
25627,0,12
25628,1,24
25629,2,15
25630,0,18
25631,1,17
25632,2,19
25633,0,21
25634,1,23
25635,2,12
25636,0,19
25637,1,11
25638,2,21
25639,0,18
25640,1,25
25641,2,16
25642,0,16
25643,1,21
25644,2,13
25645,0,11
25646,1,23
25647,2,13
25648,0,15
25649,1,18
25650,2,13
25651,0,20
25652,1,17
25653,2,27
25654,0,22
25655,1,8
25656,2,21
25657,0,18
25658,1,27
25659,2,20
25660,0,35
25661,1,7
25662,2,14
25663,0,13
25664,1,28
25665,2,14
25666,0,24
25667,1,21
25668,2,15
25669,0,30
25670,1,15
25671,2,8
25672,0,22
25673,1,25
25674,2,18
25675,0,16
25676,1,9
25677,2,17
25678,0,18
25679,1,9
25680,2,29
25681,0,16
25682,1,12
25683,2,18
25684,0,15
25685,1,12
25686,2,15
25687,0,21
25688,1,8
25689,2,18
25690,0,31
25691,1,23
25692,2,22
25693,0,28
25694,1,35
25695,2,19
25696,0,16
25697,1,13
25698,2,24
25699,0,13
25700,1,2
25701,2,18
25702,0,31
25703,1,10
25704,2,17
25705,0,17
25706,1,23
25707,2,11
25708,0,20
25709,1,17
25710,2,18
25711,0,12
25712,1,24
25713,2,13
25714,0,18
25715,1,23
25716,2,17
25717,0,27
25718,1,20
25719,2,23
25720,0,13
25721,1,14
25722,2,13
25723,0,18
25724,1,19
25725,2,11
25726,0,21
25727,1,15
25728,2,12
25729,0,13
25730,1,14
25731,2,15
25732,0,21
25733,1,44
25734,2,17
25735,0,26
25736,1,16
25737,2,13
25738,0,19
25739,1,18
25740,2,8
25741,0,22
25742,1,19
25743,2,15
25744,0,24
25745,1,31
25746,2,19
25747,0,18
25748,1,14
25749,2,15
25750,0,13
25751,1,15
25752,2,16
25753,0,26
25754,1,16
25755,2,18
25756,0,10
25757,1,13
25758,2,37
25759,0,11
25760,1,14
25761,2,20
25762,0,19
25763,1,12
25764,2,4
25765,0,17
25766,1,10
25767,2,13
25768,0,20
25769,1,27
25770,2,14
25771,0,14
25772,1,14
25773,2,11
25774,0,23
25775,1,16
25776,2,19
25777,0,16
25778,1,13
25779,2,13
25780,0,25
25781,1,20
25782,2,16
25783,0,18
25784,1,17
25785,2,15
25786,0,11
25787,1,1
25788,2,17
25789,0,19
25790,1,19
25791,2,24
25792,0,25
25793,1,32
25794,2,18
25795,0,27
25796,1,25
25797,2,13
25798,0,10
25799,1,21
25800,2,20
25801,0,14
25802,1,14
25803,2,18
25804,0,10
25805,1,19
25806,2,15
25807,0,28
25808,1,10
25809,2,19
25810,0,10
25811,1,19
25812,2,20
25813,0,25
25814,1,18
25815,2,18
25816,0,22
25817,1,14
25818,2,10
25819,0,28
25820,1,10
25821,2,26
25822,0,5
25823,1,8
25824,2,9
25825,0,13
25826,1,30
25827,2,7
25828,0,17
25829,1,21
25830,2,7
25831,0,33
25832,1,25
25833,2,18
25834,0,19
25835,1,5
25836,2,8
25837,0,24
25838,1,11
25839,2,17
25840,0,17
25841,1,20
25842,2,11
25843,0,14
25844,1,8
25845,2,18
25846,0,11
25847,1,12
25848,2,10
25849,0,23
25850,1,17
25851,2,26
25852,0,17
25853,1,38
25854,2,31
25855,0,24
25856,1,12
25857,2,16
25858,0,19
25859,1,10
25860,2,13
25861,0,25
25862,1,17
25863,2,24
25864,0,22
25865,1,20
25866,2,15
25867,0,22
25868,1,11
25869,2,18
25870,0,13
25871,1,17
25872,2,21
25873,0,19
25874,1,10
25875,2,8
25876,0,22
25877,1,32
25878,2,17
25879,0,15
25880,1,13
25881,2,15
25882,0,26
25883,1,10
25884,2,18
25885,0,16
25886,1,14
25887,2,19
25888,0,26
25889,1,25
25890,2,24
25891,0,10
25892,1,9
25893,2,9
25894,0,8
25895,1,38
25896,2,18
25897,0,4
25898,1,23
25899,2,20
25900,0,15
25901,1,21
25902,2,22
25903,0,20
25904,1,15
25905,2,10
25906,0,22
25907,1,22
25908,2,12
25909,0,16
25910,1,17
25911,2,7
25912,0,13
25913,1,16
25914,2,35
25915,0,10
25916,1,6
25917,2,19
25918,0,17
25919,1,15
25920,2,19
25921,0,9
25922,1,14
25923,2,17
25924,0,26
25925,1,19
25926,2,17
25927,0,14
25928,1,22
25929,2,11
25930,0,14
25931,1,15
25932,2,19
25933,0,11
25934,1,23
25935,2,12
25936,0,18
25937,1,15
25938,2,18
25939,0,13
25940,1,29
25941,2,20
25942,0,16
25943,1,13
25944,2,13
25945,0,24
25946,1,13
25947,2,20
25948,0,21
25949,1,9
25950,2,9
25951,0,13
25952,1,13
25953,2,19
25954,0,15
25955,1,2
25956,2,20
25957,0,15
25958,1,16
25959,2,16
25960,0,35
25961,1,7
25962,2,16
25963,0,16
25964,1,17
25965,2,7
25966,0,25
25967,1,8
25968,2,21
25969,0,17
25970,1,12
25971,2,10
25972,0,21
25973,1,19
25974,2,4
25975,0,22
25976,1,51
25977,2,8
25978,0,19
25979,1,26
25980,2,12
25981,0,30
25982,1,13
25983,2,10
25984,0,17
25985,1,14
25986,2,15
25987,0,16
25988,1,30
25989,2,25
25990,0,14
25991,1,14
25992,2,11
25993,0,20
25994,1,35
25995,2,25
25996,0,15
25997,1,31
25998,2,21
25999,0,22
26000,1,15
26001,2,13
26002,0,20
26003,1,17
26004,2,23
26005,0,15
26006,1,22
26007,2,10
26008,0,14
26009,1,19
26010,2,24
26011,0,16
26012,1,34
26013,2,18
26014,0,25
26015,1,16
26016,2,13
26017,0,20
26018,1,15
26019,2,24
26020,0,20
26021,1,15
26022,2,12
26023,0,17
26024,1,24
26025,2,14
26026,0,12
26027,1,9
26028,2,15
26029,0,29
26030,1,26
26031,2,16
26032,0,31
26033,1,6
26034,2,25
26035,0,16
26036,1,19
26037,2,12
26038,0,11
26039,1,17
26040,2,22
26041,0,18
26042,1,18
26043,2,9
26044,0,17
26045,1,6
26046,2,13
26047,0,22
26048,1,14
26049,2,22
26050,0,17
26051,1,7
26052,2,21
26053,0,12
26054,1,16
26055,2,12
26056,0,23
26057,1,21
26058,2,14
26059,0,7
26060,1,12
26061,2,27
26062,0,22
26063,1,7
26064,2,16
26065,0,14
26066,1,24
26067,2,16
26068,0,7
26069,1,17
26070,2,11
26071,0,9
26072,1,14
26073,2,19
26074,0,14
26075,1,8
26076,2,16
26077,0,17
26078,1,13
26079,2,12
26080,0,24
26081,1,12
26082,2,21
26083,0,20
26084,1,26
26085,2,12
26086,0,9
26087,1,15
26088,2,23
26089,0,23
26090,1,9
26091,2,40
26092,0,17
26093,1,16
26094,2,17
26095,0,24
26096,1,21
26097,2,25
26098,0,24
26099,1,21
26100,2,26
26101,0,14
26102,1,6
26103,2,12
26104,0,27
26105,1,24
26106,2,14
26107,0,20
26108,1,14
26109,2,22
26110,0,13
26111,1,13
26112,2,20
26113,0,17
26114,1,16
26115,2,28
26116,0,21
26117,1,12
26118,2,14
26119,0,16
26120,1,17
26121,2,12
26122,0,22
26123,1,19
26124,2,17
26125,0,25
26126,1,18
26127,2,19
26128,0,7
26129,1,15
26130,2,21
26131,0,13
26132,1,18
26133,2,13
26134,0,32
26135,1,6
26136,2,20
26137,0,10
26138,1,5
26139,2,17
26140,0,11
26141,1,21
26142,2,8
26143,0,15
26144,1,15
26145,2,15
26146,0,24
26147,1,11
26148,2,15
26149,0,26
26150,1,21
26151,2,15
26152,0,29
26153,1,19
26154,2,13
26155,0,11
26156,1,16
26157,2,25
26158,0,18
26159,1,14
26160,2,24
26161,0,9
26162,1,20
26163,2,32
26164,0,23
26165,1,11
26166,2,16
26167,0,16
26168,1,7
26169,2,16
26170,0,20
26171,1,18
26172,2,21
26173,0,14
26174,1,16
26175,2,29
26176,0,21
26177,1,12
26178,2,15
26179,0,17
26180,1,28
26181,2,25
26182,0,16
26183,1,10
26184,2,18
26185,0,17
26186,1,15
26187,2,13
26188,0,26
26189,1,11
26190,2,21
26191,0,28
26192,1,19
26193,2,12
26194,0,25
26195,1,20
26196,2,13
26197,0,13
26198,1,23
26199,2,12
26200,0,11
26201,1,12
26202,2,7
26203,0,18
26204,1,26
26205,2,17
26206,0,23
26207,1,24
26208,2,30
26209,0,31
26210,1,12
26211,2,16
26212,0,24
26213,1,20
26214,2,19
26215,0,15
26216,1,13
26217,2,24
26218,0,17
26219,1,26
26220,2,15
26221,0,17
26222,1,9
26223,2,11
26224,0,18
26225,1,8
26226,2,18
26227,0,24
26228,1,21
26229,2,23
26230,0,27
26231,1,12
26232,2,19
26233,0,11
26234,1,19
26235,2,30
26236,0,20
26237,1,12
26238,2,10
26239,0,28
26240,1,19
26241,2,29
26242,0,13
26243,1,15
26244,2,13
26245,0,14
26246,1,13
26247,2,38
26248,0,36
26249,1,23
26250,2,24
26251,0,18
26252,1,8
26253,2,20
26254,0,30
26255,1,17
26256,2,23
26257,0,12
26258,1,25
26259,2,24
26260,0,21
26261,1,10
26262,2,15
26263,0,13
26264,1,25
26265,2,23
26266,0,16
26267,1,14
26268,2,14
26269,0,24
26270,1,10
26271,2,28
26272,0,18
26273,1,31
26274,2,27
26275,0,21
26276,1,35
26277,2,15
26278,0,15
26279,1,18
26280,2,8
26281,0,17
26282,1,14
26283,2,15
26284,0,20
26285,1,18
26286,2,11
26287,0,18
26288,1,26
26289,2,18
26290,0,22
26291,1,17
26292,2,11
26293,0,16
26294,1,21
26295,2,12
26296,0,21
26297,1,14
26298,2,12
26299,0,25
26300,1,22
26301,2,25
26302,0,10
26303,1,13
26304,2,17
26305,0,16
26306,1,16
26307,2,23
26308,0,20
26309,1,18
26310,2,21
26311,0,23
26312,1,10
26313,2,30
26314,0,17
26315,1,15
26316,2,21
26317,0,21
26318,1,19
26319,2,11
26320,0,22
26321,1,18
26322,2,14
26323,0,28
26324,1,10
26325,2,17
26326,0,16
26327,1,22
26328,2,12
26329,0,28
26330,1,11
26331,2,11
26332,0,8
26333,1,28
26334,2,23
26335,0,29
26336,1,14
26337,2,17
26338,0,18
26339,1,12
26340,2,19
26341,0,11
26342,1,15
26343,2,17
26344,0,19
26345,1,20
26346,2,21
26347,0,26
26348,1,6
26349,2,31
26350,0,20
26351,1,15
26352,2,7
26353,0,31
26354,1,25
26355,2,20
26356,0,21
26357,1,26
26358,2,14
26359,0,11
26360,1,22
26361,2,9
26362,0,23
26363,1,20
26364,2,7
26365,0,26
26366,1,20
26367,2,30
26368,0,15
26369,1,31
26370,2,23
26371,0,21
26372,1,16
26373,2,4
26374,0,19
26375,1,16
26376,2,5
26377,0,14
26378,1,10
26379,2,15
26380,0,20
26381,1,27
26382,2,14
26383,0,30
26384,1,19
26385,2,17
26386,0,15
26387,1,19
26388,2,20
26389,0,32
26390,1,14
26391,2,12
26392,0,11
26393,1,14
26394,2,21
26395,0,36
26396,1,11
26397,2,8
26398,0,16
26399,1,21
26400,2,19
26401,0,19
26402,1,26
26403,2,24
26404,0,21
26405,1,16
26406,2,9
26407,0,22
26408,1,12
26409,2,14
26410,0,22
26411,1,15
26412,2,22
26413,0,42
26414,1,8
26415,2,23
26416,0,22
26417,1,13
26418,2,14
26419,0,18
26420,1,30
26421,2,16
26422,0,12
26423,1,17
26424,2,20
26425,0,27
26426,1,16
26427,2,16
26428,0,9
26429,1,25
26430,2,20
26431,0,33
26432,1,17
26433,2,18
26434,0,14
26435,1,21
26436,2,21
26437,0,20
26438,1,8
26439,2,32
26440,0,17
26441,1,10
26442,2,7
26443,0,20
26444,1,24
26445,2,28
26446,0,28
26447,1,16
26448,2,35
26449,0,13
26450,1,21
26451,2,26
26452,0,14
26453,1,15
26454,2,16
26455,0,19
26456,1,14
26457,2,13
26458,0,13
26459,1,21
26460,2,10
26461,0,28
26462,1,13
26463,2,13
26464,0,26
26465,1,18
26466,2,12
26467,0,18
26468,1,20
26469,2,20
26470,0,16
26471,1,18
26472,2,23
26473,0,25
26474,1,20
26475,2,29
26476,0,18
26477,1,14
26478,2,13
26479,0,15
26480,1,24
26481,2,27
26482,0,31
26483,1,19
26484,2,30
26485,0,25
26486,1,18
26487,2,12
26488,0,14
26489,1,17
26490,2,26
26491,0,24
26492,1,17
26493,2,20
26494,0,21
26495,1,28
26496,2,19
26497,0,11
26498,1,27
26499,2,19
26500,0,19
26501,1,24
26502,2,15
26503,0,16
26504,1,12
26505,2,13
26506,0,19
26507,1,18
26508,2,19
26509,0,21
26510,1,25
26511,2,10
26512,0,31
26513,1,32
26514,2,7
26515,0,15
26516,1,5
26517,2,22
26518,0,15
26519,1,16
26520,2,17
26521,0,10
26522,1,9
26523,2,6
26524,0,22
26525,1,30
26526,2,12
26527,0,22
26528,1,33
26529,2,8
26530,0,35
26531,1,13
26532,2,22
26533,0,9
26534,1,12
26535,2,14
26536,0,26
26537,1,16
26538,2,29
26539,0,15
26540,1,17
26541,2,18
26542,0,11
26543,1,18
26544,2,13
26545,0,16
26546,1,23
26547,2,17
26548,0,19
26549,1,14
26550,2,26
26551,0,31
26552,1,34
26553,2,26
26554,0,23
26555,1,14
26556,2,21
26557,0,16
26558,1,16
26559,2,15
26560,0,13
26561,1,10
26562,2,15
26563,0,18
26564,1,18
26565,2,14
26566,0,16
26567,1,9
26568,2,17
26569,0,25
26570,1,16
26571,2,10
26572,0,11
26573,1,14
26574,2,15
26575,0,25
26576,1,14
26577,2,24
26578,0,6
26579,1,20
26580,2,21
26581,0,17
26582,1,16
26583,2,21
26584,0,12
26585,1,21
26586,2,11
26587,0,5
26588,1,23
26589,2,25
26590,0,25
26591,1,26
26592,2,11
26593,0,19
26594,1,22
26595,2,23
26596,0,21
26597,1,15
26598,2,12
26599,0,23
26600,1,28
26601,2,19
26602,0,15
26603,1,13
26604,2,11
26605,0,22
26606,1,31
26607,2,10
26608,0,18
26609,1,19
26610,2,15
26611,0,12
26612,1,17
26613,2,16
26614,0,23
26615,1,17
26616,2,32
26617,0,25
26618,1,19
26619,2,22
26620,0,21
26621,1,19
26622,2,18
26623,0,20
26624,1,18
26625,2,17
26626,0,20
26627,1,14
26628,2,21
26629,0,17
26630,1,13
26631,2,23
26632,0,22
26633,1,31
26634,2,36
26635,0,16
26636,1,17
26637,2,16
26638,0,17
26639,1,14
26640,2,9
26641,0,25
26642,1,18
26643,2,26
26644,0,20
26645,1,12
26646,2,22
26647,0,6
26648,1,28
26649,2,19
26650,0,14
26651,1,22
26652,2,23
26653,0,22
26654,1,21
26655,2,11
26656,0,14
26657,1,36
26658,2,25
26659,0,25
26660,1,20
26661,2,15
26662,0,18
26663,1,15
26664,2,24
26665,0,19
26666,1,25
26667,2,30
26668,0,24
26669,1,14
26670,2,35
26671,0,22
26672,1,8
26673,2,12
26674,0,13
26675,1,18
26676,2,21
26677,0,12
26678,1,13
26679,2,23
26680,0,18
26681,1,16
26682,2,22
26683,0,22
26684,1,25
26685,2,13
26686,0,25
26687,1,30
26688,2,23
26689,0,27
26690,1,13
26691,2,27
26692,0,13
26693,1,27
26694,2,14
26695,0,31
26696,1,14
26697,2,13
26698,0,29
26699,1,13
26700,2,24
26701,0,19
26702,1,6
26703,2,11
26704,0,19
26705,1,15
26706,2,14
26707,0,18
26708,1,10
26709,2,15
26710,0,15
26711,1,7
26712,2,15
26713,0,10
26714,1,11
26715,2,29
26716,0,17
26717,1,14
26718,2,18
26719,0,33
26720,1,22
26721,2,28
26722,0,30
26723,1,9
26724,2,9
26725,0,28
26726,1,11
26727,2,24
26728,0,14
26729,1,15
26730,2,9
26731,0,25
26732,1,15
26733,2,19
26734,0,18
26735,1,11
26736,2,22
26737,0,19
26738,1,8
26739,2,22
26740,0,34
26741,1,23
26742,2,30
26743,0,27
26744,1,10
26745,2,6
26746,0,22
26747,1,13
26748,2,25
26749,0,15
26750,1,29
26751,2,23
26752,0,21
26753,1,28
26754,2,21
26755,0,38
26756,1,14
26757,2,29
26758,0,21
26759,1,12
26760,2,24
26761,0,9
26762,1,18
26763,2,17
26764,0,32
26765,1,19
26766,2,25
26767,0,20
26768,1,22
26769,2,27
26770,0,11
26771,1,25
26772,2,11
26773,0,22
26774,1,16
26775,2,11
26776,0,22
26777,1,20
26778,2,23
26779,0,20
26780,1,15
26781,2,22
26782,0,18
26783,1,23
26784,2,8
26785,0,13
26786,1,22
26787,2,22
26788,0,19
26789,1,12
26790,2,28
26791,0,12
26792,1,14
26793,2,26
26794,0,16
26795,1,33
26796,2,24
26797,0,22
26798,1,17
26799,2,15
26800,0,15
26801,1,17
26802,2,13
26803,0,21
26804,1,27
26805,2,20
26806,0,27
26807,1,22
26808,2,23
26809,0,25
26810,1,21
26811,2,23
26812,0,27
26813,1,11
26814,2,15
26815,0,19
26816,1,24
26817,2,19
26818,0,9
26819,1,17
26820,2,26
26821,0,9
26822,1,16
26823,2,6
26824,0,17
26825,1,22
26826,2,13
26827,0,20
26828,1,25
26829,2,29
26830,0,16
26831,1,25
26832,2,17
26833,0,28
26834,1,20
26835,2,13
26836,0,12
26837,1,22
26838,2,26
26839,0,13
26840,1,15
26841,2,19
26842,0,17
26843,1,18
26844,2,24
26845,0,15
26846,1,22
26847,2,25
26848,0,16
26849,1,14
26850,2,13
26851,0,22
26852,1,27
26853,2,11
26854,0,20
26855,1,20
26856,2,27
26857,0,25
26858,1,8
26859,2,17
26860,0,27
26861,1,13
26862,2,13
26863,0,13
26864,1,17
26865,2,17
26866,0,16
26867,1,9
26868,2,19
26869,0,21
26870,1,26
26871,2,28
26872,0,31
26873,1,22
26874,2,22
26875,0,25
26876,1,18
26877,2,29
26878,0,22
26879,1,15
26880,2,16
26881,0,12
26882,1,11
26883,2,14
26884,0,26
26885,1,20
26886,2,18
26887,0,15
26888,1,15
26889,2,8
26890,0,14
26891,1,23
26892,2,19
26893,0,16
26894,1,16
26895,2,14
26896,0,16
26897,1,11
26898,2,15
26899,0,11
26900,1,24
26901,2,15
26902,0,23
26903,1,28
26904,2,21
26905,0,31
26906,1,38
26907,2,21
26908,0,15
26909,1,14
26910,2,22
26911,0,21
26912,1,31
26913,2,18
26914,0,13
26915,1,11
26916,2,7
26917,0,27
26918,1,14
26919,2,23
26920,0,25
26921,1,18
26922,2,17
26923,0,20
26924,1,18
26925,2,37
26926,0,16
26927,1,13
26928,2,42
26929,0,16
26930,1,10
26931,2,27
26932,0,14
26933,1,27
26934,2,33
26935,0,16
26936,1,21
26937,2,20
26938,0,21
26939,1,9
26940,2,15
26941,0,21
26942,1,13
26943,2,20
26944,0,11
26945,1,22
26946,2,28
26947,0,11
26948,1,10
26949,2,4
26950,0,14
26951,1,16
26952,2,20
26953,0,13
26954,1,14
26955,2,10
26956,0,22
26957,1,30
26958,2,12
26959,0,11
26960,1,17
26961,2,28
26962,0,21
26963,1,34
26964,2,19
26965,0,18
26966,1,20
26967,2,32
26968,0,16
26969,1,11
26970,2,19
26971,0,10
26972,1,22
26973,2,18
26974,0,14
26975,1,22
26976,2,15
26977,0,28
26978,1,12
26979,2,17
26980,0,21
26981,1,12
26982,2,8
26983,0,16
26984,1,20
26985,2,19
26986,0,15
26987,1,9
26988,2,15
26989,0,11
26990,1,18
26991,2,22
26992,0,27
26993,1,10
26994,2,13
26995,0,27
26996,1,17
26997,2,9
26998,0,16
26999,1,9
27000,2,11
27001,0,25
27002,1,9
27003,2,21
27004,0,11
27005,1,17
27006,2,7
27007,0,12
27008,1,14
27009,2,20
27010,0,22
27011,1,15
27012,2,14
27013,0,27
27014,1,7
27015,2,25
27016,0,18
27017,1,21
27018,2,20
27019,0,18
27020,1,13
27021,2,12
27022,0,25
27023,1,6
27024,2,18
27025,0,19
27026,1,37
27027,2,21
27028,0,11
27029,1,11
27030,2,17
27031,0,21
27032,1,24
27033,2,32
27034,0,13
27035,1,13
27036,2,24
27037,0,29
27038,1,18
27039,2,10
27040,0,6
27041,1,18
27042,2,12
27043,0,13
27044,1,15
27045,2,16
27046,0,12
27047,1,17
27048,2,21
27049,0,14
27050,1,16
27051,2,18
27052,0,13
27053,1,7
27054,2,19
27055,0,15
27056,1,7
27057,2,13
27058,0,21
27059,1,23
27060,2,25
27061,0,22
27062,1,18
27063,2,20
27064,0,30
27065,1,32
27066,2,37
27067,0,13
27068,1,12
27069,2,22
27070,0,10
27071,1,22
27072,2,8
27073,0,24
27074,1,13
27075,2,13
27076,0,17
27077,1,25
27078,2,16
27079,0,18
27080,1,9
27081,2,21
27082,0,14
27083,1,13
27084,2,27
27085,0,10
27086,1,31
27087,2,5
27088,0,17
27089,1,7
27090,2,13
27091,0,20
27092,1,25
27093,2,19
27094,0,16
27095,1,20
27096,2,17
27097,0,18
27098,1,14
27099,2,21
27100,0,12
27101,1,5
27102,2,12
27103,0,22
27104,1,16
27105,2,11
27106,0,12
27107,1,28
27108,2,16
27109,0,19
27110,1,15
27111,2,20
27112,0,18
27113,1,18
27114,2,8
27115,0,10
27116,1,8
27117,2,18
27118,0,10
27119,1,19
27120,2,10
27121,0,15
27122,1,22
27123,2,21
27124,0,11
27125,1,17
27126,2,17
27127,0,19
27128,1,27
27129,2,23
27130,0,23
27131,1,15
27132,2,18
27133,0,27
27134,1,22
27135,2,12
27136,0,15
27137,1,11
27138,2,15
27139,0,12
27140,1,9
27141,2,18
27142,0,35
27143,1,27
27144,2,13
27145,0,15
27146,1,12
27147,2,17
27148,0,18
27149,1,20
27150,2,27
27151,0,30
27152,1,20
27153,2,30
27154,0,9
27155,1,33
27156,2,10
27157,0,23
27158,1,18
27159,2,12
27160,0,16
27161,1,20
27162,2,27
27163,0,16
27164,1,31
27165,2,12
27166,0,20
27167,1,22
27168,2,19
27169,0,9
27170,1,12
27171,2,16
27172,0,14
27173,1,19
27174,2,11
27175,0,24
27176,1,7
27177,2,35
27178,0,23
27179,1,19
27180,2,10
27181,0,38
27182,1,18
27183,2,17
27184,0,24
27185,1,14
27186,2,29
27187,0,18
27188,1,12
27189,2,5
27190,0,27
27191,1,15
27192,2,13
27193,0,11
27194,1,17
27195,2,22
27196,0,9
27197,1,21
27198,2,9
27199,0,29
27200,1,3
27201,2,13
27202,0,14
27203,1,18
27204,2,13
27205,0,16
27206,1,17
27207,2,15
27208,0,21
27209,1,29
27210,2,18
27211,0,21
27212,1,22
27213,2,17
27214,0,34
27215,1,7
27216,2,13
27217,0,14
27218,1,13
27219,2,21
27220,0,16
27221,1,12
27222,2,19
27223,0,29
27224,1,10
27225,2,33
27226,0,22
27227,1,22
27228,2,23
27229,0,17
27230,1,16
27231,2,9
27232,0,32
27233,1,14
27234,2,19
27235,0,15
27236,1,19
27237,2,10
27238,0,14
27239,1,16
27240,2,28
27241,0,22
27242,1,15
27243,2,8
27244,0,18
27245,1,21
27246,2,11
27247,0,28
27248,1,17
27249,2,18
27250,0,16
27251,1,11
27252,2,6
27253,0,36
27254,1,17
27255,2,8
27256,0,14
27257,1,14
27258,2,25
27259,0,12
27260,1,31
27261,2,21
27262,0,21
27263,1,17
27264,2,15
27265,0,18
27266,1,22
27267,2,21
27268,0,15
27269,1,19
27270,2,13
27271,0,23
27272,1,14
27273,2,21
27274,0,13
27275,1,13
27276,2,21
27277,0,14
27278,1,17
27279,2,8
27280,0,12
27281,1,14
27282,2,6
27283,0,18
27284,1,9
27285,2,17
27286,0,24
27287,1,18
27288,2,21
27289,0,10
27290,1,20
27291,2,26
27292,0,13
27293,1,32
27294,2,22
27295,0,26
27296,1,13
27297,2,39
27298,0,12
27299,1,15
27300,2,36
27301,0,13
27302,1,16
27303,2,6
27304,0,14
27305,1,3
27306,2,12
27307,0,14
27308,1,20
27309,2,20
27310,0,18
27311,1,14
27312,2,19
27313,0,15
27314,1,14
27315,2,20
27316,0,17
27317,1,28
27318,2,27
27319,0,17
27320,1,4
27321,2,17
27322,0,18
27323,1,8
27324,2,18
27325,0,25
27326,1,16
27327,2,12
27328,0,10
27329,1,13
27330,2,19
27331,0,18
27332,1,8
27333,2,20
27334,0,9
27335,1,25
27336,2,14
27337,0,25
27338,1,19
27339,2,22
27340,0,22
27341,1,29
27342,2,25
27343,0,10
27344,1,11
27345,2,23
27346,0,22
27347,1,15
27348,2,19
27349,0,20
27350,1,19
27351,2,15
27352,0,16
27353,1,9
27354,2,23
27355,0,7
27356,1,40
27357,2,15
27358,0,12
27359,1,30
27360,2,15
27361,0,26
27362,1,19
27363,2,19
27364,0,25
27365,1,26
27366,2,13
27367,0,11
27368,1,25
27369,2,14
27370,0,20
27371,1,9
27372,2,26
27373,0,14
27374,1,36
27375,2,18
27376,0,27
27377,1,24
27378,2,26
27379,0,33
27380,1,20
27381,2,30
27382,0,18
27383,1,21
27384,2,16
27385,0,35
27386,1,11
27387,2,17
27388,0,28
27389,1,14
27390,2,28
27391,0,10
27392,1,23
27393,2,24
27394,0,15
27395,1,23
27396,2,17
27397,0,18
27398,1,32
27399,2,23
27400,0,13
27401,1,20
27402,2,19
27403,0,28
27404,1,25
27405,2,18
27406,0,8
27407,1,9
27408,2,17
27409,0,11
27410,1,19
27411,2,22
27412,0,13
27413,1,21
27414,2,20
27415,0,15
27416,1,11
27417,2,20
27418,0,17
27419,1,17
27420,2,8
27421,0,22
27422,1,31
27423,2,15
27424,0,20
27425,1,15
27426,2,23
27427,0,17
27428,1,9
27429,2,26
27430,0,41
27431,1,27
27432,2,20
27433,0,15
27434,1,5
27435,2,26
27436,0,25
27437,1,8
27438,2,23
27439,0,15
27440,1,9
27441,2,20
27442,0,21
27443,1,19
27444,2,15
27445,0,18
27446,1,22
27447,2,9
27448,0,33
27449,1,19
27450,2,18
27451,0,17
27452,1,23
27453,2,27
27454,0,38
27455,1,9
27456,2,21
27457,0,13
27458,1,21
27459,2,15
27460,0,18
27461,1,13
27462,2,21
27463,0,24
27464,1,13
27465,2,17
27466,0,15
27467,1,29
27468,2,21
27469,0,7
27470,1,14
27471,2,18
27472,0,31
27473,1,10
27474,2,22
27475,0,12
27476,1,16
27477,2,17
27478,0,21
27479,1,9
27480,2,26
27481,0,20
27482,1,15
27483,2,31
27484,0,14
27485,1,12
27486,2,26
27487,0,14
27488,1,8
27489,2,10
27490,0,15
27491,1,30
27492,2,15
27493,0,10
27494,1,13
27495,2,13
27496,0,21
27497,1,22
27498,2,18
27499,0,23
27500,1,14
27501,2,17
27502,0,18
27503,1,9
27504,2,12
27505,0,10
27506,1,22
27507,2,18
27508,0,14
27509,1,13
27510,2,17
27511,0,20
27512,1,6
27513,2,14
27514,0,19
27515,1,24
27516,2,16
27517,0,17
27518,1,15
27519,2,10
27520,0,25
27521,1,29
27522,2,36
27523,0,13
27524,1,17
27525,2,23
27526,0,20
27527,1,31
27528,2,17
27529,0,15
27530,1,20
27531,2,7
27532,0,18
27533,1,10
27534,2,14
27535,0,18
27536,1,22
27537,2,11
27538,0,14
27539,1,13
27540,2,24
27541,0,22
27542,1,29
27543,2,17
27544,0,21
27545,1,16
27546,2,26
27547,0,10
27548,1,27
27549,2,22
27550,0,19
27551,1,16
27552,2,16
27553,0,29
27554,1,14
27555,2,20
27556,0,16
27557,1,33
27558,2,24
27559,0,10
27560,1,15
27561,2,21
27562,0,21
27563,1,12
27564,2,28
27565,0,17
27566,1,20
27567,2,23
27568,0,18
27569,1,19
27570,2,20
27571,0,21
27572,1,20
27573,2,12
27574,0,21
27575,1,24
27576,2,14
27577,0,8
27578,1,18
27579,2,9
27580,0,22
27581,1,29
27582,2,27
27583,0,21
27584,1,9
27585,2,7
27586,0,30
27587,1,19
27588,2,9
27589,0,27
27590,1,32
27591,2,14
27592,0,17
27593,1,8
27594,2,21
27595,0,23
27596,1,9
27597,2,16
27598,0,27
27599,1,16
27600,2,24
27601,0,23
27602,1,15
27603,2,11
27604,0,13
27605,1,19
27606,2,10
27607,0,27
27608,1,15
27609,2,13
27610,0,10
27611,1,14
27612,2,13
27613,0,8
27614,1,27
27615,2,31
27616,0,10
27617,1,18
27618,2,31
27619,0,14
27620,1,22
27621,2,16
27622,0,14
27623,1,21
27624,2,12
27625,0,18
27626,1,18
27627,2,30
27628,0,17
27629,1,24
27630,2,14
27631,0,16
27632,1,13
27633,2,20
27634,0,25
27635,1,14
27636,2,16
27637,0,38
27638,1,15
27639,2,24
27640,0,24
27641,1,22
27642,2,8
27643,0,31
27644,1,24
27645,2,35
27646,0,15
27647,1,25
27648,2,30
27649,0,24
27650,1,7
27651,2,29
27652,0,14
27653,1,16
27654,2,20
27655,0,12
27656,1,20
27657,2,9
27658,0,23
27659,1,9
27660,2,8
27661,0,36
27662,1,17
27663,2,16
27664,0,13
27665,1,22
27666,2,23
27667,0,21
27668,1,16
27669,2,18
27670,0,18
27671,1,16
27672,2,17
27673,0,14
27674,1,18
27675,2,13
27676,0,16
27677,1,32
27678,2,20
27679,0,14
27680,1,23
27681,2,20
27682,0,16
27683,1,19
27684,2,25
27685,0,23
27686,1,20
27687,2,31
27688,0,24
27689,1,19
27690,2,21
27691,0,12
27692,1,15
27693,2,13
27694,0,12
27695,1,11
27696,2,19
27697,0,16
27698,1,16
27699,2,17
27700,0,14
27701,1,14
27702,2,13
27703,0,16
27704,1,5
27705,2,21
27706,0,26
27707,1,17
27708,2,16
27709,0,21
27710,1,31
27711,2,18
27712,0,17
27713,1,15
27714,2,13
27715,0,21
27716,1,10
27717,2,7
27718,0,27
27719,1,33
27720,2,15
27721,0,18
27722,1,15
27723,2,12
27724,0,26
27725,1,16
27726,2,22
27727,0,17
27728,1,11
27729,2,9
27730,0,29
27731,1,16
27732,2,13
27733,0,16
27734,1,19
27735,2,16
27736,0,13
27737,1,13
27738,2,16
27739,0,17
27740,1,16
27741,2,13
27742,0,30
27743,1,21
27744,2,17
27745,0,22
27746,1,27
27747,2,14
27748,0,20
27749,1,15
27750,2,12
27751,0,15
27752,1,13
27753,2,26
27754,0,26
27755,1,25
27756,2,17
27757,0,47
27758,1,12
27759,2,21
27760,0,17
27761,1,10
27762,2,10
27763,0,34
27764,1,23
27765,2,13
27766,0,28
27767,1,23
27768,2,18
27769,0,26
27770,1,11
27771,2,7
27772,0,23
27773,1,20
27774,2,10
27775,0,15
27776,1,17
27777,2,14
27778,0,8
27779,1,18
27780,2,20
27781,0,25
27782,1,21
27783,2,23
27784,0,22
27785,1,13
27786,2,24
27787,0,18
27788,1,13
27789,2,36
27790,0,15
27791,1,29
27792,2,13
27793,0,19
27794,1,25
27795,2,15
27796,0,14
27797,1,13
27798,2,5
27799,0,20
27800,1,19
27801,2,17
27802,0,30
27803,1,26
27804,2,36
27805,0,20
27806,1,22
27807,2,10
27808,0,24
27809,1,18
27810,2,33
27811,0,13
27812,1,13
27813,2,19
27814,0,24
27815,1,11
27816,2,17
27817,0,20
27818,1,21
27819,2,19
27820,0,20
27821,1,10
27822,2,23
27823,0,18
27824,1,24
27825,2,15
27826,0,11
27827,1,15
27828,2,14
27829,0,19
27830,1,13
27831,2,9
27832,0,14
27833,1,22
27834,2,11
27835,0,25
27836,1,21
27837,2,18
27838,0,20
27839,1,19
27840,2,27
27841,0,13
27842,1,15
27843,2,9
27844,0,28
27845,1,16
27846,2,16
27847,0,23
27848,1,15
27849,2,11
27850,0,15
27851,1,13
27852,2,10
27853,0,25
27854,1,14
27855,2,11
27856,0,18
27857,1,22
27858,2,16
27859,0,16
27860,1,18
27861,2,19
27862,0,18
27863,1,29
27864,2,19
27865,0,22
27866,1,20
27867,2,21
27868,0,17
27869,1,11
27870,2,12
27871,0,21
27872,1,18
27873,2,12
27874,0,21
27875,1,19
27876,2,14
27877,0,26
27878,1,29
27879,2,35
27880,0,24
27881,1,10
27882,2,17
27883,0,17
27884,1,11
27885,2,19
27886,0,22
27887,1,15
27888,2,10
27889,0,23
27890,1,7
27891,2,16
27892,0,13
27893,1,16
27894,2,26
27895,0,28
27896,1,20
27897,2,18
27898,0,12
27899,1,19
27900,2,17
27901,0,17
27902,1,15
27903,2,21
27904,0,17
27905,1,29
27906,2,24
27907,0,9
27908,1,16
27909,2,25
27910,0,27
27911,1,26
27912,2,13
27913,0,24
27914,1,14
27915,2,22
27916,0,11
27917,1,38
27918,2,20
27919,0,22
27920,1,17
27921,2,12
27922,0,18
27923,1,27
27924,2,23
27925,0,12
27926,1,14
27927,2,22
27928,0,23
27929,1,8
27930,2,14
27931,0,18
27932,1,26
27933,2,14
27934,0,23
27935,1,11
27936,2,18
27937,0,9
27938,1,9
27939,2,22
27940,0,21
27941,1,15
27942,2,15
27943,0,31
27944,1,12
27945,2,8
27946,0,7
27947,1,13
27948,2,14
27949,0,21
27950,1,20
27951,2,16
27952,0,37
27953,1,11
27954,2,17
27955,0,15
27956,1,8
27957,2,10
27958,0,18
27959,1,27
27960,2,6
27961,0,34
27962,1,16
27963,2,15
27964,0,20
27965,1,20
27966,2,24
27967,0,17
27968,1,19
27969,2,9
27970,0,24
27971,1,11
27972,2,10
27973,0,12
27974,1,25
27975,2,23
27976,0,13
27977,1,12
27978,2,16
27979,0,20
27980,1,7
27981,2,37
27982,0,15
27983,1,18
27984,2,16
27985,0,25
27986,1,9
27987,2,30
27988,0,25
27989,1,17
27990,2,20
27991,0,20
27992,1,25
27993,2,16
27994,0,28
27995,1,21
27996,2,12
27997,0,19
27998,1,17
27999,2,17
28000,0,9
28001,1,11
28002,2,22
28003,0,26
28004,1,29
28005,2,13
28006,0,22
28007,1,12
28008,2,13
28009,0,21
28010,1,18
28011,2,17
28012,0,12
28013,1,22
28014,2,2
28015,0,10
28016,1,17
28017,2,8
28018,0,16
28019,1,21
28020,2,21
28021,0,15
28022,1,13
28023,2,12
28024,0,11
28025,1,16
28026,2,9
28027,0,24
28028,1,11
28029,2,6
28030,0,20
28031,1,21
28032,2,20
28033,0,22
28034,1,10
28035,2,24
28036,0,13
28037,1,4
28038,2,22
28039,0,29
28040,1,31
28041,2,24
28042,0,15
28043,1,12
28044,2,10
28045,0,18
28046,1,24
28047,2,27
28048,0,24
28049,1,9
28050,2,32
28051,0,20
28052,1,19
28053,2,15
28054,0,26
28055,1,7
28056,2,18
28057,0,17
28058,1,19
28059,2,15
28060,0,27
28061,1,10
28062,2,11
28063,0,11
28064,1,27
28065,2,23
28066,0,10
28067,1,13
28068,2,15
28069,0,19
28070,1,18
28071,2,10
28072,0,17
28073,1,29
28074,2,25
28075,0,21
28076,1,14
28077,2,34
28078,0,26
28079,1,11
28080,2,23
28081,0,19
28082,1,24
28083,2,15
28084,0,19
28085,1,15
28086,2,19
28087,0,29
28088,1,13
28089,2,22
28090,0,24
28091,1,34
28092,2,20
28093,0,24
28094,1,26
28095,2,26
28096,0,13
28097,1,15
28098,2,12
28099,0,9
28100,1,16
28101,2,16
28102,0,34
28103,1,28
28104,2,5
28105,0,15
28106,1,15
28107,2,7
28108,0,9
28109,1,20
28110,2,7
28111,0,18
28112,1,14
28113,2,19
28114,0,21
28115,1,13
28116,2,16
28117,0,27
28118,1,9
28119,2,26
28120,0,34
28121,1,19
28122,2,21
28123,0,21
28124,1,12
28125,2,14
28126,0,18
28127,1,28
28128,2,21
28129,0,13
28130,1,10
28131,2,20
28132,0,22
28133,1,11
28134,2,15
28135,0,11
28136,1,8
28137,2,14
28138,0,11
28139,1,22
28140,2,24
28141,0,13
28142,1,18
28143,2,6
28144,0,18
28145,1,23
28146,2,18
28147,0,31
28148,1,18
28149,2,17
28150,0,13
28151,1,10
28152,2,19
28153,0,26
28154,1,24
28155,2,30
28156,0,12
28157,1,22
28158,2,42
28159,0,9
28160,1,29
28161,2,10
28162,0,10
28163,1,18
28164,2,13
28165,0,16
28166,1,24
28167,2,16
28168,0,7
28169,1,22
28170,2,15
28171,0,16
28172,1,17
28173,2,15
28174,0,7
28175,1,24
28176,2,18
28177,0,17
28178,1,34
28179,2,20
28180,0,17
28181,1,15
28182,2,25
28183,0,14
28184,1,13
28185,2,14
28186,0,10
28187,1,17
28188,2,8
28189,0,22
28190,1,16
28191,2,15
28192,0,10
28193,1,20
28194,2,22
28195,0,23
28196,1,30
28197,2,16
28198,0,23
28199,1,33
28200,2,28
28201,0,25
28202,1,7
28203,2,15
28204,0,23
28205,1,13
28206,2,29
28207,0,22
28208,1,23
28209,2,19
28210,0,18
28211,1,16
28212,2,21
28213,0,24
28214,1,26
28215,2,9
28216,0,24
28217,1,25
28218,2,16
28219,0,34
28220,1,28
28221,2,15
28222,0,10
28223,1,16
28224,2,16
28225,0,22
28226,1,17
28227,2,21
28228,0,9
28229,1,18
28230,2,14
28231,0,26
28232,1,21
28233,2,7
28234,0,11
28235,1,21
28236,2,17
28237,0,13
28238,1,19
28239,2,10
28240,0,15
28241,1,15
28242,2,17
28243,0,16
28244,1,31
28245,2,29
28246,0,15
28247,1,16
28248,2,23
28249,0,16
28250,1,27
28251,2,9
28252,0,13
28253,1,25
28254,2,10
28255,0,16
28256,1,30
28257,2,25
28258,0,13
28259,1,20
28260,2,11
28261,0,23
28262,1,17
28263,2,20
28264,0,15
28265,1,12
28266,2,35
28267,0,14
28268,1,15
28269,2,14
28270,0,20
28271,1,21
28272,2,20
28273,0,26
28274,1,7
28275,2,23
28276,0,21
28277,1,6
28278,2,16
28279,0,8
28280,1,14
28281,2,15
28282,0,21
28283,1,16
28284,2,21
28285,0,10
28286,1,37
28287,2,23
28288,0,20
28289,1,27
28290,2,8
28291,0,15
28292,1,7
28293,2,10
28294,0,26
28295,1,17
28296,2,12
28297,0,16
28298,1,16
28299,2,14
28300,0,17
28301,1,22
28302,2,16
28303,0,25
28304,1,17
28305,2,21
28306,0,21
28307,1,9
28308,2,35
28309,0,23
28310,1,12
28311,2,13
28312,0,15
28313,1,17
28314,2,25
28315,0,13
28316,1,21
28317,2,26
28318,0,14
28319,1,10
28320,2,20
28321,0,18
28322,1,12
28323,2,19
28324,0,21
28325,1,16
28326,2,30
28327,0,12
28328,1,28
28329,2,23
28330,0,15
28331,1,13
28332,2,11
28333,0,11
28334,1,7
28335,2,17
28336,0,13
28337,1,15
28338,2,12
28339,0,13
28340,1,7
28341,2,13
28342,0,23
28343,1,5
28344,2,14
28345,0,12
28346,1,11
28347,2,10
28348,0,17
28349,1,19
28350,2,12
28351,0,16
28352,1,8
28353,2,13
28354,0,15
28355,1,21
28356,2,20
28357,0,16
28358,1,17
28359,2,25
28360,0,18
28361,1,43
28362,2,19
28363,0,20
28364,1,8
28365,2,10
28366,0,13
28367,1,8
28368,2,17
28369,0,25
28370,1,28
28371,2,24
28372,0,23
28373,1,19
28374,2,17
28375,0,10
28376,1,16
28377,2,10
28378,0,13
28379,1,13
28380,2,16
28381,0,15
28382,1,7
28383,2,16
28384,0,23
28385,1,27
28386,2,10
28387,0,15
28388,1,10
28389,2,20
28390,0,31
28391,1,19
28392,2,18
28393,0,28
28394,1,21
28395,2,17
28396,0,22
28397,1,17
28398,2,16
28399,0,14
28400,1,20
28401,2,25
28402,0,18
28403,1,20
28404,2,20
28405,0,11
28406,1,9
28407,2,12
28408,0,19
28409,1,15
28410,2,11
28411,0,16
28412,1,21
28413,2,15
28414,0,24
28415,1,11
28416,2,11
28417,0,25
28418,1,29
28419,2,17
28420,0,19
28421,1,20
28422,2,13
28423,0,20
28424,1,22
28425,2,9
28426,0,22
28427,1,20
28428,2,22
28429,0,27
28430,1,27
28431,2,20
28432,0,13
28433,1,23
28434,2,14
28435,0,14
28436,1,17
28437,2,14
28438,0,6
28439,1,13
28440,2,18
28441,0,20
28442,1,21
28443,2,28
28444,0,16
28445,1,9
28446,2,19
28447,0,20
28448,1,26
28449,2,20
28450,0,31
28451,1,11
28452,2,17
28453,0,23
28454,1,7
28455,2,9
28456,0,17
28457,1,20
28458,2,13
28459,0,10
28460,1,22
28461,2,22
28462,0,15
28463,1,16
28464,2,9
28465,0,25
28466,1,11
28467,2,11
28468,0,20
28469,1,16
28470,2,24
28471,0,22
28472,1,12
28473,2,16
28474,0,16
28475,1,20
28476,2,12
28477,0,18
28478,1,16
28479,2,12
28480,0,18
28481,1,13
28482,2,23
28483,0,25
28484,1,9
28485,2,3
28486,0,17
28487,1,14
28488,2,15
28489,0,17
28490,1,23
28491,2,21
28492,0,13
28493,1,15
28494,2,15
28495,0,26
28496,1,11
28497,2,21
28498,0,28
28499,1,17
28500,2,20
28501,0,17
28502,1,28
28503,2,13
28504,0,34
28505,1,33
28506,2,23
28507,0,23
28508,1,8
28509,2,11
28510,0,28
28511,1,10
28512,2,22
28513,0,20
28514,1,9
28515,2,15
28516,0,10
28517,1,18
28518,2,15
28519,0,18
28520,1,14
28521,2,15
28522,0,33
28523,1,10
28524,2,24
28525,0,13
28526,1,15
28527,2,24
28528,0,16
28529,1,13
28530,2,21
28531,0,18
28532,1,12
28533,2,29
28534,0,25
28535,1,17
28536,2,14
28537,0,17
28538,1,7
28539,2,14
28540,0,18
28541,1,13
28542,2,20
28543,0,27
28544,1,20
28545,2,19
28546,0,18
28547,1,8
28548,2,10
28549,0,23
28550,1,18
28551,2,22
28552,0,19
28553,1,28
28554,2,25
28555,0,13
28556,1,12
28557,2,22
28558,0,34
28559,1,22
28560,2,13
28561,0,15
28562,1,12
28563,2,9
28564,0,20
28565,1,24
28566,2,14
28567,0,36
28568,1,11
28569,2,37
28570,0,11
28571,1,10
28572,2,18
28573,0,15
28574,1,14
28575,2,10
28576,0,18
28577,1,14
28578,2,14
28579,0,21
28580,1,8
28581,2,26
28582,0,27
28583,1,13
28584,2,17
28585,0,18
28586,1,27
28587,2,29
28588,0,12
28589,1,7
28590,2,25
28591,0,25
28592,1,15
28593,2,19
28594,0,11
28595,1,26
28596,2,16
28597,0,25
28598,1,17
28599,2,15
28600,0,18
28601,1,10
28602,2,9
28603,0,11
28604,1,11
28605,2,22
28606,0,16
28607,1,15
28608,2,7
28609,0,23
28610,1,20
28611,2,15
28612,0,16
28613,1,23
28614,2,12
28615,0,8
28616,1,13
28617,2,13
28618,0,29
28619,1,26
28620,2,16
28621,0,16
28622,1,17
28623,2,11
28624,0,16
28625,1,26
28626,2,21
28627,0,19
28628,1,18
28629,2,8
28630,0,33
28631,1,22
28632,2,10
28633,0,24
28634,1,8
28635,2,14
28636,0,20
28637,1,23
28638,2,21
28639,0,17
28640,1,8
28641,2,10
28642,0,26
28643,1,11
28644,2,13
28645,0,25
28646,1,36
28647,2,26
28648,0,26
28649,1,20
28650,2,26
28651,0,30
28652,1,18
28653,2,23
28654,0,31
28655,1,15
28656,2,17
28657,0,13
28658,1,19
28659,2,16
28660,0,17
28661,1,11
28662,2,34
28663,0,11
28664,1,12
28665,2,13
28666,0,23
28667,1,20
28668,2,40
28669,0,19
28670,1,12
28671,2,15
28672,0,9
28673,1,16
28674,2,15
28675,0,18
28676,1,17
28677,2,15
28678,0,22
28679,1,18
28680,2,20
28681,0,16
28682,1,26
28683,2,14
28684,0,22
28685,1,19
28686,2,15
28687,0,22
28688,1,16
28689,2,19
28690,0,26
28691,1,20
28692,2,16
28693,0,21
28694,1,12
28695,2,29
28696,0,25
28697,1,25
28698,2,22
28699,0,29
28700,1,11
28701,2,14
28702,0,16
28703,1,10
28704,2,18
28705,0,25
28706,1,5
28707,2,17
28708,0,9
28709,1,20
28710,2,24
28711,0,10
28712,1,11
28713,2,8
28714,0,15
28715,1,19
28716,2,11
28717,0,25
28718,1,21
28719,2,16
28720,0,18
28721,1,15
28722,2,24
28723,0,26
28724,1,32
28725,2,13
28726,0,20
28727,1,15
28728,2,21
28729,0,18
28730,1,26
28731,2,17
28732,0,23
28733,1,16
28734,2,12
28735,0,5
28736,1,20
28737,2,8
28738,0,24
28739,1,7
28740,2,40
28741,0,17
28742,1,25
28743,2,14
28744,0,15
28745,1,11
28746,2,14
28747,0,36
28748,1,12
28749,2,18
28750,0,14
28751,1,14
28752,2,13
28753,0,19
28754,1,25
28755,2,24
28756,0,14
28757,1,25
28758,2,21
28759,0,32
28760,1,13
28761,2,22
28762,0,13
28763,1,9
28764,2,12
28765,0,10
28766,1,18
28767,2,12
28768,0,16
28769,1,21
28770,2,21
28771,0,21
28772,1,12
28773,2,21
28774,0,24
28775,1,12
28776,2,17
28777,0,22
28778,1,18
28779,2,10
28780,0,13
28781,1,18
28782,2,11
28783,0,32
28784,1,19
28785,2,8
28786,0,21
28787,1,35
28788,2,22
28789,0,31
28790,1,8
28791,2,12
28792,0,20
28793,1,12
28794,2,28
28795,0,23
28796,1,10
28797,2,20
28798,0,25
28799,1,6
28800,2,37
28801,0,19
28802,1,16
28803,2,13
28804,0,15
28805,1,15
28806,2,24
28807,0,16
28808,1,30
28809,2,18
28810,0,28
28811,1,25
28812,2,32
28813,0,19
28814,1,16
28815,2,8
28816,0,17
28817,1,16
28818,2,26
28819,0,11
28820,1,29
28821,2,10
28822,0,18
28823,1,14
28824,2,11
28825,0,28
28826,1,17
28827,2,25
28828,0,48
28829,1,16
28830,2,14
28831,0,26
28832,1,20
28833,2,17
28834,0,30
28835,1,16
28836,2,18
28837,0,25
28838,1,22
28839,2,15
28840,0,13
28841,1,28
28842,2,13
28843,0,21
28844,1,18
28845,2,26
28846,0,21
28847,1,15
28848,2,11
28849,0,10
28850,1,14
28851,2,9
28852,0,22
28853,1,19
28854,2,25
28855,0,26
28856,1,21
28857,2,16
28858,0,12
28859,1,11
28860,2,12
28861,0,12
28862,1,14
28863,2,11
28864,0,27
28865,1,22
28866,2,11
28867,0,8
28868,1,19
28869,2,11
28870,0,22
28871,1,40
28872,2,21
28873,0,18
28874,1,21
28875,2,15
28876,0,20
28877,1,11
28878,2,25
28879,0,22
28880,1,22
28881,2,14
28882,0,17
28883,1,10
28884,2,22
28885,0,24
28886,1,28
28887,2,27
28888,0,16
28889,1,15
28890,2,26
28891,0,17
28892,1,4
28893,2,10
28894,0,12
28895,1,19
28896,2,7
28897,0,19
28898,1,24
28899,2,14
28900,0,21
28901,1,10
28902,2,11
28903,0,14
28904,1,23
28905,2,16
28906,0,25
28907,1,14
28908,2,30
28909,0,20
28910,1,13
28911,2,13
28912,0,10
28913,1,19
28914,2,11
28915,0,19
28916,1,21
28917,2,11
28918,0,8
28919,1,13
28920,2,13
28921,0,17
28922,1,14
28923,2,13
28924,0,13
28925,1,18
28926,2,21
28927,0,18
28928,1,32
28929,2,12
28930,0,29
28931,1,7
28932,2,19
28933,0,15
28934,1,23
28935,2,19
28936,0,27
28937,1,20
28938,2,19
28939,0,34
28940,1,16
28941,2,9
28942,0,17
28943,1,13
28944,2,16
28945,0,11
28946,1,3
28947,2,13
28948,0,15
28949,1,9
28950,2,16
28951,0,19
28952,1,18
28953,2,22
28954,0,18
28955,1,7
28956,2,32
28957,0,8
28958,1,12
28959,2,23
28960,0,21
28961,1,16
28962,2,19
28963,0,17
28964,1,17
28965,2,15
28966,0,20
28967,1,20
28968,2,17
28969,0,15
28970,1,22
28971,2,17
28972,0,20
28973,1,11
28974,2,23
28975,0,23
28976,1,11
28977,2,19
28978,0,35
28979,1,14
28980,2,32
28981,0,24
28982,1,8
28983,2,12
28984,0,19
28985,1,17
28986,2,10
28987,0,13
28988,1,5
28989,2,12
28990,0,13
28991,1,9
28992,2,15
28993,0,17
28994,1,4
28995,2,13
28996,0,10
28997,1,22
28998,2,24
28999,0,12
29000,1,21
29001,2,20
29002,0,26
29003,1,13
29004,2,17
29005,0,15
29006,1,9
29007,2,13
29008,0,25
29009,1,15
29010,2,17
29011,0,26
29012,1,14
29013,2,22
29014,0,22
29015,1,12
29016,2,18
29017,0,23
29018,1,18
29019,2,22
29020,0,20
29021,1,23
29022,2,26
29023,0,17
29024,1,14
29025,2,26
29026,0,14
29027,1,29
29028,2,27
29029,0,16
29030,1,6
29031,2,5
29032,0,19
29033,1,24
29034,2,27
29035,0,16
29036,1,11
29037,2,12
29038,0,13
29039,1,20
29040,2,9
29041,0,27
29042,1,24
29043,2,34
29044,0,12
29045,1,35
29046,2,24
29047,0,27
29048,1,46
29049,2,21
29050,0,17
29051,1,10
29052,2,30
29053,0,21
29054,1,37
29055,2,22
29056,0,15
29057,1,18
29058,2,20
29059,0,25
29060,1,15
29061,2,17
29062,0,5
29063,1,30
29064,2,18
29065,0,24
29066,1,22
29067,2,11
29068,0,31
29069,1,16
29070,2,12
29071,0,16
29072,1,17
29073,2,18
29074,0,19
29075,1,17
29076,2,15
29077,0,13
29078,1,14
29079,2,20
29080,0,19
29081,1,25
29082,2,11
29083,0,19
29084,1,14
29085,2,21
29086,0,16
29087,1,20
29088,2,18
29089,0,20
29090,1,10
29091,2,17
29092,0,21
29093,1,11
29094,2,14
29095,0,16
29096,1,12
29097,2,9
29098,0,17
29099,1,12
29100,2,20
29101,0,12
29102,1,25
29103,2,10
29104,0,17
29105,1,14
29106,2,34
29107,0,17
29108,1,20
29109,2,13
29110,0,24
29111,1,25
29112,2,20
29113,0,20
29114,1,13
29115,2,20
29116,0,21
29117,1,31
29118,2,28
29119,0,14
29120,1,11
29121,2,17
29122,0,27
29123,1,23
29124,2,32
29125,0,23
29126,1,27
29127,2,23
29128,0,20
29129,1,12
29130,2,22
29131,0,19
29132,1,13
29133,2,20
29134,0,25
29135,1,33
29136,2,16
29137,0,7
29138,1,41
29139,2,26
29140,0,22
29141,1,18
29142,2,18
29143,0,17
29144,1,25
29145,2,10
29146,0,8
29147,1,15
29148,2,25
29149,0,25
29150,1,10
29151,2,18
29152,0,28
29153,1,19
29154,2,17
29155,0,30
29156,1,35
29157,2,19
29158,0,15
29159,1,26
29160,2,31
29161,0,14
29162,1,14
29163,2,27
29164,0,16
29165,1,7
29166,2,16
29167,0,20
29168,1,7
29169,2,23
29170,0,22
29171,1,25
29172,2,15
29173,0,16
29174,1,10
29175,2,25
29176,0,26
29177,1,19
29178,2,18
29179,0,15
29180,1,19
29181,2,16
29182,0,26
29183,1,20
29184,2,24
29185,0,18
29186,1,20
29187,2,17
29188,0,33
29189,1,17
29190,2,8
29191,0,25
29192,1,22
29193,2,21
29194,0,11
29195,1,17
29196,2,15
29197,0,18
29198,1,21
29199,2,25
29200,0,23
29201,1,16
29202,2,27
29203,0,22
29204,1,15
29205,2,14
29206,0,15
29207,1,30
29208,2,17
29209,0,19
29210,1,11
29211,2,22
29212,0,14
29213,1,16
29214,2,17
29215,0,18
29216,1,12
29217,2,11
29218,0,20
29219,1,18
29220,2,14
29221,0,17
29222,1,17
29223,2,11
29224,0,18
29225,1,19
29226,2,11
29227,0,14
29228,1,10
29229,2,16
29230,0,17
29231,1,9
29232,2,14
29233,0,9
29234,1,10
29235,2,21
29236,0,20
29237,1,8
29238,2,12
29239,0,26
29240,1,20
29241,2,16
29242,0,14
29243,1,14
29244,2,28
29245,0,13
29246,1,16
29247,2,25
29248,0,13
29249,1,14
29250,2,12
29251,0,19
29252,1,17
29253,2,30
29254,0,17
29255,1,7
29256,2,14
29257,0,24
29258,1,6
29259,2,11
29260,0,17
29261,1,19
29262,2,15
29263,0,19
29264,1,10
29265,2,7
29266,0,17
29267,1,24
29268,2,43
29269,0,19
29270,1,19
29271,2,23
29272,0,28
29273,1,14
29274,2,21
29275,0,17
29276,1,17
29277,2,12
29278,0,18
29279,1,8
29280,2,20
29281,0,17
29282,1,5
29283,2,8
29284,0,11
29285,1,27
29286,2,11
29287,0,21
29288,1,28
29289,2,20
29290,0,18
29291,1,20
29292,2,16
29293,0,28
29294,1,26
29295,2,33
29296,0,26
29297,1,32
29298,2,20
29299,0,10
29300,1,9
29301,2,17
29302,0,19
29303,1,17
29304,2,14
29305,0,13
29306,1,35
29307,2,9
29308,0,17
29309,1,12
29310,2,15
29311,0,18
29312,1,10
29313,2,17
29314,0,18
29315,1,19
29316,2,18
29317,0,26
29318,1,22
29319,2,27
29320,0,19
29321,1,30
29322,2,12
29323,0,17
29324,1,13
29325,2,20
29326,0,29
29327,1,20
29328,2,16
29329,0,13
29330,1,12
29331,2,11
29332,0,27
29333,1,15
29334,2,12
29335,0,19
29336,1,15
29337,2,20
29338,0,26
29339,1,20
29340,2,22
29341,0,23
29342,1,16
29343,2,11
29344,0,16
29345,1,15
29346,2,34
29347,0,17
29348,1,28
29349,2,13
29350,0,20
29351,1,20
29352,2,13
29353,0,20
29354,1,20
29355,2,19
29356,0,16
29357,1,7
29358,2,23
29359,0,13
29360,1,21
29361,2,24
29362,0,25
29363,1,23
29364,2,19
29365,0,9
29366,1,12
29367,2,27
29368,0,13
29369,1,11
29370,2,16
29371,0,7
29372,1,25
29373,2,8
29374,0,3
29375,1,7
29376,2,14
29377,0,27
29378,1,14
29379,2,19
29380,0,15
29381,1,15
29382,2,27
29383,0,16
29384,1,15
29385,2,16
29386,0,11
29387,1,16
29388,2,14
29389,0,26
29390,1,8
29391,2,24
29392,0,14
29393,1,11
29394,2,12
29395,0,14
29396,1,9
29397,2,16
29398,0,18
29399,1,25
29400,2,19
29401,0,16
29402,1,28
29403,2,16
29404,0,14
29405,1,16
29406,2,28
29407,0,6
29408,1,18
29409,2,23
29410,0,16
29411,1,12
29412,2,9
29413,0,18
29414,1,11
29415,2,16
29416,0,20
29417,1,32
29418,2,25
29419,0,16
29420,1,14
29421,2,28
29422,0,32
29423,1,28
29424,2,14
29425,0,16
29426,1,21
29427,2,11
29428,0,13
29429,1,35
29430,2,14
29431,0,12
29432,1,16
29433,2,12
29434,0,16
29435,1,21
29436,2,26
29437,0,30
29438,1,16
29439,2,19
29440,0,20
29441,1,21
29442,2,18
29443,0,16
29444,1,12
29445,2,20
29446,0,23
29447,1,10
29448,2,11
29449,0,23
29450,1,28
29451,2,21
29452,0,28
29453,1,24
29454,2,31
29455,0,17
29456,1,22
29457,2,20
29458,0,21
29459,1,18
29460,2,30
29461,0,16
29462,1,17
29463,2,12
29464,0,20
29465,1,24
29466,2,17
29467,0,13
29468,1,12
29469,2,25
29470,0,13
29471,1,15
29472,2,8
29473,0,21
29474,1,26
29475,2,19
29476,0,15
29477,1,26
29478,2,13
29479,0,15
29480,1,28
29481,2,19
29482,0,16
29483,1,6
29484,2,15
29485,0,17
29486,1,21
29487,2,22
29488,0,37
29489,1,12
29490,2,19
29491,0,24
29492,1,16
29493,2,17
29494,0,25
29495,1,18
29496,2,18
29497,0,16
29498,1,9
29499,2,8
29500,0,20
29501,1,16
29502,2,24
29503,0,17
29504,1,25
29505,2,23
29506,0,17
29507,1,14
29508,2,13
29509,0,14
29510,1,18
29511,2,24
29512,0,19
29513,1,12
29514,2,7
29515,0,35
29516,1,15
29517,2,11
29518,0,13
29519,1,5
29520,2,15
29521,0,25
29522,1,12
29523,2,23
29524,0,12
29525,1,18
29526,2,17
29527,0,41
29528,1,24
29529,2,13
29530,0,20
29531,1,32
29532,2,41
29533,0,21
29534,1,7
29535,2,22
29536,0,12
29537,1,26
29538,2,23
29539,0,16
29540,1,22
29541,2,23
29542,0,12
29543,1,15
29544,2,16
29545,0,16
29546,1,24
29547,2,16
29548,0,12
29549,1,19
29550,2,14
29551,0,14
29552,1,22
29553,2,6
29554,0,20
29555,1,7
29556,2,17
29557,0,10
29558,1,14
29559,2,17
29560,0,22
29561,1,9
29562,2,16
29563,0,12
29564,1,20
29565,2,13
29566,0,12
29567,1,20
29568,2,20
29569,0,20
29570,1,22
29571,2,22
29572,0,28
29573,1,16
29574,2,15
29575,0,20
29576,1,29
29577,2,14
29578,0,16
29579,1,7
29580,2,15
29581,0,19
29582,1,11
29583,2,19
29584,0,25
29585,1,29
29586,2,15
29587,0,28
29588,1,10
29589,2,20
29590,0,31
29591,1,14
29592,2,16
29593,0,43
29594,1,28
29595,2,20
29596,0,13
29597,1,39
29598,2,30
29599,0,21
29600,1,17
29601,2,13
29602,0,27
29603,1,19
29604,2,13
29605,0,20
29606,1,42
29607,2,29
29608,0,11
29609,1,34
29610,2,18
29611,0,28
29612,1,31
29613,2,20
29614,0,32
29615,1,15
29616,2,24
29617,0,4
29618,1,13
29619,2,37
29620,0,29
29621,1,13
29622,2,18
29623,0,19
29624,1,9
29625,2,13
29626,0,27
29627,1,17
29628,2,19
29629,0,26
29630,1,14
29631,2,12
29632,0,14
29633,1,10
29634,2,9
29635,0,14
29636,1,13
29637,2,29
29638,0,23
29639,1,12
29640,2,6
29641,0,24
29642,1,13
29643,2,26
29644,0,11
29645,1,15
29646,2,22
29647,0,18
29648,1,10
29649,2,16
29650,0,27
29651,1,18
29652,2,37
29653,0,23
29654,1,26
29655,2,25
29656,0,15
29657,1,15
29658,2,15
29659,0,16
29660,1,17
29661,2,25
29662,0,9
29663,1,17
29664,2,14
29665,0,15
29666,1,12
29667,2,11
29668,0,16
29669,1,18
29670,2,11
29671,0,9
29672,1,14
29673,2,12
29674,0,23
29675,1,13
29676,2,13
29677,0,19
29678,1,12
29679,2,15
29680,0,17
29681,1,16
29682,2,15
29683,0,18
29684,1,22
29685,2,17
29686,0,19
29687,1,12
29688,2,23
29689,0,22
29690,1,22
29691,2,7
29692,0,11
29693,1,8
29694,2,22
29695,0,21
29696,1,22
29697,2,20
29698,0,13
29699,1,15
29700,2,19
29701,0,12
29702,1,15
29703,2,17
29704,0,18
29705,1,14
29706,2,11
29707,0,19
29708,1,30
29709,2,19
29710,0,29
29711,1,23
29712,2,30
29713,0,11
29714,1,10
29715,2,12
29716,0,7
29717,1,21
29718,2,13
29719,0,25
29720,1,24
29721,2,19
29722,0,31
29723,1,28
29724,2,17
29725,0,19
29726,1,13
29727,2,22
29728,0,9
29729,1,26
29730,2,11
29731,0,18
29732,1,21
29733,2,19
29734,0,15
29735,1,24
29736,2,5
29737,0,17
29738,1,22
29739,2,23
29740,0,19
29741,1,16
29742,2,11
29743,0,9
29744,1,11
29745,2,7
29746,0,20
29747,1,37
29748,2,22
29749,0,27
29750,1,10
29751,2,13
29752,0,22
29753,1,16
29754,2,17
29755,0,13
29756,1,11
29757,2,11
29758,0,17
29759,1,33
29760,2,14
29761,0,18
29762,1,12
29763,2,14
29764,0,23
29765,1,9
29766,2,14
29767,0,7
29768,1,11
29769,2,13
29770,0,26
29771,1,15
29772,2,14
29773,0,21
29774,1,3
29775,2,16
29776,0,16
29777,1,9
29778,2,7
29779,0,16
29780,1,26
29781,2,16
29782,0,12
29783,1,24
29784,2,10
29785,0,22
29786,1,20
29787,2,23
29788,0,21
29789,1,12
29790,2,15
29791,0,13
29792,1,13
29793,2,22
29794,0,20
29795,1,20
29796,2,8
29797,0,18
29798,1,13
29799,2,17
29800,0,18
29801,1,13
29802,2,16
29803,0,13
29804,1,17
29805,2,20
29806,0,21
29807,1,21
29808,2,27
29809,0,29
29810,1,15
29811,2,20
29812,0,11
29813,1,19
29814,2,18
29815,0,16
29816,1,11
29817,2,16
29818,0,18
29819,1,11
29820,2,21
29821,0,20
29822,1,22
29823,2,16
29824,0,15
29825,1,22
29826,2,19
29827,0,24
29828,1,19
29829,2,13
29830,0,21
29831,1,20
29832,2,15
29833,0,25
29834,1,10
29835,2,25
29836,0,20
29837,1,13
29838,2,11
29839,0,22
29840,1,20
29841,2,16
29842,0,21
29843,1,24
29844,2,12
29845,0,11
29846,1,21
29847,2,26
29848,0,17
29849,1,22
29850,2,19
29851,0,8
29852,1,24
29853,2,14
29854,0,15
29855,1,11
29856,2,17
29857,0,12
29858,1,12
29859,2,11
29860,0,14
29861,1,6
29862,2,27
29863,0,18
29864,1,14
29865,2,14
29866,0,24
29867,1,9
29868,2,16
29869,0,19
29870,1,12
29871,2,17
29872,0,18
29873,1,12
29874,2,20
29875,0,23
29876,1,21
29877,2,9
29878,0,20
29879,1,16
29880,2,18
29881,0,22
29882,1,21
29883,2,23
29884,0,12
29885,1,27
29886,2,14
29887,0,17
29888,1,9
29889,2,7
29890,0,26
29891,1,22
29892,2,16
29893,0,15
29894,1,15
29895,2,20
29896,0,22
29897,1,19
29898,2,35
29899,0,17
29900,1,21
29901,2,5
29902,0,15
29903,1,8
29904,2,16
29905,0,15
29906,1,23
29907,2,21
29908,0,18
29909,1,22
29910,2,33
29911,0,16
29912,1,26
29913,2,23
29914,0,13
29915,1,16
29916,2,10
29917,0,13
29918,1,16
29919,2,12
29920,0,16
29921,1,12
29922,2,18
29923,0,29
29924,1,25
29925,2,12
29926,0,27
29927,1,23
29928,2,24
29929,0,29
29930,1,26
29931,2,15
29932,0,21
29933,1,19
29934,2,13
29935,0,17
29936,1,15
29937,2,18
29938,0,16
29939,1,27
29940,2,12
29941,0,23
29942,1,15
29943,2,28
29944,0,29
29945,1,26
29946,2,23
29947,0,13
29948,1,7
29949,2,17
29950,0,31
29951,1,30
29952,2,18
29953,0,29
29954,1,31
29955,2,19
29956,0,26
29957,1,22
29958,2,10
29959,0,17
29960,1,24
29961,2,20
29962,0,10
29963,1,13
29964,2,15
29965,0,18
29966,1,13
29967,2,26
29968,0,8
29969,1,18
29970,2,18
29971,0,8
29972,1,13
29973,2,12
29974,0,25
29975,1,5
29976,2,17
29977,0,6
29978,1,17
29979,2,10
29980,0,10
29981,1,12
29982,2,15
29983,0,25
29984,1,15
29985,2,15
29986,0,16
29987,1,18
29988,2,6
29989,0,15
29990,1,18
29991,2,17
29992,0,15
29993,1,26
29994,2,30
29995,0,25
29996,1,15
29997,2,18
29998,0,14
29999,1,24
30000,2,34
30001,0,22
30002,1,18
30003,2,14
30004,0,21
30005,1,15
30006,2,12
30007,0,13
30008,1,29
30009,2,10
30010,0,23
30011,1,23
30012,2,7
30013,0,26
30014,1,22
30015,2,21
30016,0,21
30017,1,21
30018,2,18
30019,0,26
30020,1,6
30021,2,14
30022,0,17
30023,1,15
30024,2,23
30025,0,33
30026,1,9
30027,2,14
30028,0,22
30029,1,9
30030,2,19
30031,0,14
30032,1,22
30033,2,28
30034,0,15
30035,1,20
30036,2,22
30037,0,27
30038,1,9
30039,2,13
30040,0,21
30041,1,28
30042,2,19
30043,0,17
30044,1,15
30045,2,17
30046,0,27
30047,1,13
30048,2,8
30049,0,37
30050,1,12
30051,2,30
30052,0,11
30053,1,15
30054,2,12
30055,0,18
30056,1,19
30057,2,13
30058,0,31
30059,1,18
30060,2,8
30061,0,13
30062,1,12
30063,2,14
30064,0,24
30065,1,15
30066,2,12
30067,0,28
30068,1,29
30069,2,16
30070,0,18
30071,1,27
30072,2,23
30073,0,14
30074,1,11
30075,2,20
30076,0,22
30077,1,7
30078,2,23
30079,0,10
30080,1,19
30081,2,16
30082,0,19
30083,1,19
30084,2,16
30085,0,32
30086,1,25
30087,2,30
30088,0,12
30089,1,11
30090,2,10
30091,0,30
30092,1,13
30093,2,18
30094,0,17
30095,1,10
30096,2,9
30097,0,28
30098,1,20
30099,2,23
30100,0,18
30101,1,12
30102,2,14
30103,0,24
30104,1,10
30105,2,14
30106,0,16
30107,1,11
30108,2,20
30109,0,16
30110,1,27
30111,2,9
30112,0,29
30113,1,24
30114,2,15
30115,0,28
30116,1,5
30117,2,22
30118,0,27
30119,1,6
30120,2,17
30121,0,22
30122,1,16
30123,2,16
30124,0,23
30125,1,18
30126,2,15
30127,0,24
30128,1,28
30129,2,15
30130,0,12
30131,1,18
30132,2,35
30133,0,18
30134,1,16
30135,2,13
30136,0,18
30137,1,17
30138,2,20
30139,0,21
30140,1,16
30141,2,18
30142,0,22
30143,1,9
30144,2,16
30145,0,21
30146,1,7
30147,2,29
30148,0,24
30149,1,12
30150,2,38
30151,0,14
30152,1,23
30153,2,19
30154,0,28
30155,1,20
30156,2,20
30157,0,14
30158,1,22
30159,2,7
30160,0,16
30161,1,25
30162,2,9
30163,0,11
30164,1,12
30165,2,14
30166,0,9
30167,1,8
30168,2,11
30169,0,28
30170,1,21
30171,2,19
30172,0,15
30173,1,15
30174,2,16
30175,0,17
30176,1,17
30177,2,23
30178,0,17
30179,1,18
30180,2,11
30181,0,13
30182,1,16
30183,2,19
30184,0,19
30185,1,10
30186,2,14
30187,0,14
30188,1,23
30189,2,26
30190,0,18
30191,1,24
30192,2,19
30193,0,25
30194,1,10
30195,2,23
30196,0,20
30197,1,8
30198,2,16
30199,0,20
30200,1,30
30201,2,14
30202,0,22
30203,1,16
30204,2,23
30205,0,23
30206,1,35
30207,2,39
30208,0,21
30209,1,14
30210,2,14
30211,0,18
30212,1,7
30213,2,27
30214,0,12
30215,1,8
30216,2,24
30217,0,25
30218,1,17
30219,2,8
30220,0,25
30221,1,14
30222,2,14
30223,0,31
30224,1,23
30225,2,20
30226,0,22
30227,1,13
30228,2,15
30229,0,11
30230,1,19
30231,2,21
30232,0,13
30233,1,14
30234,2,20
30235,0,15
30236,1,12
30237,2,25
30238,0,28
30239,1,21
30240,2,17
30241,0,12
30242,1,13
30243,2,12
30244,0,17
30245,1,13
30246,2,15
30247,0,23
30248,1,7
30249,2,21
30250,0,26
30251,1,13
30252,2,22
30253,0,13
30254,1,9
30255,2,24
30256,0,32
30257,1,14
30258,2,20
30259,0,22
30260,1,14
30261,2,7
30262,0,25
30263,1,11
30264,2,19
30265,0,19
30266,1,22
30267,2,27
30268,0,10
30269,1,7
30270,2,4
30271,0,18
30272,1,11
30273,2,18
30274,0,20
30275,1,15
30276,2,22
30277,0,17
30278,1,20
30279,2,20
30280,0,20
30281,1,14
30282,2,13
30283,0,28
30284,1,14
30285,2,17
30286,0,27
30287,1,12
30288,2,20
30289,0,18
30290,1,19
30291,2,24
30292,0,11
30293,1,13
30294,2,22
30295,0,30
30296,1,22
30297,2,27
30298,0,19
30299,1,13
30300,2,11
30301,0,8
30302,1,12
30303,2,37
30304,0,31
30305,1,18
30306,2,29
30307,0,17
30308,1,23
30309,2,8
30310,0,22
30311,1,27
30312,2,24
30313,0,20
30314,1,24
30315,2,13
30316,0,10
30317,1,7
30318,2,15
30319,0,21
30320,1,18
30321,2,27
30322,0,15
30323,1,9
30324,2,14
30325,0,16
30326,1,23
30327,2,12
30328,0,17
30329,1,33
30330,2,23
30331,0,19
30332,1,16
30333,2,16
30334,0,14
30335,1,17
30336,2,20
30337,0,7
30338,1,7
30339,2,11
30340,0,7
30341,1,11
30342,2,20
30343,0,24
30344,1,7
30345,2,15
30346,0,16
30347,1,18
30348,2,11
30349,0,39
30350,1,22
30351,2,24
30352,0,33
30353,1,16
30354,2,16
30355,0,32
30356,1,12
30357,2,25
30358,0,13
30359,1,15
30360,2,23
30361,0,14
30362,1,23
30363,2,18
30364,0,20
30365,1,20
30366,2,17
30367,0,18
30368,1,9
30369,2,21
30370,0,24
30371,1,18
30372,2,26
30373,0,11
30374,1,14
30375,2,19
30376,0,24
30377,1,12
30378,2,15
30379,0,24
30380,1,12
30381,2,21
30382,0,20
30383,1,19
30384,2,22
30385,0,22
30386,1,29
30387,2,12
30388,0,20
30389,1,19
30390,2,17
30391,0,19
30392,1,20
30393,2,8
30394,0,24
30395,1,9
30396,2,14
30397,0,14
30398,1,13
30399,2,15
30400,0,26
30401,1,17
30402,2,28
30403,0,17
30404,1,18
30405,2,26
30406,0,14
30407,1,18
30408,2,19
30409,0,14
30410,1,8
30411,2,13
30412,0,11
30413,1,18
30414,2,16
30415,0,16
30416,1,6
30417,2,19
30418,0,16
30419,1,21
30420,2,5
30421,0,34
30422,1,11
30423,2,23
30424,0,18
30425,1,33
30426,2,11
30427,0,32
30428,1,11
30429,2,14
30430,0,26
30431,1,7
30432,2,14
30433,0,12
30434,1,22
30435,2,21
30436,0,11
30437,1,15
30438,2,20
30439,0,10
30440,1,5
30441,2,20
30442,0,16
30443,1,7
30444,2,18
30445,0,15
30446,1,22
30447,2,19
30448,0,16
30449,1,13
30450,2,23
30451,0,17
30452,1,25
30453,2,15
30454,0,22
30455,1,20
30456,2,21
30457,0,12
30458,1,28
30459,2,12
30460,0,19
30461,1,13
30462,2,17
30463,0,22
30464,1,22
30465,2,20
30466,0,8
30467,1,17
30468,2,17
30469,0,12
30470,1,14
30471,2,13
30472,0,20
30473,1,11
30474,2,16
30475,0,17
30476,1,30
30477,2,26
30478,0,16
30479,1,16
30480,2,21
30481,0,12
30482,1,6
30483,2,14
30484,0,32
30485,1,9
30486,2,17
30487,0,15
30488,1,6
30489,2,14
30490,0,22
30491,1,25
30492,2,20
30493,0,15
30494,1,17
30495,2,20
30496,0,22
30497,1,15
30498,2,24
30499,0,16
30500,1,19
30501,2,27
30502,0,13
30503,1,13
30504,2,15
30505,0,18
30506,1,32
30507,2,21
30508,0,18
30509,1,9
30510,2,18
30511,0,22
30512,1,9
30513,2,4
30514,0,12
30515,1,8
30516,2,10
30517,0,23
30518,1,19
30519,2,32
30520,0,19
30521,1,17
30522,2,27
30523,0,26
30524,1,15
30525,2,19
30526,0,16
30527,1,16
30528,2,21
30529,0,31
30530,1,10
30531,2,33
30532,0,13
30533,1,22
30534,2,19
30535,0,17
30536,1,7
30537,2,14
30538,0,18
30539,1,15
30540,2,12
30541,0,18
30542,1,10
30543,2,23
30544,0,35
30545,1,10
30546,2,19
30547,0,16
30548,1,9
30549,2,24
30550,0,29
30551,1,16
30552,2,20
30553,0,21
30554,1,6
30555,2,18
30556,0,22
30557,1,26
30558,2,12
30559,0,17
30560,1,18
30561,2,10
30562,0,21
30563,1,14
30564,2,17
30565,0,21
30566,1,19
30567,2,13
30568,0,15
30569,1,9
30570,2,23
30571,0,19
30572,1,16
30573,2,14
30574,0,16
30575,1,13
30576,2,17
30577,0,17
30578,1,10
30579,2,33
30580,0,23
30581,1,13
30582,2,15
30583,0,23
30584,1,7
30585,2,24
30586,0,11
30587,1,22
30588,2,11
30589,0,20
30590,1,27
30591,2,25
30592,0,21
30593,1,7
30594,2,5
30595,0,17
30596,1,14
30597,2,10
30598,0,24
30599,1,38
30600,2,15
30601,0,20
30602,1,33
30603,2,16
30604,0,18
30605,1,7
30606,2,11
30607,0,18
30608,1,25
30609,2,13
30610,0,15
30611,1,27
30612,2,25
30613,0,21
30614,1,12
30615,2,12
30616,0,19
30617,1,15
30618,2,21
30619,0,21
30620,1,11
30621,2,18
30622,0,21
30623,1,20
30624,2,20
30625,0,19
30626,1,20
30627,2,9
30628,0,13
30629,1,18
30630,2,21
30631,0,20
30632,1,15
30633,2,23
30634,0,19
30635,1,25
30636,2,18
30637,0,18
30638,1,8
30639,2,21
30640,0,18
30641,1,9
30642,2,17
30643,0,16
30644,1,9
30645,2,7
30646,0,17
30647,1,23
30648,2,14
30649,0,9
30650,1,13
30651,2,10
30652,0,16
30653,1,14
30654,2,17
30655,0,26
30656,1,17
30657,2,15
30658,0,21
30659,1,28
30660,2,14
30661,0,14
30662,1,27
30663,2,12
30664,0,18
30665,1,11
30666,2,16
30667,0,21
30668,1,15
30669,2,8
30670,0,31
30671,1,20
30672,2,22
30673,0,11
30674,1,21
30675,2,13
30676,0,11
30677,1,13
30678,2,19
30679,0,18
30680,1,13
30681,2,9
30682,0,19
30683,1,17
30684,2,12
30685,0,13
30686,1,18
30687,2,15
30688,0,8
30689,1,21
30690,2,25
30691,0,18
30692,1,10
30693,2,19
30694,0,19
30695,1,21
30696,2,27
30697,0,16
30698,1,13
30699,2,22
30700,0,15
30701,1,12
30702,2,12
30703,0,26
30704,1,29
30705,2,21
30706,0,23
30707,1,13
30708,2,11
30709,0,15
30710,1,17
30711,2,38
30712,0,20
30713,1,23
30714,2,11
30715,0,18
30716,1,17
30717,2,22
30718,0,18
30719,1,15
30720,2,10
30721,0,20
30722,1,26
30723,2,33
30724,0,15
30725,1,12
30726,2,3
30727,0,21
30728,1,17
30729,2,30
30730,0,27
30731,1,18
30732,2,16
30733,0,23
30734,1,15
30735,2,22
30736,0,13
30737,1,14
30738,2,23
30739,0,11
30740,1,30
30741,2,15
30742,0,29
30743,1,10
30744,2,17
30745,0,20
30746,1,14
30747,2,13
30748,0,13
30749,1,17
30750,2,16
30751,0,22
30752,1,23
30753,2,20
30754,0,16
30755,1,17
30756,2,12
30757,0,17
30758,1,18
30759,2,10
30760,0,22
30761,1,20
30762,2,25
30763,0,22
30764,1,19
30765,2,36
30766,0,20
30767,1,11
30768,2,14
30769,0,13
30770,1,11
30771,2,31
30772,0,22
30773,1,20
30774,2,14
30775,0,15
30776,1,15
30777,2,20
30778,0,16
30779,1,16
30780,2,30
30781,0,32
30782,1,9
30783,2,20
30784,0,16
30785,1,19
30786,2,25
30787,0,23
30788,1,15
30789,2,19
30790,0,25
30791,1,11
30792,2,10
30793,0,18
30794,1,22
30795,2,17
30796,0,26
30797,1,8
30798,2,17
30799,0,12
30800,1,24
30801,2,21
30802,0,17
30803,1,16
30804,2,21
30805,0,13
30806,1,24
30807,2,16
30808,0,13
30809,1,18
30810,2,15
30811,0,10
30812,1,11
30813,2,21
30814,0,30
30815,1,13
30816,2,22
30817,0,15
30818,1,27
30819,2,22
30820,0,22
30821,1,27
30822,2,16
30823,0,20
30824,1,32
30825,2,17
30826,0,21
30827,1,24
30828,2,13
30829,0,12
30830,1,17
30831,2,13
30832,0,21
30833,1,19
30834,2,21
30835,0,13
30836,1,15
30837,2,13
30838,0,8
30839,1,8
30840,2,18
30841,0,22
30842,1,12
30843,2,26
30844,0,16
30845,1,15
30846,2,17
30847,0,10
30848,1,30
30849,2,25
30850,0,17
30851,1,10
30852,2,23
30853,0,13
30854,1,16
30855,2,13
30856,0,20
30857,1,3
30858,2,8
30859,0,25
30860,1,16
30861,2,17
30862,0,12
30863,1,8
30864,2,27
30865,0,27
30866,1,12
30867,2,15
30868,0,20
30869,1,36
30870,2,17
30871,0,32
30872,1,32
30873,2,25
30874,0,18
30875,1,15
30876,2,12
30877,0,19
30878,1,7
30879,2,20
30880,0,27
30881,1,15
30882,2,17
30883,0,13
30884,1,31
30885,2,19
30886,0,22
30887,1,6
30888,2,12
30889,0,20
30890,1,17
30891,2,23
30892,0,17
30893,1,9
30894,2,23
30895,0,9
30896,1,8
30897,2,20
30898,0,16
30899,1,17
30900,2,19
30901,0,20
30902,1,25
30903,2,13
30904,0,31
30905,1,9
30906,2,9
30907,0,18
30908,1,14
30909,2,31
30910,0,14
30911,1,18
30912,2,12
30913,0,7
30914,1,8
30915,2,15
30916,0,16
30917,1,21
30918,2,22
30919,0,17
30920,1,19
30921,2,31
30922,0,18
30923,1,25
30924,2,7
30925,0,11
30926,1,13
30927,2,15
30928,0,26
30929,1,24
30930,2,17
30931,0,18
30932,1,35
30933,2,12
30934,0,25
30935,1,7
30936,2,22
30937,0,9
30938,1,22
30939,2,22
30940,0,18
30941,1,19
30942,2,16
30943,0,21
30944,1,5
30945,2,38
30946,0,26
30947,1,8
30948,2,11
30949,0,15
30950,1,6
30951,2,24
30952,0,20
30953,1,29
30954,2,8
30955,0,17
30956,1,7
30957,2,7
30958,0,12
30959,1,11
30960,2,14
30961,0,31
30962,1,43
30963,2,14
30964,0,16
30965,1,11
30966,2,28
30967,0,22
30968,1,24
30969,2,15
30970,0,14
30971,1,15
30972,2,23
30973,0,19
30974,1,7
30975,2,22
30976,0,22
30977,1,30
30978,2,7
30979,0,13
30980,1,31
30981,2,15
30982,0,19
30983,1,13
30984,2,12
30985,0,14
30986,1,15
30987,2,28
30988,0,17
30989,1,13
30990,2,16
30991,0,14
30992,1,14
30993,2,8
30994,0,24
30995,1,16
30996,2,19
30997,0,29
30998,1,7
30999,2,36
31000,0,20
31001,1,19
31002,2,17
31003,0,32
31004,1,22
31005,2,23
31006,0,28
31007,1,13
31008,2,36
31009,0,12
31010,1,6
31011,2,10
31012,0,22
31013,1,21
31014,2,16
31015,0,25
31016,1,6
31017,2,12
31018,0,20
31019,1,18
31020,2,20
31021,0,12
31022,1,17
31023,2,16
31024,0,11
31025,1,13
31026,2,22
31027,0,26
31028,1,13
31029,2,18
31030,0,21
31031,1,16
31032,2,16
31033,0,19
31034,1,11
31035,2,17
31036,0,25
31037,1,10
31038,2,15
31039,0,14
31040,1,19
31041,2,17
31042,0,15
31043,1,23
31044,2,21
31045,0,22
31046,1,26
31047,2,15
31048,0,21
31049,1,38
31050,2,26
31051,0,15
31052,1,10
31053,2,17
31054,0,17
31055,1,10
31056,2,12
31057,0,20
31058,1,15
31059,2,12
31060,0,30
31061,1,19
31062,2,15
31063,0,30
31064,1,20
31065,2,19
31066,0,11
31067,1,10
31068,2,21
31069,0,20
31070,1,25
31071,2,9
31072,0,19
31073,1,9
31074,2,19
31075,0,17
31076,1,21
31077,2,11
31078,0,19
31079,1,33
31080,2,12
31081,0,22
31082,1,26
31083,2,18
31084,0,20
31085,1,12
31086,2,12
31087,0,15
31088,1,10
31089,2,23
31090,0,27
31091,1,4
31092,2,12
31093,0,29
31094,1,33
31095,2,21
31096,0,21
31097,1,15
31098,2,17
31099,0,17
31100,1,16
31101,2,10
31102,0,14
31103,1,12
31104,2,16
31105,0,15
31106,1,9
31107,2,23
31108,0,10
31109,1,17
31110,2,12
31111,0,20
31112,1,7
31113,2,9
31114,0,25
31115,1,38
31116,2,23
31117,0,15
31118,1,9
31119,2,38
31120,0,16
31121,1,16
31122,2,13
31123,0,12
31124,1,26
31125,2,15
31126,0,17
31127,1,24
31128,2,9
31129,0,24
31130,1,19
31131,2,19
31132,0,25
31133,1,16
31134,2,19
31135,0,11
31136,1,26
31137,2,12
31138,0,23
31139,1,26
31140,2,15
31141,0,14
31142,1,12
31143,2,31
31144,0,25
31145,1,15
31146,2,21
31147,0,16
31148,1,17
31149,2,11
31150,0,14
31151,1,11
31152,2,13
31153,0,13
31154,1,13
31155,2,17
31156,0,23
31157,1,28
31158,2,16
31159,0,16
31160,1,11
31161,2,8
31162,0,27
31163,1,6
31164,2,12
31165,0,17
31166,1,17
31167,2,21
31168,0,17
31169,1,14
31170,2,5
31171,0,8
31172,1,17
31173,2,15
31174,0,35
31175,1,17
31176,2,15
31177,0,22
31178,1,19
31179,2,18
31180,0,22
31181,1,12
31182,2,21
31183,0,22
31184,1,32
31185,2,15
31186,0,23
31187,1,13
31188,2,17
31189,0,18
31190,1,17
31191,2,25
31192,0,20
31193,1,15
31194,2,27
31195,0,15
31196,1,7
31197,2,16
31198,0,17
31199,1,15
31200,2,36
31201,0,22
31202,1,23
31203,2,39
31204,0,22
31205,1,30
31206,2,26
31207,0,17
31208,1,18
31209,2,16
31210,0,31
31211,1,13
31212,2,26
31213,0,14
31214,1,28
31215,2,14
31216,0,20
31217,1,14
31218,2,15
31219,0,17
31220,1,17
31221,2,11
31222,0,23
31223,1,23
31224,2,19
31225,0,16
31226,1,13
31227,2,35
31228,0,16
31229,1,11
31230,2,30
31231,0,18
31232,1,23
31233,2,15
31234,0,25
31235,1,13
31236,2,9
31237,0,12
31238,1,12
31239,2,17
31240,0,22
31241,1,8
31242,2,13
31243,0,20
31244,1,10
31245,2,14
31246,0,14
31247,1,11
31248,2,7
31249,0,23
31250,1,9
31251,2,12
31252,0,17
31253,1,15
31254,2,7
31255,0,15
31256,1,23
31257,2,10
31258,0,10
31259,1,15
31260,2,17
31261,0,24
31262,1,27
31263,2,15
31264,0,21
31265,1,11
31266,2,7
31267,0,20
31268,1,10
31269,2,11
31270,0,10
31271,1,19
31272,2,19
31273,0,24
31274,1,13
31275,2,18
31276,0,23
31277,1,31
31278,2,21
31279,0,29
31280,1,12
31281,2,20
31282,0,13
31283,1,20
31284,2,26
31285,0,14
31286,1,7
31287,2,5
31288,0,19
31289,1,26
31290,2,20
31291,0,12
31292,1,10
31293,2,15
31294,0,13
31295,1,12
31296,2,17
31297,0,20
31298,1,10
31299,2,23
31300,0,14
31301,1,12
31302,2,16
31303,0,15
31304,1,16
31305,2,13
31306,0,4
31307,1,18
31308,2,8
31309,0,14
31310,1,21
31311,2,13
31312,0,15
31313,1,31
31314,2,33
31315,0,25
31316,1,10
31317,2,20
31318,0,37
31319,1,18
31320,2,20
31321,0,7
31322,1,17
31323,2,11
31324,0,30
31325,1,20
31326,2,20
31327,0,15
31328,1,15
31329,2,7
31330,0,23
31331,1,12
31332,2,14
31333,0,23
31334,1,28
31335,2,28
31336,0,24
31337,1,24
31338,2,33
31339,0,6
31340,1,14
31341,2,14
31342,0,26
31343,1,34
31344,2,12
31345,0,11
31346,1,17
31347,2,22
31348,0,30
31349,1,19
31350,2,14
31351,0,10
31352,1,12
31353,2,14
31354,0,32
31355,1,13
31356,2,22
31357,0,20
31358,1,20
31359,2,30
31360,0,11
31361,1,21
31362,2,18
31363,0,20
31364,1,19
31365,2,9
31366,0,29
31367,1,17
31368,2,9
31369,0,18
31370,1,16
31371,2,32
31372,0,20
31373,1,18
31374,2,11
31375,0,18
31376,1,15
31377,2,21
31378,0,11
31379,1,12
31380,2,13
31381,0,17
31382,1,19
31383,2,14
31384,0,28
31385,1,13
31386,2,14
31387,0,17
31388,1,24
31389,2,25
31390,0,27
31391,1,10
31392,2,19
31393,0,20
31394,1,22
31395,2,12
31396,0,16
31397,1,19
31398,2,12
31399,0,17
31400,1,10
31401,2,23
31402,0,12
31403,1,17
31404,2,21
31405,0,19
31406,1,22
31407,2,27
31408,0,7
31409,1,24
31410,2,11
31411,0,11
31412,1,16
31413,2,16
31414,0,23
31415,1,22
31416,2,4
31417,0,10
31418,1,14
31419,2,20
31420,0,28
31421,1,9
31422,2,21
31423,0,19
31424,1,32
31425,2,16
31426,0,42
31427,1,18
31428,2,17
31429,0,19
31430,1,22
31431,2,17
31432,0,17
31433,1,20
31434,2,7
31435,0,26
31436,1,24
31437,2,22
31438,0,26
31439,1,13
31440,2,4
31441,0,22
31442,1,27
31443,2,16
31444,0,14
31445,1,18
31446,2,18
31447,0,18
31448,1,23
31449,2,7
31450,0,41
31451,1,20
31452,2,19
31453,0,17
31454,1,8
31455,2,32
31456,0,22
31457,1,8
31458,2,17
31459,0,17
31460,1,29
31461,2,7
31462,0,22
31463,1,27
31464,2,9
31465,0,21
31466,1,15
31467,2,12
31468,0,16
31469,1,16
31470,2,10
31471,0,19
31472,1,13
31473,2,22
31474,0,16
31475,1,22
31476,2,16
31477,0,26
31478,1,17
31479,2,29
31480,0,30
31481,1,22
31482,2,11
31483,0,17
31484,1,13
31485,2,17
31486,0,23
31487,1,23
31488,2,21
31489,0,25
31490,1,21
31491,2,17
31492,0,7
31493,1,29
31494,2,15
31495,0,16
31496,1,11
31497,2,14
31498,0,19
31499,1,13
31500,2,27
31501,0,11
31502,1,24
31503,2,17
31504,0,16
31505,1,25
31506,2,20
31507,0,15
31508,1,23
31509,2,11
31510,0,12
31511,1,18
31512,2,7
31513,0,5
31514,1,22
31515,2,28
31516,0,29
31517,1,17
31518,2,9
31519,0,28
31520,1,22
31521,2,20
31522,0,16
31523,1,23
31524,2,11
31525,0,20
31526,1,11
31527,2,22
31528,0,28
31529,1,15
31530,2,21
31531,0,21
31532,1,22
31533,2,14
31534,0,32
31535,1,23
31536,2,34
31537,0,20
31538,1,8
31539,2,24
31540,0,34
31541,1,20
31542,2,17
31543,0,16
31544,1,15
31545,2,11
31546,0,20
31547,1,17
31548,2,38
31549,0,15
31550,1,15
31551,2,26
31552,0,11
31553,1,15
31554,2,19
31555,0,19
31556,1,19
31557,2,6
31558,0,25
31559,1,24
31560,2,11
31561,0,20
31562,1,26
31563,2,19
31564,0,21
31565,1,17
31566,2,16
31567,0,21
31568,1,13
31569,2,14
31570,0,18
31571,1,14
31572,2,17
31573,0,8
31574,1,7
31575,2,21
31576,0,7
31577,1,4
31578,2,9
31579,0,20
31580,1,13
31581,2,24
31582,0,29
31583,1,12
31584,2,21
31585,0,25
31586,1,21
31587,2,9
31588,0,18
31589,1,7
31590,2,20
31591,0,21
31592,1,28
31593,2,18
31594,0,18
31595,1,10
31596,2,29
31597,0,14
31598,1,6
31599,2,16
31600,0,21
31601,1,25
31602,2,21
31603,0,17
31604,1,14
31605,2,13
31606,0,25
31607,1,16
31608,2,26
31609,0,16
31610,1,26
31611,2,18
31612,0,23
31613,1,25
31614,2,12
31615,0,21
31616,1,15
31617,2,16
31618,0,18
31619,1,25
31620,2,22
31621,0,20
31622,1,27
31623,2,21
31624,0,5
31625,1,19
31626,2,8
31627,0,21
31628,1,17
31629,2,15
31630,0,18
31631,1,21
31632,2,23
31633,0,28
31634,1,32
31635,2,20
31636,0,20
31637,1,33
31638,2,16
31639,0,21
31640,1,21
31641,2,19
31642,0,14
31643,1,31
31644,2,22
31645,0,8
31646,1,17
31647,2,18
31648,0,24
31649,1,12
31650,2,22
31651,0,19
31652,1,23
31653,2,18
31654,0,17
31655,1,12
31656,2,27
31657,0,12
31658,1,28
31659,2,14
31660,0,18
31661,1,32
31662,2,24
31663,0,23
31664,1,15
31665,2,11
31666,0,25
31667,1,16
31668,2,17
31669,0,25
31670,1,22
31671,2,24
31672,0,15
31673,1,14
31674,2,19
31675,0,15
31676,1,28
31677,2,20
31678,0,18
31679,1,18
31680,2,16
31681,0,28
31682,1,19
31683,2,14
31684,0,17
31685,1,10
31686,2,25
31687,0,21
31688,1,23
31689,2,13
31690,0,10
31691,1,24
31692,2,24
31693,0,34
31694,1,15
31695,2,34
31696,0,12
31697,1,27
31698,2,10
31699,0,22
31700,1,14
31701,2,14
31702,0,20
31703,1,20
31704,2,12
31705,0,33
31706,1,10
31707,2,11
31708,0,17
31709,1,20
31710,2,19
31711,0,24
31712,1,5
31713,2,18
31714,0,27
31715,1,24
31716,2,8
31717,0,18
31718,1,12
31719,2,10
31720,0,33
31721,1,16
31722,2,18
31723,0,23
31724,1,17
31725,2,8
31726,0,24
31727,1,3
31728,2,29
31729,0,18
31730,1,36
31731,2,18
31732,0,12
31733,1,10
31734,2,7
31735,0,12
31736,1,14
31737,2,27
31738,0,13
31739,1,20
31740,2,14
31741,0,35
31742,1,26
31743,2,21
31744,0,15
31745,1,16
31746,2,10
31747,0,22
31748,1,14
31749,2,28
31750,0,21
31751,1,17
31752,2,29
31753,0,24
31754,1,23
31755,2,5
31756,0,38
31757,1,14
31758,2,21
31759,0,19
31760,1,16
31761,2,15
31762,0,20
31763,1,17
31764,2,18
31765,0,9
31766,1,19
31767,2,20
31768,0,17
31769,1,20
31770,2,14
31771,0,17
31772,1,8
31773,2,12
31774,0,20
31775,1,11
31776,2,18
31777,0,12
31778,1,17
31779,2,20
31780,0,9
31781,1,19
31782,2,17
31783,0,24
31784,1,19
31785,2,15
31786,0,25
31787,1,21
31788,2,23
31789,0,25
31790,1,23
31791,2,12
31792,0,15
31793,1,30
31794,2,11
31795,0,16
31796,1,16
31797,2,22
31798,0,13
31799,1,17
31800,2,23
31801,0,14
31802,1,11
31803,2,6
31804,0,14
31805,1,43
31806,2,19
31807,0,11
31808,1,15
31809,2,13
31810,0,23
31811,1,13
31812,2,25
31813,0,24
31814,1,16
31815,2,23
31816,0,17
31817,1,16
31818,2,22
31819,0,10
31820,1,22
31821,2,29
31822,0,15
31823,1,23
31824,2,22
31825,0,16
31826,1,19
31827,2,14
31828,0,22
31829,1,35
31830,2,16
31831,0,21
31832,1,17
31833,2,22
31834,0,14
31835,1,23
31836,2,25
31837,0,29
31838,1,25
31839,2,21
31840,0,14
31841,1,13
31842,2,14
31843,0,13
31844,1,42
31845,2,17
31846,0,17
31847,1,16
31848,2,28
31849,0,34
31850,1,18
31851,2,10
31852,0,24
31853,1,20
31854,2,19
31855,0,13
31856,1,11
31857,2,26
31858,0,19
31859,1,12
31860,2,33
31861,0,15
31862,1,16
31863,2,18
31864,0,17
31865,1,22
31866,2,24
31867,0,18
31868,1,32
31869,2,14
31870,0,14
31871,1,24
31872,2,20
31873,0,14
31874,1,10
31875,2,11
31876,0,23
31877,1,21
31878,2,24
31879,0,23
31880,1,29
31881,2,15
31882,0,15
31883,1,13
31884,2,23
31885,0,18
31886,1,21
31887,2,41
31888,0,10
31889,1,21
31890,2,28
31891,0,19
31892,1,17
31893,2,16
31894,0,13
31895,1,21
31896,2,8
31897,0,27
31898,1,19
31899,2,16
31900,0,14
31901,1,4
31902,2,13
31903,0,28
31904,1,17
31905,2,20
31906,0,21
31907,1,20
31908,2,7
31909,0,13
31910,1,20
31911,2,35
31912,0,30
31913,1,22
31914,2,9
31915,0,24
31916,1,12
31917,2,18
31918,0,14
31919,1,25
31920,2,18
31921,0,7
31922,1,15
31923,2,13
31924,0,12
31925,1,25
31926,2,8
31927,0,14
31928,1,10
31929,2,13
31930,0,13
31931,1,7
31932,2,21
31933,0,25
31934,1,13
31935,2,20
31936,0,23
31937,1,13
31938,2,8
31939,0,28
31940,1,11
31941,2,19
31942,0,19
31943,1,16
31944,2,34
31945,0,19
31946,1,22
31947,2,20
31948,0,19
31949,1,20
31950,2,8
31951,0,11
31952,1,14
31953,2,22
31954,0,31
31955,1,28
31956,2,21
31957,0,17
31958,1,19
31959,2,8
31960,0,22
31961,1,13
31962,2,22
31963,0,17
31964,1,27
31965,2,19
31966,0,17
31967,1,14
31968,2,19
31969,0,11
31970,1,31
31971,2,21
31972,0,20
31973,1,25
31974,2,16
31975,0,21
31976,1,18
31977,2,11
31978,0,14
31979,1,22
31980,2,21
31981,0,25
31982,1,18
31983,2,19
31984,0,14
31985,1,12
31986,2,10
31987,0,30
31988,1,28
31989,2,23
31990,0,7
31991,1,25
31992,2,14
31993,0,9
31994,1,30
31995,2,13
31996,0,19
31997,1,27
31998,2,20
31999,0,22
32000,1,10
32001,2,21
32002,0,15
32003,1,29
32004,2,20
32005,0,34
32006,1,12
32007,2,9
32008,0,27
32009,1,17
32010,2,13
32011,0,22
32012,1,21
32013,2,27
32014,0,10
32015,1,35
32016,2,21
32017,0,22
32018,1,15
32019,2,21
32020,0,15
32021,1,11
32022,2,6
32023,0,17
32024,1,8
32025,2,13
32026,0,25
32027,1,20
32028,2,11
32029,0,28
32030,1,15
32031,2,27
32032,0,25
32033,1,25
32034,2,12
32035,0,17
32036,1,19
32037,2,15
32038,0,12
32039,1,13
32040,2,17
32041,0,10
32042,1,9
32043,2,14
32044,0,20
32045,1,17
32046,2,11
32047,0,9
32048,1,11
32049,2,35
32050,0,19
32051,1,18
32052,2,11
32053,0,24
32054,1,5
32055,2,13
32056,0,20
32057,1,10
32058,2,22
32059,0,16
32060,1,16
32061,2,12
32062,0,23
32063,1,34
32064,2,18
32065,0,35
32066,1,26
32067,2,12
32068,0,12
32069,1,19
32070,2,9
32071,0,20
32072,1,15
32073,2,11
32074,0,14
32075,1,5
32076,2,11
32077,0,15
32078,1,20
32079,2,15
32080,0,23
32081,1,20
32082,2,13
32083,0,28
32084,1,14
32085,2,23
32086,0,18
32087,1,23
32088,2,24
32089,0,18
32090,1,14
32091,2,19
32092,0,31
32093,1,19
32094,2,30
32095,0,13
32096,1,20
32097,2,23
32098,0,13
32099,1,32
32100,2,25
32101,0,16
32102,1,15
32103,2,16
32104,0,21
32105,1,21
32106,2,12
32107,0,20
32108,1,32
32109,2,19
32110,0,13
32111,1,22
32112,2,14
32113,0,15
32114,1,15
32115,2,19
32116,0,19
32117,1,23
32118,2,12
32119,0,35
32120,1,14
32121,2,34
32122,0,17
32123,1,21
32124,2,17
32125,0,33
32126,1,21
32127,2,21
32128,0,14
32129,1,14
32130,2,14
32131,0,23
32132,1,10
32133,2,15
32134,0,13
32135,1,12
32136,2,21
32137,0,16
32138,1,11
32139,2,32
32140,0,19
32141,1,21
32142,2,14
32143,0,9
32144,1,17
32145,2,38
32146,0,17
32147,1,21
32148,2,16
32149,0,22
32150,1,10
32151,2,10
32152,0,12
32153,1,18
32154,2,18
32155,0,18
32156,1,22
32157,2,25
32158,0,25
32159,1,18
32160,2,8
32161,0,15
32162,1,29
32163,2,11
32164,0,10
32165,1,9
32166,2,14
32167,0,20
32168,1,8
32169,2,17
32170,0,10
32171,1,13
32172,2,17
32173,0,24
32174,1,24
32175,2,27
32176,0,15
32177,1,26
32178,2,22
32179,0,10
32180,1,19
32181,2,19
32182,0,19
32183,1,20
32184,2,24
32185,0,21
32186,1,16
32187,2,9
32188,0,29
32189,1,15
32190,2,16
32191,0,8
32192,1,30
32193,2,21
32194,0,18
32195,1,23
32196,2,40
32197,0,20
32198,1,14
32199,2,26
32200,0,10
32201,1,26
32202,2,20
32203,0,25
32204,1,15
32205,2,17
32206,0,18
32207,1,15
32208,2,14
32209,0,18
32210,1,12
32211,2,20
32212,0,20
32213,1,9
32214,2,22
32215,0,15
32216,1,25
32217,2,18
32218,0,18
32219,1,22
32220,2,21
32221,0,6
32222,1,19
32223,2,35
32224,0,14
32225,1,11
32226,2,16
32227,0,21
32228,1,28
32229,2,26
32230,0,15
32231,1,19
32232,2,10
32233,0,21
32234,1,13
32235,2,23
32236,0,20
32237,1,16
32238,2,18
32239,0,21
32240,1,20
32241,2,15
32242,0,6
32243,1,10
32244,2,7
32245,0,27
32246,1,22
32247,2,13
32248,0,23
32249,1,10
32250,2,23
32251,0,20
32252,1,21
32253,2,21
32254,0,24
32255,1,13
32256,2,18
32257,0,14
32258,1,10
32259,2,8
32260,0,13
32261,1,16
32262,2,14
32263,0,17
32264,1,15
32265,2,21
32266,0,12
32267,1,12
32268,2,13
32269,0,30
32270,1,15
32271,2,19
32272,0,19
32273,1,32
32274,2,29
32275,0,16
32276,1,21
32277,2,14
32278,0,15
32279,1,15
32280,2,17
32281,0,23
32282,1,19
32283,2,27
32284,0,14
32285,1,12
32286,2,11
32287,0,28
32288,1,19
32289,2,20
32290,0,21
32291,1,26
32292,2,15
32293,0,9
32294,1,32
32295,2,15
32296,0,38
32297,1,16
32298,2,25
32299,0,12
32300,1,30
32301,2,24
32302,0,24
32303,1,25
32304,2,15
32305,0,12
32306,1,17
32307,2,19
32308,0,15
32309,1,16
32310,2,8
32311,0,10
32312,1,14
32313,2,27
32314,0,12
32315,1,16
32316,2,22
32317,0,19
32318,1,24
32319,2,6
32320,0,21
32321,1,14
32322,2,32
32323,0,18
32324,1,6
32325,2,28
32326,0,34
32327,1,27
32328,2,26
32329,0,24
32330,1,12
32331,2,22
32332,0,19
32333,1,23
32334,2,18
32335,0,14
32336,1,28
32337,2,14
32338,0,27
32339,1,21
32340,2,21
32341,0,21
32342,1,19
32343,2,10
32344,0,10
32345,1,35
32346,2,26
32347,0,21
32348,1,19
32349,2,18
32350,0,21
32351,1,4
32352,2,13
32353,0,19
32354,1,9
32355,2,18
32356,0,11
32357,1,11
32358,2,17
32359,0,26
32360,1,10
32361,2,9
32362,0,20
32363,1,10
32364,2,18
32365,0,21
32366,1,18
32367,2,10
32368,0,14
32369,1,18
32370,2,23
32371,0,20
32372,1,20
32373,2,13
32374,0,17
32375,1,13
32376,2,32
32377,0,17
32378,1,11
32379,2,23
32380,0,13
32381,1,25
32382,2,14
32383,0,39
32384,1,14
32385,2,16
32386,0,15
32387,1,16
32388,2,18
32389,0,27
32390,1,40
32391,2,14
32392,0,16
32393,1,34
32394,2,24
32395,0,29
32396,1,17
32397,2,17
32398,0,39
32399,1,11
32400,2,21
32401,0,12
32402,1,18
32403,2,10
32404,0,12
32405,1,26
32406,2,22
32407,0,13
32408,1,29
32409,2,12
32410,0,17
32411,1,20
32412,2,16
32413,0,16
32414,1,27
32415,2,22
32416,0,17
32417,1,18
32418,2,23
32419,0,15
32420,1,15
32421,2,6
32422,0,31
32423,1,19
32424,2,13
32425,0,23
32426,1,25
32427,2,18
32428,0,24
32429,1,10
32430,2,22
32431,0,17
32432,1,21
32433,2,13
32434,0,42
32435,1,23
32436,2,33
32437,0,25
32438,1,16
32439,2,13
32440,0,25
32441,1,18
32442,2,15
32443,0,33
32444,1,16
32445,2,14
32446,0,16
32447,1,10
32448,2,16
32449,0,17
32450,1,18
32451,2,10
32452,0,15
32453,1,12
32454,2,15
32455,0,20
32456,1,2
32457,2,11
32458,0,20
32459,1,16
32460,2,7
32461,0,8
32462,1,10
32463,2,7
32464,0,16
32465,1,27
32466,2,24
32467,0,13
32468,1,18
32469,2,13
32470,0,14
32471,1,32
32472,2,15
32473,0,15
32474,1,16
32475,2,21
32476,0,22
32477,1,21
32478,2,23
32479,0,13
32480,1,31
32481,2,24
32482,0,7
32483,1,24
32484,2,16
32485,0,21
32486,1,23
32487,2,13
32488,0,12
32489,1,12
32490,2,11
32491,0,14
32492,1,16
32493,2,12
32494,0,28
32495,1,24
32496,2,14
32497,0,19
32498,1,16
32499,2,9
32500,0,17
32501,1,13
32502,2,22
32503,0,14
32504,1,13
32505,2,22
32506,0,31
32507,1,18
32508,2,17
32509,0,20
32510,1,27
32511,2,29
32512,0,14
32513,1,11
32514,2,9
32515,0,11
32516,1,30
32517,2,27
32518,0,15
32519,1,20
32520,2,19
32521,0,15
32522,1,25
32523,2,25
32524,0,8
32525,1,15
32526,2,16
32527,0,9
32528,1,15
32529,2,22
32530,0,25
32531,1,26
32532,2,12
32533,0,27
32534,1,24
32535,2,20
32536,0,9
32537,1,15
32538,2,19
32539,0,15
32540,1,25
32541,2,8
32542,0,18
32543,1,23
32544,2,29
32545,0,24
32546,1,22
32547,2,20
32548,0,29
32549,1,10
32550,2,14
32551,0,25
32552,1,17
32553,2,15
32554,0,24
32555,1,22
32556,2,11
32557,0,6
32558,1,17
32559,2,17
32560,0,18
32561,1,25
32562,2,8
32563,0,15
32564,1,23
32565,2,15
32566,0,26
32567,1,20
32568,2,17
32569,0,19
32570,1,18
32571,2,18
32572,0,29
32573,1,17
32574,2,13
32575,0,18
32576,1,10
32577,2,30
32578,0,19
32579,1,19
32580,2,22
32581,0,28
32582,1,14
32583,2,11
32584,0,9
32585,1,16
32586,2,27
32587,0,12
32588,1,11
32589,2,8
32590,0,8
32591,1,16
32592,2,14
32593,0,23
32594,1,32
32595,2,17
32596,0,25
32597,1,19
32598,2,23
32599,0,12
32600,1,8
32601,2,17
32602,0,15
32603,1,6
32604,2,23
32605,0,36
32606,1,8
32607,2,25
32608,0,18
32609,1,11
32610,2,13
32611,0,37
32612,1,28
32613,2,21
32614,0,12
32615,1,7
32616,2,15
32617,0,17
32618,1,20
32619,2,16
32620,0,17
32621,1,14
32622,2,10
32623,0,12
32624,1,26
32625,2,12
32626,0,12
32627,1,30
32628,2,8
32629,0,14
32630,1,13
32631,2,21
32632,0,18
32633,1,25
32634,2,10
32635,0,16
32636,1,13
32637,2,18
32638,0,32
32639,1,7
32640,2,14
32641,0,15
32642,1,21
32643,2,22
32644,0,18
32645,1,24
32646,2,10
32647,0,10
32648,1,12
32649,2,5
32650,0,26
32651,1,20
32652,2,28
32653,0,16
32654,1,23
32655,2,18
32656,0,17
32657,1,21
32658,2,25
32659,0,17
32660,1,6
32661,2,15
32662,0,15
32663,1,20
32664,2,14
32665,0,19
32666,1,7
32667,2,19
32668,0,21
32669,1,14
32670,2,20
32671,0,18
32672,1,15
32673,2,24
32674,0,18
32675,1,23
32676,2,28
32677,0,17
32678,1,17
32679,2,11
32680,0,18
32681,1,14
32682,2,15
32683,0,31
32684,1,26
32685,2,15
32686,0,18
32687,1,13
32688,2,21
32689,0,27
32690,1,21
32691,2,15
32692,0,29
32693,1,19
32694,2,14
32695,0,22
32696,1,30
32697,2,9
32698,0,20
32699,1,23
32700,2,9
32701,0,13
32702,1,16
32703,2,15
32704,0,25
32705,1,20
32706,2,12
32707,0,16
32708,1,11
32709,2,16
32710,0,26
32711,1,28
32712,2,20
32713,0,12
32714,1,26
32715,2,14
32716,0,17
32717,1,18
32718,2,15
32719,0,15
32720,1,23
32721,2,7
32722,0,13
32723,1,14
32724,2,14
32725,0,13
32726,1,27
32727,2,21
32728,0,13
32729,1,26
32730,2,23
32731,0,10
32732,1,14
32733,2,3
32734,0,22
32735,1,20
32736,2,5
32737,0,20
32738,1,21
32739,2,27
32740,0,20
32741,1,19
32742,2,17
32743,0,12
32744,1,12
32745,2,19
32746,0,20
32747,1,5
32748,2,13
32749,0,10
32750,1,16
32751,2,9
32752,0,29
32753,1,26
32754,2,10
32755,0,23
32756,1,25
32757,2,26
32758,0,13
32759,1,20
32760,2,22
32761,0,12
32762,1,18
32763,2,8
32764,0,25
32765,1,13
32766,2,23
32767,0,17
32768,1,22
32769,2,19
32770,0,23
32771,1,17
32772,2,17
32773,0,15
32774,1,25
32775,2,18
32776,0,13
32777,1,25
32778,2,16
32779,0,11
32780,1,15
32781,2,18
32782,0,19
32783,1,18
32784,2,17
32785,0,23
32786,1,6
32787,2,21
32788,0,15
32789,1,19
32790,2,8
32791,0,24
32792,1,23
32793,2,15
32794,0,22
32795,1,25
32796,2,13
32797,0,27
32798,1,8
32799,2,23
32800,0,16
32801,1,26
32802,2,13
32803,0,34
32804,1,28
32805,2,18
32806,0,10
32807,1,13
32808,2,11
32809,0,25
32810,1,19
32811,2,23
32812,0,23
32813,1,11
32814,2,27
32815,0,22
32816,1,11
32817,2,19
32818,0,19
32819,1,17
32820,2,9
32821,0,18
32822,1,19
32823,2,13
32824,0,22
32825,1,23
32826,2,12
32827,0,11
32828,1,32
32829,2,14
32830,0,18
32831,1,30
32832,2,17
32833,0,18
32834,1,11
32835,2,11
32836,0,43
32837,1,23
32838,2,24
32839,0,19
32840,1,24
32841,2,21
32842,0,18
32843,1,9
32844,2,19
32845,0,17
32846,1,16
32847,2,20
32848,0,18
32849,1,19
32850,2,21
32851,0,16
32852,1,31
32853,2,14
32854,0,18
32855,1,17
32856,2,21
32857,0,18
32858,1,16
32859,2,27
32860,0,18
32861,1,24
32862,2,10
32863,0,15
32864,1,8
32865,2,16
32866,0,11
32867,1,18
32868,2,10
32869,0,15
32870,1,23
32871,2,22
32872,0,12
32873,1,25
32874,2,14
32875,0,21
32876,1,14
32877,2,10
32878,0,17
32879,1,19
32880,2,14
32881,0,19
32882,1,14
32883,2,21
32884,0,24
32885,1,12
32886,2,21
32887,0,16
32888,1,16
32889,2,15
32890,0,15
32891,1,16
32892,2,21
32893,0,19
32894,1,17
32895,2,9
32896,0,13
32897,1,16
32898,2,15
32899,0,14
32900,1,16
32901,2,8
32902,0,24
32903,1,12
32904,2,28
32905,0,18
32906,1,14
32907,2,27
32908,0,20
32909,1,11
32910,2,11
32911,0,15
32912,1,15
32913,2,20
32914,0,17
32915,1,13
32916,2,18
32917,0,22
32918,1,10
32919,2,5
32920,0,22
32921,1,13
32922,2,11
32923,0,32
32924,1,15
32925,2,16
32926,0,18
32927,1,14
32928,2,11
32929,0,20
32930,1,3
32931,2,14
32932,0,16
32933,1,27
32934,2,17
32935,0,18
32936,1,13
32937,2,21
32938,0,24
32939,1,9
32940,2,27
32941,0,20
32942,1,25
32943,2,16
32944,0,13
32945,1,9
32946,2,19
32947,0,16
32948,1,6
32949,2,24
32950,0,22
32951,1,19
32952,2,27
32953,0,18
32954,1,16
32955,2,17
32956,0,17
32957,1,33
32958,2,16
32959,0,17
32960,1,20
32961,2,11
32962,0,15
32963,1,19
32964,2,13
32965,0,12
32966,1,28
32967,2,17
32968,0,25
32969,1,18
32970,2,18
32971,0,14
32972,1,11
32973,2,16
32974,0,12
32975,1,15
32976,2,11
32977,0,25
32978,1,12
32979,2,16
32980,0,14
32981,1,14
32982,2,15
32983,0,21
32984,1,21
32985,2,12
32986,0,16
32987,1,10
32988,2,6
32989,0,20
32990,1,9
32991,2,15
32992,0,21
32993,1,25
32994,2,24
32995,0,10
32996,1,17
32997,2,15
32998,0,18
32999,1,14
33000,2,13
33001,0,13
33002,1,24
33003,2,12
33004,0,16
33005,1,16
33006,2,13
33007,0,15
33008,1,39
33009,2,11
33010,0,17
33011,1,16
33012,2,25
33013,0,14
33014,1,28
33015,2,13
33016,0,10
33017,1,18
33018,2,19
33019,0,19
33020,1,23
33021,2,15
33022,0,15
33023,1,11
33024,2,18
33025,0,21
33026,1,14
33027,2,26
33028,0,25
33029,1,26
33030,2,5
33031,0,18
33032,1,21
33033,2,25
33034,0,14
33035,1,25
33036,2,16
33037,0,11
33038,1,29
33039,2,31
33040,0,19
33041,1,9
33042,2,13
33043,0,24
33044,1,22
33045,2,28
33046,0,21
33047,1,11
33048,2,21
33049,0,39
33050,1,21
33051,2,26
33052,0,22
33053,1,14
33054,2,11
33055,0,17
33056,1,18
33057,2,9
33058,0,18
33059,1,12
33060,2,27
33061,0,16
33062,1,31
33063,2,16
33064,0,21
33065,1,17
33066,2,17
33067,0,30
33068,1,13
33069,2,20
33070,0,15
33071,1,29
33072,2,28
33073,0,27
33074,1,12
33075,2,11
33076,0,9
33077,1,25
33078,2,19
33079,0,10
33080,1,40
33081,2,19
33082,0,22
33083,1,14
33084,2,12
33085,0,21
33086,1,17
33087,2,18
33088,0,15
33089,1,15
33090,2,19
33091,0,19
33092,1,24
33093,2,12
33094,0,14
33095,1,14
33096,2,16
33097,0,21
33098,1,11
33099,2,16
33100,0,10
33101,1,18
33102,2,23
33103,0,20
33104,1,7
33105,2,18
33106,0,31
33107,1,13
33108,2,22
33109,0,19
33110,1,12
33111,2,9
33112,0,22
33113,1,20
33114,2,16
33115,0,28
33116,1,17
33117,2,23
33118,0,23
33119,1,15
33120,2,18
33121,0,23
33122,1,24
33123,2,27
33124,0,18
33125,1,7
33126,2,8
33127,0,22
33128,1,33
33129,2,36
33130,0,21
33131,1,12
33132,2,9
33133,0,20
33134,1,15
33135,2,22
33136,0,22
33137,1,13
33138,2,30
33139,0,25
33140,1,21
33141,2,9
33142,0,13
33143,1,5
33144,2,25
33145,0,15
33146,1,16
33147,2,24
33148,0,22
33149,1,11
33150,2,22
33151,0,24
33152,1,33
33153,2,17
33154,0,16
33155,1,13
33156,2,13
33157,0,23
33158,1,9
33159,2,19
33160,0,20
33161,1,6
33162,2,19
33163,0,11
33164,1,19
33165,2,11
33166,0,21
33167,1,17
33168,2,24
33169,0,23
33170,1,11
33171,2,16
33172,0,37
33173,1,22
33174,2,15
33175,0,17
33176,1,28
33177,2,8
33178,0,27
33179,1,13
33180,2,10
33181,0,17
33182,1,15
33183,2,7
33184,0,20
33185,1,6
33186,2,39
33187,0,23
33188,1,23
33189,2,28
33190,0,18
33191,1,20
33192,2,24
33193,0,21
33194,1,15
33195,2,23
33196,0,21
33197,1,19
33198,2,12
33199,0,22
33200,1,9
33201,2,17
33202,0,16
33203,1,9
33204,2,23
33205,0,29
33206,1,18
33207,2,24
33208,0,22
33209,1,13
33210,2,16
33211,0,14
33212,1,25
33213,2,15
33214,0,20
33215,1,10
33216,2,12
33217,0,10
33218,1,21
33219,2,6
33220,0,18
33221,1,26
33222,2,27
33223,0,29
33224,1,10
33225,2,15
33226,0,17
33227,1,30
33228,2,16
33229,0,11
33230,1,30
33231,2,24
33232,0,14
33233,1,11
33234,2,26
33235,0,16
33236,1,17
33237,2,12
33238,0,15
33239,1,15
33240,2,19
33241,0,11
33242,1,23
33243,2,12
33244,0,22
33245,1,13
33246,2,10
33247,0,15
33248,1,22
33249,2,11
33250,0,21
33251,1,20
33252,2,8
33253,0,24
33254,1,36
33255,2,21
33256,0,24
33257,1,18
33258,2,25
33259,0,14
33260,1,7
33261,2,12
33262,0,23
33263,1,14
33264,2,11
33265,0,25
33266,1,11
33267,2,16
33268,0,14
33269,1,25
33270,2,12
33271,0,9
33272,1,18
33273,2,15
33274,0,16
33275,1,11
33276,2,20
33277,0,15
33278,1,13
33279,2,16
33280,0,7
33281,1,18
33282,2,22
33283,0,15
33284,1,25
33285,2,23
33286,0,10
33287,1,17
33288,2,23
33289,0,18
33290,1,15
33291,2,33
33292,0,6
33293,1,17
33294,2,9
33295,0,16
33296,1,13
33297,2,23
33298,0,19
33299,1,16
33300,2,19
33301,0,8
33302,1,17
33303,2,9
33304,0,10
33305,1,8
33306,2,10
33307,0,16
33308,1,28
33309,2,10
33310,0,12
33311,1,14
33312,2,41
33313,0,13
33314,1,20
33315,2,20
33316,0,20
33317,1,19
33318,2,33
33319,0,21
33320,1,9
33321,2,19
33322,0,32
33323,1,25
33324,2,14
33325,0,14
33326,1,15
33327,2,24
33328,0,16
33329,1,18
33330,2,15
33331,0,15
33332,1,12
33333,2,9
33334,0,24
33335,1,18
33336,2,18
33337,0,19
33338,1,16
33339,2,26
33340,0,21
33341,1,28
33342,2,16
33343,0,17
33344,1,23
33345,2,24
33346,0,28
33347,1,5
33348,2,31
33349,0,14
33350,1,36
33351,2,18
33352,0,13
33353,1,10
33354,2,18
33355,0,19
33356,1,19
33357,2,8
33358,0,10
33359,1,19
33360,2,16
33361,0,16
33362,1,21
33363,2,10
33364,0,23
33365,1,19
33366,2,12
33367,0,13
33368,1,22
33369,2,12
33370,0,22
33371,1,11
33372,2,14
33373,0,16
33374,1,20
33375,2,11
33376,0,15
33377,1,11
33378,2,15
33379,0,21
33380,1,18
33381,2,20
33382,0,23
33383,1,19
33384,2,17
33385,0,27
33386,1,11
33387,2,21
33388,0,34
33389,1,16
33390,2,21
33391,0,12
33392,1,13
33393,2,12
33394,0,15
33395,1,16
33396,2,23
33397,0,7
33398,1,13
33399,2,13
33400,0,12
33401,1,16
33402,2,33
33403,0,17
33404,1,24
33405,2,14
33406,0,14
33407,1,21
33408,2,10
33409,0,5
33410,1,15
33411,2,18
33412,0,17
33413,1,21
33414,2,21
33415,0,28
33416,1,21
33417,2,36
33418,0,7
33419,1,13
33420,2,12
33421,0,17
33422,1,32
33423,2,18
33424,0,16
33425,1,15
33426,2,14
33427,0,17
33428,1,14
33429,2,17
33430,0,18
33431,1,28
33432,2,19
33433,0,17
33434,1,16
33435,2,20
33436,0,16
33437,1,22
33438,2,23
33439,0,17
33440,1,14
33441,2,17
33442,0,37
33443,1,30
33444,2,12
33445,0,13
33446,1,6
33447,2,19
33448,0,8
33449,1,21
33450,2,20
33451,0,35
33452,1,13
33453,2,21
33454,0,17
33455,1,30
33456,2,24
33457,0,17
33458,1,7
33459,2,6
33460,0,26
33461,1,11
33462,2,21
33463,0,13
33464,1,17
33465,2,24
33466,0,24
33467,1,16
33468,2,12
33469,0,8
33470,1,15
33471,2,3
33472,0,20
33473,1,26
33474,2,21
33475,0,24
33476,1,11
33477,2,23
33478,0,19
33479,1,20
33480,2,31
33481,0,32
33482,1,29
33483,2,28
33484,0,13
33485,1,16
33486,2,22
33487,0,20
33488,1,20
33489,2,14
33490,0,11
33491,1,20
33492,2,9
33493,0,18
33494,1,40
33495,2,26
33496,0,15
33497,1,23
33498,2,21
33499,0,26
33500,1,19
33501,2,21
33502,0,24
33503,1,22
33504,2,19
33505,0,20
33506,1,26
33507,2,16
33508,0,14
33509,1,13
33510,2,16
33511,0,16
33512,1,13
33513,2,19
33514,0,13
33515,1,13
33516,2,16
33517,0,18
33518,1,14
33519,2,12
33520,0,27
33521,1,15
33522,2,20
33523,0,24
33524,1,24
33525,2,23
33526,0,25
33527,1,32
33528,2,15
33529,0,39
33530,1,23
33531,2,36
33532,0,16
33533,1,21
33534,2,14
33535,0,17
33536,1,10
33537,2,14
33538,0,18
33539,1,15
33540,2,25
33541,0,13
33542,1,15
33543,2,28
33544,0,20
33545,1,10
33546,2,18
33547,0,12
33548,1,30
33549,2,22
33550,0,16
33551,1,22
33552,2,10
33553,0,8
33554,1,11
33555,2,15
33556,0,17
33557,1,8
33558,2,21
33559,0,14
33560,1,16
33561,2,23
33562,0,15
33563,1,17
33564,2,16
33565,0,18
33566,1,22
33567,2,20
33568,0,12
33569,1,10
33570,2,17
33571,0,10
33572,1,17
33573,2,13
33574,0,14
33575,1,24
33576,2,17
33577,0,20
33578,1,6
33579,2,12
33580,0,19
33581,1,30
33582,2,14
33583,0,18
33584,1,24
33585,2,21
33586,0,21
33587,1,23
33588,2,19
33589,0,21
33590,1,23
33591,2,18
33592,0,5
33593,1,20
33594,2,10
33595,0,10
33596,1,12
33597,2,17
33598,0,21
33599,1,29
33600,2,13
33601,0,29
33602,1,16
33603,2,13
33604,0,14
33605,1,12
33606,2,22
33607,0,17
33608,1,11
33609,2,11
33610,0,10
33611,1,16
33612,2,12
33613,0,43
33614,1,12
33615,2,23
33616,0,19
33617,1,34
33618,2,22
33619,0,13
33620,1,8
33621,2,12
33622,0,24
33623,1,10
33624,2,12
33625,0,16
33626,1,13
33627,2,18
33628,0,24
33629,1,14
33630,2,26
33631,0,19
33632,1,13
33633,2,4
33634,0,22
33635,1,24
33636,2,13
33637,0,15
33638,1,20
33639,2,18
33640,0,26
33641,1,22
33642,2,23
33643,0,19
33644,1,29
33645,2,16
33646,0,20
33647,1,31
33648,2,18
33649,0,14
33650,1,15
33651,2,22
33652,0,12
33653,1,18
33654,2,26
33655,0,16
33656,1,10
33657,2,5
33658,0,10
33659,1,11
33660,2,16
33661,0,10
33662,1,9
33663,2,12
33664,0,18
33665,1,21
33666,2,24
33667,0,11
33668,1,12
33669,2,23
33670,0,19
33671,1,11
33672,2,11
33673,0,15
33674,1,24
33675,2,23
33676,0,21
33677,1,30
33678,2,16
33679,0,10
33680,1,16
33681,2,23
33682,0,23
33683,1,25
33684,2,19
33685,0,14
33686,1,15
33687,2,11
33688,0,14
33689,1,16
33690,2,11
33691,0,24
33692,1,29
33693,2,29
33694,0,18
33695,1,30
33696,2,24
33697,0,18
33698,1,23
33699,2,24
33700,0,17
33701,1,22
33702,2,39
33703,0,8
33704,1,25
33705,2,16
33706,0,19
33707,1,9
33708,2,17
33709,0,30
33710,1,19
33711,2,14
33712,0,24
33713,1,8
33714,2,15
33715,0,31
33716,1,12
33717,2,19
33718,0,16
33719,1,16
33720,2,38
33721,0,18
33722,1,21
33723,2,28
33724,0,26
33725,1,24
33726,2,30
33727,0,15
33728,1,8
33729,2,17
33730,0,25
33731,1,19
33732,2,12
33733,0,24
33734,1,19
33735,2,18
33736,0,5
33737,1,4
33738,2,11
33739,0,26
33740,1,16
33741,2,21
33742,0,24
33743,1,32
33744,2,28
33745,0,16
33746,1,9
33747,2,7
33748,0,29
33749,1,16
33750,2,14
33751,0,19
33752,1,33
33753,2,13
33754,0,20
33755,1,16
33756,2,16
33757,0,18
33758,1,11
33759,2,6
33760,0,16
33761,1,13
33762,2,8
33763,0,8
33764,1,14
33765,2,10
33766,0,9
33767,1,16
33768,2,15
33769,0,15
33770,1,27
33771,2,13
33772,0,24
33773,1,20
33774,2,19
33775,0,19
33776,1,17
33777,2,13
33778,0,14
33779,1,21
33780,2,12
33781,0,21
33782,1,20
33783,2,9
33784,0,24
33785,1,21
33786,2,16
33787,0,23
33788,1,16
33789,2,22
33790,0,12
33791,1,8
33792,2,7
33793,0,11
33794,1,12
33795,2,9
33796,0,26
33797,1,36
33798,2,20
33799,0,16
33800,1,24
33801,2,17
33802,0,16
33803,1,8
33804,2,23
33805,0,17
33806,1,14
33807,2,26
33808,0,30
33809,1,18
33810,2,16
33811,0,17
33812,1,24
33813,2,7
33814,0,22
33815,1,18
33816,2,13
33817,0,16
33818,1,25
33819,2,30
33820,0,21
33821,1,13
33822,2,24
33823,0,23
33824,1,5
33825,2,19
33826,0,21
33827,1,23
33828,2,20
33829,0,15
33830,1,7
33831,2,16
33832,0,12
33833,1,16
33834,2,34
33835,0,17
33836,1,29
33837,2,19
33838,0,18
33839,1,10
33840,2,20
33841,0,21
33842,1,26
33843,2,17
33844,0,24
33845,1,13
33846,2,18
33847,0,29
33848,1,25
33849,2,35
33850,0,36
33851,1,9
33852,2,15
33853,0,7
33854,1,35
33855,2,14
33856,0,22
33857,1,21
33858,2,34
33859,0,15
33860,1,21
33861,2,10
33862,0,24
33863,1,28
33864,2,8
33865,0,14
33866,1,25
33867,2,13
33868,0,19
33869,1,25
33870,2,27
33871,0,19
33872,1,11
33873,2,29
33874,0,19
33875,1,18
33876,2,24
33877,0,21
33878,1,9
33879,2,9
33880,0,8
33881,1,14
33882,2,22
33883,0,29
33884,1,23
33885,2,26
33886,0,15
33887,1,14
33888,2,29
33889,0,13
33890,1,30
33891,2,25
33892,0,11
33893,1,18
33894,2,23
33895,0,18
33896,1,12
33897,2,19
33898,0,25
33899,1,14
33900,2,23
33901,0,14
33902,1,16
33903,2,35
33904,0,9
33905,1,12
33906,2,13
33907,0,24
33908,1,14
33909,2,14
33910,0,21
33911,1,20
33912,2,15
33913,0,22
33914,1,17
33915,2,11
33916,0,21
33917,1,22
33918,2,31
33919,0,10
33920,1,25
33921,2,15
33922,0,17
33923,1,11
33924,2,16
33925,0,14
33926,1,10
33927,2,27
33928,0,18
33929,1,30
33930,2,12
33931,0,25
33932,1,12
33933,2,19
33934,0,13
33935,1,11
33936,2,16
33937,0,23
33938,1,15
33939,2,27
33940,0,29
33941,1,10
33942,2,28
33943,0,19
33944,1,23
33945,2,23
33946,0,25
33947,1,18
33948,2,18
33949,0,14
33950,1,12
33951,2,21
33952,0,26
33953,1,14
33954,2,15
33955,0,15
33956,1,15
33957,2,12
33958,0,11
33959,1,16
33960,2,16
33961,0,20
33962,1,23
33963,2,12
33964,0,8
33965,1,5
33966,2,23
33967,0,20
33968,1,31
33969,2,11
33970,0,13
33971,1,10
33972,2,16
33973,0,15
33974,1,40
33975,2,16
33976,0,16
33977,1,17
33978,2,10
33979,0,18
33980,1,18
33981,2,14
33982,0,25
33983,1,21
33984,2,16
33985,0,23
33986,1,39
33987,2,12
33988,0,20
33989,1,24
33990,2,7
33991,0,14
33992,1,30
33993,2,21
33994,0,16
33995,1,21
33996,2,6
33997,0,26
33998,1,9
33999,2,23
34000,0,15
34001,1,12
34002,2,21
34003,0,26
34004,1,23
34005,2,17
34006,0,14
34007,1,18
34008,2,20
34009,0,20
34010,1,25
34011,2,15
34012,0,11
34013,1,30
34014,2,29
34015,0,13
34016,1,18
34017,2,19
34018,0,19
34019,1,10
34020,2,20
34021,0,20
34022,1,12
34023,2,12
34024,0,21
34025,1,31
34026,2,19
34027,0,22
34028,1,26
34029,2,20
34030,0,13
34031,1,18
34032,2,18
34033,0,17
34034,1,19
34035,2,21
34036,0,13
34037,1,15
34038,2,19
34039,0,27
34040,1,26
34041,2,8
34042,0,18
34043,1,22
34044,2,23
34045,0,31
34046,1,20
34047,2,12
34048,0,26
34049,1,10
34050,2,17
34051,0,13
34052,1,13
34053,2,15
34054,0,21
34055,1,10
34056,2,9
34057,0,16
34058,1,21
34059,2,13
34060,0,22
34061,1,19
34062,2,32
34063,0,17
34064,1,16
34065,2,17
34066,0,15
34067,1,9
34068,2,20
34069,0,8
34070,1,21
34071,2,26
34072,0,25
34073,1,8
34074,2,21
34075,0,19
34076,1,15
34077,2,23
34078,0,18
34079,1,8
34080,2,22
34081,0,22
34082,1,10
34083,2,17
34084,0,16
34085,1,32
34086,2,38
34087,0,21
34088,1,12
34089,2,22
34090,0,15
34091,1,12
34092,2,17
34093,0,22
34094,1,10
34095,2,28
34096,0,20
34097,1,12
34098,2,16
34099,0,20
34100,1,16
34101,2,9
34102,0,13
34103,1,11
34104,2,17
34105,0,18
34106,1,10
34107,2,14
34108,0,16
34109,1,24
34110,2,12
34111,0,17
34112,1,25
34113,2,25
34114,0,8
34115,1,25
34116,2,16
34117,0,29
34118,1,41
34119,2,22
34120,0,20
34121,1,7
34122,2,25
34123,0,20
34124,1,22
34125,2,11
34126,0,15
34127,1,32
34128,2,6
34129,0,8
34130,1,29
34131,2,19
34132,0,25
34133,1,12
34134,2,20
34135,0,13
34136,1,16
34137,2,15
34138,0,17
34139,1,14
34140,2,10
34141,0,15
34142,1,18
34143,2,21
34144,0,14
34145,1,15
34146,2,25
34147,0,19
34148,1,10
34149,2,20
34150,0,19
34151,1,14
34152,2,14
34153,0,12
34154,1,27
34155,2,17
34156,0,24
34157,1,13
34158,2,12
34159,0,22
34160,1,22
34161,2,23
34162,0,24
34163,1,14
34164,2,18
34165,0,11
34166,1,21
34167,2,12
34168,0,18
34169,1,14
34170,2,9
34171,0,16
34172,1,27
34173,2,10
34174,0,14
34175,1,20
34176,2,13
34177,0,36
34178,1,12
34179,2,17
34180,0,24
34181,1,19
34182,2,28
34183,0,13
34184,1,22
34185,2,22
34186,0,11
34187,1,22
34188,2,18
34189,0,10
34190,1,34
34191,2,29
34192,0,5
34193,1,41
34194,2,24
34195,0,36
34196,1,15
34197,2,15
34198,0,14
34199,1,18
34200,2,9
34201,0,13
34202,1,21
34203,2,11
34204,0,13
34205,1,11
34206,2,22
34207,0,20
34208,1,11
34209,2,20
34210,0,4
34211,1,10
34212,2,12
34213,0,20
34214,1,18
34215,2,21
34216,0,24
34217,1,16
34218,2,11
34219,0,14
34220,1,20
34221,2,24
34222,0,32
34223,1,10
34224,2,26
34225,0,21
34226,1,5
34227,2,14
34228,0,11
34229,1,33
34230,2,17
34231,0,26
34232,1,13
34233,2,26
34234,0,11
34235,1,14
34236,2,19
34237,0,12
34238,1,19
34239,2,21
34240,0,23
34241,1,19
34242,2,22
34243,0,12
34244,1,8
34245,2,17
34246,0,9
34247,1,14
34248,2,9
34249,0,16
34250,1,18
34251,2,11
34252,0,58
34253,1,17
34254,2,17
34255,0,13
34256,1,12
34257,2,9
34258,0,14
34259,1,11
34260,2,16
34261,0,22
34262,1,28
34263,2,20
34264,0,24
34265,1,11
34266,2,18
34267,0,20
34268,1,13
34269,2,25
34270,0,12
34271,1,18
34272,2,12
34273,0,24
34274,1,6
34275,2,23
34276,0,15
34277,1,16
34278,2,7
34279,0,15
34280,1,12
34281,2,27
34282,0,13
34283,1,18
34284,2,21
34285,0,19
34286,1,18
34287,2,29
34288,0,15
34289,1,21
34290,2,22
34291,0,18
34292,1,14
34293,2,22
34294,0,26
34295,1,16
34296,2,19
34297,0,23
34298,1,10
34299,2,43
34300,0,19
34301,1,10
34302,2,23
34303,0,32
34304,1,9
34305,2,30
34306,0,27
34307,1,15
34308,2,19
34309,0,9
34310,1,18
34311,2,10
34312,0,17
34313,1,7
34314,2,12
34315,0,18
34316,1,32
34317,2,27
34318,0,15
34319,1,11
34320,2,17
34321,0,21
34322,1,6
34323,2,34
34324,0,27
34325,1,14
34326,2,21
34327,0,31
34328,1,22
34329,2,23
34330,0,20
34331,1,9
34332,2,18
34333,0,14
34334,1,19
34335,2,16
34336,0,10
34337,1,20
34338,2,8
34339,0,43
34340,1,27
34341,2,23
34342,0,18
34343,1,7
34344,2,14
34345,0,16
34346,1,12
34347,2,12
34348,0,21
34349,1,14
34350,2,27
34351,0,21
34352,1,23
34353,2,4
34354,0,13
34355,1,23
34356,2,13
34357,0,13
34358,1,14
34359,2,33
34360,0,11
34361,1,31
34362,2,15
34363,0,19
34364,1,20
34365,2,22
34366,0,30
34367,1,8
34368,2,19
34369,0,19
34370,1,12
34371,2,25
34372,0,14
34373,1,10
34374,2,19
34375,0,22
34376,1,16
34377,2,21
34378,0,25
34379,1,17
34380,2,32
34381,0,21
34382,1,31
34383,2,27
34384,0,13
34385,1,23
34386,2,11
34387,0,10
34388,1,27
34389,2,23
34390,0,21
34391,1,24
34392,2,30
34393,0,13
34394,1,9
34395,2,8
34396,0,30
34397,1,33
34398,2,17
34399,0,35
34400,1,7
34401,2,10
34402,0,15
34403,1,24
34404,2,24
34405,0,34
34406,1,27
34407,2,9
34408,0,21
34409,1,17
34410,2,18
34411,0,18
34412,1,27
34413,2,16
34414,0,8
34415,1,11
34416,2,15
34417,0,34
34418,1,8
34419,2,8
34420,0,22
34421,1,11
34422,2,15
34423,0,18
34424,1,25
34425,2,18
34426,0,20
34427,1,35
34428,2,23
34429,0,16
34430,1,13
34431,2,24
34432,0,8
34433,1,17
34434,2,27
34435,0,9
34436,1,15
34437,2,13
34438,0,12
34439,1,11
34440,2,6
34441,0,18
34442,1,16
34443,2,20
34444,0,19
34445,1,29
34446,2,24
34447,0,13
34448,1,28
34449,2,24
34450,0,12
34451,1,17
34452,2,16
34453,0,16
34454,1,16
34455,2,18
34456,0,26
34457,1,16
34458,2,16
34459,0,17
34460,1,13
34461,2,16
34462,0,12
34463,1,18
34464,2,20
34465,0,17
34466,1,25
34467,2,20
34468,0,15
34469,1,19
34470,2,21
34471,0,15
34472,1,10
34473,2,19
34474,0,19
34475,1,19
34476,2,17
34477,0,19
34478,1,13
34479,2,31
34480,0,22
34481,1,25
34482,2,10
34483,0,19
34484,1,15
34485,2,16
34486,0,22
34487,1,10
34488,2,15
34489,0,36
34490,1,14
34491,2,18
34492,0,47
34493,1,42
34494,2,14
34495,0,31
34496,1,21
34497,2,7
34498,0,17
34499,1,24
34500,2,22
34501,0,11
34502,1,27
34503,2,10
34504,0,27
34505,1,20
34506,2,20
34507,0,24
34508,1,20
34509,2,13
34510,0,18
34511,1,11
34512,2,15
34513,0,19
34514,1,17
34515,2,15
34516,0,15
34517,1,17
34518,2,23
34519,0,20
34520,1,22
34521,2,21
34522,0,8
34523,1,10
34524,2,17
34525,0,23
34526,1,18
34527,2,15
34528,0,45
34529,1,18
34530,2,10
34531,0,20
34532,1,29
34533,2,18
34534,0,18
34535,1,15
34536,2,30
34537,0,24
34538,1,20
34539,2,33
34540,0,10
34541,1,15
34542,2,20
34543,0,24
34544,1,12
34545,2,34
34546,0,29
34547,1,17
34548,2,29
34549,0,15
34550,1,10
34551,2,14
34552,0,18
34553,1,30
34554,2,27
34555,0,16
34556,1,21
34557,2,19
34558,0,16
34559,1,10
34560,2,14
34561,0,24
34562,1,20
34563,2,23
34564,0,17
34565,1,19
34566,2,16
34567,0,20
34568,1,14
34569,2,22
34570,0,16
34571,1,10
34572,2,15
34573,0,23
34574,1,33
34575,2,20
34576,0,26
34577,1,8
34578,2,11
34579,0,20
34580,1,8
34581,2,8
34582,0,13
34583,1,20
34584,2,13
34585,0,14
34586,1,11
34587,2,10
34588,0,23
34589,1,12
34590,2,13
34591,0,16
34592,1,10
34593,2,7
34594,0,25
34595,1,10
34596,2,29
34597,0,21
34598,1,10
34599,2,17
34600,0,21
34601,1,26
34602,2,17
34603,0,17
34604,1,18
34605,2,11
34606,0,5
34607,1,14
34608,2,10
34609,0,14
34610,1,7
34611,2,9
34612,0,26
34613,1,14
34614,2,14
34615,0,27
34616,1,8
34617,2,24
34618,0,9
34619,1,10
34620,2,14
34621,0,35
34622,1,29
34623,2,25
34624,0,10
34625,1,12
34626,2,18
34627,0,21
34628,1,26
34629,2,5
34630,0,21
34631,1,16
34632,2,32
34633,0,29
34634,1,16
34635,2,15
34636,0,14
34637,1,12
34638,2,10
34639,0,27
34640,1,30
34641,2,23
34642,0,17
34643,1,23
34644,2,18
34645,0,13
34646,1,26
34647,2,20
34648,0,31
34649,1,14
34650,2,23
34651,0,20
34652,1,11
34653,2,21
34654,0,32
34655,1,15
34656,2,15
34657,0,17
34658,1,25
34659,2,8
34660,0,12
34661,1,15
34662,2,18
34663,0,32
34664,1,22
34665,2,11
34666,0,14
34667,1,19
34668,2,18
34669,0,17
34670,1,35
34671,2,15
34672,0,12
34673,1,16
34674,2,27
34675,0,11
34676,1,16
34677,2,16
34678,0,13
34679,1,17
34680,2,30
34681,0,14
34682,1,18
34683,2,27
34684,0,32
34685,1,20
34686,2,17
34687,0,18
34688,1,8
34689,2,14
34690,0,21
34691,1,27
34692,2,10
34693,0,15
34694,1,12
34695,2,31
34696,0,28
34697,1,20
34698,2,13
34699,0,17
34700,1,10
34701,2,24
34702,0,21
34703,1,14
34704,2,15
34705,0,15
34706,1,35
34707,2,15
34708,0,15
34709,1,23
34710,2,10
34711,0,17
34712,1,20
34713,2,21
34714,0,20
34715,1,14
34716,2,19
34717,0,15
34718,1,27
34719,2,22
34720,0,22
34721,1,26
34722,2,15
34723,0,13
34724,1,26
34725,2,23
34726,0,13
34727,1,11
34728,2,34
34729,0,12
34730,1,15
34731,2,24
34732,0,25
34733,1,6
34734,2,14
34735,0,26
34736,1,3
34737,2,20
34738,0,8
34739,1,36
34740,2,5
34741,0,15
34742,1,14
34743,2,19
34744,0,24
34745,1,22
34746,2,21
34747,0,23
34748,1,15
34749,2,10
34750,0,23
34751,1,28
34752,2,23
34753,0,17
34754,1,9
34755,2,18
34756,0,7
34757,1,11
34758,2,24
34759,0,22
34760,1,18
34761,2,17
34762,0,16
34763,1,17
34764,2,16
34765,0,13
34766,1,10
34767,2,17
34768,0,13
34769,1,14
34770,2,15
34771,0,15
34772,1,5
34773,2,19
34774,0,21
34775,1,20
34776,2,26
34777,0,22
34778,1,21
34779,2,10
34780,0,13
34781,1,12
34782,2,6
34783,0,12
34784,1,12
34785,2,20
34786,0,16
34787,1,23
34788,2,18
34789,0,11
34790,1,24
34791,2,25
34792,0,25
34793,1,19
34794,2,26
34795,0,12
34796,1,9
34797,2,9
34798,0,24
34799,1,20
34800,2,24
34801,0,14
34802,1,5
34803,2,20
34804,0,26
34805,1,20
34806,2,13
34807,0,21
34808,1,19
34809,2,19
34810,0,10
34811,1,15
34812,2,17
34813,0,13
34814,1,31
34815,2,22
34816,0,20
34817,1,9
34818,2,8
34819,0,14
34820,1,15
34821,2,23
34822,0,24
34823,1,18
34824,2,14
34825,0,21
34826,1,16
34827,2,25
34828,0,21
34829,1,36
34830,2,18
34831,0,12
34832,1,24
34833,2,13
34834,0,13
34835,1,19
34836,2,17
34837,0,18
34838,1,11
34839,2,12
34840,0,14
34841,1,13
34842,2,18
34843,0,19
34844,1,32
34845,2,12
34846,0,24
34847,1,31
34848,2,33
34849,0,14
34850,1,22
34851,2,24
34852,0,19
34853,1,20
34854,2,14
34855,0,18
34856,1,22
34857,2,20
34858,0,13
34859,1,19
34860,2,22
34861,0,11
34862,1,10
34863,2,12
34864,0,18
34865,1,13
34866,2,16
34867,0,12
34868,1,14
34869,2,12
34870,0,15
34871,1,11
34872,2,10
34873,0,16
34874,1,18
34875,2,26
34876,0,16
34877,1,40
34878,2,14
34879,0,25
34880,1,8
34881,2,23
34882,0,19
34883,1,28
34884,2,36
34885,0,6
34886,1,17
34887,2,14
34888,0,17
34889,1,32
34890,2,24
34891,0,15
34892,1,12
34893,2,14
34894,0,16
34895,1,5
34896,2,24
34897,0,19
34898,1,22
34899,2,12
34900,0,10
34901,1,31
34902,2,26
34903,0,13
34904,1,23
34905,2,20
34906,0,22
34907,1,20
34908,2,7
34909,0,15
34910,1,20
34911,2,33
34912,0,17
34913,1,27
34914,2,27
34915,0,27
34916,1,17
34917,2,25
34918,0,13
34919,1,9
34920,2,19
34921,0,20
34922,1,13
34923,2,30
34924,0,14
34925,1,21
34926,2,12
34927,0,24
34928,1,25
34929,2,13
34930,0,11
34931,1,9
34932,2,5
34933,0,21
34934,1,11
34935,2,13
34936,0,20
34937,1,20
34938,2,16
34939,0,18
34940,1,9
34941,2,30
34942,0,18
34943,1,25
34944,2,13
34945,0,23
34946,1,17
34947,2,8
34948,0,21
34949,1,22
34950,2,15
34951,0,17
34952,1,24
34953,2,11
34954,0,24
34955,1,23
34956,2,21
34957,0,25
34958,1,16
34959,2,9
34960,0,18
34961,1,19
34962,2,23
34963,0,18
34964,1,13
34965,2,12
34966,0,28
34967,1,16
34968,2,9
34969,0,29
34970,1,20
34971,2,16
34972,0,14
34973,1,19
34974,2,21
34975,0,17
34976,1,14
34977,2,21
34978,0,22
34979,1,34
34980,2,19
34981,0,23
34982,1,17
34983,2,26
34984,0,30
34985,1,11
34986,2,13
34987,0,13
34988,1,13
34989,2,18
34990,0,16
34991,1,14
34992,2,16
34993,0,14
34994,1,25
34995,2,9
34996,0,22
34997,1,11
34998,2,18
34999,0,29
35000,1,22
35001,2,14
35002,0,21
35003,1,20
35004,2,24
35005,0,15
35006,1,15
35007,2,25
35008,0,14
35009,1,13
35010,2,12
35011,0,30
35012,1,7
35013,2,29
35014,0,19
35015,1,18
35016,2,26
35017,0,26
35018,1,25
35019,2,24
35020,0,10
35021,1,23
35022,2,9
35023,0,17
35024,1,33
35025,2,20
35026,0,38
35027,1,9
35028,2,28
35029,0,6
35030,1,19
35031,2,14
35032,0,20
35033,1,18
35034,2,11
35035,0,13
35036,1,14
35037,2,25
35038,0,23
35039,1,13
35040,2,15
35041,0,20
35042,1,13
35043,2,15
35044,0,23
35045,1,19
35046,2,10
35047,0,9
35048,1,21
35049,2,18
35050,0,12
35051,1,12
35052,2,9
35053,0,22
35054,1,12
35055,2,19
35056,0,20
35057,1,14
35058,2,23
35059,0,18
35060,1,15
35061,2,22
35062,0,10
35063,1,11
35064,2,20
35065,0,21
35066,1,25
35067,2,19
35068,0,16
35069,1,20
35070,2,13
35071,0,23
35072,1,16
35073,2,29
35074,0,6
35075,1,15
35076,2,9
35077,0,14
35078,1,14
35079,2,11
35080,0,29
35081,1,52
35082,2,22
35083,0,20
35084,1,31
35085,2,19
35086,0,24
35087,1,21
35088,2,25
35089,0,19
35090,1,17
35091,2,10
35092,0,12
35093,1,29
35094,2,25
35095,0,14
35096,1,15
35097,2,20
35098,0,11
35099,1,18
35100,2,10
35101,0,24
35102,1,5
35103,2,22
35104,0,14
35105,1,7
35106,2,7
35107,0,9
35108,1,17
35109,2,19
35110,0,18
35111,1,12
35112,2,15
35113,0,17
35114,1,13
35115,2,6
35116,0,27
35117,1,18
35118,2,17
35119,0,5
35120,1,16
35121,2,10
35122,0,15
35123,1,9
35124,2,25
35125,0,9
35126,1,26
35127,2,18
35128,0,32
35129,1,15
35130,2,13
35131,0,17
35132,1,23
35133,2,17
35134,0,20
35135,1,10
35136,2,32
35137,0,12
35138,1,17
35139,2,19
35140,0,14
35141,1,10
35142,2,21
35143,0,13
35144,1,17
35145,2,19
35146,0,25
35147,1,15
35148,2,18
35149,0,21
35150,1,1
35151,2,8
35152,0,15
35153,1,13
35154,2,21
35155,0,18
35156,1,11
35157,2,8
35158,0,23
35159,1,17
35160,2,27
35161,0,12
35162,1,17
35163,2,19
35164,0,19
35165,1,5
35166,2,27
35167,0,23
35168,1,19
35169,2,30
35170,0,9
35171,1,5
35172,2,18
35173,0,17
35174,1,14
35175,2,23
35176,0,17
35177,1,30
35178,2,9
35179,0,15
35180,1,11
35181,2,30
35182,0,25
35183,1,31
35184,2,23
35185,0,17
35186,1,17
35187,2,31
35188,0,16
35189,1,16
35190,2,11
35191,0,16
35192,1,13
35193,2,22
35194,0,17
35195,1,24
35196,2,29
35197,0,20
35198,1,10
35199,2,20
35200,0,23
35201,1,15
35202,2,11
35203,0,11
35204,1,32
35205,2,10
35206,0,20
35207,1,22
35208,2,24
35209,0,14
35210,1,9
35211,2,21
35212,0,11
35213,1,12
35214,2,17
35215,0,21
35216,1,32
35217,2,30
35218,0,15
35219,1,10
35220,2,26
35221,0,25
35222,1,22
35223,2,30
35224,0,11
35225,1,21
35226,2,19
35227,0,13
35228,1,20
35229,2,13
35230,0,16
35231,1,12
35232,2,14
35233,0,23
35234,1,16
35235,2,19
35236,0,16
35237,1,20
35238,2,18
35239,0,17
35240,1,28
35241,2,18
35242,0,13
35243,1,25
35244,2,16
35245,0,15
35246,1,18
35247,2,16
35248,0,16
35249,1,17
35250,2,11
35251,0,12
35252,1,19
35253,2,12
35254,0,11
35255,1,18
35256,2,32
35257,0,19
35258,1,22
35259,2,22
35260,0,19
35261,1,26
35262,2,27
35263,0,25
35264,1,18
35265,2,27
35266,0,15
35267,1,11
35268,2,5
35269,0,21
35270,1,25
35271,2,12
35272,0,11
35273,1,36
35274,2,12
35275,0,19
35276,1,18
35277,2,16
35278,0,12
35279,1,25
35280,2,5
35281,0,27
35282,1,13
35283,2,25
35284,0,25
35285,1,11
35286,2,27
35287,0,15
35288,1,8
35289,2,21
35290,0,14
35291,1,21
35292,2,19
35293,0,10
35294,1,17
35295,2,15
35296,0,24
35297,1,9
35298,2,34
35299,0,14
35300,1,5
35301,2,14
35302,0,34
35303,1,16
35304,2,17
35305,0,12
35306,1,14
35307,2,16
35308,0,15
35309,1,16
35310,2,21
35311,0,15
35312,1,18
35313,2,11
35314,0,21
35315,1,45
35316,2,23
35317,0,14
35318,1,10
35319,2,8
35320,0,13
35321,1,11
35322,2,13
35323,0,4
35324,1,10
35325,2,13
35326,0,23
35327,1,10
35328,2,15
35329,0,17
35330,1,14
35331,2,19
35332,0,21
35333,1,11
35334,2,27
35335,0,21
35336,1,11
35337,2,15
35338,0,15
35339,1,13
35340,2,16
35341,0,25
35342,1,13
35343,2,22
35344,0,13
35345,1,7
35346,2,12
35347,0,25
35348,1,18
35349,2,20
35350,0,20
35351,1,34
35352,2,26
35353,0,20
35354,1,15
35355,2,14
35356,0,25
35357,1,18
35358,2,8
35359,0,17
35360,1,16
35361,2,13
35362,0,25
35363,1,14
35364,2,12
35365,0,26
35366,1,5
35367,2,17
35368,0,17
35369,1,14
35370,2,20
35371,0,20
35372,1,11
35373,2,21
35374,0,23
35375,1,13
35376,2,25
35377,0,10
35378,1,6
35379,2,13
35380,0,25
35381,1,30
35382,2,27
35383,0,10
35384,1,25
35385,2,13
35386,0,9
35387,1,25
35388,2,12
35389,0,22
35390,1,15
35391,2,20
35392,0,28
35393,1,25
35394,2,13
35395,0,22
35396,1,7
35397,2,13
35398,0,23
35399,1,17
35400,2,20
35401,0,4
35402,1,9
35403,2,22
35404,0,12
35405,1,23
35406,2,12
35407,0,19
35408,1,27
35409,2,18
35410,0,11
35411,1,9
35412,2,23
35413,0,15
35414,1,20
35415,2,16
35416,0,25
35417,1,12
35418,2,27
35419,0,11
35420,1,12
35421,2,26
35422,0,14
35423,1,31
35424,2,8
35425,0,13
35426,1,17
35427,2,12
35428,0,20
35429,1,33
35430,2,15
35431,0,36
35432,1,23
35433,2,12
35434,0,18
35435,1,20
35436,2,11
35437,0,22
35438,1,16
35439,2,19
35440,0,18
35441,1,18
35442,2,15
35443,0,17
35444,1,18
35445,2,28
35446,0,21
35447,1,11
35448,2,15
35449,0,32
35450,1,12
35451,2,16
35452,0,17
35453,1,22
35454,2,23
35455,0,18
35456,1,13
35457,2,17
35458,0,15
35459,1,22
35460,2,8
35461,0,15
35462,1,21
35463,2,22
35464,0,12
35465,1,22
35466,2,16
35467,0,20
35468,1,16
35469,2,17
35470,0,10
35471,1,5
35472,2,33
35473,0,16
35474,1,21
35475,2,18
35476,0,17
35477,1,27
35478,2,14
35479,0,14
35480,1,18
35481,2,16
35482,0,17
35483,1,20
35484,2,19
35485,0,7
35486,1,14
35487,2,16
35488,0,25
35489,1,19
35490,2,12
35491,0,33
35492,1,9
35493,2,14
35494,0,27
35495,1,7
35496,2,21
35497,0,18
35498,1,17
35499,2,11
35500,0,19
35501,1,22
35502,2,20
35503,0,11
35504,1,26
35505,2,21
35506,0,27
35507,1,15
35508,2,16
35509,0,18
35510,1,13
35511,2,26
35512,0,15
35513,1,19
35514,2,13
35515,0,26
35516,1,26
35517,2,19
35518,0,13
35519,1,12
35520,2,17
35521,0,26
35522,1,15
35523,2,13
35524,0,17
35525,1,19
35526,2,23
35527,0,15
35528,1,31
35529,2,23
35530,0,25
35531,1,16
35532,2,13
35533,0,12
35534,1,16
35535,2,17
35536,0,12
35537,1,15
35538,2,12
35539,0,13
35540,1,16
35541,2,6
35542,0,10
35543,1,16
35544,2,19
35545,0,13
35546,1,17
35547,2,13
35548,0,31
35549,1,18
35550,2,18
35551,0,10
35552,1,13
35553,2,10
35554,0,15
35555,1,20
35556,2,20
35557,0,30
35558,1,10
35559,2,13
35560,0,26
35561,1,15
35562,2,22
35563,0,22
35564,1,17
35565,2,13
35566,0,16
35567,1,13
35568,2,12
35569,0,20
35570,1,11
35571,2,20
35572,0,20
35573,1,23
35574,2,23
35575,0,12
35576,1,18
35577,2,14
35578,0,24
35579,1,18
35580,2,13
35581,0,28
35582,1,19
35583,2,12
35584,0,22
35585,1,22
35586,2,20
35587,0,17
35588,1,25
35589,2,24
35590,0,16
35591,1,22
35592,2,16
35593,0,13
35594,1,12
35595,2,20
35596,0,19
35597,1,15
35598,2,8
35599,0,20
35600,1,14
35601,2,31
35602,0,13
35603,1,14
35604,2,8
35605,0,17
35606,1,15
35607,2,11
35608,0,21
35609,1,28
35610,2,18
35611,0,15
35612,1,11
35613,2,21
35614,0,19
35615,1,17
35616,2,18
35617,0,30
35618,1,26
35619,2,12
35620,0,19
35621,1,21
35622,2,18
35623,0,19
35624,1,24
35625,2,14
35626,0,17
35627,1,19
35628,2,13
35629,0,15
35630,1,13
35631,2,12
35632,0,18
35633,1,18
35634,2,17
35635,0,12
35636,1,19
35637,2,9
35638,0,26
35639,1,18
35640,2,28
35641,0,29
35642,1,20
35643,2,15
35644,0,12
35645,1,26
35646,2,18
35647,0,19
35648,1,6
35649,2,13
35650,0,22
35651,1,9
35652,2,15
35653,0,15
35654,1,20
35655,2,20
35656,0,20
35657,1,15
35658,2,17
35659,0,21
35660,1,21
35661,2,13
35662,0,17
35663,1,11
35664,2,23
35665,0,17
35666,1,19
35667,2,9
35668,0,23
35669,1,24
35670,2,21
35671,0,21
35672,1,19
35673,2,21
35674,0,19
35675,1,11
35676,2,25
35677,0,23
35678,1,26
35679,2,19
35680,0,20
35681,1,13
35682,2,16
35683,0,18
35684,1,15
35685,2,30
35686,0,18
35687,1,5
35688,2,26
35689,0,21
35690,1,23
35691,2,29
35692,0,23
35693,1,12
35694,2,18
35695,0,13
35696,1,22
35697,2,16
35698,0,11
35699,1,14
35700,2,13
35701,0,14
35702,1,8
35703,2,14
35704,0,12
35705,1,6
35706,2,9
35707,0,15
35708,1,5
35709,2,19
35710,0,32
35711,1,20
35712,2,35
35713,0,16
35714,1,12
35715,2,15
35716,0,15
35717,1,15
35718,2,31
35719,0,21
35720,1,22
35721,2,19
35722,0,10
35723,1,13
35724,2,11
35725,0,23
35726,1,15
35727,2,31
35728,0,17
35729,1,37
35730,2,16
35731,0,8
35732,1,23
35733,2,11
35734,0,19
35735,1,25
35736,2,24
35737,0,9
35738,1,30
35739,2,11
35740,0,12
35741,1,16
35742,2,11
35743,0,13
35744,1,8
35745,2,13
35746,0,16
35747,1,19
35748,2,10
35749,0,23
35750,1,12
35751,2,12
35752,0,16
35753,1,15
35754,2,22
35755,0,15
35756,1,11
35757,2,23
35758,0,19
35759,1,18
35760,2,12
35761,0,16
35762,1,24
35763,2,17
35764,0,17
35765,1,7
35766,2,29
35767,0,20
35768,1,23
35769,2,28
35770,0,18
35771,1,21
35772,2,45
35773,0,12
35774,1,14
35775,2,20
35776,0,27
35777,1,27
35778,2,16
35779,0,23
35780,1,15
35781,2,14
35782,0,43
35783,1,9
35784,2,15
35785,0,24
35786,1,12
35787,2,13
35788,0,19
35789,1,29
35790,2,31
35791,0,20
35792,1,22
35793,2,27
35794,0,20
35795,1,18
35796,2,22
35797,0,15
35798,1,16
35799,2,16
35800,0,20
35801,1,12
35802,2,8
35803,0,15
35804,1,36
35805,2,12
35806,0,32
35807,1,27
35808,2,33
35809,0,19
35810,1,23
35811,2,19
35812,0,22
35813,1,11
35814,2,16
35815,0,27
35816,1,12
35817,2,24
35818,0,18
35819,1,17
35820,2,10
35821,0,7
35822,1,13
35823,2,27
35824,0,16
35825,1,18
35826,2,23
35827,0,26
35828,1,12
35829,2,23
35830,0,23
35831,1,20
35832,2,11
35833,0,14
35834,1,26
35835,2,19
35836,0,22
35837,1,18
35838,2,9
35839,0,17
35840,1,14
35841,2,22
35842,0,28
35843,1,13
35844,2,10
35845,0,23
35846,1,15
35847,2,26
35848,0,16
35849,1,3
35850,2,5
35851,0,20
35852,1,15
35853,2,13
35854,0,24
35855,1,8
35856,2,24
35857,0,12
35858,1,17
35859,2,16
35860,0,15
35861,1,28
35862,2,11
35863,0,37
35864,1,31
35865,2,24
35866,0,14
35867,1,14
35868,2,32
35869,0,12
35870,1,16
35871,2,10
35872,0,25
35873,1,8
35874,2,16
35875,0,11
35876,1,17
35877,2,15
35878,0,31
35879,1,21
35880,2,24
35881,0,21
35882,1,19
35883,2,17
35884,0,14
35885,1,12
35886,2,12
35887,0,10
35888,1,24
35889,2,9
35890,0,13
35891,1,17
35892,2,14
35893,0,20
35894,1,12
35895,2,32
35896,0,20
35897,1,9
35898,2,11
35899,0,33
35900,1,12
35901,2,19
35902,0,21
35903,1,15
35904,2,20
35905,0,14
35906,1,23
35907,2,12
35908,0,15
35909,1,13
35910,2,13
35911,0,18
35912,1,36
35913,2,19
35914,0,24
35915,1,25
35916,2,25
35917,0,20
35918,1,18
35919,2,9
35920,0,15
35921,1,18
35922,2,14
35923,0,21
35924,1,10
35925,2,10
35926,0,18
35927,1,7
35928,2,12
35929,0,13
35930,1,10
35931,2,13
35932,0,14
35933,1,10
35934,2,11
35935,0,25
35936,1,26
35937,2,21
35938,0,13
35939,1,8
35940,2,14
35941,0,23
35942,1,9
35943,2,12
35944,0,13
35945,1,11
35946,2,12
35947,0,25
35948,1,16
35949,2,18
35950,0,20
35951,1,18
35952,2,8
35953,0,11
35954,1,12
35955,2,21
35956,0,24
35957,1,14
35958,2,35
35959,0,14
35960,1,17
35961,2,10
35962,0,16
35963,1,15
35964,2,19
35965,0,20
35966,1,22
35967,2,15
35968,0,19
35969,1,22
35970,2,21
35971,0,27
35972,1,17
35973,2,19
35974,0,14
35975,1,28
35976,2,14
35977,0,18
35978,1,9
35979,2,7
35980,0,10
35981,1,18
35982,2,19
35983,0,17
35984,1,23
35985,2,13
35986,0,24
35987,1,16
35988,2,16
35989,0,14
35990,1,11
35991,2,11
35992,0,14
35993,1,9
35994,2,18
35995,0,16
35996,1,18
35997,2,26
35998,0,15
35999,1,17
36000,2,16
36001,0,23
36002,1,22
36003,2,12
36004,0,12
36005,1,12
36006,2,10
36007,0,14
36008,1,37
36009,2,26
36010,0,15
36011,1,14
36012,2,20
36013,0,10
36014,1,18
36015,2,24
36016,0,13
36017,1,23
36018,2,9
36019,0,18
36020,1,14
36021,2,7
36022,0,17
36023,1,24
36024,2,20
36025,0,20
36026,1,15
36027,2,16
36028,0,13
36029,1,20
36030,2,23
36031,0,22
36032,1,10
36033,2,15
36034,0,20
36035,1,17
36036,2,24
36037,0,7
36038,1,31
36039,2,6
36040,0,18
36041,1,24
36042,2,15
36043,0,21
36044,1,4
36045,2,10
36046,0,8
36047,1,16
36048,2,15
36049,0,25
36050,1,20
36051,2,14
36052,0,20
36053,1,17
36054,2,15
36055,0,15
36056,1,4
36057,2,22
36058,0,11
36059,1,17
36060,2,5
36061,0,20
36062,1,15
36063,2,13
36064,0,31
36065,1,21
36066,2,18
36067,0,23
36068,1,21
36069,2,17
36070,0,16
36071,1,19
36072,2,22
36073,0,20
36074,1,12
36075,2,23
36076,0,12
36077,1,21
36078,2,16
36079,0,26
36080,1,22
36081,2,18
36082,0,23
36083,1,23
36084,2,21
36085,0,22
36086,1,10
36087,2,18
36088,0,13
36089,1,23
36090,2,7
36091,0,19
36092,1,10
36093,2,20
36094,0,15
36095,1,16
36096,2,26
36097,0,18
36098,1,10
36099,2,25
36100,0,33
36101,1,26
36102,2,28
36103,0,14
36104,1,20
36105,2,20
36106,0,10
36107,1,12
36108,2,20
36109,0,27
36110,1,6
36111,2,10
36112,0,16
36113,1,21
36114,2,23
36115,0,24
36116,1,21
36117,2,14
36118,0,23
36119,1,33
36120,2,8
36121,0,11
36122,1,25
36123,2,12
36124,0,16
36125,1,18
36126,2,7
36127,0,13
36128,1,33
36129,2,11
36130,0,27
36131,1,20
36132,2,23
36133,0,20
36134,1,26
36135,2,28
36136,0,26
36137,1,10
36138,2,28
36139,0,11
36140,1,28
36141,2,8
36142,0,21
36143,1,19
36144,2,15
36145,0,22
36146,1,13
36147,2,18
36148,0,25
36149,1,6
36150,2,13
36151,0,8
36152,1,19
36153,2,26
36154,0,15
36155,1,31
36156,2,13
36157,0,19
36158,1,12
36159,2,13
36160,0,32
36161,1,17
36162,2,25
36163,0,16
36164,1,24
36165,2,23
36166,0,15
36167,1,19
36168,2,17
36169,0,37
36170,1,12
36171,2,36
36172,0,38
36173,1,15
36174,2,12
36175,0,25
36176,1,10
36177,2,20
36178,0,17
36179,1,20
36180,2,17
36181,0,15
36182,1,14
36183,2,21
36184,0,16
36185,1,17
36186,2,17
36187,0,20
36188,1,21
36189,2,20
36190,0,10
36191,1,17
36192,2,17
36193,0,18
36194,1,31
36195,2,8
36196,0,24
36197,1,11
36198,2,16
36199,0,19
36200,1,13
36201,2,15
36202,0,11
36203,1,10
36204,2,17
36205,0,14
36206,1,19
36207,2,16
36208,0,10
36209,1,11
36210,2,13
36211,0,13
36212,1,23
36213,2,9
36214,0,19
36215,1,21
36216,2,22
36217,0,22
36218,1,8
36219,2,13
36220,0,21
36221,1,13
36222,2,16
36223,0,25
36224,1,13
36225,2,23
36226,0,15
36227,1,17
36228,2,10
36229,0,19
36230,1,5
36231,2,23
36232,0,17
36233,1,13
36234,2,17
36235,0,34
36236,1,17
36237,2,9
36238,0,25
36239,1,8
36240,2,18
36241,0,18
36242,1,14
36243,2,19
36244,0,15
36245,1,17
36246,2,30
36247,0,21
36248,1,24
36249,2,19
36250,0,18
36251,1,30
36252,2,35
36253,0,33
36254,1,13
36255,2,15
36256,0,18
36257,1,20
36258,2,12
36259,0,20
36260,1,22
36261,2,25
36262,0,13
36263,1,16
36264,2,18
36265,0,23
36266,1,20
36267,2,15
36268,0,20
36269,1,29
36270,2,19
36271,0,30
36272,1,12
36273,2,20
36274,0,18
36275,1,41
36276,2,16
36277,0,12
36278,1,23
36279,2,22
36280,0,31
36281,1,13
36282,2,14
36283,0,20
36284,1,20
36285,2,15
36286,0,25
36287,1,13
36288,2,20
36289,0,17
36290,1,27
36291,2,16
36292,0,13
36293,1,16
36294,2,12
36295,0,13
36296,1,33
36297,2,19
36298,0,17
36299,1,20
36300,2,26
36301,0,16
36302,1,19
36303,2,14
36304,0,24
36305,1,16
36306,2,30
36307,0,33
36308,1,30
36309,2,12
36310,0,19
36311,1,16
36312,2,11
36313,0,19
36314,1,22
36315,2,9
36316,0,10
36317,1,18
36318,2,28
36319,0,26
36320,1,7
36321,2,16
36322,0,23
36323,1,14
36324,2,14
36325,0,15
36326,1,19
36327,2,17
36328,0,12
36329,1,8
36330,2,10
36331,0,32
36332,1,15
36333,2,11
36334,0,22
36335,1,21
36336,2,24
36337,0,25
36338,1,28
36339,2,13
36340,0,14
36341,1,21
36342,2,22
36343,0,19
36344,1,23
36345,2,14
36346,0,31
36347,1,16
36348,2,14
36349,0,26
36350,1,20
36351,2,10
36352,0,25
36353,1,15
36354,2,13
36355,0,18
36356,1,6
36357,2,13
36358,0,25
36359,1,18
36360,2,18
36361,0,23
36362,1,13
36363,2,23
36364,0,13
36365,1,15
36366,2,15
36367,0,14
36368,1,13
36369,2,15
36370,0,27
36371,1,9
36372,2,11
36373,0,21
36374,1,31
36375,2,13
36376,0,20
36377,1,18
36378,2,20
36379,0,26
36380,1,26
36381,2,6
36382,0,11
36383,1,18
36384,2,24
36385,0,16
36386,1,23
36387,2,18
36388,0,25
36389,1,27
36390,2,11
36391,0,20
36392,1,22
36393,2,18
36394,0,16
36395,1,10
36396,2,30
36397,0,23
36398,1,14
36399,2,20
36400,0,20
36401,1,32
36402,2,18
36403,0,21
36404,1,15
36405,2,10
36406,0,25
36407,1,47
36408,2,26
36409,0,27
36410,1,20
36411,2,25
36412,0,20
36413,1,21
36414,2,17
36415,0,27
36416,1,18
36417,2,10
36418,0,23
36419,1,22
36420,2,30
36421,0,27
36422,1,21
36423,2,21
36424,0,15
36425,1,17
36426,2,22
36427,0,22
36428,1,15
36429,2,13
36430,0,14
36431,1,17
36432,2,19
36433,0,19
36434,1,8
36435,2,17
36436,0,15
36437,1,20
36438,2,18
36439,0,10
36440,1,15
36441,2,20
36442,0,13
36443,1,20
36444,2,30
36445,0,26
36446,1,14
36447,2,5
36448,0,22
36449,1,15
36450,2,9
36451,0,8
36452,1,15
36453,2,14
36454,0,22
36455,1,19
36456,2,11
36457,0,13
36458,1,26
36459,2,23
36460,0,18
36461,1,23
36462,2,15
36463,0,22
36464,1,13
36465,2,10
36466,0,12
36467,1,10
36468,2,18
36469,0,13
36470,1,24
36471,2,18
36472,0,23
36473,1,11
36474,2,11
36475,0,10
36476,1,24
36477,2,10
36478,0,25
36479,1,20
36480,2,12
36481,0,16
36482,1,29
36483,2,9
36484,0,23
36485,1,14
36486,2,17
36487,0,11
36488,1,13
36489,2,10
36490,0,37
36491,1,21
36492,2,20
36493,0,13
36494,1,33
36495,2,11
36496,0,9
36497,1,19
36498,2,18
36499,0,25
36500,1,13
36501,2,16
36502,0,15
36503,1,22
36504,2,9
36505,0,11
36506,1,10
36507,2,12
36508,0,26
36509,1,31
36510,2,14
36511,0,21
36512,1,19
36513,2,10
36514,0,21
36515,1,23
36516,2,13
36517,0,16
36518,1,17
36519,2,7
36520,0,21
36521,1,20
36522,2,21
36523,0,15
36524,1,16
36525,2,10
36526,0,19
36527,1,18
36528,2,18
36529,0,13
36530,1,17
36531,2,17
36532,0,10
36533,1,15
36534,2,3
36535,0,12
36536,1,14
36537,2,7
36538,0,9
36539,1,22
36540,2,10
36541,0,13
36542,1,17
36543,2,22
36544,0,31
36545,1,25
36546,2,15
36547,0,24
36548,1,25
36549,2,26
36550,0,10
36551,1,17
36552,2,15
36553,0,34
36554,1,28
36555,2,11
36556,0,22
36557,1,11
36558,2,10
36559,0,12
36560,1,17
36561,2,18
36562,0,22
36563,1,28
36564,2,15
36565,0,17
36566,1,12
36567,2,30
36568,0,21
36569,1,18
36570,2,14
36571,0,13
36572,1,17
36573,2,9
36574,0,17
36575,1,18
36576,2,11
36577,0,19
36578,1,29
36579,2,18
36580,0,17
36581,1,21
36582,2,18
36583,0,16
36584,1,39
36585,2,18
36586,0,13
36587,1,7
36588,2,12
36589,0,18
36590,1,25
36591,2,16
36592,0,22
36593,1,17
36594,2,22
36595,0,12
36596,1,29
36597,2,7
36598,0,8
36599,1,17
36600,2,13
36601,0,32
36602,1,18
36603,2,18
36604,0,15
36605,1,15
36606,2,37
36607,0,10
36608,1,15
36609,2,17
36610,0,9
36611,1,11
36612,2,28
36613,0,21
36614,1,13
36615,2,9
36616,0,18
36617,1,19
36618,2,17
36619,0,17
36620,1,16
36621,2,15
36622,0,25
36623,1,25
36624,2,9
36625,0,19
36626,1,19
36627,2,15
36628,0,17
36629,1,14
36630,2,17
36631,0,15
36632,1,21
36633,2,15
36634,0,13
36635,1,13
36636,2,21
36637,0,25
36638,1,13
36639,2,18
36640,0,30
36641,1,15
36642,2,23
36643,0,16
36644,1,24
36645,2,29
36646,0,23
36647,1,17
36648,2,15
36649,0,28
36650,1,20
36651,2,15
36652,0,15
36653,1,14
36654,2,5
36655,0,14
36656,1,12
36657,2,28
36658,0,17
36659,1,10
36660,2,13
36661,0,26
36662,1,22
36663,2,19
36664,0,9
36665,1,18
36666,2,19
36667,0,12
36668,1,22
36669,2,20
36670,0,18
36671,1,20
36672,2,17
36673,0,27
36674,1,25
36675,2,23
36676,0,13
36677,1,10
36678,2,15
36679,0,21
36680,1,3
36681,2,24
36682,0,21
36683,1,16
36684,2,18
36685,0,20
36686,1,15
36687,2,24
36688,0,20
36689,1,14
36690,2,17
36691,0,12
36692,1,14
36693,2,13
36694,0,34
36695,1,23
36696,2,23
36697,0,8
36698,1,23
36699,2,8
36700,0,16
36701,1,26
36702,2,13
36703,0,15
36704,1,2
36705,2,20
36706,0,19
36707,1,9
36708,2,14
36709,0,10
36710,1,21
36711,2,12
36712,0,21
36713,1,12
36714,2,25
36715,0,42
36716,1,27
36717,2,11
36718,0,17
36719,1,44
36720,2,26
36721,0,12
36722,1,11
36723,2,12
36724,0,11
36725,1,23
36726,2,22
36727,0,11
36728,1,20
36729,2,11
36730,0,30
36731,1,11
36732,2,12
36733,0,13
36734,1,16
36735,2,17
36736,0,18
36737,1,30
36738,2,10
36739,0,15
36740,1,21
36741,2,10
36742,0,18
36743,1,10
36744,2,20
36745,0,8
36746,1,14
36747,2,13
36748,0,20
36749,1,11
36750,2,23
36751,0,30
36752,1,15
36753,2,14
36754,0,14
36755,1,13
36756,2,16
36757,0,19
36758,1,21
36759,2,13
36760,0,16
36761,1,19
36762,2,17
36763,0,30
36764,1,25
36765,2,13
36766,0,18
36767,1,44
36768,2,20
36769,0,6
36770,1,21
36771,2,18
36772,0,27
36773,1,14
36774,2,19
36775,0,15
36776,1,25
36777,2,21
36778,0,19
36779,1,27
36780,2,20
36781,0,19
36782,1,18
36783,2,11
36784,0,16
36785,1,5
36786,2,20
36787,0,21
36788,1,16
36789,2,7
36790,0,26
36791,1,26
36792,2,7
36793,0,16
36794,1,17
36795,2,10
36796,0,15
36797,1,11
36798,2,14
36799,0,22
36800,1,22
36801,2,18
36802,0,33
36803,1,11
36804,2,17
36805,0,34
36806,1,30
36807,2,26
36808,0,13
36809,1,11
36810,2,13
36811,0,20
36812,1,24
36813,2,26
36814,0,9
36815,1,18
36816,2,9
36817,0,20
36818,1,23
36819,2,19
36820,0,29
36821,1,27
36822,2,10
36823,0,16
36824,1,13
36825,2,20
36826,0,15
36827,1,27
36828,2,25
36829,0,14
36830,1,19
36831,2,14
36832,0,20
36833,1,30
36834,2,12
36835,0,11
36836,1,15
36837,2,32
36838,0,15
36839,1,19
36840,2,18
36841,0,25
36842,1,9
36843,2,27
36844,0,20
36845,1,7
36846,2,19
36847,0,20
36848,1,15
36849,2,20
36850,0,15
36851,1,18
36852,2,15
36853,0,14
36854,1,20
36855,2,16
36856,0,30
36857,1,27
36858,2,26
36859,0,11
36860,1,17
36861,2,10
36862,0,15
36863,1,21
36864,2,26
36865,0,10
36866,1,18
36867,2,13
36868,0,16
36869,1,16
36870,2,13
36871,0,14
36872,1,25
36873,2,19
36874,0,5
36875,1,15
36876,2,16
36877,0,15
36878,1,16
36879,2,17
36880,0,14
36881,1,10
36882,2,31
36883,0,23
36884,1,23
36885,2,28
36886,0,27
36887,1,30
36888,2,20
36889,0,17
36890,1,28
36891,2,35
36892,0,16
36893,1,17
36894,2,8
36895,0,9
36896,1,9
36897,2,16
36898,0,18
36899,1,21
36900,2,8
36901,0,25
36902,1,23
36903,2,38
36904,0,24
36905,1,10
36906,2,13
36907,0,18
36908,1,12
36909,2,9
36910,0,22
36911,1,20
36912,2,10
36913,0,12
36914,1,28
36915,2,19
36916,0,15
36917,1,17
36918,2,23
36919,0,30
36920,1,25
36921,2,37
36922,0,20
36923,1,24
36924,2,13
36925,0,24
36926,1,6
36927,2,28
36928,0,20
36929,1,17
36930,2,18
36931,0,24
36932,1,15
36933,2,18
36934,0,11
36935,1,7
36936,2,23
36937,0,17
36938,1,6
36939,2,16
36940,0,22
36941,1,15
36942,2,14
36943,0,24
36944,1,18
36945,2,14
36946,0,14
36947,1,15
36948,2,9
36949,0,17
36950,1,18
36951,2,13
36952,0,29
36953,1,32
36954,2,33
36955,0,17
36956,1,18
36957,2,19
36958,0,15
36959,1,21
36960,2,16
36961,0,26
36962,1,19
36963,2,19
36964,0,24
36965,1,16
36966,2,23
36967,0,29
36968,1,35
36969,2,16
36970,0,25
36971,1,13
36972,2,19
36973,0,13
36974,1,14
36975,2,23
36976,0,24
36977,1,13
36978,2,17
36979,0,19
36980,1,17
36981,2,17
36982,0,32
36983,1,17
36984,2,11
36985,0,20
36986,1,20
36987,2,21
36988,0,13
36989,1,8
36990,2,22
36991,0,20
36992,1,25
36993,2,12
36994,0,36
36995,1,12
36996,2,13
36997,0,12
36998,1,20
36999,2,26
37000,0,15
37001,1,22
37002,2,14
37003,0,24
37004,1,28
37005,2,15
37006,0,21
37007,1,20
37008,2,24
37009,0,13
37010,1,17
37011,2,18
37012,0,28
37013,1,15
37014,2,21
37015,0,25
37016,1,13
37017,2,23
37018,0,21
37019,1,14
37020,2,20
37021,0,17
37022,1,12
37023,2,24
37024,0,14
37025,1,27
37026,2,22
37027,0,26
37028,1,23
37029,2,15
37030,0,15
37031,1,17
37032,2,16
37033,0,15
37034,1,17
37035,2,19
37036,0,21
37037,1,30
37038,2,22
37039,0,20
37040,1,20
37041,2,31
37042,0,28
37043,1,13
37044,2,19
37045,0,7
37046,1,16
37047,2,17
37048,0,18
37049,1,15
37050,2,21
37051,0,14
37052,1,7
37053,2,18
37054,0,22
37055,1,19
37056,2,25
37057,0,16
37058,1,12
37059,2,10
37060,0,12
37061,1,14
37062,2,25
37063,0,17
37064,1,26
37065,2,21
37066,0,13
37067,1,22
37068,2,10
37069,0,17
37070,1,21
37071,2,32
37072,0,24
37073,1,17
37074,2,19
37075,0,28
37076,1,17
37077,2,15
37078,0,16
37079,1,22
37080,2,20
37081,0,12
37082,1,42
37083,2,22
37084,0,29
37085,1,20
37086,2,9
37087,0,23
37088,1,11
37089,2,23
37090,0,15
37091,1,17
37092,2,18
37093,0,18
37094,1,21
37095,2,16
37096,0,18
37097,1,12
37098,2,30
37099,0,30
37100,1,19
37101,2,19
37102,0,18
37103,1,17
37104,2,12
37105,0,16
37106,1,9
37107,2,21
37108,0,22
37109,1,5
37110,2,14
37111,0,31
37112,1,21
37113,2,8
37114,0,26
37115,1,13
37116,2,17
37117,0,17
37118,1,27
37119,2,19
37120,0,14
37121,1,21
37122,2,28
37123,0,17
37124,1,8
37125,2,9
37126,0,25
37127,1,18
37128,2,23
37129,0,20
37130,1,16
37131,2,6
37132,0,17
37133,1,15
37134,2,26
37135,0,16
37136,1,50
37137,2,13
37138,0,22
37139,1,27
37140,2,25
37141,0,13
37142,1,14
37143,2,20
37144,0,21
37145,1,13
37146,2,15
37147,0,25
37148,1,12
37149,2,11
37150,0,20
37151,1,12
37152,2,11
37153,0,18
37154,1,40
37155,2,17
37156,0,18
37157,1,18
37158,2,18
37159,0,20
37160,1,19
37161,2,14
37162,0,12
37163,1,16
37164,2,10
37165,0,24
37166,1,14
37167,2,11
37168,0,7
37169,1,15
37170,2,13
37171,0,16
37172,1,11
37173,2,20
37174,0,19
37175,1,10
37176,2,24
37177,0,21
37178,1,23
37179,2,12
37180,0,16
37181,1,15
37182,2,12
37183,0,22
37184,1,14
37185,2,5
37186,0,36
37187,1,25
37188,2,11
37189,0,25
37190,1,13
37191,2,14
37192,0,11
37193,1,7
37194,2,12
37195,0,17
37196,1,29
37197,2,9
37198,0,14
37199,1,21
37200,2,24
37201,0,8
37202,1,17
37203,2,12
37204,0,16
37205,1,15
37206,2,17
37207,0,26
37208,1,7
37209,2,29
37210,0,18
37211,1,21
37212,2,24
37213,0,22
37214,1,17
37215,2,23
37216,0,29
37217,1,29
37218,2,37
37219,0,5
37220,1,24
37221,2,13
37222,0,9
37223,1,16
37224,2,17
37225,0,23
37226,1,22
37227,2,6
37228,0,22
37229,1,12
37230,2,25
37231,0,10
37232,1,13
37233,2,18
37234,0,34
37235,1,28
37236,2,21
37237,0,11
37238,1,11
37239,2,10
37240,0,25
37241,1,24
37242,2,18
37243,0,10
37244,1,23
37245,2,13
37246,0,20
37247,1,14
37248,2,16
37249,0,18
37250,1,11
37251,2,31
37252,0,20
37253,1,16
37254,2,17
37255,0,11
37256,1,14
37257,2,29
37258,0,15
37259,1,10
37260,2,13
37261,0,8
37262,1,7
37263,2,14
37264,0,22
37265,1,13
37266,2,19
37267,0,15
37268,1,14
37269,2,9
37270,0,13
37271,1,17
37272,2,15
37273,0,27
37274,1,7
37275,2,17
37276,0,15
37277,1,5
37278,2,13
37279,0,24
37280,1,10
37281,2,19
37282,0,22
37283,1,15
37284,2,15
37285,0,13
37286,1,15
37287,2,25
37288,0,15
37289,1,15
37290,2,24
37291,0,27
37292,1,8
37293,2,28
37294,0,21
37295,1,28
37296,2,9
37297,0,24
37298,1,26
37299,2,17
37300,0,14
37301,1,13
37302,2,31
37303,0,20
37304,1,16
37305,2,38
37306,0,21
37307,1,14
37308,2,24
37309,0,16
37310,1,29
37311,2,15
37312,0,23
37313,1,18
37314,2,31
37315,0,21
37316,1,15
37317,2,32
37318,0,20
37319,1,16
37320,2,12
37321,0,18
37322,1,32
37323,2,39
37324,0,15
37325,1,21
37326,2,7
37327,0,10
37328,1,17
37329,2,4
37330,0,19
37331,1,18
37332,2,23
37333,0,19
37334,1,10
37335,2,18
37336,0,18
37337,1,6
37338,2,13
37339,0,11
37340,1,16
37341,2,13
37342,0,22
37343,1,25
37344,2,18
37345,0,14
37346,1,25
37347,2,7
37348,0,16
37349,1,19
37350,2,13
37351,0,12
37352,1,15
37353,2,16
37354,0,9
37355,1,12
37356,2,15
37357,0,14
37358,1,19
37359,2,3
37360,0,12
37361,1,19
37362,2,13
37363,0,26
37364,1,28
37365,2,14
37366,0,16
37367,1,21
37368,2,15
37369,0,30
37370,1,16
37371,2,14
37372,0,44
37373,1,22
37374,2,22
37375,0,18
37376,1,17
37377,2,12
37378,0,20
37379,1,18
37380,2,22
37381,0,19
37382,1,16
37383,2,12
37384,0,15
37385,1,13
37386,2,15
37387,0,24
37388,1,22
37389,2,16
37390,0,15
37391,1,13
37392,2,13
37393,0,20
37394,1,24
37395,2,6
37396,0,7
37397,1,32
37398,2,19
37399,0,20
37400,1,16
37401,2,17
37402,0,19
37403,1,17
37404,2,23
37405,0,26
37406,1,31
37407,2,32
37408,0,10
37409,1,12
37410,2,11
37411,0,23
37412,1,12
37413,2,15
37414,0,34
37415,1,22
37416,2,26
37417,0,6
37418,1,15
37419,2,12
37420,0,21
37421,1,16
37422,2,19
37423,0,13
37424,1,22
37425,2,22
37426,0,14
37427,1,13
37428,2,12
37429,0,10
37430,1,12
37431,2,17
37432,0,21
37433,1,17
37434,2,26
37435,0,16
37436,1,23
37437,2,7
37438,0,17
37439,1,15
37440,2,27
37441,0,13
37442,1,14
37443,2,4
37444,0,16
37445,1,23
37446,2,17
37447,0,14
37448,1,10
37449,2,12
37450,0,33
37451,1,21
37452,2,21
37453,0,20
37454,1,19
37455,2,23
37456,0,20
37457,1,22
37458,2,28
37459,0,10
37460,1,20
37461,2,22
37462,0,21
37463,1,44
37464,2,10
37465,0,29
37466,1,39
37467,2,18
37468,0,25
37469,1,22
37470,2,10
37471,0,8
37472,1,20
37473,2,18
37474,0,17
37475,1,3
37476,2,22
37477,0,13
37478,1,12
37479,2,12
37480,0,15
37481,1,13
37482,2,15
37483,0,25
37484,1,7
37485,2,16
37486,0,7
37487,1,10
37488,2,19
37489,0,29
37490,1,26
37491,2,19
37492,0,17
37493,1,9
37494,2,11
37495,0,19
37496,1,13
37497,2,18
37498,0,18
37499,1,7
37500,2,15
37501,0,16
37502,1,17
37503,2,6
37504,0,14
37505,1,11
37506,2,14
37507,0,21
37508,1,10
37509,2,4
37510,0,12
37511,1,9
37512,2,5
37513,0,17
37514,1,20
37515,2,11
37516,0,21
37517,1,18
37518,2,31
37519,0,9
37520,1,11
37521,2,19
37522,0,20
37523,1,7
37524,2,13
37525,0,17
37526,1,13
37527,2,20
37528,0,28
37529,1,17
37530,2,19
37531,0,21
37532,1,23
37533,2,29
37534,0,12
37535,1,17
37536,2,13
37537,0,24
37538,1,15
37539,2,16
37540,0,10
37541,1,20
37542,2,19
37543,0,20
37544,1,15
37545,2,13
37546,0,12
37547,1,20
37548,2,11
37549,0,14
37550,1,26
37551,2,35
37552,0,22
37553,1,22
37554,2,17
37555,0,25
37556,1,18
37557,2,16
37558,0,17
37559,1,29
37560,2,30
37561,0,19
37562,1,25
37563,2,17
37564,0,19
37565,1,11
37566,2,8
37567,0,22
37568,1,15
37569,2,18
37570,0,12
37571,1,10
37572,2,14
37573,0,21
37574,1,19
37575,2,19
37576,0,18
37577,1,11
37578,2,14
37579,0,19
37580,1,25
37581,2,14
37582,0,19
37583,1,17
37584,2,19
37585,0,16
37586,1,20
37587,2,19
37588,0,13
37589,1,20
37590,2,8
37591,0,18
37592,1,30
37593,2,24
37594,0,23
37595,1,15
37596,2,10
37597,0,8
37598,1,17
37599,2,15
37600,0,24
37601,1,18
37602,2,17
37603,0,15
37604,1,15
37605,2,13
37606,0,14
37607,1,13
37608,2,5
37609,0,12
37610,1,22
37611,2,8
37612,0,24
37613,1,8
37614,2,34
37615,0,19
37616,1,16
37617,2,15
37618,0,16
37619,1,22
37620,2,29
37621,0,12
37622,1,13
37623,2,18
37624,0,13
37625,1,31
37626,2,12
37627,0,14
37628,1,22
37629,2,17
37630,0,22
37631,1,23
37632,2,28
37633,0,18
37634,1,16
37635,2,14
37636,0,18
37637,1,21
37638,2,10
37639,0,20
37640,1,10
37641,2,18
37642,0,21
37643,1,11
37644,2,32
37645,0,26
37646,1,17
37647,2,20
37648,0,19
37649,1,20
37650,2,14
37651,0,18
37652,1,15
37653,2,8
37654,0,21
37655,1,16
37656,2,14
37657,0,20
37658,1,15
37659,2,12
37660,0,21
37661,1,14
37662,2,18
37663,0,19
37664,1,24
37665,2,20
37666,0,15
37667,1,35
37668,2,28
37669,0,17
37670,1,12
37671,2,12
37672,0,25
37673,1,26
37674,2,18
37675,0,16
37676,1,15
37677,2,19
37678,0,15
37679,1,21
37680,2,14
37681,0,25
37682,1,26
37683,2,22
37684,0,19
37685,1,25
37686,2,21
37687,0,25
37688,1,20
37689,2,23
37690,0,22
37691,1,5
37692,2,14
37693,0,19
37694,1,9
37695,2,16
37696,0,14
37697,1,13
37698,2,26
37699,0,16
37700,1,21
37701,2,18
37702,0,15
37703,1,21
37704,2,9
37705,0,15
37706,1,24
37707,2,32
37708,0,29
37709,1,21
37710,2,32
37711,0,22
37712,1,18
37713,2,12
37714,0,20
37715,1,21
37716,2,21
37717,0,13
37718,1,35
37719,2,24
37720,0,13
37721,1,38
37722,2,22
37723,0,23
37724,1,22
37725,2,14
37726,0,24
37727,1,7
37728,2,17
37729,0,27
37730,1,27
37731,2,25
37732,0,21
37733,1,18
37734,2,17
37735,0,22
37736,1,16
37737,2,24
37738,0,7
37739,1,22
37740,2,18
37741,0,22
37742,1,20
37743,2,12
37744,0,17
37745,1,38
37746,2,17
37747,0,26
37748,1,10
37749,2,14
37750,0,14
37751,1,15
37752,2,19
37753,0,14
37754,1,21
37755,2,10
37756,0,20
37757,1,16
37758,2,7
37759,0,12
37760,1,6
37761,2,11
37762,0,22
37763,1,7
37764,2,17
37765,0,28
37766,1,28
37767,2,21
37768,0,25
37769,1,27
37770,2,13
37771,0,23
37772,1,13
37773,2,26
37774,0,13
37775,1,22
37776,2,6
37777,0,25
37778,1,17
37779,2,10
37780,0,17
37781,1,23
37782,2,22
37783,0,16
37784,1,23
37785,2,24
37786,0,25
37787,1,11
37788,2,16
37789,0,14
37790,1,14
37791,2,8
37792,0,17
37793,1,23
37794,2,20
37795,0,16
37796,1,24
37797,2,24
37798,0,14
37799,1,28
37800,2,15
37801,0,11
37802,1,15
37803,2,14
37804,0,8
37805,1,10
37806,2,11
37807,0,16
37808,1,16
37809,2,29
37810,0,11
37811,1,8
37812,2,15
37813,0,14
37814,1,20
37815,2,16
37816,0,22
37817,1,23
37818,2,17
37819,0,16
37820,1,14
37821,2,12
37822,0,12
37823,1,31
37824,2,16
37825,0,28
37826,1,12
37827,2,19
37828,0,34
37829,1,11
37830,2,16
37831,0,19
37832,1,15
37833,2,25
37834,0,16
37835,1,13
37836,2,21
37837,0,11
37838,1,13
37839,2,6
37840,0,17
37841,1,12
37842,2,16
37843,0,16
37844,1,21
37845,2,20
37846,0,15
37847,1,11
37848,2,17
37849,0,20
37850,1,19
37851,2,6
37852,0,19
37853,1,21
37854,2,19
37855,0,34
37856,1,22
37857,2,29
37858,0,21
37859,1,14
37860,2,8
37861,0,20
37862,1,17
37863,2,7
37864,0,23
37865,1,7
37866,2,17
37867,0,13
37868,1,12
37869,2,17
37870,0,16
37871,1,22
37872,2,11
37873,0,17
37874,1,9
37875,2,25
37876,0,11
37877,1,13
37878,2,24
37879,0,28
37880,1,18
37881,2,33
37882,0,20
37883,1,29
37884,2,17
37885,0,25
37886,1,7
37887,2,18
37888,0,30
37889,1,30
37890,2,16
37891,0,13
37892,1,18
37893,2,25
37894,0,27
37895,1,11
37896,2,23
37897,0,17
37898,1,21
37899,2,17
37900,0,16
37901,1,26
37902,2,19
37903,0,21
37904,1,12
37905,2,19
37906,0,14
37907,1,22
37908,2,21
37909,0,18
37910,1,18
37911,2,21
37912,0,11
37913,1,5
37914,2,14
37915,0,13
37916,1,13
37917,2,17
37918,0,23
37919,1,15
37920,2,12
37921,0,19
37922,1,14
37923,2,19
37924,0,13
37925,1,19
37926,2,7
37927,0,19
37928,1,14
37929,2,19
37930,0,20
37931,1,31
37932,2,21
37933,0,8
37934,1,7
37935,2,15
37936,0,25
37937,1,29
37938,2,11
37939,0,8
37940,1,16
37941,2,15
37942,0,28
37943,1,23
37944,2,18
37945,0,20
37946,1,10
37947,2,15
37948,0,20
37949,1,19
37950,2,25
37951,0,14
37952,1,24
37953,2,19
37954,0,24
37955,1,15
37956,2,36
37957,0,12
37958,1,9
37959,2,26
37960,0,13
37961,1,16
37962,2,23
37963,0,25
37964,1,5
37965,2,14
37966,0,16
37967,1,25
37968,2,18
37969,0,21
37970,1,8
37971,2,17
37972,0,17
37973,1,16
37974,2,18
37975,0,27
37976,1,10
37977,2,14
37978,0,27
37979,1,14
37980,2,17
37981,0,21
37982,1,13
37983,2,9
37984,0,20
37985,1,23
37986,2,14
37987,0,22
37988,1,30
37989,2,20
37990,0,21
37991,1,27
37992,2,12
37993,0,21
37994,1,12
37995,2,12
37996,0,14
37997,1,19
37998,2,12
37999,0,8
38000,1,12
38001,2,17
38002,0,15
38003,1,18
38004,2,7
38005,0,7
38006,1,9
38007,2,6
38008,0,16
38009,1,21
38010,2,16
38011,0,19
38012,1,33
38013,2,12
38014,0,21
38015,1,10
38016,2,15
38017,0,27
38018,1,23
38019,2,18
38020,0,13
38021,1,12
38022,2,14
38023,0,10
38024,1,24
38025,2,14
38026,0,16
38027,1,11
38028,2,9
38029,0,11
38030,1,9
38031,2,13
38032,0,28
38033,1,19
38034,2,30
38035,0,19
38036,1,16
38037,2,12
38038,0,19
38039,1,9
38040,2,16
38041,0,28
38042,1,8
38043,2,16
38044,0,13
38045,1,13
38046,2,24
38047,0,17
38048,1,17
38049,2,15
38050,0,10
38051,1,21
38052,2,12
38053,0,14
38054,1,15
38055,2,14
38056,0,16
38057,1,12
38058,2,12
38059,0,15
38060,1,13
38061,2,13
38062,0,21
38063,1,20
38064,2,14
38065,0,27
38066,1,15
38067,2,35
38068,0,29
38069,1,25
38070,2,13
38071,0,22
38072,1,31
38073,2,8
38074,0,17
38075,1,17
38076,2,20
38077,0,13
38078,1,13
38079,2,17
38080,0,21
38081,1,14
38082,2,7
38083,0,17
38084,1,7
38085,2,21
38086,0,17
38087,1,29
38088,2,19
38089,0,20
38090,1,24
38091,2,16
38092,0,24
38093,1,18
38094,2,24
38095,0,14
38096,1,21
38097,2,28
38098,0,12
38099,1,13
38100,2,14
38101,0,9
38102,1,8
38103,2,10
38104,0,16
38105,1,25
38106,2,23
38107,0,13
38108,1,16
38109,2,14
38110,0,18
38111,1,24
38112,2,17
38113,0,13
38114,1,29
38115,2,13
38116,0,17
38117,1,15
38118,2,33
38119,0,17
38120,1,24
38121,2,17
38122,0,13
38123,1,29
38124,2,26
38125,0,23
38126,1,17
38127,2,22
38128,0,24
38129,1,20
38130,2,24
38131,0,18
38132,1,39
38133,2,36
38134,0,18
38135,1,8
38136,2,5
38137,0,16
38138,1,6
38139,2,13
38140,0,14
38141,1,14
38142,2,27
38143,0,32
38144,1,12
38145,2,20
38146,0,17
38147,1,16
38148,2,26
38149,0,18
38150,1,14
38151,2,9
38152,0,13
38153,1,35
38154,2,19
38155,0,22
38156,1,15
38157,2,12
38158,0,18
38159,1,8
38160,2,26
38161,0,15
38162,1,20
38163,2,9
38164,0,18
38165,1,27
38166,2,23
38167,0,6
38168,1,20
38169,2,28
38170,0,17
38171,1,18
38172,2,20
38173,0,15
38174,1,21
38175,2,15
38176,0,19
38177,1,19
38178,2,26
38179,0,25
38180,1,29
38181,2,11
38182,0,12
38183,1,25
38184,2,17
38185,0,24
38186,1,17
38187,2,13
38188,0,15
38189,1,27
38190,2,16
38191,0,15
38192,1,15
38193,2,20
38194,0,19
38195,1,17
38196,2,14
38197,0,15
38198,1,18
38199,2,29
38200,0,16
38201,1,18
38202,2,18
38203,0,15
38204,1,18
38205,2,19
38206,0,16
38207,1,16
38208,2,13
38209,0,19
38210,1,12
38211,2,9
38212,0,19
38213,1,10
38214,2,21
38215,0,16
38216,1,14
38217,2,16
38218,0,27
38219,1,22
38220,2,15
38221,0,20
38222,1,19
38223,2,19
38224,0,13
38225,1,12
38226,2,24
38227,0,12
38228,1,10
38229,2,8
38230,0,18
38231,1,12
38232,2,12
38233,0,28
38234,1,34
38235,2,15
38236,0,14
38237,1,21
38238,2,11
38239,0,26
38240,1,14
38241,2,14
38242,0,6
38243,1,14
38244,2,38
38245,0,18
38246,1,15
38247,2,19
38248,0,15
38249,1,15
38250,2,23
38251,0,14
38252,1,24
38253,2,19
38254,0,27
38255,1,24
38256,2,16
38257,0,16
38258,1,29
38259,2,18
38260,0,21
38261,1,23
38262,2,14
38263,0,10
38264,1,11
38265,2,26
38266,0,25
38267,1,40
38268,2,18
38269,0,17
38270,1,14
38271,2,14
38272,0,12
38273,1,10
38274,2,29
38275,0,11
38276,1,11
38277,2,16
38278,0,13
38279,1,16
38280,2,20
38281,0,33
38282,1,22
38283,2,15
38284,0,27
38285,1,21
38286,2,8
38287,0,17
38288,1,18
38289,2,10
38290,0,13
38291,1,29
38292,2,10
38293,0,33
38294,1,15
38295,2,17
38296,0,21
38297,1,21
38298,2,13
38299,0,17
38300,1,15
38301,2,18
38302,0,19
38303,1,25
38304,2,16
38305,0,27
38306,1,19
38307,2,20
38308,0,9
38309,1,14
38310,2,9
38311,0,14
38312,1,20
38313,2,24
38314,0,21
38315,1,17
38316,2,16
38317,0,19
38318,1,13
38319,2,16
38320,0,18
38321,1,25
38322,2,27
38323,0,25
38324,1,29
38325,2,28
38326,0,16
38327,1,28
38328,2,29
38329,0,15
38330,1,24
38331,2,19
38332,0,19
38333,1,19
38334,2,18
38335,0,23
38336,1,25
38337,2,8
38338,0,24
38339,1,26
38340,2,42
38341,0,22
38342,1,8
38343,2,12
38344,0,29
38345,1,26
38346,2,11
38347,0,17
38348,1,21
38349,2,20
38350,0,22
38351,1,29
38352,2,24
38353,0,26
38354,1,12
38355,2,21
38356,0,17
38357,1,28
38358,2,24
38359,0,12
38360,1,18
38361,2,27
38362,0,23
38363,1,11
38364,2,25
38365,0,23
38366,1,12
38367,2,11
38368,0,14
38369,1,9
38370,2,20
38371,0,12
38372,1,25
38373,2,15
38374,0,19
38375,1,22
38376,2,14
38377,0,18
38378,1,15
38379,2,20
38380,0,9
38381,1,15
38382,2,11
38383,0,28
38384,1,10
38385,2,24
38386,0,30
38387,1,11
38388,2,17
38389,0,14
38390,1,12
38391,2,13
38392,0,17
38393,1,7
38394,2,30
38395,0,6
38396,1,39
38397,2,18
38398,0,26
38399,1,15
38400,2,14
38401,0,20
38402,1,7
38403,2,17
38404,0,24
38405,1,26
38406,2,17
38407,0,21
38408,1,6
38409,2,8
38410,0,14
38411,1,25
38412,2,18
38413,0,15
38414,1,25
38415,2,19
38416,0,26
38417,1,9
38418,2,15
38419,0,13
38420,1,11
38421,2,13
38422,0,19
38423,1,15
38424,2,22
38425,0,17
38426,1,29
38427,2,28
38428,0,10
38429,1,7
38430,2,10
38431,0,13
38432,1,6
38433,2,11
38434,0,21
38435,1,18
38436,2,32
38437,0,22
38438,1,33
38439,2,12
38440,0,19
38441,1,19
38442,2,30
38443,0,14
38444,1,21
38445,2,13
38446,0,16
38447,1,15
38448,2,27
38449,0,22
38450,1,18
38451,2,24
38452,0,16
38453,1,16
38454,2,17
38455,0,8
38456,1,22
38457,2,13
38458,0,24
38459,1,7
38460,2,41
38461,0,22
38462,1,21
38463,2,6
38464,0,14
38465,1,23
38466,2,24
38467,0,20
38468,1,11
38469,2,10
38470,0,24
38471,1,18
38472,2,22
38473,0,31
38474,1,18
38475,2,13
38476,0,15
38477,1,26
38478,2,14
38479,0,20
38480,1,23
38481,2,21
38482,0,22
38483,1,27
38484,2,25
38485,0,23
38486,1,12
38487,2,15
38488,0,22
38489,1,20
38490,2,23
38491,0,16
38492,1,15
38493,2,43
38494,0,17
38495,1,24
38496,2,19
38497,0,24
38498,1,19
38499,2,25
38500,0,31
38501,1,22
38502,2,13
38503,0,13
38504,1,16
38505,2,18
38506,0,12
38507,1,26
38508,2,29
38509,0,18
38510,1,34
38511,2,11
38512,0,17
38513,1,6
38514,2,8
38515,0,20
38516,1,8
38517,2,14
38518,0,9
38519,1,17
38520,2,16
38521,0,17
38522,1,39
38523,2,18
38524,0,27
38525,1,19
38526,2,18
38527,0,17
38528,1,16
38529,2,17
38530,0,12
38531,1,9
38532,2,8
38533,0,9
38534,1,25
38535,2,25
38536,0,27
38537,1,6
38538,2,13
38539,0,9
38540,1,21
38541,2,12
38542,0,14
38543,1,19
38544,2,10
38545,0,16
38546,1,16
38547,2,9
38548,0,13
38549,1,24
38550,2,13
38551,0,28
38552,1,23
38553,2,11
38554,0,12
38555,1,13
38556,2,10
38557,0,17
38558,1,17
38559,2,33
38560,0,18
38561,1,11
38562,2,25
38563,0,19
38564,1,12
38565,2,33
38566,0,13
38567,1,9
38568,2,11
38569,0,10
38570,1,22
38571,2,10
38572,0,25
38573,1,11
38574,2,18
38575,0,12
38576,1,15
38577,2,11
38578,0,16
38579,1,20
38580,2,10
38581,0,17
38582,1,20
38583,2,13
38584,0,20
38585,1,25
38586,2,28
38587,0,15
38588,1,6
38589,2,11
38590,0,13
38591,1,13
38592,2,15
38593,0,18
38594,1,7
38595,2,13
38596,0,25
38597,1,16
38598,2,18
38599,0,21
38600,1,40
38601,2,23
38602,0,19
38603,1,31
38604,2,11
38605,0,20
38606,1,16
38607,2,22
38608,0,23
38609,1,27
38610,2,22
38611,0,17
38612,1,16
38613,2,26
38614,0,14
38615,1,13
38616,2,13
38617,0,14
38618,1,24
38619,2,18
38620,0,32
38621,1,25
38622,2,17
38623,0,12
38624,1,14
38625,2,16
38626,0,29
38627,1,10
38628,2,14
38629,0,14
38630,1,25
38631,2,15
38632,0,15
38633,1,15
38634,2,32
38635,0,32
38636,1,24
38637,2,12
38638,0,20
38639,1,9
38640,2,22
38641,0,27
38642,1,20
38643,2,16
38644,0,21
38645,1,26
38646,2,15
38647,0,16
38648,1,14
38649,2,10
38650,0,15
38651,1,15
38652,2,12
38653,0,12
38654,1,18
38655,2,23
38656,0,20
38657,1,15
38658,2,32
38659,0,4
38660,1,10
38661,2,9
38662,0,15
38663,1,19
38664,2,9
38665,0,18
38666,1,7
38667,2,10
38668,0,11
38669,1,21
38670,2,15
38671,0,15
38672,1,23
38673,2,34
38674,0,23
38675,1,21
38676,2,13
38677,0,19
38678,1,20
38679,2,20
38680,0,13
38681,1,9
38682,2,30
38683,0,13
38684,1,11
38685,2,18
38686,0,20
38687,1,12
38688,2,30
38689,0,17
38690,1,12
38691,2,7
38692,0,16
38693,1,17
38694,2,21
38695,0,24
38696,1,24
38697,2,26
38698,0,14
38699,1,21
38700,2,17
38701,0,18
38702,1,16
38703,2,31
38704,0,11
38705,1,16
38706,2,34
38707,0,12
38708,1,11
38709,2,14
38710,0,15
38711,1,15
38712,2,20
38713,0,21
38714,1,7
38715,2,17
38716,0,15
38717,1,24
38718,2,24
38719,0,23
38720,1,17
38721,2,16
38722,0,10
38723,1,7
38724,2,12
38725,0,13
38726,1,7
38727,2,9
38728,0,11
38729,1,23
38730,2,16
38731,0,25
38732,1,19
38733,2,21
38734,0,21
38735,1,16
38736,2,13
38737,0,13
38738,1,7
38739,2,18
38740,0,23
38741,1,26
38742,2,22
38743,0,13
38744,1,31
38745,2,15
38746,0,14
38747,1,13
38748,2,20
38749,0,4
38750,1,19
38751,2,25
38752,0,29
38753,1,15
38754,2,25
38755,0,25
38756,1,14
38757,2,25
38758,0,16
38759,1,15
38760,2,8
38761,0,21
38762,1,15
38763,2,9
38764,0,11
38765,1,17
38766,2,25
38767,0,21
38768,1,8
38769,2,19
38770,0,17
38771,1,22
38772,2,9
38773,0,14
38774,1,21
38775,2,28
38776,0,39
38777,1,23
38778,2,17
38779,0,20
38780,1,17
38781,2,24
38782,0,23
38783,1,21
38784,2,21
38785,0,26
38786,1,19
38787,2,12
38788,0,26
38789,1,41
38790,2,13
38791,0,25
38792,1,27
38793,2,14
38794,0,29
38795,1,12
38796,2,20
38797,0,11
38798,1,13
38799,2,16
38800,0,23
38801,1,16
38802,2,19
38803,0,25
38804,1,13
38805,2,12
38806,0,23
38807,1,10
38808,2,22
38809,0,15
38810,1,11
38811,2,26
38812,0,20
38813,1,35
38814,2,24
38815,0,37
38816,1,12
38817,2,15
38818,0,18
38819,1,14
38820,2,10
38821,0,15
38822,1,19
38823,2,27
38824,0,9
38825,1,15
38826,2,13
38827,0,17
38828,1,7
38829,2,9
38830,0,11
38831,1,7
38832,2,13
38833,0,17
38834,1,15
38835,2,19
38836,0,11
38837,1,17
38838,2,7
38839,0,11
38840,1,8
38841,2,9
38842,0,14
38843,1,27
38844,2,18
38845,0,15
38846,1,15
38847,2,19
38848,0,27
38849,1,18
38850,2,9
38851,0,21
38852,1,15
38853,2,15
38854,0,20
38855,1,27
38856,2,20
38857,0,11
38858,1,11
38859,2,16
38860,0,18
38861,1,8
38862,2,19
38863,0,15
38864,1,16
38865,2,14
38866,0,37
38867,1,33
38868,2,18
38869,0,10
38870,1,11
38871,2,13
38872,0,22
38873,1,31
38874,2,19
38875,0,11
38876,1,13
38877,2,10
38878,0,13
38879,1,16
38880,2,30
38881,0,20
38882,1,12
38883,2,12
38884,0,15
38885,1,14
38886,2,21
38887,0,20
38888,1,17
38889,2,17
38890,0,15
38891,1,21
38892,2,5
38893,0,8
38894,1,16
38895,2,28
38896,0,36
38897,1,15
38898,2,35
38899,0,21
38900,1,7
38901,2,18
38902,0,24
38903,1,8
38904,2,8
38905,0,18
38906,1,16
38907,2,15
38908,0,17
38909,1,13
38910,2,19
38911,0,16
38912,1,38
38913,2,19
38914,0,19
38915,1,29
38916,2,22
38917,0,18
38918,1,11
38919,2,13
38920,0,21
38921,1,35
38922,2,27
38923,0,29
38924,1,32
38925,2,23
38926,0,27
38927,1,11
38928,2,11
38929,0,15
38930,1,11
38931,2,13
38932,0,11
38933,1,16
38934,2,22
38935,0,16
38936,1,9
38937,2,26
38938,0,9
38939,1,15
38940,2,11
38941,0,20
38942,1,16
38943,2,9
38944,0,15
38945,1,10
38946,2,21
38947,0,19
38948,1,8
38949,2,13
38950,0,13
38951,1,25
38952,2,29
38953,0,16
38954,1,17
38955,2,16
38956,0,13
38957,1,17
38958,2,19
38959,0,20
38960,1,11
38961,2,23
38962,0,18
38963,1,7
38964,2,24
38965,0,20
38966,1,21
38967,2,19
38968,0,17
38969,1,18
38970,2,14
38971,0,28
38972,1,26
38973,2,30
38974,0,10
38975,1,13
38976,2,15
38977,0,20
38978,1,18
38979,2,12
38980,0,17
38981,1,29
38982,2,21
38983,0,24
38984,1,11
38985,2,18
38986,0,21
38987,1,6
38988,2,14
38989,0,17
38990,1,12
38991,2,5
38992,0,33
38993,1,20
38994,2,18
38995,0,28
38996,1,34
38997,2,22
38998,0,10
38999,1,28
39000,2,18
39001,0,14
39002,1,11
39003,2,22
39004,0,9
39005,1,18
39006,2,7
39007,0,22
39008,1,13
39009,2,16
39010,0,15
39011,1,24
39012,2,45
39013,0,19
39014,1,12
39015,2,16
39016,0,16
39017,1,16
39018,2,18
39019,0,28
39020,1,15
39021,2,24
39022,0,22
39023,1,17
39024,2,22
39025,0,25
39026,1,21
39027,2,15
39028,0,24
39029,1,36
39030,2,13
39031,0,21
39032,1,9
39033,2,25
39034,0,21
39035,1,24
39036,2,16
39037,0,23
39038,1,15
39039,2,29
39040,0,19
39041,1,11
39042,2,18
39043,0,19
39044,1,13
39045,2,20
39046,0,13
39047,1,10
39048,2,21
39049,0,32
39050,1,15
39051,2,10
39052,0,19
39053,1,11
39054,2,13
39055,0,16
39056,1,25
39057,2,14
39058,0,28
39059,1,38
39060,2,20
39061,0,15
39062,1,29
39063,2,10
39064,0,13
39065,1,19
39066,2,13
39067,0,11
39068,1,16
39069,2,14
39070,0,19
39071,1,18
39072,2,13
39073,0,21
39074,1,15
39075,2,19
39076,0,14
39077,1,13
39078,2,14
39079,0,17
39080,1,12
39081,2,16
39082,0,22
39083,1,28
39084,2,31
39085,0,24
39086,1,14
39087,2,16
39088,0,10
39089,1,18
39090,2,23
39091,0,12
39092,1,7
39093,2,6
39094,0,20
39095,1,6
39096,2,23
39097,0,24
39098,1,20
39099,2,14
39100,0,26
39101,1,18
39102,2,22
39103,0,12
39104,1,11
39105,2,26
39106,0,17
39107,1,7
39108,2,16
39109,0,14
39110,1,20
39111,2,6
39112,0,20
39113,1,5
39114,2,17
39115,0,19
39116,1,17
39117,2,14
39118,0,18
39119,1,12
39120,2,14
39121,0,26
39122,1,23
39123,2,14
39124,0,16
39125,1,16
39126,2,19
39127,0,29
39128,1,22
39129,2,13
39130,0,20
39131,1,18
39132,2,10
39133,0,22
39134,1,11
39135,2,11
39136,0,16
39137,1,10
39138,2,15
39139,0,21
39140,1,22
39141,2,14
39142,0,15
39143,1,13
39144,2,13
39145,0,17
39146,1,17
39147,2,26
39148,0,20
39149,1,18
39150,2,28
39151,0,22
39152,1,13
39153,2,16
39154,0,22
39155,1,10
39156,2,25
39157,0,26
39158,1,21
39159,2,19
39160,0,18
39161,1,15
39162,2,6
39163,0,32
39164,1,22
39165,2,18
39166,0,16
39167,1,10
39168,2,24
39169,0,26
39170,1,14
39171,2,8
39172,0,16
39173,1,20
39174,2,11
39175,0,10
39176,1,17
39177,2,11
39178,0,5
39179,1,12
39180,2,8
39181,0,21
39182,1,15
39183,2,15
39184,0,20
39185,1,14
39186,2,13
39187,0,20
39188,1,15
39189,2,19
39190,0,15
39191,1,15
39192,2,21
39193,0,33
39194,1,9
39195,2,28
39196,0,15
39197,1,16
39198,2,17
39199,0,28
39200,1,21
39201,2,11
39202,0,15
39203,1,6
39204,2,19
39205,0,16
39206,1,10
39207,2,21
39208,0,13
39209,1,26
39210,2,18
39211,0,23
39212,1,19
39213,2,18
39214,0,21
39215,1,20
39216,2,17
39217,0,22
39218,1,17
39219,2,17
39220,0,16
39221,1,16
39222,2,9
39223,0,26
39224,1,14
39225,2,42
39226,0,17
39227,1,16
39228,2,20
39229,0,14
39230,1,23
39231,2,14
39232,0,26
39233,1,28
39234,2,20
39235,0,23
39236,1,28
39237,2,13
39238,0,22
39239,1,10
39240,2,10
39241,0,26
39242,1,8
39243,2,19
39244,0,16
39245,1,11
39246,2,15
39247,0,17
39248,1,13
39249,2,22
39250,0,28
39251,1,13
39252,2,13
39253,0,29
39254,1,19
39255,2,25
39256,0,25
39257,1,6
39258,2,19
39259,0,28
39260,1,14
39261,2,23
39262,0,29
39263,1,9
39264,2,21
39265,0,20
39266,1,22
39267,2,14
39268,0,20
39269,1,11
39270,2,15
39271,0,20
39272,1,14
39273,2,29
39274,0,19
39275,1,20
39276,2,7
39277,0,18
39278,1,20
39279,2,11
39280,0,18
39281,1,17
39282,2,18
39283,0,13
39284,1,9
39285,2,20
39286,0,11
39287,1,29
39288,2,17
39289,0,26
39290,1,19
39291,2,26
39292,0,13
39293,1,19
39294,2,17
39295,0,9
39296,1,23
39297,2,22
39298,0,34
39299,1,15
39300,2,17
39301,0,20
39302,1,16
39303,2,16
39304,0,17
39305,1,14
39306,2,34
39307,0,28
39308,1,15
39309,2,18
39310,0,10
39311,1,14
39312,2,19
39313,0,26
39314,1,17
39315,2,21
39316,0,10
39317,1,5
39318,2,15
39319,0,16
39320,1,14
39321,2,34
39322,0,11
39323,1,31
39324,2,11
39325,0,14
39326,1,17
39327,2,32
39328,0,13
39329,1,14
39330,2,14
39331,0,8
39332,1,40
39333,2,27
39334,0,16
39335,1,23
39336,2,20
39337,0,21
39338,1,17
39339,2,20
39340,0,20
39341,1,16
39342,2,13
39343,0,14
39344,1,21
39345,2,14
39346,0,23
39347,1,52
39348,2,11
39349,0,23
39350,1,23
39351,2,18
39352,0,16
39353,1,18
39354,2,21
39355,0,33
39356,1,29
39357,2,17
39358,0,36
39359,1,10
39360,2,24
39361,0,16
39362,1,10
39363,2,29
39364,0,18
39365,1,7
39366,2,13
39367,0,19
39368,1,30
39369,2,24
39370,0,24
39371,1,23
39372,2,19
39373,0,16
39374,1,21
39375,2,25
39376,0,19
39377,1,13
39378,2,8
39379,0,17
39380,1,20
39381,2,11
39382,0,15
39383,1,14
39384,2,14
39385,0,18
39386,1,12
39387,2,10
39388,0,8
39389,1,11
39390,2,6
39391,0,13
39392,1,15
39393,2,11
39394,0,24
39395,1,15
39396,2,26
39397,0,16
39398,1,6
39399,2,24
39400,0,14
39401,1,27
39402,2,10
39403,0,24
39404,1,22
39405,2,22
39406,0,17
39407,1,21
39408,2,11
39409,0,21
39410,1,11
39411,2,20
39412,0,20
39413,1,11
39414,2,22
39415,0,15
39416,1,8
39417,2,22
39418,0,24
39419,1,46
39420,2,28
39421,0,14
39422,1,24
39423,2,19
39424,0,13
39425,1,22
39426,2,13
39427,0,15
39428,1,24
39429,2,39
39430,0,23
39431,1,23
39432,2,26
39433,0,15
39434,1,3
39435,2,17
39436,0,8
39437,1,16
39438,2,20
39439,0,17
39440,1,30
39441,2,23
39442,0,23
39443,1,4
39444,2,12
39445,0,18
39446,1,21
39447,2,14
39448,0,8
39449,1,13
39450,2,25
39451,0,14
39452,1,22
39453,2,18
39454,0,21
39455,1,19
39456,2,8
39457,0,8
39458,1,18
39459,2,26
39460,0,20
39461,1,16
39462,2,24
39463,0,14
39464,1,12
39465,2,18
39466,0,15
39467,1,29
39468,2,11
39469,0,17
39470,1,12
39471,2,12
39472,0,23
39473,1,31
39474,2,22
39475,0,20
39476,1,13
39477,2,27
39478,0,20
39479,1,10
39480,2,21
39481,0,12
39482,1,14
39483,2,9
39484,0,13
39485,1,15
39486,2,34
39487,0,15
39488,1,15
39489,2,26
39490,0,22
39491,1,32
39492,2,17
39493,0,17
39494,1,9
39495,2,28
39496,0,24
39497,1,21
39498,2,17
39499,0,19
39500,1,9
39501,2,37
39502,0,6
39503,1,16
39504,2,20
39505,0,15
39506,1,5
39507,2,14
39508,0,22
39509,1,17
39510,2,15
39511,0,19
39512,1,14
39513,2,33
39514,0,21
39515,1,17
39516,2,21
39517,0,8
39518,1,15
39519,2,8
39520,0,14
39521,1,35
39522,2,12
39523,0,26
39524,1,16
39525,2,17
39526,0,15
39527,1,24
39528,2,30
39529,0,17
39530,1,14
39531,2,13
39532,0,9
39533,1,7
39534,2,19
39535,0,17
39536,1,26
39537,2,19
39538,0,16
39539,1,15
39540,2,14
39541,0,17
39542,1,7
39543,2,20
39544,0,32
39545,1,12
39546,2,19
39547,0,16
39548,1,24
39549,2,12
39550,0,22
39551,1,25
39552,2,23
39553,0,20
39554,1,28
39555,2,20
39556,0,24
39557,1,25
39558,2,19
39559,0,17
39560,1,25
39561,2,13
39562,0,8
39563,1,7
39564,2,7
39565,0,16
39566,1,11
39567,2,12
39568,0,8
39569,1,18
39570,2,14
39571,0,20
39572,1,17
39573,2,31
39574,0,21
39575,1,35
39576,2,24
39577,0,17
39578,1,9
39579,2,14
39580,0,17
39581,1,22
39582,2,12
39583,0,18
39584,1,14
39585,2,11
39586,0,14
39587,1,31
39588,2,26
39589,0,20
39590,1,14
39591,2,21
39592,0,19
39593,1,18
39594,2,19
39595,0,14
39596,1,21
39597,2,9
39598,0,21
39599,1,16
39600,2,29
39601,0,17
39602,1,8
39603,2,18
39604,0,28
39605,1,19
39606,2,24
39607,0,20
39608,1,20
39609,2,17
39610,0,18
39611,1,17
39612,2,10
39613,0,23
39614,1,20
39615,2,25
39616,0,18
39617,1,11
39618,2,21
39619,0,19
39620,1,12
39621,2,28
39622,0,10
39623,1,10
39624,2,17
39625,0,13
39626,1,12
39627,2,20
39628,0,13
39629,1,31
39630,2,14
39631,0,18
39632,1,19
39633,2,24
39634,0,36
39635,1,18
39636,2,18
39637,0,16
39638,1,17
39639,2,27
39640,0,13
39641,1,15
39642,2,11
39643,0,26
39644,1,12
39645,2,17
39646,0,13
39647,1,17
39648,2,5
39649,0,13
39650,1,15
39651,2,17
39652,0,13
39653,1,12
39654,2,13
39655,0,21
39656,1,9
39657,2,16
39658,0,31
39659,1,14
39660,2,18
39661,0,22
39662,1,15
39663,2,27
39664,0,15
39665,1,33
39666,2,6
39667,0,15
39668,1,12
39669,2,32
39670,0,27
39671,1,10
39672,2,10
39673,0,17
39674,1,12
39675,2,20
39676,0,21
39677,1,11
39678,2,26
39679,0,23
39680,1,24
39681,2,15
39682,0,26
39683,1,16
39684,2,16
39685,0,12
39686,1,16
39687,2,16
39688,0,17
39689,1,14
39690,2,12
39691,0,15
39692,1,20
39693,2,10
39694,0,22
39695,1,33
39696,2,16
39697,0,22
39698,1,22
39699,2,19
39700,0,26
39701,1,10
39702,2,22
39703,0,19
39704,1,6
39705,2,15
39706,0,12
39707,1,9
39708,2,19
39709,0,17
39710,1,16
39711,2,11
39712,0,15
39713,1,36
39714,2,11
39715,0,14
39716,1,23
39717,2,14
39718,0,29
39719,1,27
39720,2,26
39721,0,11
39722,1,8
39723,2,13
39724,0,15
39725,1,16
39726,2,23
39727,0,21
39728,1,15
39729,2,9
39730,0,19
39731,1,17
39732,2,16
39733,0,17
39734,1,18
39735,2,13
39736,0,32
39737,1,27
39738,2,24
39739,0,14
39740,1,10
39741,2,15
39742,0,11
39743,1,22
39744,2,29
39745,0,12
39746,1,9
39747,2,16
39748,0,11
39749,1,11
39750,2,26
39751,0,11
39752,1,12
39753,2,24
39754,0,23
39755,1,14
39756,2,29
39757,0,13
39758,1,18
39759,2,24
39760,0,27
39761,1,28
39762,2,34
39763,0,10
39764,1,26
39765,2,17
39766,0,6
39767,1,14
39768,2,20
39769,0,14
39770,1,17
39771,2,16
39772,0,9
39773,1,2
39774,2,29
39775,0,21
39776,1,28
39777,2,10
39778,0,12
39779,1,12
39780,2,13
39781,0,13
39782,1,30
39783,2,25
39784,0,18
39785,1,12
39786,2,14
39787,0,21
39788,1,18
39789,2,21
39790,0,10
39791,1,17
39792,2,4
39793,0,16
39794,1,29
39795,2,7
39796,0,23
39797,1,15
39798,2,18
39799,0,14
39800,1,11
39801,2,28
39802,0,21
39803,1,22
39804,2,20
39805,0,25
39806,1,12
39807,2,22
39808,0,14
39809,1,14
39810,2,18
39811,0,24
39812,1,5
39813,2,6
39814,0,13
39815,1,8
39816,2,10
39817,0,9
39818,1,17
39819,2,14
39820,0,18
39821,1,8
39822,2,15
39823,0,22
39824,1,27
39825,2,26
39826,0,11
39827,1,12
39828,2,8
39829,0,26
39830,1,25
39831,2,20
39832,0,25
39833,1,25
39834,2,15
39835,0,14
39836,1,20
39837,2,10
39838,0,26
39839,1,12
39840,2,17
39841,0,22
39842,1,17
39843,2,23
39844,0,24
39845,1,9
39846,2,38
39847,0,19
39848,1,22
39849,2,12
39850,0,18
39851,1,20
39852,2,17
39853,0,31
39854,1,23
39855,2,42
39856,0,28
39857,1,25
39858,2,26
39859,0,14
39860,1,13
39861,2,27
39862,0,15
39863,1,9
39864,2,9
39865,0,20
39866,1,18
39867,2,9
39868,0,17
39869,1,11
39870,2,13
39871,0,15
39872,1,28
39873,2,7
39874,0,25
39875,1,16
39876,2,17
39877,0,11
39878,1,15
39879,2,16
39880,0,6
39881,1,17
39882,2,18
39883,0,14
39884,1,12
39885,2,14
39886,0,19
39887,1,17
39888,2,7
39889,0,22
39890,1,16
39891,2,12
39892,0,24
39893,1,15
39894,2,15
39895,0,18
39896,1,11
39897,2,7
39898,0,20
39899,1,31
39900,2,12
39901,0,25
39902,1,18
39903,2,20
39904,0,6
39905,1,21
39906,2,18
39907,0,25
39908,1,8
39909,2,21
39910,0,13
39911,1,20
39912,2,12
39913,0,20
39914,1,31
39915,2,24
39916,0,21
39917,1,11
39918,2,24
39919,0,15
39920,1,22
39921,2,12
39922,0,12
39923,1,6
39924,2,28
39925,0,11
39926,1,14
39927,2,13
39928,0,17
39929,1,14
39930,2,23
39931,0,23
39932,1,21
39933,2,8
39934,0,20
39935,1,18
39936,2,29
39937,0,22
39938,1,15
39939,2,34
39940,0,37
39941,1,11
39942,2,16
39943,0,14
39944,1,21
39945,2,26
39946,0,25
39947,1,16
39948,2,22
39949,0,14
39950,1,21
39951,2,9
39952,0,16
39953,1,27
39954,2,9
39955,0,18
39956,1,20
39957,2,22
39958,0,11
39959,1,12
39960,2,16
39961,0,12
39962,1,21
39963,2,8
39964,0,21
39965,1,16
39966,2,31
39967,0,12
39968,1,13
39969,2,6
39970,0,21
39971,1,15
39972,2,29
39973,0,19
39974,1,35
39975,2,25
39976,0,21
39977,1,18
39978,2,14
39979,0,22
39980,1,18
39981,2,36
39982,0,17
39983,1,16
39984,2,19
39985,0,26
39986,1,18
39987,2,28
39988,0,26
39989,1,37
39990,2,29
39991,0,22
39992,1,14
39993,2,24
39994,0,15
39995,1,26
39996,2,10
39997,0,17
39998,1,17
39999,2,30
40000,0,26
40001,1,27
40002,2,9
40003,0,26
40004,1,34
40005,2,24
40006,0,28
40007,1,15
40008,2,33
40009,0,5
40010,1,14
40011,2,23
40012,0,11
40013,1,13
40014,2,22
40015,0,17
40016,1,15
40017,2,11
40018,0,13
40019,1,7
40020,2,22
40021,0,19
40022,1,15
40023,2,11
40024,0,11
40025,1,13
40026,2,17
40027,0,12
40028,1,22
40029,2,10
40030,0,14
40031,1,8
40032,2,20
40033,0,7
40034,1,30
40035,2,23
40036,0,21
40037,1,6
40038,2,22
40039,0,8
40040,1,7
40041,2,12
40042,0,32
40043,1,22
40044,2,17
40045,0,35
40046,1,38
40047,2,33
40048,0,14
40049,1,20
40050,2,11
40051,0,17
40052,1,20
40053,2,19
40054,0,16
40055,1,17
40056,2,10
40057,0,31
40058,1,10
40059,2,17
40060,0,13
40061,1,9
40062,2,21
40063,0,30
40064,1,31
40065,2,13
40066,0,13
40067,1,20
40068,2,20
40069,0,16
40070,1,12
40071,2,12
40072,0,18
40073,1,10
40074,2,22
40075,0,11
40076,1,14
40077,2,22
40078,0,16
40079,1,37
40080,2,17
40081,0,11
40082,1,10
40083,2,14
40084,0,23
40085,1,35
40086,2,11
40087,0,18
40088,1,27
40089,2,20
40090,0,23
40091,1,15
40092,2,16
40093,0,22
40094,1,19
40095,2,13
40096,0,32
40097,1,11
40098,2,33
40099,0,15
40100,1,11
40101,2,10
40102,0,22
40103,1,18
40104,2,14
40105,0,15
40106,1,9
40107,2,14
40108,0,8
40109,1,11
40110,2,13
40111,0,15
40112,1,8
40113,2,16
40114,0,17
40115,1,16
40116,2,18
40117,0,20
40118,1,16
40119,2,13
40120,0,22
40121,1,17
40122,2,20
40123,0,13
40124,1,19
40125,2,16
40126,0,40
40127,1,36
40128,2,23
40129,0,20
40130,1,10
40131,2,6
40132,0,12
40133,1,24
40134,2,11
40135,0,25
40136,1,9
40137,2,18
40138,0,16
40139,1,22
40140,2,21
40141,0,32
40142,1,16
40143,2,28
40144,0,26
40145,1,17
40146,2,19
40147,0,20
40148,1,14
40149,2,17
40150,0,24
40151,1,16
40152,2,11
40153,0,19
40154,1,36
40155,2,17
40156,0,20
40157,1,20
40158,2,20
40159,0,11
40160,1,14
40161,2,33
40162,0,12
40163,1,11
40164,2,17
40165,0,21
40166,1,31
40167,2,18
40168,0,11
40169,1,9
40170,2,15
40171,0,22
40172,1,22
40173,2,17
40174,0,17
40175,1,27
40176,2,21
40177,0,13
40178,1,11
40179,2,22
40180,0,21
40181,1,15
40182,2,9
