1,0,0
2,1,0
3,2,0
4,0,0
5,1,0
6,2,0
7,0,0
8,1,0
9,2,0
10,0,0
11,1,0
12,2,0
13,0,0
14,1,0
15,2,0
16,0,0
17,1,0
18,2,0
19,0,0
20,1,0
21,2,0
22,0,0
23,1,0
24,2,0
25,0,0
26,1,0
27,2,0
28,0,0
29,1,0
30,2,0
31,0,0
32,1,0
33,2,0
34,0,0
35,1,0
36,2,0
37,0,0
38,1,0
39,2,0
40,0,0
41,1,0
42,2,0
43,0,0
44,1,0
45,2,0
46,0,0
47,1,0
48,2,0
49,0,0
50,1,0
51,2,0
52,0,0
53,1,0
54,2,0
55,0,0
56,1,0
57,2,0
58,0,0
59,1,0
60,2,0
61,0,0
62,1,0
63,2,0
64,0,0
65,1,0
66,2,0
67,0,0
68,1,0
69,2,0
70,0,0
71,1,0
72,2,0
73,0,0
74,1,0
75,2,0
76,0,0
77,1,0
78,2,0
79,0,0
80,1,0
81,2,0
82,0,0
83,1,0
84,2,0
85,0,0
86,1,0
87,2,0
88,0,0
89,1,0
90,2,0
91,0,0
92,1,0
93,2,0
94,0,0
95,1,0
96,2,0
97,0,0
98,1,0
99,2,0
100,0,0
101,1,0
102,2,0
103,0,0
104,1,0
105,2,0
106,0,0
107,1,0
108,2,0
109,0,0
110,1,0
111,2,0
112,0,0
113,1,0
114,2,0
115,0,0
116,1,0
117,2,0
118,0,0
119,1,0
120,2,0
121,0,0
122,1,0
123,2,0
124,0,0
125,1,0
126,2,0
127,0,0
128,1,0
129,2,0
130,0,0
131,1,0
132,2,0
133,0,0
134,1,0
135,2,0
136,0,0
137,1,0
138,2,0
139,0,0
140,1,0
141,2,0
142,0,0
143,1,0
144,2,0
145,0,0
146,1,0
147,2,0
148,0,0
149,1,0
150,2,0
151,0,0
152,1,0
153,2,0
154,0,0
155,1,0
156,2,0
157,0,0
158,1,0
159,2,0
160,0,0
161,1,0
162,2,0
163,0,0
164,1,0
165,2,0
166,0,0
167,1,0
168,2,0
169,0,0
170,1,0
171,2,0
172,0,0
173,1,0
174,2,0
175,0,0
176,1,0
177,2,0
178,0,0
179,1,0
180,2,0
181,0,0
182,1,0
183,2,0
184,0,0
185,1,0
186,2,0
187,0,0
188,1,0
189,2,0
190,0,0
191,1,0
192,2,0
193,0,0
194,1,0
195,2,0
196,0,0
197,1,0
198,2,0
199,0,0
200,1,0
201,2,0
202,0,0
203,1,0
204,2,0
205,0,0
206,1,0
207,2,0
208,0,0
209,1,0
210,2,0
211,0,0
212,1,0
213,2,0
214,0,0
215,1,0
216,2,0
217,0,0
218,1,0
219,2,0
220,0,0
221,1,0
222,2,0
223,0,0
224,1,0
225,2,0
226,0,0
227,1,0
228,2,0
229,0,0
230,1,0
231,2,0
232,0,0
233,1,0
234,2,0
235,0,0
236,1,0
237,2,0
238,0,0
239,1,0
240,2,0
241,0,0
242,1,0
243,2,0
244,0,0
245,1,0
246,2,0
247,0,0
248,1,0
249,2,0
250,0,0
251,1,0
252,2,0
253,0,0
254,1,0
255,2,0
256,0,0
257,1,0
258,2,0
259,0,0
260,1,0
261,2,0
262,0,0
263,1,0
264,2,0
265,0,0
266,1,0
267,2,0
268,0,0
269,1,0
270,2,0
271,0,0
272,1,0
273,2,0
274,0,0
275,1,0
276,2,0
277,0,0
278,1,0
279,2,0
280,0,0
281,1,0
282,2,0
283,0,0
284,1,0
285,2,0
286,0,0
287,1,0
288,2,0
289,0,0
290,1,0
291,2,0
292,0,0
293,1,0
294,2,0
295,0,0
296,1,0
297,2,0
298,0,0
299,1,0
300,2,0
301,0,0
302,1,0
303,2,0
304,0,0
305,1,0
306,2,0
307,0,0
308,1,0
309,2,0
310,0,0
311,1,0
312,2,0
313,0,0
314,1,0
315,2,0
316,0,0
317,1,0
318,2,0
319,0,0
320,1,0
321,2,0
322,0,0
323,1,0
324,2,0
325,0,0
326,1,0
327,2,0
328,0,0
329,1,0
330,2,0
331,0,0
332,1,0
333,2,0
334,0,0
335,1,0
336,2,0
337,0,0
338,1,0
339,2,0
340,0,0
341,1,0
342,2,0
343,0,0
344,1,0
345,2,0
346,0,0
347,1,0
348,2,0
349,0,0
350,1,0
351,2,0
352,0,0
353,1,0
354,2,0
355,0,0
356,1,0
357,2,0
358,0,0
359,1,0
360,2,0
361,0,0
362,1,0
363,2,0
364,0,0
365,1,0
366,2,0
367,0,0
368,1,0
369,2,0
370,0,0
371,1,0
372,2,0
373,0,0
374,1,0
375,2,0
376,0,0
377,1,0
378,2,0
379,0,0
380,1,0
381,2,0
382,0,0
383,1,0
384,2,0
385,0,0
386,1,0
387,2,0
388,0,0
389,1,0
390,2,0
391,0,0
392,1,0
393,2,0
394,0,0
395,1,0
396,2,0
397,0,0
398,1,0
399,2,0
400,0,0
401,1,0
402,2,0
403,0,0
404,1,0
405,2,0
406,0,0
407,1,0
408,2,0
409,0,0
410,1,0
411,2,0
412,0,0
413,1,0
414,2,0
415,0,0
416,1,0
417,2,0
418,0,0
419,1,0
420,2,0
421,0,0
422,1,0
423,2,0
424,0,0
425,1,0
426,2,0
427,0,0
428,1,0
429,2,0
430,0,0
431,1,0
432,2,0
433,0,0
434,1,0
435,2,0
436,0,0
437,1,0
438,2,0
439,0,0
440,1,0
441,2,0
442,0,0
443,1,0
444,2,0
445,0,0
446,1,0
447,2,0
448,0,0
449,1,0
450,2,0
451,0,0
452,1,0
453,2,0
454,0,0
455,1,0
456,2,0
457,0,0
458,1,0
459,2,0
460,0,0
461,1,0
462,2,0
463,0,0
464,1,0
465,2,0
466,0,0
467,1,0
468,2,0
469,0,0
470,1,0
471,2,0
472,0,0
473,1,0
474,2,0
475,0,0
476,1,0
477,2,0
478,0,0
479,1,0
480,2,0
481,0,0
482,1,0
483,2,0
484,0,0
485,1,0
486,2,0
487,0,0
488,1,0
489,2,0
490,0,0
491,1,0
492,2,0
493,0,0
494,1,0
495,2,0
496,0,0
497,1,0
498,2,0
499,0,0
500,1,0
501,2,0
502,0,0
503,1,0
504,2,0
505,0,0
506,1,0
507,2,0
508,0,0
509,1,0
510,2,0
511,0,0
512,1,0
513,2,0
514,0,0
515,1,0
516,2,0
517,0,0
518,1,0
519,2,0
520,0,0
521,1,0
522,2,0
523,0,0
524,1,0
525,2,0
526,0,0
527,1,0
528,2,0
529,0,0
530,1,0
531,2,0
532,0,0
533,1,0
534,2,0
535,0,0
536,1,0
537,2,0
538,0,0
539,1,0
540,2,0
541,0,0
542,1,0
543,2,0
544,0,0
545,1,0
546,2,0
547,0,0
548,1,0
549,2,0
550,0,0
551,1,0
552,2,0
553,0,0
554,1,0
555,2,0
556,0,0
557,1,0
558,2,0
559,0,0
560,1,0
561,2,0
562,0,0
563,1,0
564,2,0
565,0,0
566,1,0
567,2,0
568,0,0
569,1,0
570,2,0
571,0,0
572,1,0
573,2,0
574,0,0
575,1,0
576,2,0
577,0,0
578,1,0
579,2,0
580,0,0
581,1,0
582,2,0
583,0,0
584,1,0
585,2,0
586,0,0
587,1,0
588,2,0
589,0,0
590,1,0
591,2,0
592,0,0
593,1,0
594,2,0
595,0,0
596,1,0
597,2,0
598,0,0
599,1,0
600,2,0
601,0,0
602,1,0
603,2,0
604,0,0
605,1,0
606,2,0
607,0,0
608,1,0
609,2,0
610,0,0
611,1,0
612,2,0
613,0,0
614,1,0
615,2,0
616,0,0
617,1,0
618,2,0
619,0,0
620,1,0
621,2,0
622,0,0
623,1,0
624,2,0
625,0,0
626,1,0
627,2,0
628,0,0
629,1,0
630,2,0
631,0,0
632,1,0
633,2,0
634,0,0
635,1,0
636,2,0
637,0,0
638,1,0
639,2,0
640,0,0
641,1,0
642,2,0
643,0,0
644,1,0
645,2,0
646,0,0
647,1,0
648,2,0
649,0,0
650,1,0
651,2,0
652,0,0
653,1,0
654,2,0
655,0,0
656,1,0
657,2,0
658,0,0
659,1,0
660,2,0
661,0,0
662,1,0
663,2,0
664,0,0
665,1,0
666,2,0
667,0,0
668,1,0
669,2,0
670,0,0
671,1,0
672,2,0
673,0,0
674,1,0
675,2,0
676,0,0
677,1,0
678,2,0
679,0,0
680,1,0
681,2,0
682,0,0
683,1,0
684,2,0
685,0,0
686,1,0
687,2,0
688,0,0
689,1,0
690,2,0
691,0,0
692,1,0
693,2,0
694,0,0
695,1,0
696,2,0
697,0,0
698,1,0
699,2,0
700,0,0
701,1,0
702,2,0
703,0,0
704,1,0
705,2,0
706,0,0
707,1,0
708,2,0
709,0,0
710,1,0
711,2,0
712,0,0
713,1,0
714,2,0
715,0,0
716,1,0
717,2,0
718,0,0
719,1,0
720,2,0
721,0,0
722,1,0
723,2,0
724,0,0
725,1,0
726,2,0
727,0,0
728,1,0
729,2,0
730,0,0
731,1,0
732,2,0
733,0,0
734,1,0
735,2,0
736,0,0
737,1,0
738,2,0
739,0,0
740,1,0
741,2,0
742,0,0
743,1,0
744,2,0
745,0,0
746,1,0
747,2,0
748,0,0
749,1,0
750,2,0
751,0,0
752,1,0
753,2,0
754,0,0
755,1,0
756,2,0
757,0,0
758,1,0
759,2,0
760,0,0
761,1,0
762,2,0
763,0,0
764,1,0
765,2,0
766,0,0
767,1,0
768,2,0
769,0,0
770,1,0
771,2,0
772,0,0
773,1,0
774,2,0
775,0,0
776,1,0
777,2,0
778,0,0
779,1,0
780,2,0
781,0,0
782,1,0
783,2,0
784,0,0
785,1,0
786,2,0
787,0,0
788,1,0
789,2,0
790,0,0
791,1,0
792,2,0
793,0,0
794,1,0
795,2,0
796,0,0
797,1,0
798,2,0
799,0,0
800,1,0
801,2,0
802,0,0
803,1,0
804,2,0
805,0,0
806,1,0
807,2,0
808,0,0
809,1,0
810,2,0
811,0,0
812,1,0
813,2,0
814,0,0
815,1,0
816,2,0
817,0,0
818,1,0
819,2,0
820,0,0
821,1,0
822,2,0
823,0,0
824,1,0
825,2,0
826,0,0
827,1,0
828,2,0
829,0,0
830,1,0
831,2,0
832,0,0
833,1,0
834,2,0
835,0,0
836,1,0
837,2,0
838,0,0
839,1,0
840,2,0
841,0,0
842,1,0
843,2,0
844,0,0
845,1,0
846,2,0
847,0,0
848,1,0
849,2,0
850,0,0
851,1,0
852,2,0
853,0,0
854,1,0
855,2,0
856,0,0
857,1,0
858,2,0
859,0,0
860,1,0
861,2,0
862,0,0
863,1,0
864,2,0
865,0,0
866,1,0
867,2,0
868,0,0
869,1,0
870,2,0
871,0,0
872,1,0
873,2,0
874,0,0
875,1,0
876,2,0
877,0,0
878,1,0
879,2,0
880,0,0
881,1,0
882,2,0
883,0,0
884,1,0
885,2,0
886,0,0
887,1,0
888,2,0
889,0,0
890,1,0
891,2,0
892,0,0
893,1,0
894,2,0
895,0,0
896,1,0
897,2,0
898,0,0
899,1,0
900,2,0
901,0,0
902,1,0
903,2,0
904,0,0
905,1,0
906,2,0
907,0,0
908,1,0
909,2,0
910,0,0
911,1,0
912,2,0
913,0,0
914,1,0
915,2,0
916,0,0
917,1,0
918,2,0
919,0,0
920,1,0
921,2,0
922,0,0
923,1,0
924,2,0
925,0,0
926,1,0
927,2,0
928,0,0
929,1,0
930,2,0
931,0,0
932,1,0
933,2,0
934,0,0
935,1,0
936,2,0
937,0,0
938,1,0
939,2,0
940,0,0
941,1,0
942,2,0
943,0,0
944,1,0
945,2,0
946,0,0
947,1,0
948,2,0
949,0,0
950,1,0
951,2,0
952,0,0
953,1,0
954,2,0
955,0,0
956,1,0
957,2,0
958,0,0
959,1,0
960,2,0
961,0,0
962,1,0
963,2,0
964,0,0
965,1,0
966,2,0
967,0,0
968,1,0
969,2,0
970,0,0
971,1,0
972,2,0
973,0,0
974,1,0
975,2,0
976,0,0
977,1,0
978,2,0
979,0,0
980,1,0
981,2,0
982,0,0
983,1,0
984,2,0
985,0,0
986,1,0
987,2,0
988,0,0
989,1,0
990,2,0
991,0,0
992,1,0
993,2,0
994,0,0
995,1,0
996,2,0
997,0,0
998,1,0
999,2,0
1000,0,0
1001,1,0
1002,2,0
1003,0,0
1004,1,0
1005,2,0
1006,0,0
1007,1,0
1008,2,0
1009,0,0
1010,1,0
1011,2,0
1012,0,0
1013,1,0
1014,2,0
1015,0,0
1016,1,0
1017,2,0
1018,0,0
1019,1,0
1020,2,0
1021,0,0
1022,1,0
1023,2,0
1024,0,0
1025,1,0
1026,2,0
1027,0,0
1028,1,0
1029,2,0
1030,0,0
1031,1,0
1032,2,0
1033,0,0
1034,1,0
1035,2,0
1036,0,0
1037,1,0
1038,2,0
1039,0,0
1040,1,0
1041,2,0
1042,0,0
1043,1,0
1044,2,0
1045,0,0
1046,1,0
1047,2,0
1048,0,0
1049,1,0
1050,2,0
1051,0,0
1052,1,0
1053,2,0
1054,0,0
1055,1,0
1056,2,0
1057,0,0
1058,1,0
1059,2,0
1060,0,0
1061,1,0
1062,2,0
1063,0,0
1064,1,0
1065,2,0
1066,0,0
1067,1,0
1068,2,0
1069,0,0
1070,1,0
1071,2,0
1072,0,0
1073,1,0
1074,2,0
1075,0,0
1076,1,0
1077,2,0
1078,0,0
1079,1,0
1080,2,0
1081,0,0
1082,1,0
1083,2,0
1084,0,0
1085,1,0
1086,2,0
1087,0,0
1088,1,0
1089,2,0
1090,0,0
1091,1,0
1092,2,0
1093,0,0
1094,1,0
1095,2,0
1096,0,0
1097,1,0
1098,2,0
1099,0,0
1100,1,0
1101,2,0
1102,0,0
1103,1,0
1104,2,0
1105,0,0
1106,1,0
1107,2,0
1108,0,0
1109,1,0
1110,2,0
1111,0,0
1112,1,0
1113,2,0
1114,0,0
1115,1,0
1116,2,0
1117,0,0
1118,1,0
1119,2,0
1120,0,0
1121,1,0
1122,2,0
1123,0,0
1124,1,0
1125,2,0
1126,0,0
1127,1,0
1128,2,0
1129,0,0
1130,1,0
1131,2,0
1132,0,0
1133,1,0
1134,2,0
1135,0,0
1136,1,0
1137,2,0
1138,0,0
1139,1,0
1140,2,0
1141,0,0
1142,1,0
1143,2,0
1144,0,0
1145,1,0
1146,2,0
1147,0,0
1148,1,0
1149,2,0
1150,0,0
1151,1,0
1152,2,0
1153,0,0
1154,1,0
1155,2,0
1156,0,0
1157,1,0
1158,2,0
1159,0,0
1160,1,0
1161,2,0
1162,0,0
1163,1,0
1164,2,0
1165,0,0
1166,1,0
1167,2,0
1168,0,0
1169,1,0
1170,2,0
1171,0,0
1172,1,0
1173,2,0
1174,0,0
1175,1,0
1176,2,0
1177,0,0
1178,1,0
1179,2,0
1180,0,0
1181,1,0
1182,2,0
1183,0,0
1184,1,0
1185,2,0
1186,0,0
1187,1,0
1188,2,0
1189,0,0
1190,1,0
1191,2,0
1192,0,0
1193,1,0
1194,2,0
1195,0,0
1196,1,0
1197,2,0
1198,0,0
1199,1,0
1200,2,0
1201,0,0
1202,1,0
1203,2,0
1204,0,0
1205,1,0
1206,2,0
1207,0,0
1208,1,0
1209,2,0
1210,0,0
1211,1,0
1212,2,0
1213,0,0
1214,1,0
1215,2,0
1216,0,0
1217,1,0
1218,2,0
1219,0,0
1220,1,0
1221,2,0
1222,0,0
1223,1,0
1224,2,0
1225,0,0
1226,1,0
1227,2,0
1228,0,0
1229,1,0
1230,2,0
1231,0,0
1232,1,0
1233,2,0
1234,0,0
1235,1,0
1236,2,0
1237,0,0
1238,1,0
1239,2,0
1240,0,0
1241,1,0
1242,2,0
1243,0,0
1244,1,0
1245,2,0
1246,0,0
1247,1,0
1248,2,0
1249,0,0
1250,1,0
1251,2,0
1252,0,0
1253,1,0
1254,2,0
1255,0,0
1256,1,0
1257,2,0
1258,0,0
1259,1,0
1260,2,0
1261,0,0
1262,1,0
1263,2,0
1264,0,0
1265,1,0
1266,2,0
1267,0,0
1268,1,0
1269,2,0
1270,0,0
1271,1,0
1272,2,0
1273,0,0
1274,1,0
1275,2,0
1276,0,0
1277,1,0
1278,2,0
1279,0,0
1280,1,0
1281,2,0
1282,0,0
1283,1,0
1284,2,0
1285,0,0
1286,1,0
1287,2,0
1288,0,0
1289,1,0
1290,2,0
1291,0,0
1292,1,0
1293,2,0
1294,0,0
1295,1,0
1296,2,0
1297,0,0
1298,1,0
1299,2,0
1300,0,0
1301,1,0
1302,2,0
1303,0,0
1304,1,0
1305,2,0
1306,0,0
1307,1,0
1308,2,0
1309,0,0
1310,1,0
1311,2,0
1312,0,0
1313,1,0
1314,2,0
1315,0,0
1316,1,0
1317,2,0
1318,0,0
1319,1,0
1320,2,0
1321,0,0
1322,1,0
1323,2,0
1324,0,0
1325,1,0
1326,2,0
1327,0,0
1328,1,0
1329,2,0
1330,0,0
1331,1,0
1332,2,0
1333,0,0
1334,1,0
1335,2,0
1336,0,0
1337,1,0
1338,2,0
1339,0,0
1340,1,0
1341,2,0
1342,0,0
1343,1,0
1344,2,0
1345,0,0
1346,1,0
1347,2,0
1348,0,0
1349,1,0
1350,2,0
1351,0,0
1352,1,0
1353,2,0
1354,0,0
1355,1,0
1356,2,0
1357,0,0
1358,1,0
1359,2,0
1360,0,0
1361,1,0
1362,2,0
1363,0,0
1364,1,0
1365,2,0
1366,0,0
1367,1,0
1368,2,0
1369,0,0
1370,1,0
1371,2,0
1372,0,0
1373,1,0
1374,2,0
1375,0,0
1376,1,0
1377,2,0
1378,0,0
1379,1,0
1380,2,0
1381,0,0
1382,1,0
1383,2,0
1384,0,0
1385,1,0
1386,2,0
1387,0,0
1388,1,0
1389,2,0
1390,0,0
1391,1,0
1392,2,0
1393,0,0
1394,1,0
1395,2,0
1396,0,0
1397,1,0
1398,2,0
1399,0,0
1400,1,0
1401,2,0
1402,0,0
1403,1,0
1404,2,0
1405,0,0
1406,1,0
1407,2,0
1408,0,0
1409,1,0
1410,2,0
1411,0,0
1412,1,0
1413,2,0
1414,0,0
1415,1,0
1416,2,0
1417,0,0
1418,1,0
1419,2,0
1420,0,0
1421,1,0
1422,2,0
1423,0,0
1424,1,0
1425,2,0
1426,0,0
1427,1,0
1428,2,0
1429,0,0
1430,1,0
1431,2,0
1432,0,0
1433,1,0
1434,2,0
1435,0,0
1436,1,0
1437,2,0
1438,0,0
1439,1,0
1440,2,0
1441,0,0
1442,1,0
1443,2,0
1444,0,0
1445,1,0
1446,2,0
1447,0,0
1448,1,0
1449,2,0
1450,0,0
1451,1,0
1452,2,0
1453,0,0
1454,1,0
1455,2,0
1456,0,0
1457,1,0
1458,2,0
1459,0,0
1460,1,0
1461,2,0
1462,0,0
1463,1,0
1464,2,0
1465,0,0
1466,1,0
1467,2,0
1468,0,0
1469,1,0
1470,2,0
1471,0,0
1472,1,0
1473,2,0
1474,0,0
1475,1,0
1476,2,0
1477,0,0
1478,1,0
1479,2,0
1480,0,0
1481,1,0
1482,2,0
1483,0,0
1484,1,0
1485,2,0
1486,0,0
1487,1,0
1488,2,0
1489,0,0
1490,1,0
1491,2,0
1492,0,0
1493,1,0
1494,2,0
1495,0,0
1496,1,0
1497,2,0
1498,0,0
1499,1,0
1500,2,0
1501,0,0
1502,1,0
1503,2,0
1504,0,0
1505,1,0
1506,2,0
1507,0,0
1508,1,0
1509,2,0
1510,0,0
1511,1,0
1512,2,0
1513,0,0
1514,1,0
1515,2,0
1516,0,0
1517,1,0
1518,2,0
1519,0,0
1520,1,0
1521,2,0
1522,0,0
1523,1,0
1524,2,0
1525,0,0
1526,1,0
1527,2,0
1528,0,0
1529,1,0
1530,2,0
1531,0,0
1532,1,0
1533,2,0
1534,0,0
1535,1,0
1536,2,0
1537,0,0
1538,1,0
1539,2,0
1540,0,0
1541,1,0
1542,2,0
1543,0,0
1544,1,0
1545,2,0
1546,0,0
1547,1,0
1548,2,0
1549,0,0
1550,1,0
1551,2,0
1552,0,0
1553,1,0
1554,2,0
1555,0,0
1556,1,0
1557,2,0
1558,0,0
1559,1,0
1560,2,0
1561,0,0
1562,1,0
1563,2,0
1564,0,0
1565,1,0
1566,2,0
1567,0,0
1568,1,0
1569,2,0
1570,0,0
1571,1,0
1572,2,0
1573,0,0
1574,1,0
1575,2,0
1576,0,0
1577,1,0
1578,2,0
1579,0,0
1580,1,0
1581,2,0
1582,0,0
1583,1,0
1584,2,0
1585,0,0
1586,1,0
1587,2,0
1588,0,0
1589,1,0
1590,2,0
1591,0,0
1592,1,0
1593,2,0
1594,0,0
1595,1,0
1596,2,0
1597,0,0
1598,1,0
1599,2,0
1600,0,0
1601,1,0
1602,2,0
1603,0,0
1604,1,0
1605,2,0
1606,0,0
1607,1,0
1608,2,0
1609,0,0
1610,1,0
1611,2,0
1612,0,0
1613,1,0
1614,2,0
1615,0,0
1616,1,0
1617,2,0
1618,0,0
1619,1,0
1620,2,0
1621,0,0
1622,1,0
1623,2,0
1624,0,0
1625,1,0
1626,2,0
1627,0,0
1628,1,0
1629,2,0
1630,0,0
1631,1,0
1632,2,0
1633,0,0
1634,1,0
1635,2,0
1636,0,0
1637,1,0
1638,2,0
1639,0,0
1640,1,0
1641,2,0
1642,0,0
1643,1,0
1644,2,0
1645,0,0
1646,1,0
1647,2,0
1648,0,0
1649,1,0
1650,2,0
1651,0,0
1652,1,0
1653,2,0
1654,0,0
1655,1,0
1656,2,0
1657,0,0
1658,1,0
1659,2,0
1660,0,0
1661,1,0
1662,2,0
1663,0,0
1664,1,0
1665,2,0
1666,0,0
1667,1,0
1668,2,0
1669,0,0
1670,1,0
1671,2,0
1672,0,0
1673,1,0
1674,2,0
1675,0,0
1676,1,0
1677,2,0
1678,0,0
1679,1,0
1680,2,0
1681,0,0
1682,1,0
1683,2,0
1684,0,0
1685,1,0
1686,2,0
1687,0,0
1688,1,0
1689,2,0
1690,0,0
1691,1,0
1692,2,0
1693,0,0
1694,1,0
1695,2,0
1696,0,0
1697,1,0
1698,2,0
1699,0,0
1700,1,0
1701,2,0
1702,0,0
1703,1,0
1704,2,0
1705,0,0
1706,1,0
1707,2,0
1708,0,0
1709,1,0
1710,2,0
1711,0,0
1712,1,0
1713,2,0
1714,0,0
1715,1,0
1716,2,0
1717,0,0
1718,1,0
1719,2,0
1720,0,0
1721,1,0
1722,2,0
1723,0,0
1724,1,0
1725,2,0
1726,0,0
1727,1,0
1728,2,0
1729,0,0
1730,1,0
1731,2,0
1732,0,0
1733,1,0
1734,2,0
1735,0,0
1736,1,0
1737,2,0
1738,0,0
1739,1,0
1740,2,0
1741,0,0
1742,1,0
1743,2,0
1744,0,0
1745,1,0
1746,2,0
1747,0,0
1748,1,0
1749,2,0
1750,0,0
1751,1,0
1752,2,0
1753,0,0
1754,1,0
1755,2,0
1756,0,0
1757,1,0
1758,2,0
1759,0,0
1760,1,0
1761,2,0
1762,0,0
1763,1,0
1764,2,0
1765,0,0
1766,1,0
1767,2,0
1768,0,0
1769,1,0
1770,2,0
1771,0,0
1772,1,0
1773,2,0
1774,0,0
1775,1,0
1776,2,0
1777,0,0
1778,1,0
1779,2,0
1780,0,0
1781,1,0
1782,2,0
1783,0,0
1784,1,0
1785,2,0
1786,0,0
1787,1,0
1788,2,0
1789,0,0
1790,1,0
1791,2,0
1792,0,0
1793,1,0
1794,2,0
1795,0,0
1796,1,0
1797,2,0
1798,0,0
1799,1,0
1800,2,0
1801,0,0
1802,1,0
1803,2,0
1804,0,0
1805,1,0
1806,2,0
1807,0,0
1808,1,0
1809,2,0
1810,0,0
1811,1,0
1812,2,0
1813,0,0
1814,1,0
1815,2,0
1816,0,0
1817,1,0
1818,2,0
1819,0,0
1820,1,0
1821,2,0
1822,0,0
1823,1,0
1824,2,0
1825,0,0
1826,1,0
1827,2,0
1828,0,0
1829,1,0
1830,2,0
1831,0,0
1832,1,0
1833,2,0
1834,0,0
1835,1,0
1836,2,0
1837,0,0
1838,1,0
1839,2,0
1840,0,0
1841,1,0
1842,2,0
1843,0,0
1844,1,0
1845,2,0
1846,0,0
1847,1,0
1848,2,0
1849,0,0
1850,1,0
1851,2,0
1852,0,0
1853,1,0
1854,2,0
1855,0,0
1856,1,0
1857,2,0
1858,0,0
1859,1,0
1860,2,0
1861,0,0
1862,1,0
1863,2,0
1864,0,0
1865,1,0
1866,2,0
1867,0,0
1868,1,0
1869,2,0
1870,0,0
1871,1,0
1872,2,0
1873,0,0
1874,1,0
1875,2,0
1876,0,0
1877,1,0
1878,2,0
1879,0,0
1880,1,0
1881,2,0
1882,0,0
1883,1,0
1884,2,0
1885,0,0
1886,1,0
1887,2,0
1888,0,0
1889,1,0
1890,2,0
1891,0,0
1892,1,0
1893,2,0
1894,0,0
1895,1,0
1896,2,0
1897,0,0
1898,1,0
1899,2,0
1900,0,0
1901,1,0
1902,2,0
1903,0,0
1904,1,0
1905,2,0
1906,0,0
1907,1,0
1908,2,0
1909,0,0
1910,1,0
1911,2,0
1912,0,0
1913,1,0
1914,2,0
1915,0,0
1916,1,0
1917,2,0
1918,0,0
1919,1,0
1920,2,0
1921,0,0
1922,1,0
1923,2,0
1924,0,0
1925,1,0
1926,2,0
1927,0,0
1928,1,0
1929,2,0
1930,0,0
1931,1,0
1932,2,0
1933,0,0
1934,1,0
1935,2,0
1936,0,0
1937,1,0
1938,2,0
1939,0,0
1940,1,0
1941,2,0
1942,0,0
1943,1,0
1944,2,0
1945,0,0
1946,1,0
1947,2,0
1948,0,0
1949,1,0
1950,2,0
1951,0,0
1952,1,0
1953,2,0
1954,0,0
1955,1,0
1956,2,0
1957,0,0
1958,1,0
1959,2,0
1960,0,0
1961,1,0
1962,2,0
1963,0,0
1964,1,0
1965,2,0
1966,0,0
1967,1,0
1968,2,0
1969,0,0
1970,1,0
1971,2,0
1972,0,0
1973,1,0
1974,2,0
1975,0,0
1976,1,0
1977,2,0
1978,0,0
1979,1,0
1980,2,0
1981,0,0
1982,1,0
1983,2,0
1984,0,0
1985,1,0
1986,2,0
1987,0,0
1988,1,0
1989,2,0
1990,0,0
1991,1,0
1992,2,0
1993,0,0
1994,1,0
1995,2,0
1996,0,0
1997,1,0
1998,2,0
1999,0,0
2000,1,0
2001,2,0
2002,0,0
2003,1,0
2004,2,0
2005,0,0
2006,1,0
2007,2,0
2008,0,0
2009,1,0
2010,2,0
2011,0,0
2012,1,0
2013,2,0
2014,0,0
2015,1,0
2016,2,0
2017,0,0
2018,1,0
2019,2,0
2020,0,0
2021,1,0
2022,2,0
2023,0,0
2024,1,0
2025,2,0
2026,0,0
2027,1,0
2028,2,0
2029,0,0
2030,1,0
2031,2,0
2032,0,0
2033,1,0
2034,2,0
2035,0,0
2036,1,0
2037,2,0
2038,0,0
2039,1,0
2040,2,0
2041,0,0
2042,1,0
2043,2,0
2044,0,0
2045,1,0
2046,2,0
2047,0,0
2048,1,0
2049,2,0
2050,0,0
2051,1,0
2052,2,0
2053,0,0
2054,1,0
2055,2,0
2056,0,0
2057,1,0
2058,2,0
2059,0,0
2060,1,0
2061,2,0
2062,0,0
2063,1,0
2064,2,0
2065,0,0
2066,1,0
2067,2,0
2068,0,0
2069,1,0
2070,2,0
2071,0,0
2072,1,0
2073,2,0
2074,0,0
2075,1,0
2076,2,0
2077,0,0
2078,1,0
2079,2,0
2080,0,0
2081,1,0
2082,2,0
2083,0,0
2084,1,0
2085,2,0
2086,0,0
2087,1,0
2088,2,0
2089,0,0
2090,1,0
2091,2,0
2092,0,0
2093,1,0
2094,2,0
2095,0,0
2096,1,0
2097,2,0
2098,0,0
2099,1,0
2100,2,0
2101,0,0
2102,1,0
2103,2,0
2104,0,0
2105,1,0
2106,2,0
2107,0,0
2108,1,0
2109,2,0
2110,0,0
2111,1,0
2112,2,0
2113,0,0
2114,1,0
2115,2,0
2116,0,0
2117,1,0
2118,2,0
2119,0,0
2120,1,0
2121,2,0
2122,0,0
2123,1,0
2124,2,0
2125,0,0
2126,1,0
2127,2,0
2128,0,0
2129,1,0
2130,2,0
2131,0,0
2132,1,0
2133,2,0
2134,0,0
2135,1,0
2136,2,0
2137,0,0
2138,1,0
2139,2,0
2140,0,0
2141,1,0
2142,2,0
2143,0,0
2144,1,0
2145,2,0
2146,0,0
2147,1,0
2148,2,0
2149,0,0
2150,1,0
2151,2,0
2152,0,0
2153,1,0
2154,2,0
2155,0,0
2156,1,0
2157,2,0
2158,0,0
2159,1,0
2160,2,0
2161,0,0
2162,1,0
2163,2,0
2164,0,0
2165,1,0
2166,2,0
2167,0,0
2168,1,0
2169,2,0
2170,0,0
2171,1,0
2172,2,0
2173,0,0
2174,1,0
2175,2,0
2176,0,0
2177,1,0
2178,2,0
2179,0,0
2180,1,0
2181,2,0
2182,0,0
2183,1,0
2184,2,0
2185,0,0
2186,1,0
2187,2,0
2188,0,0
2189,1,0
2190,2,0
2191,0,0
2192,1,0
2193,2,0
2194,0,0
2195,1,0
2196,2,0
2197,0,0
2198,1,0
2199,2,0
2200,0,0
2201,1,0
2202,2,0
2203,0,0
2204,1,0
2205,2,0
2206,0,0
2207,1,0
2208,2,0
2209,0,0
2210,1,0
2211,2,0
2212,0,0
2213,1,0
2214,2,0
2215,0,0
2216,1,0
2217,2,0
2218,0,0
2219,1,0
2220,2,0
2221,0,0
2222,1,0
2223,2,0
2224,0,0
2225,1,0
2226,2,0
2227,0,0
2228,1,0
2229,2,0
2230,0,0
2231,1,0
2232,2,0
2233,0,0
2234,1,0
2235,2,0
2236,0,0
2237,1,0
2238,2,0
2239,0,0
2240,1,0
2241,2,0
2242,0,0
2243,1,0
2244,2,0
2245,0,0
2246,1,0
2247,2,0
2248,0,0
2249,1,0
2250,2,0
2251,0,0
2252,1,0
2253,2,0
2254,0,0
2255,1,0
2256,2,0
2257,0,0
2258,1,0
2259,2,0
2260,0,0
2261,1,0
2262,2,0
2263,0,0
2264,1,0
2265,2,0
2266,0,0
2267,1,0
2268,2,0
2269,0,0
2270,1,0
2271,2,0
2272,0,0
2273,1,0
2274,2,0
2275,0,0
2276,1,0
2277,2,0
2278,0,0
2279,1,0
2280,2,0
2281,0,0
2282,1,0
2283,2,0
2284,0,0
2285,1,0
2286,2,0
2287,0,0
2288,1,0
2289,2,0
2290,0,0
2291,1,0
2292,2,0
2293,0,0
2294,1,0
2295,2,0
2296,0,0
2297,1,0
2298,2,0
2299,0,0
2300,1,0
2301,2,0
2302,0,0
2303,1,0
2304,2,0
2305,0,0
2306,1,0
2307,2,0
2308,0,0
2309,1,0
2310,2,0
2311,0,0
2312,1,0
2313,2,0
2314,0,0
2315,1,0
2316,2,0
2317,0,0
2318,1,0
2319,2,0
2320,0,0
2321,1,0
2322,2,0
2323,0,0
2324,1,0
2325,2,0
2326,0,0
2327,1,0
2328,2,0
2329,0,0
2330,1,0
2331,2,0
2332,0,0
2333,1,0
2334,2,0
2335,0,0
2336,1,0
2337,2,0
2338,0,0
2339,1,0
2340,2,0
2341,0,0
2342,1,0
2343,2,0
2344,0,0
2345,1,0
2346,2,0
2347,0,0
2348,1,0
2349,2,0
2350,0,0
2351,1,0
2352,2,0
2353,0,0
2354,1,0
2355,2,0
2356,0,0
2357,1,0
2358,2,0
2359,0,0
2360,1,0
2361,2,0
2362,0,0
2363,1,0
2364,2,0
2365,0,0
2366,1,0
2367,2,0
2368,0,0
2369,1,0
2370,2,0
2371,0,0
2372,1,0
2373,2,0
2374,0,0
2375,1,0
2376,2,0
2377,0,0
2378,1,0
2379,2,0
2380,0,0
2381,1,0
2382,2,0
2383,0,0
2384,1,0
2385,2,0
2386,0,0
2387,1,0
2388,2,0
2389,0,0
2390,1,0
2391,2,0
2392,0,0
2393,1,0
2394,2,0
2395,0,0
2396,1,0
2397,2,0
2398,0,0
2399,1,0
2400,2,0
2401,0,0
2402,1,0
2403,2,0
2404,0,0
2405,1,0
2406,2,0
2407,0,0
2408,1,0
2409,2,0
2410,0,0
2411,1,0
2412,2,0
2413,0,0
2414,1,0
2415,2,0
2416,0,0
2417,1,0
2418,2,0
2419,0,0
2420,1,0
2421,2,0
2422,0,0
2423,1,0
2424,2,0
2425,0,0
2426,1,0
2427,2,0
2428,0,0
2429,1,0
2430,2,0
2431,0,0
2432,1,0
2433,2,0
2434,0,0
2435,1,0
2436,2,0
2437,0,0
2438,1,0
2439,2,0
2440,0,0
2441,1,0
2442,2,0
2443,0,0
2444,1,0
2445,2,0
2446,0,0
2447,1,0
2448,2,0
2449,0,0
2450,1,0
2451,2,0
2452,0,0
2453,1,0
2454,2,0
2455,0,0
2456,1,0
2457,2,0
2458,0,0
2459,1,0
2460,2,0
2461,0,0
2462,1,0
2463,2,0
2464,0,0
2465,1,0
2466,2,0
2467,0,0
2468,1,0
2469,2,0
2470,0,0
2471,1,0
2472,2,0
2473,0,0
2474,1,0
2475,2,0
2476,0,0
2477,1,0
2478,2,0
2479,0,0
2480,1,0
2481,2,0
2482,0,0
2483,1,0
2484,2,0
2485,0,0
2486,1,0
2487,2,0
2488,0,0
2489,1,0
2490,2,0
2491,0,0
2492,1,0
2493,2,0
2494,0,0
2495,1,0
2496,2,0
2497,0,0
2498,1,0
2499,2,0
2500,0,0
2501,1,0
2502,2,0
2503,0,0
2504,1,0
2505,2,0
2506,0,0
2507,1,0
2508,2,0
2509,0,0
2510,1,0
2511,2,0
2512,0,0
2513,1,0
2514,2,0
2515,0,0
2516,1,0
2517,2,0
2518,0,0
2519,1,0
2520,2,0
2521,0,0
2522,1,0
2523,2,0
2524,0,0
2525,1,0
2526,2,0
2527,0,0
2528,1,0
2529,2,0
2530,0,0
2531,1,0
2532,2,0
2533,0,0
2534,1,0
2535,2,0
2536,0,0
2537,1,0
2538,2,0
2539,0,0
2540,1,0
2541,2,0
2542,0,0
2543,1,0
2544,2,0
2545,0,0
2546,1,0
2547,2,0
2548,0,0
2549,1,0
2550,2,0
2551,0,0
2552,1,0
2553,2,0
2554,0,0
2555,1,0
2556,2,0
2557,0,0
2558,1,0
2559,2,0
2560,0,0
2561,1,0
2562,2,0
2563,0,0
2564,1,0
2565,2,0
2566,0,0
2567,1,0
2568,2,0
2569,0,0
2570,1,0
2571,2,0
2572,0,0
2573,1,0
2574,2,0
2575,0,0
2576,1,0
2577,2,0
2578,0,0
2579,1,0
2580,2,0
2581,0,0
2582,1,0
2583,2,0
2584,0,0
2585,1,0
2586,2,0
2587,0,0
2588,1,0
2589,2,0
2590,0,0
2591,1,0
2592,2,0
2593,0,0
2594,1,0
2595,2,0
2596,0,0
2597,1,0
2598,2,0
2599,0,0
2600,1,0
2601,2,0
2602,0,0
2603,1,0
2604,2,0
2605,0,0
2606,1,0
2607,2,0
2608,0,0
2609,1,0
2610,2,0
2611,0,0
2612,1,0
2613,2,0
2614,0,0
2615,1,0
2616,2,0
2617,0,0
2618,1,0
2619,2,0
2620,0,0
2621,1,0
2622,2,0
2623,0,0
2624,1,0
2625,2,0
2626,0,0
2627,1,0
2628,2,0
2629,0,0
2630,1,0
2631,2,0
2632,0,0
2633,1,0
2634,2,0
2635,0,0
2636,1,0
2637,2,0
2638,0,0
2639,1,0
2640,2,0
2641,0,0
2642,1,0
2643,2,0
2644,0,0
2645,1,0
2646,2,0
2647,0,0
2648,1,0
2649,2,0
2650,0,0
2651,1,0
2652,2,0
2653,0,0
2654,1,0
2655,2,0
2656,0,0
2657,1,0
2658,2,0
2659,0,0
2660,1,0
2661,2,0
2662,0,0
2663,1,0
2664,2,0
2665,0,0
2666,1,0
2667,2,0
2668,0,0
2669,1,0
2670,2,0
2671,0,0
2672,1,0
2673,2,0
2674,0,0
2675,1,0
2676,2,0
2677,0,0
2678,1,0
2679,2,0
2680,0,0
2681,1,0
2682,2,0
2683,0,0
2684,1,0
2685,2,0
2686,0,0
2687,1,0
2688,2,0
2689,0,0
2690,1,0
2691,2,0
2692,0,0
2693,1,0
2694,2,0
2695,0,0
2696,1,0
2697,2,0
2698,0,0
2699,1,0
2700,2,0
2701,0,0
2702,1,0
2703,2,0
2704,0,0
2705,1,0
2706,2,0
2707,0,0
2708,1,0
2709,2,0
2710,0,0
2711,1,0
2712,2,0
2713,0,0
2714,1,0
2715,2,0
2716,0,0
2717,1,0
2718,2,0
2719,0,0
2720,1,0
2721,2,0
2722,0,0
2723,1,0
2724,2,0
2725,0,0
2726,1,0
2727,2,0
2728,0,0
2729,1,0
2730,2,0
2731,0,0
2732,1,0
2733,2,0
2734,0,0
2735,1,0
2736,2,0
2737,0,0
2738,1,0
2739,2,0
2740,0,0
2741,1,0
2742,2,0
2743,0,0
2744,1,0
2745,2,0
2746,0,0
2747,1,0
2748,2,0
2749,0,0
2750,1,0
2751,2,0
2752,0,0
2753,1,0
2754,2,0
2755,0,0
2756,1,0
2757,2,0
2758,0,0
2759,1,0
2760,2,0
2761,0,0
2762,1,0
2763,2,0
2764,0,0
2765,1,0
2766,2,0
2767,0,0
2768,1,0
2769,2,0
2770,0,0
2771,1,0
2772,2,0
2773,0,0
2774,1,0
2775,2,0
2776,0,0
2777,1,0
2778,2,0
2779,0,0
2780,1,0
2781,2,0
2782,0,0
2783,1,0
2784,2,0
2785,0,0
2786,1,0
2787,2,0
2788,0,0
2789,1,0
2790,2,0
2791,0,0
2792,1,0
2793,2,0
2794,0,0
2795,1,0
2796,2,0
2797,0,0
2798,1,0
2799,2,0
2800,0,0
2801,1,0
2802,2,0
2803,0,0
2804,1,0
2805,2,0
2806,0,0
2807,1,0
2808,2,0
2809,0,0
2810,1,0
2811,2,0
2812,0,0
2813,1,0
2814,2,0
2815,0,0
2816,1,0
2817,2,0
2818,0,0
2819,1,0
2820,2,0
2821,0,0
2822,1,0
2823,2,0
2824,0,0
2825,1,0
2826,2,0
2827,0,0
2828,1,0
2829,2,0
2830,0,0
2831,1,0
2832,2,0
2833,0,0
2834,1,0
2835,2,0
2836,0,0
2837,1,0
2838,2,0
2839,0,0
2840,1,0
2841,2,0
2842,0,0
2843,1,0
2844,2,0
2845,0,0
2846,1,0
2847,2,0
2848,0,0
2849,1,0
2850,2,0
2851,0,0
2852,1,0
2853,2,0
2854,0,0
2855,1,0
2856,2,0
2857,0,0
2858,1,0
2859,2,0
2860,0,0
2861,1,0
2862,2,0
2863,0,0
2864,1,0
2865,2,0
2866,0,0
2867,1,0
2868,2,0
2869,0,0
2870,1,0
2871,2,0
2872,0,0
2873,1,0
2874,2,0
2875,0,0
2876,1,0
2877,2,0
2878,0,0
2879,1,0
2880,2,0
2881,0,0
2882,1,0
2883,2,0
2884,0,0
2885,1,0
2886,2,0
2887,0,0
2888,1,0
2889,2,0
2890,0,0
2891,1,0
2892,2,0
2893,0,0
2894,1,0
2895,2,0
2896,0,0
2897,1,0
2898,2,0
2899,0,0
2900,1,0
2901,2,0
2902,0,0
2903,1,0
2904,2,0
2905,0,0
2906,1,0
2907,2,0
2908,0,0
2909,1,0
2910,2,0
2911,0,0
2912,1,0
2913,2,0
2914,0,0
2915,1,0
2916,2,0
2917,0,0
2918,1,0
2919,2,0
2920,0,0
2921,1,0
2922,2,0
2923,0,0
2924,1,0
2925,2,0
2926,0,0
2927,1,0
2928,2,0
2929,0,0
2930,1,0
2931,2,0
2932,0,0
2933,1,0
2934,2,0
2935,0,0
2936,1,0
2937,2,0
2938,0,0
2939,1,0
2940,2,0
2941,0,0
2942,1,0
2943,2,0
2944,0,0
2945,1,0
2946,2,0
2947,0,0
2948,1,0
2949,2,0
2950,0,0
2951,1,0
2952,2,0
2953,0,0
2954,1,0
2955,2,0
2956,0,0
2957,1,0
2958,2,0
2959,0,0
2960,1,0
2961,2,0
2962,0,0
2963,1,0
2964,2,0
2965,0,0
2966,1,0
2967,2,0
2968,0,0
2969,1,0
2970,2,0
2971,0,0
2972,1,0
2973,2,0
2974,0,0
2975,1,0
2976,2,0
2977,0,0
2978,1,0
2979,2,0
2980,0,0
2981,1,0
2982,2,0
2983,0,0
2984,1,0
2985,2,0
2986,0,0
2987,1,0
2988,2,0
2989,0,0
2990,1,0
2991,2,0
2992,0,0
2993,1,0
2994,2,0
2995,0,0
2996,1,0
2997,2,0
2998,0,0
2999,1,0
3000,2,0
3001,0,0
3002,1,0
3003,2,0
3004,0,0
3005,1,0
3006,2,0
3007,0,0
3008,1,0
3009,2,0
3010,0,0
3011,1,0
3012,2,0
3013,0,0
3014,1,0
3015,2,0
3016,0,0
3017,1,0
3018,2,0
3019,0,0
3020,1,0
3021,2,0
3022,0,0
3023,1,0
3024,2,0
3025,0,0
3026,1,0
3027,2,0
3028,0,0
3029,1,0
3030,2,0
3031,0,0
3032,1,0
3033,2,0
3034,0,0
3035,1,0
3036,2,0
3037,0,0
3038,1,0
3039,2,0
3040,0,0
3041,1,0
3042,2,0
3043,0,0
3044,1,0
3045,2,0
3046,0,0
3047,1,0
3048,2,0
3049,0,0
3050,1,0
3051,2,0
3052,0,0
3053,1,0
3054,2,0
3055,0,0
3056,1,0
3057,2,0
3058,0,0
3059,1,0
3060,2,0
3061,0,0
3062,1,0
3063,2,0
3064,0,0
3065,1,0
3066,2,0
3067,0,0
3068,1,0
3069,2,0
3070,0,0
3071,1,0
3072,2,0
3073,0,0
3074,1,0
3075,2,0
3076,0,0
3077,1,0
3078,2,0
3079,0,0
3080,1,0
3081,2,0
3082,0,0
3083,1,0
3084,2,0
3085,0,0
3086,1,0
3087,2,0
3088,0,0
3089,1,0
3090,2,0
3091,0,0
3092,1,0
3093,2,0
3094,0,0
3095,1,0
3096,2,0
3097,0,0
3098,1,0
3099,2,0
3100,0,0
3101,1,0
3102,2,0
3103,0,0
3104,1,0
3105,2,0
3106,0,0
3107,1,0
3108,2,0
3109,0,0
3110,1,0
3111,2,0
3112,0,0
3113,1,0
3114,2,0
3115,0,0
3116,1,0
3117,2,0
3118,0,0
3119,1,0
3120,2,0
3121,0,0
3122,1,0
3123,2,0
3124,0,0
3125,1,0
3126,2,0
3127,0,0
3128,1,0
3129,2,0
3130,0,0
3131,1,0
3132,2,0
3133,0,0
3134,1,0
3135,2,0
3136,0,0
3137,1,0
3138,2,0
3139,0,0
3140,1,0
3141,2,0
3142,0,0
3143,1,0
3144,2,0
3145,0,0
3146,1,0
3147,2,0
3148,0,0
3149,1,0
3150,2,0
3151,0,0
3152,1,0
3153,2,0
3154,0,0
3155,1,0
3156,2,0
3157,0,0
3158,1,0
3159,2,0
3160,0,0
3161,1,0
3162,2,0
3163,0,0
3164,1,0
3165,2,0
3166,0,0
3167,1,0
3168,2,0
3169,0,0
3170,1,0
3171,2,0
3172,0,0
3173,1,0
3174,2,0
3175,0,0
3176,1,0
3177,2,0
3178,0,0
3179,1,0
3180,2,0
3181,0,0
3182,1,0
3183,2,0
3184,0,0
3185,1,0
3186,2,0
3187,0,0
3188,1,0
3189,2,0
3190,0,0
3191,1,0
3192,2,0
3193,0,0
3194,1,0
3195,2,0
3196,0,0
3197,1,0
3198,2,0
3199,0,0
3200,1,0
3201,2,0
3202,0,0
3203,1,0
3204,2,0
3205,0,0
3206,1,0
3207,2,0
3208,0,0
3209,1,0
3210,2,0
3211,0,0
3212,1,0
3213,2,0
3214,0,0
3215,1,0
3216,2,0
3217,0,0
3218,1,0
3219,2,0
3220,0,0
3221,1,0
3222,2,0
3223,0,0
3224,1,0
3225,2,0
3226,0,0
3227,1,0
3228,2,0
3229,0,0
3230,1,0
3231,2,0
3232,0,0
3233,1,0
3234,2,0
3235,0,0
3236,1,0
3237,2,0
3238,0,0
3239,1,0
3240,2,0
3241,0,0
3242,1,0
3243,2,0
3244,0,0
3245,1,0
3246,2,0
3247,0,0
3248,1,0
3249,2,0
3250,0,0
3251,1,0
3252,2,0
3253,0,0
3254,1,0
3255,2,0
3256,0,0
3257,1,0
3258,2,0
3259,0,0
3260,1,0
3261,2,0
3262,0,0
3263,1,0
3264,2,0
3265,0,0
3266,1,0
3267,2,0
3268,0,0
3269,1,0
3270,2,0
3271,0,0
3272,1,0
3273,2,0
3274,0,0
3275,1,0
3276,2,0
3277,0,0
3278,1,0
3279,2,0
3280,0,0
3281,1,0
3282,2,0
3283,0,0
3284,1,0
3285,2,0
3286,0,0
3287,1,0
3288,2,0
3289,0,0
3290,1,0
3291,2,0
3292,0,0
3293,1,0
3294,2,0
3295,0,0
3296,1,0
3297,2,0
3298,0,0
3299,1,0
3300,2,0
3301,0,0
3302,1,0
3303,2,0
3304,0,0
3305,1,0
3306,2,0
3307,0,0
3308,1,0
3309,2,0
3310,0,0
3311,1,0
3312,2,0
3313,0,0
3314,1,0
3315,2,0
3316,0,0
3317,1,0
3318,2,0
3319,0,0
3320,1,0
3321,2,0
3322,0,0
3323,1,0
3324,2,0
3325,0,0
3326,1,0
3327,2,0
3328,0,0
3329,1,0
3330,2,0
3331,0,0
3332,1,0
3333,2,0
3334,0,0
3335,1,0
3336,2,0
3337,0,0
3338,1,0
3339,2,0
3340,0,0
3341,1,0
3342,2,0
3343,0,0
3344,1,0
3345,2,0
3346,0,0
3347,1,0
3348,2,0
3349,0,0
3350,1,0
3351,2,0
3352,0,0
3353,1,0
3354,2,0
3355,0,0
3356,1,0
3357,2,0
3358,0,0
3359,1,0
3360,2,0
3361,0,0
3362,1,0
3363,2,0
3364,0,0
3365,1,0
3366,2,0
3367,0,0
3368,1,0
3369,2,0
3370,0,0
3371,1,0
3372,2,0
3373,0,0
3374,1,0
3375,2,0
3376,0,0
3377,1,0
3378,2,0
3379,0,0
3380,1,0
3381,2,0
3382,0,0
3383,1,0
3384,2,0
3385,0,0
3386,1,0
3387,2,0
3388,0,0
3389,1,0
3390,2,0
3391,0,0
3392,1,0
3393,2,0
3394,0,0
3395,1,0
3396,2,0
3397,0,0
3398,1,0
3399,2,0
3400,0,0
3401,1,0
3402,2,0
3403,0,0
3404,1,0
3405,2,0
3406,0,0
3407,1,0
3408,2,0
3409,0,0
3410,1,0
3411,2,0
3412,0,0
3413,1,0
3414,2,0
3415,0,0
3416,1,0
3417,2,0
3418,0,0
3419,1,0
3420,2,0
3421,0,0
3422,1,0
3423,2,0
3424,0,0
3425,1,0
3426,2,0
3427,0,0
3428,1,0
3429,2,0
3430,0,0
3431,1,0
3432,2,0
3433,0,0
3434,1,0
3435,2,0
3436,0,0
3437,1,0
3438,2,0
3439,0,0
3440,1,0
3441,2,0
3442,0,0
3443,1,0
3444,2,0
3445,0,0
3446,1,0
3447,2,0
3448,0,0
3449,1,0
3450,2,0
3451,0,0
3452,1,0
3453,2,0
3454,0,0
3455,1,0
3456,2,0
3457,0,0
3458,1,0
3459,2,0
3460,0,0
3461,1,0
3462,2,0
3463,0,0
3464,1,0
3465,2,0
3466,0,0
3467,1,0
3468,2,0
3469,0,0
3470,1,0
3471,2,0
3472,0,0
3473,1,0
3474,2,0
3475,0,0
3476,1,0
3477,2,0
3478,0,0
3479,1,0
3480,2,0
3481,0,0
3482,1,0
3483,2,0
3484,0,0
3485,1,0
3486,2,0
3487,0,0
3488,1,0
3489,2,0
3490,0,0
3491,1,0
3492,2,0
3493,0,0
3494,1,0
3495,2,0
3496,0,0
3497,1,0
3498,2,0
3499,0,0
3500,1,0
3501,2,0
3502,0,0
3503,1,0
3504,2,0
3505,0,0
3506,1,0
3507,2,0
3508,0,0
3509,1,0
3510,2,0
3511,0,0
3512,1,0
3513,2,0
3514,0,0
3515,1,0
3516,2,0
3517,0,0
3518,1,0
3519,2,0
3520,0,0
3521,1,0
3522,2,0
3523,0,0
3524,1,0
3525,2,0
3526,0,0
3527,1,0
3528,2,0
3529,0,0
3530,1,0
3531,2,0
3532,0,0
3533,1,0
3534,2,0
3535,0,0
3536,1,0
3537,2,0
3538,0,0
3539,1,0
3540,2,0
3541,0,0
3542,1,0
3543,2,0
3544,0,0
3545,1,0
3546,2,0
3547,0,0
3548,1,0
3549,2,0
3550,0,0
3551,1,0
3552,2,0
3553,0,0
3554,1,0
3555,2,0
3556,0,0
3557,1,0
3558,2,0
3559,0,0
3560,1,0
3561,2,0
3562,0,0
3563,1,0
3564,2,0
3565,0,0
3566,1,0
3567,2,0
3568,0,0
3569,1,0
3570,2,0
3571,0,0
3572,1,0
3573,2,0
3574,0,0
3575,1,0
3576,2,0
3577,0,0
3578,1,0
3579,2,0
3580,0,0
3581,1,0
3582,2,0
3583,0,0
3584,1,0
3585,2,0
3586,0,0
3587,1,0
3588,2,0
3589,0,0
3590,1,0
3591,2,0
3592,0,0
3593,1,0
3594,2,0
3595,0,0
3596,1,0
3597,2,0
3598,0,0
3599,1,0
3600,2,0
3601,0,0
3602,1,0
3603,2,0
3604,0,0
3605,1,0
3606,2,0
3607,0,0
3608,1,0
3609,2,0
3610,0,0
3611,1,0
3612,2,0
3613,0,0
3614,1,0
3615,2,0
3616,0,0
3617,1,0
3618,2,0
3619,0,0
3620,1,0
3621,2,0
3622,0,0
3623,1,0
3624,2,0
3625,0,0
3626,1,0
3627,2,0
3628,0,0
3629,1,0
3630,2,0
3631,0,0
3632,1,0
3633,2,0
3634,0,0
3635,1,0
3636,2,0
3637,0,0
3638,1,0
3639,2,0
3640,0,0
3641,1,0
3642,2,0
3643,0,0
3644,1,0
3645,2,0
3646,0,0
3647,1,0
3648,2,0
3649,0,0
3650,1,0
3651,2,0
3652,0,0
3653,1,0
3654,2,0
3655,0,0
3656,1,0
3657,2,0
3658,0,0
3659,1,0
3660,2,0
3661,0,0
3662,1,0
3663,2,0
3664,0,0
3665,1,0
3666,2,0
3667,0,0
3668,1,0
3669,2,0
3670,0,0
3671,1,0
3672,2,0
3673,0,0
3674,1,0
3675,2,0
3676,0,0
3677,1,0
3678,2,0
3679,0,0
3680,1,0
3681,2,0
3682,0,0
3683,1,0
3684,2,0
3685,0,0
3686,1,0
3687,2,0
3688,0,0
3689,1,0
3690,2,0
3691,0,0
3692,1,0
3693,2,0
3694,0,0
3695,1,0
3696,2,0
3697,0,0
3698,1,0
3699,2,0
3700,0,0
3701,1,0
3702,2,0
3703,0,0
3704,1,0
3705,2,0
3706,0,0
3707,1,0
3708,2,0
3709,0,0
3710,1,0
3711,2,0
3712,0,0
3713,1,0
3714,2,0
3715,0,0
3716,1,0
3717,2,0
3718,0,0
3719,1,0
3720,2,0
3721,0,0
3722,1,0
3723,2,0
3724,0,0
3725,1,0
3726,2,0
3727,0,0
3728,1,0
3729,2,0
3730,0,0
3731,1,0
3732,2,0
3733,0,0
3734,1,0
3735,2,0
3736,0,0
3737,1,0
3738,2,0
3739,0,0
3740,1,0
3741,2,0
3742,0,0
3743,1,0
3744,2,0
3745,0,0
3746,1,0
3747,2,0
3748,0,0
3749,1,0
3750,2,0
3751,0,0
3752,1,0
3753,2,0
3754,0,0
3755,1,0
3756,2,0
3757,0,0
3758,1,0
3759,2,0
3760,0,0
3761,1,0
3762,2,0
3763,0,0
3764,1,0
3765,2,0
3766,0,0
3767,1,0
3768,2,0
3769,0,0
3770,1,0
3771,2,0
3772,0,0
3773,1,0
3774,2,0
3775,0,0
3776,1,0
3777,2,0
3778,0,0
3779,1,0
3780,2,0
3781,0,0
3782,1,0
3783,2,0
3784,0,0
3785,1,0
3786,2,0
3787,0,0
3788,1,0
3789,2,0
3790,0,0
3791,1,0
3792,2,0
3793,0,0
3794,1,0
3795,2,0
3796,0,0
3797,1,0
3798,2,0
3799,0,0
3800,1,0
3801,2,0
3802,0,0
3803,1,0
3804,2,0
3805,0,0
3806,1,0
3807,2,0
3808,0,0
3809,1,0
3810,2,0
3811,0,0
3812,1,0
3813,2,0
3814,0,0
3815,1,0
3816,2,0
3817,0,0
3818,1,0
3819,2,0
3820,0,0
3821,1,0
3822,2,0
3823,0,0
3824,1,0
3825,2,0
3826,0,0
3827,1,0
3828,2,0
3829,0,0
3830,1,0
3831,2,0
3832,0,0
3833,1,0
3834,2,0
3835,0,0
3836,1,0
3837,2,0
3838,0,0
3839,1,0
3840,2,0
3841,0,0
3842,1,0
3843,2,0
3844,0,0
3845,1,0
3846,2,0
3847,0,0
3848,1,0
3849,2,0
3850,0,0
3851,1,0
3852,2,0
3853,0,0
3854,1,0
3855,2,0
3856,0,0
3857,1,0
3858,2,0
3859,0,0
3860,1,0
3861,2,0
3862,0,0
3863,1,0
3864,2,0
3865,0,0
3866,1,0
3867,2,0
3868,0,0
3869,1,0
3870,2,0
3871,0,0
3872,1,0
3873,2,0
3874,0,0
3875,1,0
3876,2,0
3877,0,0
3878,1,0
3879,2,0
3880,0,0
3881,1,0
3882,2,0
3883,0,0
3884,1,0
3885,2,0
3886,0,0
3887,1,0
3888,2,0
3889,0,0
3890,1,0
3891,2,0
3892,0,0
3893,1,0
3894,2,0
3895,0,0
3896,1,0
3897,2,0
3898,0,0
3899,1,0
3900,2,0
3901,0,0
3902,1,0
3903,2,0
3904,0,0
3905,1,0
3906,2,0
3907,0,0
3908,1,0
3909,2,0
3910,0,0
3911,1,0
3912,2,0
3913,0,0
3914,1,0
3915,2,0
3916,0,0
3917,1,0
3918,2,0
3919,0,0
3920,1,0
3921,2,0
3922,0,0
3923,1,0
3924,2,0
3925,0,0
3926,1,0
3927,2,0
3928,0,0
3929,1,0
3930,2,0
3931,0,0
3932,1,0
3933,2,0
3934,0,0
3935,1,0
3936,2,0
3937,0,0
3938,1,0
3939,2,0
3940,0,0
3941,1,0
3942,2,0
3943,0,0
3944,1,0
3945,2,0
3946,0,0
3947,1,0
3948,2,0
3949,0,0
3950,1,0
3951,2,0
3952,0,0
3953,1,0
3954,2,0
3955,0,0
3956,1,0
3957,2,0
3958,0,0
3959,1,0
3960,2,0
3961,0,0
3962,1,0
3963,2,0
3964,0,0
3965,1,0
3966,2,0
3967,0,0
3968,1,0
3969,2,0
3970,0,0
3971,1,0
3972,2,0
3973,0,0
3974,1,0
3975,2,0
3976,0,0
3977,1,0
3978,2,0
3979,0,0
3980,1,0
3981,2,0
3982,0,0
3983,1,0
3984,2,0
3985,0,0
3986,1,0
3987,2,0
3988,0,0
3989,1,0
3990,2,0
3991,0,0
3992,1,0
3993,2,0
3994,0,0
3995,1,0
3996,2,0
3997,0,0
3998,1,0
3999,2,0
4000,0,0
4001,1,0
4002,2,0
4003,0,0
4004,1,0
4005,2,0
4006,0,0
4007,1,0
4008,2,0
4009,0,0
4010,1,0
4011,2,0
4012,0,0
4013,1,0
4014,2,0
4015,0,0
4016,1,0
4017,2,0
4018,0,0
4019,1,0
4020,2,0
4021,0,0
4022,1,0
4023,2,0
4024,0,0
4025,1,0
4026,2,0
4027,0,0
4028,1,0
4029,2,0
4030,0,0
4031,1,0
4032,2,0
4033,0,0
4034,1,0
4035,2,0
4036,0,0
4037,1,0
4038,2,0
4039,0,0
4040,1,0
4041,2,0
4042,0,0
4043,1,0
4044,2,0
4045,0,0
4046,1,0
4047,2,0
4048,0,0
4049,1,0
4050,2,0
4051,0,0
4052,1,0
4053,2,0
4054,0,0
4055,1,0
4056,2,0
4057,0,0
4058,1,0
4059,2,0
4060,0,0
4061,1,0
4062,2,0
4063,0,0
4064,1,0
4065,2,0
4066,0,0
4067,1,0
4068,2,0
4069,0,0
4070,1,0
4071,2,0
4072,0,0
4073,1,0
4074,2,0
4075,0,0
4076,1,0
4077,2,0
4078,0,0
4079,1,0
4080,2,0
4081,0,0
4082,1,0
4083,2,0
4084,0,0
4085,1,0
4086,2,0
4087,0,0
4088,1,0
4089,2,0
4090,0,0
4091,1,0
4092,2,0
4093,0,0
4094,1,0
4095,2,0
4096,0,0
4097,1,0
4098,2,0
4099,0,0
4100,1,0
4101,2,0
4102,0,0
4103,1,0
4104,2,0
4105,0,0
4106,1,0
4107,2,0
4108,0,0
4109,1,0
4110,2,0
4111,0,0
4112,1,0
4113,2,0
4114,0,0
4115,1,0
4116,2,0
4117,0,0
4118,1,0
4119,2,0
4120,0,0
4121,1,0
4122,2,0
4123,0,0
4124,1,0
4125,2,0
4126,0,0
4127,1,0
4128,2,0
4129,0,0
4130,1,0
4131,2,0
4132,0,0
4133,1,0
4134,2,0
4135,0,0
4136,1,0
4137,2,0
4138,0,0
4139,1,0
4140,2,0
4141,0,0
4142,1,0
4143,2,0
4144,0,0
4145,1,0
4146,2,0
4147,0,0
4148,1,0
4149,2,0
4150,0,0
4151,1,0
4152,2,0
4153,0,0
4154,1,0
4155,2,0
4156,0,0
4157,1,0
4158,2,0
4159,0,0
4160,1,0
4161,2,0
4162,0,0
4163,1,0
4164,2,0
4165,0,0
4166,1,0
4167,2,0
4168,0,0
4169,1,0
4170,2,0
4171,0,0
4172,1,0
4173,2,0
4174,0,0
4175,1,0
4176,2,0
4177,0,0
4178,1,0
4179,2,0
4180,0,0
4181,1,0
4182,2,0
4183,0,0
4184,1,0
4185,2,0
4186,0,0
4187,1,0
4188,2,0
4189,0,0
4190,1,0
4191,2,0
4192,0,0
4193,1,0
4194,2,0
4195,0,0
4196,1,0
4197,2,0
4198,0,0
4199,1,0
4200,2,0
4201,0,0
4202,1,0
4203,2,0
4204,0,0
4205,1,0
4206,2,0
4207,0,0
4208,1,0
4209,2,0
4210,0,0
4211,1,0
4212,2,0
4213,0,0
4214,1,0
4215,2,0
4216,0,0
4217,1,0
4218,2,0
4219,0,0
4220,1,0
4221,2,0
4222,0,0
4223,1,0
4224,2,0
4225,0,0
4226,1,0
4227,2,0
4228,0,0
4229,1,0
4230,2,0
4231,0,0
4232,1,0
4233,2,0
4234,0,0
4235,1,0
4236,2,0
4237,0,0
4238,1,0
4239,2,0
4240,0,0
4241,1,0
4242,2,0
4243,0,0
4244,1,0
4245,2,0
4246,0,0
4247,1,0
4248,2,0
4249,0,0
4250,1,0
4251,2,0
4252,0,0
4253,1,0
4254,2,0
4255,0,0
4256,1,0
4257,2,0
4258,0,0
4259,1,0
4260,2,0
4261,0,0
4262,1,0
4263,2,0
4264,0,0
4265,1,0
4266,2,0
4267,0,0
4268,1,0
4269,2,0
4270,0,0
4271,1,0
4272,2,0
4273,0,0
4274,1,0
4275,2,0
4276,0,0
4277,1,0
4278,2,0
4279,0,0
4280,1,0
4281,2,0
4282,0,0
4283,1,0
4284,2,0
4285,0,0
4286,1,0
4287,2,0
4288,0,0
4289,1,0
4290,2,0
4291,0,0
4292,1,0
4293,2,0
4294,0,0
4295,1,0
4296,2,0
4297,0,0
4298,1,0
4299,2,0
4300,0,0
4301,1,0
4302,2,0
4303,0,0
4304,1,0
4305,2,0
4306,0,0
4307,1,0
4308,2,0
4309,0,0
4310,1,0
4311,2,0
4312,0,0
4313,1,0
4314,2,0
4315,0,0
4316,1,0
4317,2,0
4318,0,0
4319,1,0
4320,2,0
4321,0,0
4322,1,0
4323,2,0
4324,0,0
4325,1,0
4326,2,0
4327,0,0
4328,1,0
4329,2,0
4330,0,0
4331,1,0
4332,2,0
4333,0,0
4334,1,0
4335,2,0
4336,0,0
4337,1,0
4338,2,0
4339,0,0
4340,1,0
4341,2,0
4342,0,0
4343,1,0
4344,2,0
4345,0,0
4346,1,0
4347,2,0
4348,0,0
4349,1,0
4350,2,0
4351,0,0
4352,1,0
4353,2,0
4354,0,0
4355,1,0
4356,2,0
4357,0,0
4358,1,0
4359,2,0
4360,0,0
4361,1,0
4362,2,0
4363,0,0
4364,1,0
4365,2,0
4366,0,0
4367,1,0
4368,2,0
4369,0,0
4370,1,0
4371,2,0
4372,0,0
4373,1,0
4374,2,0
4375,0,0
4376,1,0
4377,2,0
4378,0,0
4379,1,0
4380,2,0
4381,0,0
4382,1,0
4383,2,0
4384,0,0
4385,1,0
4386,2,0
4387,0,0
4388,1,0
4389,2,0
4390,0,0
4391,1,0
4392,2,0
4393,0,0
4394,1,0
4395,2,0
4396,0,0
4397,1,0
4398,2,0
4399,0,0
4400,1,0
4401,2,0
4402,0,0
4403,1,0
4404,2,0
4405,0,0
4406,1,0
4407,2,0
4408,0,0
4409,1,0
4410,2,0
4411,0,0
4412,1,0
4413,2,0
4414,0,0
4415,1,0
4416,2,0
4417,0,0
4418,1,0
4419,2,0
4420,0,0
4421,1,0
4422,2,0
4423,0,0
4424,1,0
4425,2,0
4426,0,0
4427,1,0
4428,2,0
4429,0,0
4430,1,0
4431,2,0
4432,0,0
4433,1,0
4434,2,0
4435,0,0
4436,1,0
4437,2,0
4438,0,0
4439,1,0
4440,2,0
4441,0,0
4442,1,0
4443,2,0
4444,0,0
4445,1,0
4446,2,0
4447,0,0
4448,1,0
4449,2,0
4450,0,0
4451,1,0
4452,2,0
4453,0,0
4454,1,0
4455,2,0
4456,0,0
4457,1,0
4458,2,0
4459,0,0
4460,1,0
4461,2,0
4462,0,0
4463,1,0
4464,2,0
4465,0,0
4466,1,0
4467,2,0
4468,0,0
4469,1,0
4470,2,0
4471,0,0
4472,1,0
4473,2,0
4474,0,0
4475,1,0
4476,2,0
4477,0,0
4478,1,0
4479,2,0
4480,0,0
4481,1,0
4482,2,0
4483,0,0
4484,1,0
4485,2,0
4486,0,0
4487,1,0
4488,2,0
4489,0,0
4490,1,0
4491,2,0
4492,0,0
4493,1,0
4494,2,0
4495,0,0
4496,1,0
4497,2,0
4498,0,0
4499,1,0
4500,2,0
4501,0,0
4502,1,0
4503,2,0
4504,0,0
4505,1,0
4506,2,0
4507,0,0
4508,1,0
4509,2,0
4510,0,0
4511,1,0
4512,2,0
4513,0,0
4514,1,0
4515,2,0
4516,0,0
4517,1,0
4518,2,0
4519,0,0
4520,1,0
4521,2,0
4522,0,0
4523,1,0
4524,2,0
4525,0,0
4526,1,0
4527,2,0
4528,0,0
4529,1,0
4530,2,0
4531,0,0
4532,1,0
4533,2,0
4534,0,0
4535,1,0
4536,2,0
4537,0,0
4538,1,0
4539,2,0
4540,0,0
4541,1,0
4542,2,0
4543,0,0
4544,1,0
4545,2,0
4546,0,0
4547,1,0
4548,2,0
4549,0,0
4550,1,0
4551,2,0
4552,0,0
4553,1,0
4554,2,0
4555,0,0
4556,1,0
4557,2,0
4558,0,0
4559,1,0
4560,2,0
4561,0,0
4562,1,0
4563,2,0
4564,0,0
4565,1,0
4566,2,0
4567,0,0
4568,1,0
4569,2,0
4570,0,0
4571,1,0
4572,2,0
4573,0,0
4574,1,0
4575,2,0
4576,0,0
4577,1,0
4578,2,0
4579,0,0
4580,1,0
4581,2,0
4582,0,0
4583,1,0
4584,2,0
4585,0,0
4586,1,0
4587,2,0
4588,0,0
4589,1,0
4590,2,0
4591,0,0
4592,1,0
4593,2,0
4594,0,0
4595,1,0
4596,2,0
4597,0,0
4598,1,0
4599,2,0
4600,0,0
4601,1,0
4602,2,0
4603,0,0
4604,1,0
4605,2,0
4606,0,0
4607,1,0
4608,2,0
4609,0,0
4610,1,0
4611,2,0
4612,0,0
4613,1,0
4614,2,0
4615,0,0
4616,1,0
4617,2,0
4618,0,0
4619,1,0
4620,2,0
4621,0,0
4622,1,0
4623,2,0
4624,0,0
4625,1,0
4626,2,0
4627,0,0
4628,1,0
4629,2,0
4630,0,0
4631,1,0
4632,2,0
4633,0,0
4634,1,0
4635,2,0
4636,0,0
4637,1,0
4638,2,0
4639,0,0
4640,1,0
4641,2,0
4642,0,0
4643,1,0
4644,2,0
4645,0,0
4646,1,0
4647,2,0
4648,0,0
4649,1,0
4650,2,0
4651,0,0
4652,1,0
4653,2,0
4654,0,0
4655,1,0
4656,2,0
4657,0,0
4658,1,0
4659,2,0
4660,0,0
4661,1,0
4662,2,0
4663,0,0
4664,1,0
4665,2,0
4666,0,0
4667,1,0
4668,2,0
4669,0,0
4670,1,0
4671,2,0
4672,0,0
4673,1,0
4674,2,0
4675,0,0
4676,1,0
4677,2,0
4678,0,0
4679,1,0
4680,2,0
4681,0,0
4682,1,0
4683,2,0
4684,0,0
4685,1,0
4686,2,0
4687,0,0
4688,1,0
4689,2,0
4690,0,0
4691,1,0
4692,2,0
4693,0,0
4694,1,0
4695,2,0
4696,0,0
4697,1,0
4698,2,0
4699,0,0
4700,1,0
4701,2,0
4702,0,0
4703,1,0
4704,2,0
4705,0,0
4706,1,0
4707,2,0
4708,0,0
4709,1,0
4710,2,0
4711,0,0
4712,1,0
4713,2,0
4714,0,0
4715,1,0
4716,2,0
4717,0,0
4718,1,0
4719,2,0
4720,0,0
4721,1,0
4722,2,0
4723,0,0
4724,1,0
4725,2,0
4726,0,0
4727,1,0
4728,2,0
4729,0,0
4730,1,0
4731,2,0
4732,0,0
4733,1,0
4734,2,0
4735,0,0
4736,1,0
4737,2,0
4738,0,0
4739,1,0
4740,2,0
4741,0,0
4742,1,0
4743,2,0
4744,0,0
4745,1,0
4746,2,0
4747,0,0
4748,1,0
4749,2,0
4750,0,0
4751,1,0
4752,2,0
4753,0,0
4754,1,0
4755,2,0
4756,0,0
4757,1,0
4758,2,0
4759,0,0
4760,1,0
4761,2,0
4762,0,0
4763,1,0
4764,2,0
4765,0,0
4766,1,0
4767,2,0
4768,0,0
4769,1,0
4770,2,0
4771,0,0
4772,1,0
4773,2,0
4774,0,0
4775,1,0
4776,2,0
4777,0,0
4778,1,0
4779,2,0
4780,0,0
4781,1,0
4782,2,0
4783,0,0
4784,1,0
4785,2,0
4786,0,0
4787,1,0
4788,2,0
4789,0,0
4790,1,0
4791,2,0
4792,0,0
4793,1,0
4794,2,0
4795,0,0
4796,1,0
4797,2,0
4798,0,0
4799,1,0
4800,2,0
4801,0,0
4802,1,0
4803,2,0
4804,0,0
4805,1,0
4806,2,0
4807,0,0
4808,1,0
4809,2,0
4810,0,0
4811,1,0
4812,2,0
4813,0,0
4814,1,0
4815,2,0
4816,0,0
4817,1,0
4818,2,0
4819,0,0
4820,1,0
4821,2,0
4822,0,0
4823,1,0
4824,2,0
4825,0,0
4826,1,0
4827,2,0
4828,0,0
4829,1,0
4830,2,0
4831,0,0
4832,1,0
4833,2,0
4834,0,0
4835,1,0
4836,2,0
4837,0,0
4838,1,0
4839,2,0
4840,0,0
4841,1,0
4842,2,0
4843,0,0
4844,1,0
4845,2,0
4846,0,0
4847,1,0
4848,2,0
4849,0,0
4850,1,0
4851,2,0
4852,0,0
4853,1,0
4854,2,0
4855,0,0
4856,1,0
4857,2,0
4858,0,0
4859,1,0
4860,2,0
4861,0,0
4862,1,0
4863,2,0
4864,0,0
4865,1,0
4866,2,0
4867,0,0
4868,1,0
4869,2,0
4870,0,0
4871,1,0
4872,2,0
4873,0,0
4874,1,0
4875,2,0
4876,0,0
4877,1,0
4878,2,0
4879,0,0
4880,1,0
4881,2,0
4882,0,0
4883,1,0
4884,2,0
4885,0,0
4886,1,0
4887,2,0
4888,0,0
4889,1,0
4890,2,0
4891,0,0
4892,1,0
4893,2,0
4894,0,0
4895,1,0
4896,2,0
4897,0,0
4898,1,0
4899,2,0
4900,0,0
4901,1,0
4902,2,0
4903,0,0
4904,1,0
4905,2,0
4906,0,0
4907,1,0
4908,2,0
4909,0,0
4910,1,0
4911,2,0
4912,0,0
4913,1,0
4914,2,0
4915,0,0
4916,1,0
4917,2,0
4918,0,0
4919,1,0
4920,2,0
4921,0,0
4922,1,0
4923,2,0
4924,0,0
4925,1,0
4926,2,0
4927,0,0
4928,1,0
4929,2,0
4930,0,0
4931,1,0
4932,2,0
4933,0,0
4934,1,0
4935,2,0
4936,0,0
4937,1,0
4938,2,0
4939,0,0
4940,1,0
4941,2,0
4942,0,0
4943,1,0
4944,2,0
4945,0,0
4946,1,0
4947,2,0
4948,0,0
4949,1,0
4950,2,0
4951,0,0
4952,1,0
4953,2,0
4954,0,0
4955,1,0
4956,2,0
4957,0,0
4958,1,0
4959,2,0
4960,0,0
4961,1,0
4962,2,0
4963,0,0
4964,1,0
4965,2,0
4966,0,0
4967,1,0
4968,2,0
4969,0,0
4970,1,0
4971,2,0
4972,0,0
4973,1,0
4974,2,0
4975,0,0
4976,1,0
4977,2,0
4978,0,0
4979,1,0
4980,2,0
4981,0,0
4982,1,0
4983,2,0
4984,0,0
4985,1,0
4986,2,0
4987,0,0
4988,1,0
4989,2,0
4990,0,0
4991,1,0
4992,2,0
4993,0,0
4994,1,0
4995,2,0
4996,0,0
4997,1,0
4998,2,0
4999,0,0
5000,1,0
5001,2,0
5002,0,0
5003,1,0
5004,2,0
5005,0,0
5006,1,0
5007,2,0
5008,0,0
5009,1,0
5010,2,0
5011,0,0
5012,1,0
5013,2,0
5014,0,0
5015,1,0
5016,2,0
5017,0,0
5018,1,0
5019,2,0
5020,0,0
5021,1,0
5022,2,0
5023,0,0
5024,1,0
5025,2,0
5026,0,0
5027,1,0
5028,2,0
5029,0,0
5030,1,0
5031,2,0
5032,0,0
5033,1,0
5034,2,0
5035,0,0
5036,1,0
5037,2,0
5038,0,0
5039,1,0
5040,2,0
5041,0,0
5042,1,0
5043,2,0
5044,0,0
5045,1,0
5046,2,0
5047,0,0
5048,1,0
5049,2,0
5050,0,0
5051,1,0
5052,2,0
5053,0,0
5054,1,0
5055,2,0
5056,0,0
5057,1,0
5058,2,0
5059,0,0
5060,1,0
5061,2,0
5062,0,0
5063,1,0
5064,2,0
5065,0,0
5066,1,0
5067,2,0
5068,0,0
5069,1,0
5070,2,0
5071,0,0
5072,1,0
5073,2,0
5074,0,0
5075,1,0
5076,2,0
5077,0,0
5078,1,0
5079,2,0
5080,0,0
5081,1,0
5082,2,0
5083,0,0
5084,1,0
5085,2,0
5086,0,0
5087,1,0
5088,2,0
5089,0,0
5090,1,0
5091,2,0
5092,0,0
5093,1,0
5094,2,0
5095,0,0
5096,1,0
5097,2,0
5098,0,0
5099,1,0
5100,2,0
5101,0,0
5102,1,0
5103,2,0
5104,0,0
5105,1,0
5106,2,0
5107,0,0
5108,1,0
5109,2,0
5110,0,0
5111,1,0
5112,2,0
5113,0,0
5114,1,0
5115,2,0
5116,0,0
5117,1,0
5118,2,0
5119,0,0
5120,1,0
5121,2,0
5122,0,0
5123,1,0
5124,2,0
5125,0,0
5126,1,0
5127,2,0
5128,0,0
5129,1,0
5130,2,0
5131,0,0
5132,1,0
5133,2,0
5134,0,0
5135,1,0
5136,2,0
5137,0,0
5138,1,0
5139,2,0
5140,0,0
5141,1,0
5142,2,0
5143,0,0
5144,1,0
5145,2,0
5146,0,0
5147,1,0
5148,2,0
5149,0,0
5150,1,0
5151,2,0
5152,0,0
5153,1,0
5154,2,0
5155,0,0
5156,1,0
5157,2,0
5158,0,0
5159,1,0
5160,2,0
5161,0,0
5162,1,0
5163,2,0
5164,0,0
5165,1,0
5166,2,0
5167,0,0
5168,1,0
5169,2,0
5170,0,0
5171,1,0
5172,2,0
5173,0,0
5174,1,0
5175,2,0
5176,0,0
5177,1,0
5178,2,0
5179,0,0
5180,1,0
5181,2,0
5182,0,0
5183,1,0
5184,2,0
5185,0,0
5186,1,0
5187,2,0
5188,0,0
5189,1,0
5190,2,0
5191,0,0
5192,1,0
5193,2,0
5194,0,0
5195,1,0
5196,2,0
5197,0,0
5198,1,0
5199,2,0
5200,0,0
5201,1,0
5202,2,0
5203,0,0
5204,1,0
5205,2,0
5206,0,0
5207,1,0
5208,2,0
5209,0,0
5210,1,0
5211,2,0
5212,0,0
5213,1,0
5214,2,0
5215,0,0
5216,1,0
5217,2,0
5218,0,0
5219,1,0
5220,2,0
5221,0,0
5222,1,0
5223,2,0
5224,0,0
5225,1,0
5226,2,0
5227,0,0
5228,1,0
5229,2,0
5230,0,0
5231,1,0
5232,2,0
5233,0,0
5234,1,0
5235,2,0
5236,0,0
5237,1,0
5238,2,0
5239,0,0
5240,1,0
5241,2,0
5242,0,0
5243,1,0
5244,2,0
5245,0,0
5246,1,0
5247,2,0
5248,0,0
5249,1,0
5250,2,0
5251,0,0
5252,1,0
5253,2,0
5254,0,0
5255,1,0
5256,2,0
5257,0,0
5258,1,0
5259,2,0
5260,0,0
5261,1,0
5262,2,0
5263,0,0
5264,1,0
5265,2,0
5266,0,0
5267,1,0
5268,2,0
5269,0,0
5270,1,0
5271,2,0
5272,0,0
5273,1,0
5274,2,0
5275,0,0
5276,1,0
5277,2,0
5278,0,0
5279,1,0
5280,2,0
5281,0,0
5282,1,0
5283,2,0
5284,0,0
5285,1,0
5286,2,0
5287,0,0
5288,1,0
5289,2,0
5290,0,0
5291,1,0
5292,2,0
5293,0,0
5294,1,0
5295,2,0
5296,0,0
5297,1,0
5298,2,0
5299,0,0
5300,1,0
5301,2,0
5302,0,0
5303,1,0
5304,2,0
5305,0,0
5306,1,0
5307,2,0
5308,0,0
5309,1,0
5310,2,0
5311,0,0
5312,1,0
5313,2,0
5314,0,0
5315,1,0
5316,2,0
5317,0,0
5318,1,0
5319,2,0
5320,0,0
5321,1,0
5322,2,0
5323,0,0
5324,1,0
5325,2,0
5326,0,0
5327,1,0
5328,2,0
5329,0,0
5330,1,0
5331,2,0
5332,0,0
5333,1,0
5334,2,0
5335,0,0
5336,1,0
5337,2,0
5338,0,0
5339,1,0
5340,2,0
5341,0,0
5342,1,0
5343,2,0
5344,0,0
5345,1,0
5346,2,0
5347,0,0
5348,1,0
5349,2,0
5350,0,0
5351,1,0
5352,2,0
5353,0,0
5354,1,0
5355,2,0
5356,0,0
5357,1,0
5358,2,0
5359,0,0
5360,1,0
5361,2,0
5362,0,0
5363,1,0
5364,2,0
5365,0,0
5366,1,0
5367,2,0
5368,0,0
5369,1,0
5370,2,0
5371,0,0
5372,1,0
5373,2,0
5374,0,0
5375,1,0
5376,2,0
5377,0,0
5378,1,0
5379,2,0
5380,0,0
5381,1,0
5382,2,0
5383,0,0
5384,1,0
5385,2,0
5386,0,0
5387,1,0
5388,2,0
5389,0,0
5390,1,0
5391,2,0
5392,0,0
5393,1,0
5394,2,0
5395,0,0
5396,1,0
5397,2,0
5398,0,0
5399,1,0
5400,2,0
5401,0,0
5402,1,0
5403,2,0
5404,0,0
5405,1,0
5406,2,0
5407,0,0
5408,1,0
5409,2,0
5410,0,0
5411,1,0
5412,2,0
5413,0,0
5414,1,0
5415,2,0
5416,0,0
5417,1,0
5418,2,0
5419,0,0
5420,1,0
5421,2,0
5422,0,0
5423,1,0
5424,2,0
5425,0,0
5426,1,0
5427,2,0
5428,0,0
5429,1,0
5430,2,0
5431,0,0
5432,1,0
5433,2,0
5434,0,0
5435,1,0
5436,2,0
5437,0,0
5438,1,0
5439,2,0
5440,0,0
5441,1,0
5442,2,0
5443,0,0
5444,1,0
5445,2,0
5446,0,0
5447,1,0
5448,2,0
5449,0,0
5450,1,0
5451,2,0
5452,0,0
5453,1,0
5454,2,0
5455,0,0
5456,1,0
5457,2,0
5458,0,0
5459,1,0
5460,2,0
5461,0,0
5462,1,0
5463,2,0
5464,0,0
5465,1,0
5466,2,0
5467,0,0
5468,1,0
5469,2,0
5470,0,0
5471,1,0
5472,2,0
5473,0,0
5474,1,0
5475,2,0
5476,0,0
5477,1,0
5478,2,0
5479,0,0
5480,1,0
5481,2,0
5482,0,0
5483,1,0
5484,2,0
5485,0,0
5486,1,0
5487,2,0
5488,0,0
5489,1,0
5490,2,0
5491,0,0
5492,1,0
5493,2,0
5494,0,0
5495,1,0
5496,2,0
5497,0,0
5498,1,0
5499,2,0
5500,0,0
5501,1,0
5502,2,0
5503,0,0
5504,1,0
5505,2,0
5506,0,0
5507,1,0
5508,2,0
5509,0,0
5510,1,0
5511,2,0
5512,0,0
5513,1,0
5514,2,0
5515,0,0
5516,1,0
5517,2,0
5518,0,0
5519,1,0
5520,2,0
5521,0,0
5522,1,0
5523,2,0
5524,0,0
5525,1,0
5526,2,0
5527,0,0
5528,1,0
5529,2,0
5530,0,0
5531,1,0
5532,2,0
5533,0,0
5534,1,0
5535,2,0
5536,0,0
5537,1,0
5538,2,0
5539,0,0
5540,1,0
5541,2,0
5542,0,0
5543,1,0
5544,2,0
5545,0,0
5546,1,0
5547,2,0
5548,0,0
5549,1,0
5550,2,0
5551,0,0
5552,1,0
5553,2,0
5554,0,0
5555,1,0
5556,2,0
5557,0,0
5558,1,0
5559,2,0
5560,0,0
5561,1,0
5562,2,0
5563,0,0
5564,1,0
5565,2,0
5566,0,0
5567,1,0
5568,2,0
5569,0,0
5570,1,0
5571,2,0
5572,0,0
5573,1,0
5574,2,0
5575,0,0
5576,1,0
5577,2,0
5578,0,0
5579,1,0
5580,2,0
5581,0,0
5582,1,0
5583,2,0
5584,0,0
5585,1,0
5586,2,0
5587,0,0
5588,1,0
5589,2,0
5590,0,0
5591,1,0
5592,2,0
5593,0,0
5594,1,0
5595,2,0
5596,0,0
5597,1,0
5598,2,0
5599,0,0
5600,1,0
5601,2,0
5602,0,0
5603,1,0
5604,2,0
5605,0,0
5606,1,0
5607,2,0
5608,0,0
5609,1,0
5610,2,0
5611,0,0
5612,1,0
5613,2,0
5614,0,0
5615,1,0
5616,2,0
5617,0,0
5618,1,0
5619,2,0
5620,0,0
5621,1,0
5622,2,0
5623,0,0
5624,1,0
5625,2,0
5626,0,0
5627,1,0
5628,2,0
5629,0,0
5630,1,0
5631,2,0
5632,0,0
5633,1,0
5634,2,0
5635,0,0
5636,1,0
5637,2,0
5638,0,0
5639,1,0
5640,2,0
5641,0,0
5642,1,0
5643,2,0
5644,0,0
5645,1,0
5646,2,0
5647,0,0
5648,1,0
5649,2,0
5650,0,0
5651,1,0
5652,2,0
5653,0,0
5654,1,0
5655,2,0
5656,0,0
5657,1,0
5658,2,0
5659,0,0
5660,1,0
5661,2,0
5662,0,0
5663,1,0
5664,2,0
5665,0,0
5666,1,0
5667,2,0
5668,0,0
5669,1,0
5670,2,0
5671,0,0
5672,1,0
5673,2,0
5674,0,0
5675,1,0
5676,2,0
5677,0,0
5678,1,0
5679,2,0
5680,0,0
5681,1,0
5682,2,0
5683,0,0
5684,1,0
5685,2,0
5686,0,0
5687,1,0
5688,2,0
5689,0,0
5690,1,0
5691,2,0
5692,0,0
5693,1,0
5694,2,0
5695,0,0
5696,1,0
5697,2,0
5698,0,0
5699,1,0
5700,2,0
5701,0,0
5702,1,0
5703,2,0
5704,0,0
5705,1,0
5706,2,0
5707,0,0
5708,1,0
5709,2,0
5710,0,0
5711,1,0
5712,2,0
5713,0,0
5714,1,0
5715,2,0
5716,0,0
5717,1,0
5718,2,0
5719,0,0
5720,1,0
5721,2,0
5722,0,0
5723,1,0
5724,2,0
5725,0,0
5726,1,0
5727,2,0
5728,0,0
5729,1,0
5730,2,0
5731,0,0
5732,1,0
5733,2,0
5734,0,0
5735,1,0
5736,2,0
5737,0,0
5738,1,0
5739,2,0
5740,0,0
5741,1,0
5742,2,0
5743,0,0
5744,1,0
5745,2,0
5746,0,0
5747,1,0
5748,2,0
5749,0,0
5750,1,0
5751,2,0
5752,0,0
5753,1,0
5754,2,0
5755,0,0
5756,1,0
5757,2,0
5758,0,0
5759,1,0
5760,2,0
5761,0,0
5762,1,0
5763,2,0
5764,0,0
5765,1,0
5766,2,0
5767,0,0
5768,1,0
5769,2,0
5770,0,0
5771,1,0
5772,2,0
5773,0,0
5774,1,0
5775,2,0
5776,0,0
5777,1,0
5778,2,0
5779,0,0
5780,1,0
5781,2,0
5782,0,0
5783,1,0
5784,2,0
5785,0,0
5786,1,0
5787,2,0
5788,0,0
5789,1,0
5790,2,0
5791,0,0
5792,1,0
5793,2,0
5794,0,0
5795,1,0
5796,2,0
5797,0,0
5798,1,0
5799,2,0
5800,0,0
5801,1,0
5802,2,0
5803,0,0
5804,1,0
5805,2,0
5806,0,0
5807,1,0
5808,2,0
5809,0,0
5810,1,0
5811,2,0
5812,0,0
5813,1,0
5814,2,0
5815,0,0
5816,1,0
5817,2,0
5818,0,0
5819,1,0
5820,2,0
5821,0,0
5822,1,0
5823,2,0
5824,0,0
5825,1,0
5826,2,0
5827,0,0
5828,1,0
5829,2,0
5830,0,0
5831,1,0
5832,2,0
5833,0,0
5834,1,0
5835,2,0
5836,0,0
5837,1,0
5838,2,0
5839,0,0
5840,1,0
5841,2,0
5842,0,0
5843,1,0
5844,2,0
5845,0,0
5846,1,0
5847,2,0
5848,0,0
5849,1,0
5850,2,0
5851,0,0
5852,1,0
5853,2,0
5854,0,0
5855,1,0
5856,2,0
5857,0,0
5858,1,0
5859,2,0
5860,0,0
5861,1,0
5862,2,0
5863,0,0
5864,1,0
5865,2,0
5866,0,0
5867,1,0
5868,2,0
5869,0,0
5870,1,0
5871,2,0
5872,0,0
5873,1,0
5874,2,0
5875,0,0
5876,1,0
5877,2,0
5878,0,0
5879,1,0
5880,2,0
5881,0,0
5882,1,0
5883,2,0
5884,0,0
5885,1,0
5886,2,0
5887,0,0
5888,1,0
5889,2,0
5890,0,0
5891,1,0
5892,2,0
5893,0,0
5894,1,0
5895,2,0
5896,0,0
5897,1,0
5898,2,0
5899,0,0
5900,1,0
5901,2,0
5902,0,0
5903,1,0
5904,2,0
5905,0,0
5906,1,0
5907,2,0
5908,0,0
5909,1,0
5910,2,0
5911,0,0
5912,1,0
5913,2,0
5914,0,0
5915,1,0
5916,2,0
5917,0,0
5918,1,0
5919,2,0
5920,0,0
5921,1,0
5922,2,0
5923,0,0
5924,1,0
5925,2,0
5926,0,0
5927,1,0
5928,2,0
5929,0,0
5930,1,0
5931,2,0
5932,0,0
5933,1,0
5934,2,0
5935,0,0
5936,1,0
5937,2,0
5938,0,0
5939,1,0
5940,2,0
5941,0,0
5942,1,0
5943,2,0
5944,0,0
5945,1,0
5946,2,0
5947,0,0
5948,1,0
5949,2,0
5950,0,0
5951,1,0
5952,2,0
5953,0,0
5954,1,0
5955,2,0
5956,0,0
5957,1,0
5958,2,0
5959,0,0
5960,1,0
5961,2,0
5962,0,0
5963,1,0
5964,2,0
5965,0,0
5966,1,0
5967,2,0
5968,0,0
5969,1,0
5970,2,0
5971,0,0
5972,1,0
5973,2,0
5974,0,0
5975,1,0
5976,2,0
5977,0,0
5978,1,0
5979,2,0
5980,0,0
5981,1,0
5982,2,0
5983,0,0
5984,1,0
5985,2,0
5986,0,0
5987,1,0
5988,2,0
5989,0,0
5990,1,0
5991,2,0
5992,0,0
5993,1,0
5994,2,0
5995,0,0
5996,1,0
5997,2,0
5998,0,0
5999,1,0
6000,2,0
6001,0,0
6002,1,0
6003,2,0
6004,0,0
6005,1,0
6006,2,0
6007,0,0
6008,1,0
6009,2,0
6010,0,0
6011,1,0
6012,2,0
6013,0,0
6014,1,0
6015,2,0
6016,0,0
6017,1,0
6018,2,0
6019,0,0
6020,1,0
6021,2,0
6022,0,0
6023,1,0
6024,2,0
6025,0,0
6026,1,0
6027,2,0
6028,0,0
6029,1,0
6030,2,0
6031,0,0
6032,1,0
6033,2,0
6034,0,0
6035,1,0
6036,2,0
6037,0,0
6038,1,0
6039,2,0
6040,0,0
6041,1,0
6042,2,0
6043,0,0
6044,1,0
6045,2,0
6046,0,0
6047,1,0
6048,2,0
6049,0,0
6050,1,0
6051,2,0
6052,0,0
6053,1,0
6054,2,0
6055,0,0
6056,1,0
6057,2,0
6058,0,0
6059,1,0
6060,2,0
6061,0,0
6062,1,0
6063,2,0
6064,0,0
6065,1,0
6066,2,0
6067,0,0
6068,1,0
6069,2,0
6070,0,0
6071,1,0
6072,2,0
6073,0,0
6074,1,0
6075,2,0
6076,0,0
6077,1,0
6078,2,0
6079,0,0
6080,1,0
6081,2,0
6082,0,0
6083,1,0
6084,2,0
6085,0,0
6086,1,0
6087,2,0
6088,0,0
6089,1,0
6090,2,0
6091,0,0
6092,1,0
6093,2,0
6094,0,0
6095,1,0
6096,2,0
6097,0,0
6098,1,0
6099,2,0
6100,0,0
6101,1,0
6102,2,0
6103,0,0
6104,1,0
6105,2,0
6106,0,0
6107,1,0
6108,2,0
6109,0,0
6110,1,0
6111,2,0
6112,0,0
6113,1,0
6114,2,0
6115,0,0
6116,1,0
6117,2,0
6118,0,0
6119,1,0
6120,2,0
6121,0,0
6122,1,0
6123,2,0
6124,0,0
6125,1,0
6126,2,0
6127,0,0
6128,1,0
6129,2,0
6130,0,0
6131,1,0
6132,2,0
6133,0,0
6134,1,0
6135,2,0
6136,0,0
6137,1,0
6138,2,0
6139,0,0
6140,1,0
6141,2,0
6142,0,0
6143,1,0
6144,2,0
6145,0,0
6146,1,0
6147,2,0
6148,0,0
6149,1,0
6150,2,0
6151,0,0
6152,1,0
6153,2,0
6154,0,0
6155,1,0
6156,2,0
6157,0,0
6158,1,0
6159,2,0
6160,0,0
6161,1,0
6162,2,0
6163,0,0
6164,1,0
6165,2,0
6166,0,0
6167,1,0
6168,2,0
6169,0,0
6170,1,0
6171,2,0
6172,0,0
6173,1,0
6174,2,0
6175,0,0
6176,1,0
6177,2,0
6178,0,0
6179,1,0
6180,2,0
6181,0,0
6182,1,0
6183,2,0
6184,0,0
6185,1,0
6186,2,0
6187,0,0
6188,1,0
6189,2,0
6190,0,0
6191,1,0
6192,2,0
6193,0,0
6194,1,0
6195,2,0
6196,0,0
6197,1,0
6198,2,0
6199,0,0
6200,1,0
6201,2,0
6202,0,0
6203,1,0
6204,2,0
6205,0,0
6206,1,0
6207,2,0
6208,0,0
6209,1,0
6210,2,0
6211,0,0
6212,1,0
6213,2,0
6214,0,0
6215,1,0
6216,2,0
6217,0,0
6218,1,0
6219,2,0
6220,0,0
6221,1,0
6222,2,0
6223,0,0
6224,1,0
6225,2,0
6226,0,0
6227,1,0
6228,2,0
6229,0,0
6230,1,0
6231,2,0
6232,0,0
6233,1,0
6234,2,0
6235,0,0
6236,1,0
6237,2,0
6238,0,0
6239,1,0
6240,2,0
6241,0,0
6242,1,0
6243,2,0
6244,0,0
6245,1,0
6246,2,0
6247,0,0
6248,1,0
6249,2,0
6250,0,0
6251,1,0
6252,2,0
6253,0,0
6254,1,0
6255,2,0
6256,0,0
6257,1,0
6258,2,0
6259,0,0
6260,1,0
6261,2,0
6262,0,0
6263,1,0
6264,2,0
6265,0,0
6266,1,0
6267,2,0
6268,0,0
6269,1,0
6270,2,0
6271,0,0
6272,1,0
6273,2,0
6274,0,0
6275,1,0
6276,2,0
6277,0,0
6278,1,0
6279,2,0
6280,0,0
6281,1,0
6282,2,0
6283,0,0
6284,1,0
6285,2,0
6286,0,0
6287,1,0
6288,2,0
6289,0,0
6290,1,0
6291,2,0
6292,0,0
6293,1,0
6294,2,0
6295,0,0
6296,1,0
6297,2,0
6298,0,0
6299,1,0
6300,2,0
6301,0,0
6302,1,0
6303,2,0
6304,0,0
6305,1,0
6306,2,0
6307,0,0
6308,1,0
6309,2,0
6310,0,0
6311,1,0
6312,2,0
6313,0,0
6314,1,0
6315,2,0
6316,0,0
6317,1,0
6318,2,0
6319,0,0
6320,1,0
6321,2,0
6322,0,0
6323,1,0
6324,2,0
6325,0,0
6326,1,0
6327,2,0
6328,0,0
6329,1,0
6330,2,0
6331,0,0
6332,1,0
6333,2,0
6334,0,0
6335,1,0
6336,2,0
6337,0,0
6338,1,0
6339,2,0
6340,0,0
6341,1,0
6342,2,0
6343,0,0
6344,1,0
6345,2,0
6346,0,0
6347,1,0
6348,2,0
6349,0,0
6350,1,0
6351,2,0
6352,0,0
6353,1,0
6354,2,0
6355,0,0
6356,1,0
6357,2,0
6358,0,0
6359,1,0
6360,2,0
6361,0,0
6362,1,0
6363,2,0
6364,0,0
6365,1,0
6366,2,0
6367,0,0
6368,1,0
6369,2,0
6370,0,0
6371,1,0
6372,2,0
6373,0,0
6374,1,0
6375,2,0
6376,0,0
6377,1,0
6378,2,0
6379,0,0
6380,1,0
6381,2,0
6382,0,0
6383,1,0
6384,2,0
6385,0,0
6386,1,0
6387,2,0
6388,0,0
6389,1,0
6390,2,0
6391,0,0
6392,1,0
6393,2,0
6394,0,0
6395,1,0
6396,2,0
6397,0,0
6398,1,0
6399,2,0
6400,0,0
6401,1,0
6402,2,0
6403,0,0
6404,1,0
6405,2,0
6406,0,0
6407,1,0
6408,2,0
6409,0,0
6410,1,0
6411,2,0
6412,0,0
6413,1,0
6414,2,0
6415,0,0
6416,1,0
6417,2,0
6418,0,0
6419,1,0
6420,2,0
6421,0,0
6422,1,0
6423,2,0
6424,0,0
6425,1,0
6426,2,0
6427,0,0
6428,1,0
6429,2,0
6430,0,0
6431,1,0
6432,2,0
6433,0,0
6434,1,0
6435,2,0
6436,0,0
6437,1,0
6438,2,0
6439,0,0
6440,1,0
6441,2,0
6442,0,0
6443,1,0
6444,2,0
6445,0,0
6446,1,0
6447,2,0
6448,0,0
6449,1,0
6450,2,0
6451,0,0
6452,1,0
6453,2,0
6454,0,0
6455,1,0
6456,2,0
6457,0,0
6458,1,0
6459,2,0
6460,0,0
6461,1,0
6462,2,0
6463,0,0
6464,1,0
6465,2,0
6466,0,0
6467,1,0
6468,2,0
6469,0,0
6470,1,0
6471,2,0
6472,0,0
6473,1,0
6474,2,0
6475,0,0
6476,1,0
6477,2,0
6478,0,0
6479,1,0
6480,2,0
6481,0,0
6482,1,0
6483,2,0
6484,0,0
6485,1,0
6486,2,0
6487,0,0
6488,1,0
6489,2,0
6490,0,0
6491,1,0
6492,2,0
6493,0,0
6494,1,0
6495,2,0
6496,0,0
6497,1,0
6498,2,0
6499,0,0
6500,1,0
6501,2,0
6502,0,0
6503,1,0
6504,2,0
6505,0,0
6506,1,0
6507,2,0
6508,0,0
6509,1,0
6510,2,0
6511,0,0
6512,1,0
6513,2,0
6514,0,0
6515,1,0
6516,2,0
6517,0,0
6518,1,0
6519,2,0
6520,0,0
6521,1,0
6522,2,0
6523,0,0
6524,1,0
6525,2,0
6526,0,0
6527,1,0
6528,2,0
6529,0,0
6530,1,0
6531,2,0
6532,0,0
6533,1,0
6534,2,0
6535,0,0
6536,1,0
6537,2,0
6538,0,0
6539,1,0
6540,2,0
6541,0,0
6542,1,0
6543,2,0
6544,0,0
6545,1,0
6546,2,0
6547,0,0
6548,1,0
6549,2,0
6550,0,0
6551,1,0
6552,2,0
6553,0,0
6554,1,0
6555,2,0
6556,0,0
6557,1,0
6558,2,0
6559,0,0
6560,1,0
6561,2,0
6562,0,0
6563,1,0
6564,2,0
6565,0,0
6566,1,0
6567,2,0
6568,0,0
6569,1,0
6570,2,0
6571,0,0
6572,1,0
6573,2,0
6574,0,0
6575,1,0
6576,2,0
6577,0,0
6578,1,0
6579,2,0
6580,0,0
6581,1,0
6582,2,0
6583,0,0
6584,1,0
6585,2,0
6586,0,0
6587,1,0
6588,2,0
6589,0,0
6590,1,0
6591,2,0
6592,0,0
6593,1,0
6594,2,0
6595,0,0
6596,1,0
6597,2,0
6598,0,0
6599,1,0
6600,2,0
6601,0,0
6602,1,0
6603,2,0
6604,0,0
6605,1,0
6606,2,0
6607,0,0
6608,1,0
6609,2,0
6610,0,0
6611,1,0
6612,2,0
6613,0,0
6614,1,0
6615,2,0
6616,0,0
6617,1,0
6618,2,0
6619,0,0
6620,1,0
6621,2,0
6622,0,0
6623,1,0
6624,2,0
6625,0,0
6626,1,0
6627,2,0
6628,0,0
6629,1,0
6630,2,0
6631,0,0
6632,1,0
6633,2,0
6634,0,0
6635,1,0
6636,2,0
6637,0,0
6638,1,0
6639,2,0
6640,0,0
6641,1,0
6642,2,0
6643,0,0
6644,1,0
6645,2,0
6646,0,0
6647,1,0
6648,2,0
6649,0,0
6650,1,0
6651,2,0
6652,0,0
6653,1,0
6654,2,0
6655,0,0
6656,1,0
6657,2,0
6658,0,0
6659,1,0
6660,2,0
6661,0,0
6662,1,0
6663,2,0
6664,0,0
6665,1,0
6666,2,0
6667,0,0
6668,1,0
6669,2,0
6670,0,0
6671,1,0
6672,2,0
6673,0,0
6674,1,0
6675,2,0
6676,0,0
6677,1,0
6678,2,0
6679,0,0
6680,1,0
6681,2,0
6682,0,0
6683,1,0
6684,2,0
6685,0,0
6686,1,0
6687,2,0
6688,0,0
6689,1,0
6690,2,0
6691,0,0
6692,1,0
6693,2,0
6694,0,0
6695,1,0
6696,2,0
6697,0,0
6698,1,0
6699,2,0
6700,0,0
6701,1,0
6702,2,0
6703,0,0
6704,1,0
6705,2,0
6706,0,0
6707,1,0
6708,2,0
6709,0,0
6710,1,0
6711,2,0
6712,0,0
6713,1,0
6714,2,0
6715,0,0
6716,1,0
6717,2,0
6718,0,0
6719,1,0
6720,2,0
6721,0,0
6722,1,0
6723,2,0
6724,0,0
6725,1,0
6726,2,0
6727,0,0
6728,1,0
6729,2,0
6730,0,0
6731,1,0
6732,2,0
6733,0,0
6734,1,0
6735,2,0
6736,0,0
6737,1,0
6738,2,0
6739,0,0
6740,1,0
6741,2,0
6742,0,0
6743,1,0
6744,2,0
6745,0,0
6746,1,0
6747,2,0
6748,0,0
6749,1,0
6750,2,0
6751,0,0
6752,1,0
6753,2,0
6754,0,0
6755,1,0
6756,2,0
6757,0,0
6758,1,0
6759,2,0
6760,0,0
6761,1,0
6762,2,0
6763,0,0
6764,1,0
6765,2,0
6766,0,0
6767,1,0
6768,2,0
6769,0,0
6770,1,0
6771,2,0
6772,0,0
6773,1,0
6774,2,0
6775,0,0
6776,1,0
6777,2,0
6778,0,0
6779,1,0
6780,2,0
6781,0,0
6782,1,0
6783,2,0
6784,0,0
6785,1,0
6786,2,0
6787,0,0
6788,1,0
6789,2,0
6790,0,0
6791,1,0
6792,2,0
6793,0,0
6794,1,0
6795,2,0
6796,0,0
6797,1,0
6798,2,0
6799,0,0
6800,1,0
6801,2,0
6802,0,0
6803,1,0
6804,2,0
6805,0,0
6806,1,0
6807,2,0
6808,0,0
6809,1,0
6810,2,0
6811,0,0
6812,1,0
6813,2,0
6814,0,0
6815,1,0
6816,2,0
6817,0,0
6818,1,0
6819,2,0
6820,0,0
6821,1,0
6822,2,0
6823,0,0
6824,1,0
6825,2,0
6826,0,0
6827,1,0
6828,2,0
6829,0,0
6830,1,0
6831,2,0
6832,0,0
6833,1,0
6834,2,0
6835,0,0
6836,1,0
6837,2,0
6838,0,0
6839,1,0
6840,2,0
6841,0,0
6842,1,0
6843,2,0
6844,0,0
6845,1,0
6846,2,0
6847,0,0
6848,1,0
6849,2,0
6850,0,0
6851,1,0
6852,2,0
6853,0,0
6854,1,0
6855,2,0
6856,0,0
6857,1,0
6858,2,0
6859,0,0
6860,1,0
6861,2,0
6862,0,0
6863,1,0
6864,2,0
6865,0,0
6866,1,0
6867,2,0
6868,0,0
6869,1,0
6870,2,0
6871,0,0
6872,1,0
6873,2,0
6874,0,0
6875,1,0
6876,2,0
6877,0,0
6878,1,0
6879,2,0
6880,0,0
6881,1,0
6882,2,0
6883,0,0
6884,1,0
6885,2,0
6886,0,0
6887,1,0
6888,2,0
6889,0,0
6890,1,0
6891,2,0
6892,0,0
6893,1,0
6894,2,0
6895,0,0
6896,1,0
6897,2,0
6898,0,0
6899,1,0
6900,2,0
6901,0,0
6902,1,0
6903,2,0
6904,0,0
6905,1,0
6906,2,0
6907,0,0
6908,1,0
6909,2,0
6910,0,0
6911,1,0
6912,2,0
6913,0,0
6914,1,0
6915,2,0
6916,0,0
6917,1,0
6918,2,0
6919,0,0
6920,1,0
6921,2,0
6922,0,0
6923,1,0
6924,2,0
6925,0,0
6926,1,0
6927,2,0
6928,0,0
6929,1,0
6930,2,0
6931,0,0
6932,1,0
6933,2,0
6934,0,0
6935,1,0
6936,2,0
6937,0,0
6938,1,0
6939,2,0
6940,0,0
6941,1,0
6942,2,0
6943,0,0
6944,1,0
6945,2,0
6946,0,0
6947,1,0
6948,2,0
6949,0,0
6950,1,0
6951,2,0
6952,0,0
6953,1,0
6954,2,0
6955,0,0
6956,1,0
6957,2,0
6958,0,0
6959,1,0
6960,2,0
6961,0,0
6962,1,0
6963,2,0
6964,0,0
6965,1,0
6966,2,0
6967,0,0
6968,1,0
6969,2,0
6970,0,0
6971,1,0
6972,2,0
6973,0,0
6974,1,0
6975,2,0
6976,0,0
6977,1,0
6978,2,0
6979,0,0
6980,1,0
6981,2,0
6982,0,0
6983,1,0
6984,2,0
6985,0,0
6986,1,0
6987,2,0
6988,0,0
6989,1,0
6990,2,0
6991,0,0
6992,1,0
6993,2,0
6994,0,0
6995,1,0
6996,2,0
6997,0,0
6998,1,0
6999,2,0
7000,0,0
7001,1,0
7002,2,0
7003,0,0
7004,1,0
7005,2,0
7006,0,0
7007,1,0
7008,2,0
7009,0,0
7010,1,0
7011,2,0
7012,0,0
7013,1,0
7014,2,0
7015,0,0
7016,1,0
7017,2,0
7018,0,0
7019,1,0
7020,2,0
7021,0,0
7022,1,0
7023,2,0
7024,0,0
7025,1,0
7026,2,0
7027,0,0
7028,1,0
7029,2,0
7030,0,0
7031,1,0
7032,2,0
7033,0,0
7034,1,0
7035,2,0
7036,0,0
7037,1,0
7038,2,0
7039,0,0
7040,1,0
7041,2,0
7042,0,0
7043,1,0
7044,2,0
7045,0,0
7046,1,0
7047,2,0
7048,0,0
7049,1,0
7050,2,0
7051,0,0
7052,1,0
7053,2,0
7054,0,0
7055,1,0
7056,2,0
7057,0,0
7058,1,0
7059,2,0
7060,0,0
7061,1,0
7062,2,0
7063,0,0
7064,1,0
7065,2,0
7066,0,0
7067,1,0
7068,2,0
7069,0,0
7070,1,0
7071,2,0
7072,0,0
7073,1,0
7074,2,0
7075,0,0
7076,1,0
7077,2,0
7078,0,0
7079,1,0
7080,2,0
7081,0,0
7082,1,0
7083,2,0
7084,0,0
7085,1,0
7086,2,0
7087,0,0
7088,1,0
7089,2,0
7090,0,0
7091,1,0
7092,2,0
7093,0,0
7094,1,0
7095,2,0
7096,0,0
7097,1,0
7098,2,0
7099,0,0
7100,1,0
7101,2,0
7102,0,0
7103,1,0
7104,2,0
7105,0,0
7106,1,0
7107,2,0
7108,0,0
7109,1,0
7110,2,0
7111,0,0
7112,1,0
7113,2,0
7114,0,0
7115,1,0
7116,2,0
7117,0,0
7118,1,0
7119,2,0
7120,0,0
7121,1,0
7122,2,0
7123,0,0
7124,1,0
7125,2,0
7126,0,0
7127,1,0
7128,2,0
7129,0,0
7130,1,0
7131,2,0
7132,0,0
7133,1,0
7134,2,0
7135,0,0
7136,1,0
7137,2,0
7138,0,0
7139,1,0
7140,2,0
7141,0,0
7142,1,0
7143,2,0
7144,0,0
7145,1,0
7146,2,0
7147,0,0
7148,1,0
7149,2,0
7150,0,0
7151,1,0
7152,2,0
7153,0,0
7154,1,0
7155,2,0
7156,0,0
7157,1,0
7158,2,0
7159,0,0
7160,1,0
7161,2,0
7162,0,0
7163,1,0
7164,2,0
7165,0,0
7166,1,0
7167,2,0
7168,0,0
7169,1,0
7170,2,0
7171,0,0
7172,1,0
7173,2,0
7174,0,0
7175,1,0
7176,2,0
7177,0,0
7178,1,0
7179,2,0
7180,0,0
7181,1,0
7182,2,0
7183,0,0
7184,1,0
7185,2,0
7186,0,0
7187,1,0
7188,2,0
7189,0,0
7190,1,0
7191,2,0
7192,0,0
7193,1,0
7194,2,0
7195,0,0
7196,1,0
7197,2,0
7198,0,0
7199,1,0
7200,2,0
7201,0,0
7202,1,0
7203,2,0
7204,0,0
7205,1,0
7206,2,0
7207,0,0
7208,1,0
7209,2,0
7210,0,0
7211,1,0
7212,2,0
7213,0,0
7214,1,0
7215,2,0
7216,0,0
7217,1,0
7218,2,0
7219,0,0
7220,1,0
7221,2,0
7222,0,0
7223,1,0
7224,2,0
7225,0,0
7226,1,0
7227,2,0
7228,0,0
7229,1,0
7230,2,0
7231,0,0
7232,1,0
7233,2,0
7234,0,0
7235,1,0
7236,2,0
7237,0,0
7238,1,0
7239,2,0
7240,0,0
7241,1,0
7242,2,0
7243,0,0
7244,1,0
7245,2,0
7246,0,0
7247,1,0
7248,2,0
7249,0,0
7250,1,0
7251,2,0
7252,0,0
7253,1,0
7254,2,0
7255,0,0
7256,1,0
7257,2,0
7258,0,0
7259,1,0
7260,2,0
7261,0,0
7262,1,0
7263,2,0
7264,0,0
7265,1,0
7266,2,0
7267,0,0
7268,1,0
7269,2,0
7270,0,0
7271,1,0
7272,2,0
7273,0,0
7274,1,0
7275,2,0
7276,0,0
7277,1,0
7278,2,0
7279,0,0
7280,1,0
7281,2,0
7282,0,0
7283,1,0
7284,2,0
7285,0,0
7286,1,0
7287,2,0
7288,0,0
7289,1,0
7290,2,0
7291,0,0
7292,1,0
7293,2,0
7294,0,0
7295,1,0
7296,2,0
7297,0,0
7298,1,0
7299,2,0
7300,0,0
7301,1,0
7302,2,0
7303,0,0
7304,1,0
7305,2,0
7306,0,0
7307,1,0
7308,2,0
7309,0,0
7310,1,0
7311,2,0
7312,0,0
7313,1,0
7314,2,0
7315,0,0
7316,1,0
7317,2,0
7318,0,0
7319,1,0
7320,2,0
7321,0,0
7322,1,0
7323,2,0
7324,0,0
7325,1,0
7326,2,0
7327,0,0
7328,1,0
7329,2,0
7330,0,0
7331,1,0
7332,2,0
7333,0,0
7334,1,0
7335,2,0
7336,0,0
7337,1,0
7338,2,0
7339,0,0
7340,1,0
7341,2,0
7342,0,0
7343,1,0
7344,2,0
7345,0,0
7346,1,0
7347,2,0
7348,0,0
7349,1,0
7350,2,0
7351,0,0
7352,1,0
7353,2,0
7354,0,0
7355,1,0
7356,2,0
7357,0,0
7358,1,0
7359,2,0
7360,0,0
7361,1,0
7362,2,0
7363,0,0
7364,1,0
7365,2,0
7366,0,0
7367,1,0
7368,2,0
7369,0,0
7370,1,0
7371,2,0
7372,0,0
7373,1,0
7374,2,0
7375,0,0
7376,1,0
7377,2,0
7378,0,0
7379,1,0
7380,2,0
7381,0,0
7382,1,0
7383,2,0
7384,0,0
7385,1,0
7386,2,0
7387,0,0
7388,1,0
7389,2,0
7390,0,0
7391,1,0
7392,2,0
7393,0,0
7394,1,0
7395,2,0
7396,0,0
7397,1,0
7398,2,0
7399,0,0
7400,1,0
7401,2,0
7402,0,0
7403,1,0
7404,2,0
7405,0,0
7406,1,0
7407,2,0
7408,0,0
7409,1,0
7410,2,0
7411,0,0
7412,1,0
7413,2,0
7414,0,0
7415,1,0
7416,2,0
7417,0,0
7418,1,0
7419,2,0
7420,0,0
7421,1,0
7422,2,0
7423,0,0
7424,1,0
7425,2,0
7426,0,0
7427,1,0
7428,2,0
7429,0,0
7430,1,0
7431,2,0
7432,0,0
7433,1,0
7434,2,0
7435,0,0
7436,1,0
7437,2,0
7438,0,0
7439,1,0
7440,2,0
7441,0,0
7442,1,0
7443,2,0
7444,0,0
7445,1,0
7446,2,0
7447,0,0
7448,1,0
7449,2,0
7450,0,0
7451,1,0
7452,2,0
7453,0,0
7454,1,0
7455,2,0
7456,0,0
7457,1,0
7458,2,0
7459,0,0
7460,1,0
7461,2,0
7462,0,0
7463,1,0
7464,2,0
7465,0,0
7466,1,0
7467,2,0
7468,0,0
7469,1,0
7470,2,0
7471,0,0
7472,1,0
7473,2,0
7474,0,0
7475,1,0
7476,2,0
7477,0,0
7478,1,0
7479,2,0
7480,0,0
7481,1,0
7482,2,0
7483,0,0
7484,1,0
7485,2,0
7486,0,0
7487,1,0
7488,2,0
7489,0,0
7490,1,0
7491,2,0
7492,0,0
7493,1,0
7494,2,0
7495,0,0
7496,1,0
7497,2,0
7498,0,0
7499,1,0
7500,2,0
7501,0,0
7502,1,0
7503,2,0
7504,0,0
7505,1,0
7506,2,0
7507,0,0
7508,1,0
7509,2,0
7510,0,0
7511,1,0
7512,2,0
7513,0,0
7514,1,0
7515,2,0
7516,0,0
7517,1,0
7518,2,0
7519,0,0
7520,1,0
7521,2,0
7522,0,0
7523,1,0
7524,2,0
7525,0,0
7526,1,0
7527,2,0
7528,0,0
7529,1,0
7530,2,0
7531,0,0
7532,1,0
7533,2,0
7534,0,0
7535,1,0
7536,2,0
7537,0,0
7538,1,0
7539,2,0
7540,0,0
7541,1,0
7542,2,0
7543,0,0
7544,1,0
7545,2,0
7546,0,0
7547,1,0
7548,2,0
7549,0,0
7550,1,0
7551,2,0
7552,0,0
7553,1,0
7554,2,0
7555,0,0
7556,1,0
7557,2,0
7558,0,0
7559,1,0
7560,2,0
7561,0,0
7562,1,0
7563,2,0
7564,0,0
7565,1,0
7566,2,0
7567,0,0
7568,1,0
7569,2,0
7570,0,0
7571,1,0
7572,2,0
7573,0,0
7574,1,0
7575,2,0
7576,0,0
7577,1,0
7578,2,0
7579,0,0
7580,1,0
7581,2,0
7582,0,0
7583,1,0
7584,2,0
7585,0,0
7586,1,0
7587,2,0
7588,0,0
7589,1,0
7590,2,0
7591,0,0
7592,1,0
7593,2,0
7594,0,0
7595,1,0
7596,2,0
7597,0,0
7598,1,0
7599,2,0
7600,0,0
7601,1,0
7602,2,0
7603,0,0
7604,1,0
7605,2,0
7606,0,0
7607,1,0
7608,2,0
7609,0,0
7610,1,0
7611,2,0
7612,0,0
7613,1,0
7614,2,0
7615,0,0
7616,1,0
7617,2,0
7618,0,0
7619,1,0
7620,2,0
7621,0,0
7622,1,0
7623,2,0
7624,0,0
7625,1,0
7626,2,0
7627,0,0
7628,1,0
7629,2,0
7630,0,0
7631,1,0
7632,2,0
7633,0,0
7634,1,0
7635,2,0
7636,0,0
7637,1,0
7638,2,0
7639,0,0
7640,1,0
7641,2,0
7642,0,0
7643,1,0
7644,2,0
7645,0,0
7646,1,0
7647,2,0
7648,0,0
7649,1,0
7650,2,0
7651,0,0
7652,1,0
7653,2,0
7654,0,0
7655,1,0
7656,2,0
7657,0,0
7658,1,0
7659,2,0
7660,0,0
7661,1,0
7662,2,0
7663,0,0
7664,1,0
7665,2,0
7666,0,0
7667,1,0
7668,2,0
7669,0,0
7670,1,0
7671,2,0
7672,0,0
7673,1,0
7674,2,0
7675,0,0
7676,1,0
7677,2,0
7678,0,0
7679,1,0
7680,2,0
7681,0,0
7682,1,0
7683,2,0
7684,0,0
7685,1,0
7686,2,0
7687,0,0
7688,1,0
7689,2,0
7690,0,0
7691,1,0
7692,2,0
7693,0,0
7694,1,0
7695,2,0
7696,0,0
7697,1,0
7698,2,0
7699,0,0
7700,1,0
7701,2,0
7702,0,0
7703,1,0
7704,2,0
7705,0,0
7706,1,0
7707,2,0
7708,0,0
7709,1,0
7710,2,0
7711,0,0
7712,1,0
7713,2,0
7714,0,0
7715,1,0
7716,2,0
7717,0,0
7718,1,0
7719,2,0
7720,0,0
7721,1,0
7722,2,0
7723,0,0
7724,1,0
7725,2,0
7726,0,0
7727,1,0
7728,2,0
7729,0,0
7730,1,0
7731,2,0
7732,0,0
7733,1,0
7734,2,0
7735,0,0
7736,1,0
7737,2,0
7738,0,0
7739,1,0
7740,2,0
7741,0,0
7742,1,0
7743,2,0
7744,0,0
7745,1,0
7746,2,0
7747,0,0
7748,1,0
7749,2,0
7750,0,0
7751,1,0
7752,2,0
7753,0,0
7754,1,0
7755,2,0
7756,0,0
7757,1,0
7758,2,0
7759,0,0
7760,1,0
7761,2,0
7762,0,0
7763,1,0
7764,2,0
7765,0,0
7766,1,0
7767,2,0
7768,0,0
7769,1,0
7770,2,0
7771,0,0
7772,1,0
7773,2,0
7774,0,0
7775,1,0
7776,2,0
7777,0,0
7778,1,0
7779,2,0
7780,0,0
7781,1,0
7782,2,0
7783,0,0
7784,1,0
7785,2,0
7786,0,0
7787,1,0
7788,2,0
7789,0,0
7790,1,0
7791,2,0
7792,0,0
7793,1,0
7794,2,0
7795,0,0
7796,1,0
7797,2,0
7798,0,0
7799,1,0
7800,2,0
7801,0,0
7802,1,0
7803,2,0
7804,0,0
7805,1,0
7806,2,0
7807,0,0
7808,1,0
7809,2,0
7810,0,0
7811,1,0
7812,2,0
7813,0,0
7814,1,0
7815,2,0
7816,0,0
7817,1,0
7818,2,0
7819,0,0
7820,1,0
7821,2,0
7822,0,0
7823,1,0
7824,2,0
7825,0,0
7826,1,0
7827,2,0
7828,0,0
7829,1,0
7830,2,0
7831,0,0
7832,1,0
7833,2,0
7834,0,0
7835,1,0
7836,2,0
7837,0,0
7838,1,0
7839,2,0
7840,0,0
7841,1,0
7842,2,0
7843,0,0
7844,1,0
7845,2,0
7846,0,0
7847,1,0
7848,2,0
7849,0,0
7850,1,0
7851,2,0
7852,0,0
7853,1,0
7854,2,0
7855,0,0
7856,1,0
7857,2,0
7858,0,0
7859,1,0
7860,2,0
7861,0,0
7862,1,0
7863,2,0
7864,0,0
7865,1,0
7866,2,0
7867,0,0
7868,1,0
7869,2,0
7870,0,0
7871,1,0
7872,2,0
7873,0,0
7874,1,0
7875,2,0
7876,0,0
7877,1,0
7878,2,0
7879,0,0
7880,1,0
7881,2,0
7882,0,0
7883,1,0
7884,2,0
7885,0,0
7886,1,0
7887,2,0
7888,0,0
7889,1,0
7890,2,0
7891,0,0
7892,1,0
7893,2,0
7894,0,0
7895,1,0
7896,2,0
7897,0,0
7898,1,0
7899,2,0
7900,0,0
7901,1,0
7902,2,0
7903,0,0
7904,1,0
7905,2,0
7906,0,0
7907,1,0
7908,2,0
7909,0,0
7910,1,0
7911,2,0
7912,0,0
7913,1,0
7914,2,0
7915,0,0
7916,1,0
7917,2,0
7918,0,0
7919,1,0
7920,2,0
7921,0,0
7922,1,0
7923,2,0
7924,0,0
7925,1,0
7926,2,0
7927,0,0
7928,1,0
7929,2,0
7930,0,0
7931,1,0
7932,2,0
7933,0,0
7934,1,0
7935,2,0
7936,0,0
7937,1,0
7938,2,0
7939,0,0
7940,1,0
7941,2,0
7942,0,0
7943,1,0
7944,2,0
7945,0,0
7946,1,0
7947,2,0
7948,0,0
7949,1,0
7950,2,0
7951,0,0
7952,1,0
7953,2,0
7954,0,0
7955,1,0
7956,2,0
7957,0,0
7958,1,0
7959,2,0
7960,0,0
7961,1,0
7962,2,0
7963,0,0
7964,1,0
7965,2,0
7966,0,0
7967,1,0
7968,2,0
7969,0,0
7970,1,0
7971,2,0
7972,0,0
7973,1,0
7974,2,0
7975,0,0
7976,1,0
7977,2,0
7978,0,0
7979,1,0
7980,2,0
7981,0,0
7982,1,0
7983,2,0
7984,0,0
7985,1,0
7986,2,0
7987,0,0
7988,1,0
7989,2,0
7990,0,0
7991,1,0
7992,2,0
7993,0,0
7994,1,0
7995,2,0
7996,0,0
7997,1,0
7998,2,0
7999,0,0
8000,1,0
8001,2,0
8002,0,0
8003,1,0
8004,2,0
8005,0,0
8006,1,0
8007,2,0
8008,0,0
8009,1,0
8010,2,0
8011,0,0
8012,1,0
8013,2,0
8014,0,0
8015,1,0
8016,2,0
8017,0,0
8018,1,0
8019,2,0
8020,0,0
8021,1,0
8022,2,0
8023,0,0
8024,1,0
8025,2,0
8026,0,0
8027,1,0
8028,2,0
8029,0,0
8030,1,0
8031,2,0
8032,0,0
8033,1,0
8034,2,0
8035,0,0
8036,1,0
8037,2,0
8038,0,0
8039,1,0
8040,2,0
8041,0,0
8042,1,0
8043,2,0
8044,0,0
8045,1,0
8046,2,0
8047,0,0
8048,1,0
8049,2,0
8050,0,0
8051,1,0
8052,2,0
8053,0,0
8054,1,0
8055,2,0
8056,0,0
8057,1,0
8058,2,0
8059,0,0
8060,1,0
8061,2,0
8062,0,0
8063,1,0
8064,2,0
8065,0,0
8066,1,0
8067,2,0
8068,0,0
8069,1,0
8070,2,0
8071,0,0
8072,1,0
8073,2,0
8074,0,0
8075,1,0
8076,2,0
8077,0,0
8078,1,0
8079,2,0
8080,0,0
8081,1,0
8082,2,0
8083,0,0
8084,1,0
8085,2,0
8086,0,0
8087,1,0
8088,2,0
8089,0,0
8090,1,0
8091,2,0
8092,0,0
8093,1,0
8094,2,0
8095,0,0
8096,1,0
8097,2,0
8098,0,0
8099,1,0
8100,2,0
8101,0,0
8102,1,0
8103,2,0
8104,0,0
8105,1,0
8106,2,0
8107,0,0
8108,1,0
8109,2,0
8110,0,0
8111,1,0
8112,2,0
8113,0,0
8114,1,0
8115,2,0
8116,0,0
8117,1,0
8118,2,0
8119,0,0
8120,1,0
8121,2,0
8122,0,0
8123,1,0
8124,2,0
8125,0,0
8126,1,0
8127,2,0
8128,0,0
8129,1,0
8130,2,0
8131,0,0
8132,1,0
8133,2,0
8134,0,0
8135,1,0
8136,2,0
8137,0,0
8138,1,0
8139,2,0
8140,0,0
8141,1,0
8142,2,0
8143,0,0
8144,1,0
8145,2,0
8146,0,0
8147,1,0
8148,2,0
8149,0,0
8150,1,0
8151,2,0
8152,0,0
8153,1,0
8154,2,0
8155,0,0
8156,1,0
8157,2,0
8158,0,0
8159,1,0
8160,2,0
8161,0,0
8162,1,0
8163,2,0
8164,0,0
8165,1,0
8166,2,0
8167,0,0
8168,1,0
8169,2,0
8170,0,0
8171,1,0
8172,2,0
8173,0,0
8174,1,0
8175,2,0
8176,0,0
8177,1,0
8178,2,0
8179,0,0
8180,1,0
8181,2,0
8182,0,0
8183,1,0
8184,2,0
8185,0,0
8186,1,0
8187,2,0
8188,0,0
8189,1,0
8190,2,0
8191,0,0
8192,1,0
8193,2,0
8194,0,0
8195,1,0
8196,2,0
8197,0,0
8198,1,0
8199,2,0
8200,0,0
8201,1,0
8202,2,0
8203,0,0
8204,1,0
8205,2,0
8206,0,0
8207,1,0
8208,2,0
8209,0,0
8210,1,0
8211,2,0
8212,0,0
8213,1,0
8214,2,0
8215,0,0
8216,1,0
8217,2,0
8218,0,0
8219,1,0
8220,2,0
8221,0,0
8222,1,0
8223,2,0
8224,0,0
8225,1,0
8226,2,0
8227,0,0
8228,1,0
8229,2,0
8230,0,0
8231,1,0
8232,2,0
8233,0,0
8234,1,0
8235,2,0
8236,0,0
8237,1,0
8238,2,0
8239,0,0
8240,1,0
8241,2,0
8242,0,0
8243,1,0
8244,2,0
8245,0,0
8246,1,0
8247,2,0
8248,0,0
8249,1,0
8250,2,0
8251,0,0
8252,1,0
8253,2,0
8254,0,0
8255,1,0
8256,2,0
8257,0,0
8258,1,0
8259,2,0
8260,0,0
8261,1,0
8262,2,0
8263,0,0
8264,1,0
8265,2,0
8266,0,0
8267,1,0
8268,2,0
8269,0,0
8270,1,0
8271,2,0
8272,0,0
8273,1,0
8274,2,0
8275,0,0
8276,1,0
8277,2,0
8278,0,0
8279,1,0
8280,2,0
8281,0,0
8282,1,0
8283,2,0
8284,0,0
8285,1,0
8286,2,0
8287,0,0
8288,1,0
8289,2,0
8290,0,0
8291,1,0
8292,2,0
8293,0,0
8294,1,0
8295,2,0
8296,0,0
8297,1,0
8298,2,0
8299,0,0
8300,1,0
8301,2,0
8302,0,0
8303,1,0
8304,2,0
8305,0,0
8306,1,0
8307,2,0
8308,0,0
8309,1,0
8310,2,0
8311,0,0
8312,1,0
8313,2,0
8314,0,0
8315,1,0
8316,2,0
8317,0,0
8318,1,0
8319,2,0
8320,0,0
8321,1,0
8322,2,0
8323,0,0
8324,1,0
8325,2,0
8326,0,0
8327,1,0
8328,2,0
8329,0,0
8330,1,0
8331,2,0
8332,0,0
8333,1,0
8334,2,0
8335,0,0
8336,1,0
8337,2,0
8338,0,0
8339,1,0
8340,2,0
8341,0,0
8342,1,0
8343,2,0
8344,0,0
8345,1,0
8346,2,0
8347,0,0
8348,1,0
8349,2,0
8350,0,0
8351,1,0
8352,2,0
8353,0,0
8354,1,0
8355,2,0
8356,0,0
8357,1,0
8358,2,0
8359,0,0
8360,1,0
8361,2,0
8362,0,0
8363,1,0
8364,2,0
8365,0,0
8366,1,0
8367,2,0
8368,0,0
8369,1,0
8370,2,0
8371,0,0
8372,1,0
8373,2,0
8374,0,0
8375,1,0
8376,2,0
8377,0,0
8378,1,0
8379,2,0
8380,0,0
8381,1,0
8382,2,0
8383,0,0
8384,1,0
8385,2,0
8386,0,0
8387,1,0
8388,2,0
8389,0,0
8390,1,0
8391,2,0
8392,0,0
8393,1,0
8394,2,0
8395,0,0
8396,1,0
8397,2,0
8398,0,0
8399,1,0
8400,2,0
8401,0,0
8402,1,0
8403,2,0
8404,0,0
8405,1,0
8406,2,0
8407,0,0
8408,1,0
8409,2,0
8410,0,0
8411,1,0
8412,2,0
8413,0,0
8414,1,0
8415,2,0
8416,0,0
8417,1,0
8418,2,0
8419,0,0
8420,1,0
8421,2,0
8422,0,0
8423,1,0
8424,2,0
8425,0,0
8426,1,0
8427,2,0
8428,0,0
8429,1,0
8430,2,0
8431,0,0
8432,1,0
8433,2,0
8434,0,0
8435,1,0
8436,2,0
8437,0,0
8438,1,0
8439,2,0
8440,0,0
8441,1,0
8442,2,0
8443,0,0
8444,1,0
8445,2,0
8446,0,0
8447,1,0
8448,2,0
8449,0,0
8450,1,0
8451,2,0
8452,0,0
8453,1,0
8454,2,0
8455,0,0
8456,1,0
8457,2,0
8458,0,0
8459,1,0
8460,2,0
8461,0,0
8462,1,0
8463,2,0
8464,0,0
8465,1,0
8466,2,0
8467,0,0
8468,1,0
8469,2,0
8470,0,0
8471,1,0
8472,2,0
8473,0,0
8474,1,0
8475,2,0
8476,0,0
8477,1,0
8478,2,0
8479,0,0
8480,1,0
8481,2,0
8482,0,0
8483,1,0
8484,2,0
8485,0,0
8486,1,0
8487,2,0
8488,0,0
8489,1,0
8490,2,0
8491,0,0
8492,1,0
8493,2,0
8494,0,0
8495,1,0
8496,2,0
8497,0,0
8498,1,0
8499,2,0
8500,0,0
8501,1,0
8502,2,0
8503,0,0
8504,1,0
8505,2,0
8506,0,0
8507,1,0
8508,2,0
8509,0,0
8510,1,0
8511,2,0
8512,0,0
8513,1,0
8514,2,0
8515,0,0
8516,1,0
8517,2,0
8518,0,0
8519,1,0
8520,2,0
8521,0,0
8522,1,0
8523,2,0
8524,0,0
8525,1,0
8526,2,0
8527,0,0
8528,1,0
8529,2,0
8530,0,0
8531,1,0
8532,2,0
8533,0,0
8534,1,0
8535,2,0
8536,0,0
8537,1,0
8538,2,0
8539,0,0
8540,1,0
8541,2,0
8542,0,0
8543,1,0
8544,2,0
8545,0,0
8546,1,0
8547,2,0
8548,0,0
8549,1,0
8550,2,0
8551,0,0
8552,1,0
8553,2,0
8554,0,0
8555,1,0
8556,2,0
8557,0,0
8558,1,0
8559,2,0
8560,0,0
8561,1,0
8562,2,0
8563,0,0
8564,1,0
8565,2,0
8566,0,0
8567,1,0
8568,2,0
8569,0,0
8570,1,0
8571,2,0
8572,0,0
8573,1,0
8574,2,0
8575,0,0
8576,1,0
8577,2,0
8578,0,0
8579,1,0
8580,2,0
8581,0,0
8582,1,0
8583,2,0
8584,0,0
8585,1,0
8586,2,0
8587,0,0
8588,1,0
8589,2,0
8590,0,0
8591,1,0
8592,2,0
8593,0,0
8594,1,0
8595,2,0
8596,0,0
8597,1,0
8598,2,0
8599,0,0
8600,1,0
8601,2,0
8602,0,0
8603,1,0
8604,2,0
8605,0,0
8606,1,0
8607,2,0
8608,0,0
8609,1,0
8610,2,0
8611,0,0
8612,1,0
8613,2,0
8614,0,0
8615,1,0
8616,2,0
8617,0,0
8618,1,0
8619,2,0
8620,0,0
8621,1,0
8622,2,0
8623,0,0
8624,1,0
8625,2,0
8626,0,0
8627,1,0
8628,2,0
8629,0,0
8630,1,0
8631,2,0
8632,0,0
8633,1,0
8634,2,0
8635,0,0
8636,1,0
8637,2,0
8638,0,0
8639,1,0
8640,2,0
8641,0,0
8642,1,0
8643,2,0
8644,0,0
8645,1,0
8646,2,0
8647,0,0
8648,1,0
8649,2,0
8650,0,0
8651,1,0
8652,2,0
8653,0,0
8654,1,0
8655,2,0
8656,0,0
8657,1,0
8658,2,0
8659,0,0
8660,1,0
8661,2,0
8662,0,0
8663,1,0
8664,2,0
8665,0,0
8666,1,0
8667,2,0
8668,0,0
8669,1,0
8670,2,0
8671,0,0
8672,1,0
8673,2,0
8674,0,0
8675,1,0
8676,2,0
8677,0,0
8678,1,0
8679,2,0
8680,0,0
8681,1,0
8682,2,0
8683,0,0
8684,1,0
8685,2,0
8686,0,0
8687,1,0
8688,2,0
8689,0,0
8690,1,0
8691,2,0
8692,0,0
8693,1,0
8694,2,0
8695,0,0
8696,1,0
8697,2,0
8698,0,0
8699,1,0
8700,2,0
8701,0,0
8702,1,0
8703,2,0
8704,0,0
8705,1,0
8706,2,0
8707,0,0
8708,1,0
8709,2,0
8710,0,0
8711,1,0
8712,2,0
8713,0,0
8714,1,0
8715,2,0
8716,0,0
8717,1,0
8718,2,0
8719,0,0
8720,1,0
8721,2,0
8722,0,0
8723,1,0
8724,2,0
8725,0,0
8726,1,0
8727,2,0
8728,0,0
8729,1,0
8730,2,0
8731,0,0
8732,1,0
8733,2,0
8734,0,0
8735,1,0
8736,2,0
8737,0,0
8738,1,0
8739,2,0
8740,0,0
8741,1,0
8742,2,0
8743,0,0
8744,1,0
8745,2,0
8746,0,0
8747,1,0
8748,2,0
8749,0,0
8750,1,0
8751,2,0
8752,0,0
8753,1,0
8754,2,0
8755,0,0
8756,1,0
8757,2,0
8758,0,0
8759,1,0
8760,2,0
8761,0,0
8762,1,0
8763,2,0
8764,0,0
8765,1,0
8766,2,0
8767,0,0
8768,1,0
8769,2,0
8770,0,0
8771,1,0
8772,2,0
8773,0,0
8774,1,0
8775,2,0
8776,0,0
8777,1,0
8778,2,0
8779,0,0
8780,1,0
8781,2,0
8782,0,0
8783,1,0
8784,2,0
8785,0,0
8786,1,0
8787,2,0
8788,0,0
8789,1,0
8790,2,0
8791,0,0
8792,1,0
8793,2,0
8794,0,0
8795,1,0
8796,2,0
8797,0,0
8798,1,0
8799,2,0
8800,0,0
8801,1,0
8802,2,0
8803,0,0
8804,1,0
8805,2,0
8806,0,0
8807,1,0
8808,2,0
8809,0,0
8810,1,0
8811,2,0
8812,0,0
8813,1,0
8814,2,0
8815,0,0
8816,1,0
8817,2,0
8818,0,0
8819,1,0
8820,2,0
8821,0,0
8822,1,0
8823,2,0
8824,0,0
8825,1,0
8826,2,0
8827,0,0
8828,1,0
8829,2,0
8830,0,0
8831,1,0
8832,2,0
8833,0,0
8834,1,0
8835,2,0
8836,0,0
8837,1,0
8838,2,0
8839,0,0
8840,1,0
8841,2,0
8842,0,0
8843,1,0
8844,2,0
8845,0,0
8846,1,0
8847,2,0
8848,0,0
8849,1,0
8850,2,0
8851,0,0
8852,1,0
8853,2,0
8854,0,0
8855,1,0
8856,2,0
8857,0,0
8858,1,0
8859,2,0
8860,0,0
8861,1,0
8862,2,0
8863,0,0
8864,1,0
8865,2,0
8866,0,0
8867,1,0
8868,2,0
8869,0,0
8870,1,0
8871,2,0
8872,0,0
8873,1,0
8874,2,0
8875,0,0
8876,1,0
8877,2,0
8878,0,0
8879,1,0
8880,2,0
8881,0,0
8882,1,0
8883,2,0
8884,0,0
8885,1,0
8886,2,0
8887,0,0
8888,1,0
8889,2,0
8890,0,0
8891,1,0
8892,2,0
8893,0,0
8894,1,0
8895,2,0
8896,0,0
8897,1,0
8898,2,0
8899,0,0
8900,1,0
8901,2,0
8902,0,0
8903,1,0
8904,2,0
8905,0,0
8906,1,0
8907,2,0
8908,0,0
8909,1,0
8910,2,0
8911,0,0
8912,1,0
8913,2,0
8914,0,0
8915,1,0
8916,2,0
8917,0,0
8918,1,0
8919,2,0
8920,0,0
8921,1,0
8922,2,0
8923,0,0
8924,1,0
8925,2,0
8926,0,0
8927,1,0
8928,2,0
8929,0,0
8930,1,0
8931,2,0
8932,0,0
8933,1,0
8934,2,0
8935,0,0
8936,1,0
8937,2,0
8938,0,0
8939,1,0
8940,2,0
8941,0,0
8942,1,0
8943,2,0
8944,0,0
8945,1,0
8946,2,0
8947,0,0
8948,1,0
8949,2,0
8950,0,0
8951,1,0
8952,2,0
8953,0,0
8954,1,0
8955,2,0
8956,0,0
8957,1,0
8958,2,0
8959,0,0
8960,1,0
8961,2,0
8962,0,0
8963,1,0
8964,2,0
8965,0,0
8966,1,0
8967,2,0
8968,0,0
8969,1,0
8970,2,0
8971,0,0
8972,1,0
8973,2,0
8974,0,0
8975,1,0
8976,2,0
8977,0,0
8978,1,0
8979,2,0
8980,0,0
8981,1,0
8982,2,0
8983,0,0
8984,1,0
8985,2,0
8986,0,0
8987,1,0
8988,2,0
8989,0,0
8990,1,0
8991,2,0
8992,0,0
8993,1,0
8994,2,0
8995,0,0
8996,1,0
8997,2,0
8998,0,0
8999,1,0
9000,2,0
9001,0,0
9002,1,0
9003,2,0
9004,0,0
9005,1,0
9006,2,0
9007,0,0
9008,1,0
9009,2,0
9010,0,0
9011,1,0
9012,2,0
9013,0,0
9014,1,0
9015,2,0
9016,0,0
9017,1,0
9018,2,0
9019,0,0
9020,1,0
9021,2,0
9022,0,0
9023,1,0
9024,2,0
9025,0,0
9026,1,0
9027,2,0
9028,0,0
9029,1,0
9030,2,0
9031,0,0
9032,1,0
9033,2,0
9034,0,0
9035,1,0
9036,2,0
9037,0,0
9038,1,0
9039,2,0
9040,0,0
9041,1,0
9042,2,0
9043,0,0
9044,1,0
9045,2,0
9046,0,0
9047,1,0
9048,2,0
9049,0,0
9050,1,0
9051,2,0
9052,0,0
9053,1,0
9054,2,0
9055,0,0
9056,1,0
9057,2,0
9058,0,0
9059,1,0
9060,2,0
9061,0,0
9062,1,0
9063,2,0
9064,0,0
9065,1,0
9066,2,0
9067,0,0
9068,1,0
9069,2,0
9070,0,0
9071,1,0
9072,2,0
9073,0,0
9074,1,0
9075,2,0
9076,0,0
9077,1,0
9078,2,0
9079,0,0
9080,1,0
9081,2,0
9082,0,0
9083,1,0
9084,2,0
9085,0,0
9086,1,0
9087,2,0
9088,0,0
9089,1,0
9090,2,0
9091,0,0
9092,1,0
9093,2,0
9094,0,0
9095,1,0
9096,2,0
9097,0,0
9098,1,0
9099,2,0
9100,0,0
9101,1,0
9102,2,0
9103,0,0
9104,1,0
9105,2,0
9106,0,0
9107,1,0
9108,2,0
9109,0,0
9110,1,0
9111,2,0
9112,0,0
9113,1,0
9114,2,0
9115,0,0
9116,1,0
9117,2,0
9118,0,0
9119,1,0
9120,2,0
9121,0,0
9122,1,0
9123,2,0
9124,0,0
9125,1,0
9126,2,0
9127,0,0
9128,1,0
9129,2,0
9130,0,0
9131,1,0
9132,2,0
9133,0,0
9134,1,0
9135,2,0
9136,0,0
9137,1,0
9138,2,0
9139,0,0
9140,1,0
9141,2,0
9142,0,0
9143,1,0
9144,2,0
9145,0,0
9146,1,0
9147,2,0
9148,0,0
9149,1,0
9150,2,0
9151,0,0
9152,1,0
9153,2,0
9154,0,0
9155,1,0
9156,2,0
9157,0,0
9158,1,0
9159,2,0
9160,0,0
9161,1,0
9162,2,0
9163,0,0
9164,1,0
9165,2,0
9166,0,0
9167,1,0
9168,2,0
9169,0,0
9170,1,0
9171,2,0
9172,0,0
9173,1,0
9174,2,0
9175,0,0
9176,1,0
9177,2,0
9178,0,0
9179,1,0
9180,2,0
9181,0,0
9182,1,0
9183,2,0
9184,0,0
9185,1,0
9186,2,0
9187,0,0
9188,1,0
9189,2,0
9190,0,0
9191,1,0
9192,2,0
9193,0,0
9194,1,0
9195,2,0
9196,0,0
9197,1,0
9198,2,0
9199,0,0
9200,1,0
9201,2,0
9202,0,0
9203,1,0
9204,2,0
9205,0,0
9206,1,0
9207,2,0
9208,0,0
9209,1,0
9210,2,0
9211,0,0
9212,1,0
9213,2,0
9214,0,0
9215,1,0
9216,2,0
9217,0,0
9218,1,0
9219,2,0
9220,0,0
9221,1,0
9222,2,0
9223,0,0
9224,1,0
9225,2,0
9226,0,0
9227,1,0
9228,2,0
9229,0,0
9230,1,0
9231,2,0
9232,0,0
9233,1,0
9234,2,0
9235,0,0
9236,1,0
9237,2,0
9238,0,0
9239,1,0
9240,2,0
9241,0,0
9242,1,0
9243,2,0
9244,0,0
9245,1,0
9246,2,0
9247,0,0
9248,1,0
9249,2,0
9250,0,0
9251,1,0
9252,2,0
9253,0,0
9254,1,0
9255,2,0
9256,0,0
9257,1,0
9258,2,0
9259,0,0
9260,1,0
9261,2,0
9262,0,0
9263,1,0
9264,2,0
9265,0,0
9266,1,0
9267,2,0
9268,0,0
9269,1,0
9270,2,0
9271,0,0
9272,1,0
9273,2,0
9274,0,0
9275,1,0
9276,2,0
9277,0,0
9278,1,0
9279,2,0
9280,0,0
9281,1,0
9282,2,0
9283,0,0
9284,1,0
9285,2,0
9286,0,0
9287,1,0
9288,2,0
9289,0,0
9290,1,0
9291,2,0
9292,0,0
9293,1,0
9294,2,0
9295,0,0
9296,1,0
9297,2,0
9298,0,0
9299,1,0
9300,2,0
9301,0,0
9302,1,0
9303,2,0
9304,0,0
9305,1,0
9306,2,0
9307,0,0
9308,1,0
9309,2,0
9310,0,0
9311,1,0
9312,2,0
9313,0,0
9314,1,0
9315,2,0
9316,0,0
9317,1,0
9318,2,0
9319,0,0
9320,1,0
9321,2,0
9322,0,0
9323,1,0
9324,2,0
9325,0,0
9326,1,0
9327,2,0
9328,0,0
9329,1,0
9330,2,0
9331,0,0
9332,1,0
9333,2,0
9334,0,0
9335,1,0
9336,2,0
9337,0,0
9338,1,0
9339,2,0
9340,0,0
9341,1,0
9342,2,0
9343,0,0
9344,1,0
9345,2,0
9346,0,0
9347,1,0
9348,2,0
9349,0,0
9350,1,0
9351,2,0
9352,0,0
9353,1,0
9354,2,0
9355,0,0
9356,1,0
9357,2,0
9358,0,0
9359,1,0
9360,2,0
9361,0,0
9362,1,0
9363,2,0
9364,0,0
9365,1,0
9366,2,0
9367,0,0
9368,1,0
9369,2,0
9370,0,0
9371,1,0
9372,2,0
9373,0,0
9374,1,0
9375,2,0
9376,0,0
9377,1,0
9378,2,0
9379,0,0
9380,1,0
9381,2,0
9382,0,0
9383,1,0
9384,2,0
9385,0,0
9386,1,0
9387,2,0
9388,0,0
9389,1,0
9390,2,0
9391,0,0
9392,1,0
9393,2,0
9394,0,0
9395,1,0
9396,2,0
9397,0,0
9398,1,0
9399,2,0
9400,0,0
9401,1,0
9402,2,0
9403,0,0
9404,1,0
9405,2,0
9406,0,0
9407,1,0
9408,2,0
9409,0,0
9410,1,0
9411,2,0
9412,0,0
9413,1,0
9414,2,0
9415,0,0
9416,1,0
9417,2,0
9418,0,0
9419,1,0
9420,2,0
9421,0,0
9422,1,0
9423,2,0
9424,0,0
9425,1,0
9426,2,0
9427,0,0
9428,1,0
9429,2,0
9430,0,0
9431,1,0
9432,2,0
9433,0,0
9434,1,0
9435,2,0
9436,0,0
9437,1,0
9438,2,0
9439,0,0
9440,1,0
9441,2,0
9442,0,0
9443,1,0
9444,2,0
9445,0,0
9446,1,0
9447,2,0
9448,0,0
9449,1,0
9450,2,0
9451,0,0
9452,1,0
9453,2,0
9454,0,0
9455,1,0
9456,2,0
9457,0,0
9458,1,0
9459,2,0
9460,0,0
9461,1,0
9462,2,0
9463,0,0
9464,1,0
9465,2,0
9466,0,0
9467,1,0
9468,2,0
9469,0,0
9470,1,0
9471,2,0
9472,0,0
9473,1,0
9474,2,0
9475,0,0
9476,1,0
9477,2,0
9478,0,0
9479,1,0
9480,2,0
9481,0,0
9482,1,0
9483,2,0
9484,0,0
9485,1,0
9486,2,0
9487,0,0
9488,1,0
9489,2,0
9490,0,0
9491,1,0
9492,2,0
9493,0,0
9494,1,0
9495,2,0
9496,0,0
9497,1,0
9498,2,0
9499,0,0
9500,1,0
9501,2,0
9502,0,0
9503,1,0
9504,2,0
9505,0,0
9506,1,0
9507,2,0
9508,0,0
9509,1,0
9510,2,0
9511,0,0
9512,1,0
9513,2,0
9514,0,0
9515,1,0
9516,2,0
9517,0,0
9518,1,0
9519,2,0
9520,0,0
9521,1,0
9522,2,0
9523,0,0
9524,1,0
9525,2,0
9526,0,0
9527,1,0
9528,2,0
9529,0,0
9530,1,0
9531,2,0
9532,0,0
9533,1,0
9534,2,0
9535,0,0
9536,1,0
9537,2,0
9538,0,0
9539,1,0
9540,2,0
9541,0,0
9542,1,0
9543,2,0
9544,0,0
9545,1,0
9546,2,0
9547,0,0
9548,1,0
9549,2,0
9550,0,0
9551,1,0
9552,2,0
9553,0,0
9554,1,0
9555,2,0
9556,0,0
9557,1,0
9558,2,0
9559,0,0
9560,1,0
9561,2,0
9562,0,0
9563,1,0
9564,2,0
9565,0,0
9566,1,0
9567,2,0
9568,0,0
9569,1,0
9570,2,0
9571,0,0
9572,1,0
9573,2,0
9574,0,0
9575,1,0
9576,2,0
9577,0,0
9578,1,0
9579,2,0
9580,0,0
9581,1,0
9582,2,0
9583,0,0
9584,1,0
9585,2,0
9586,0,0
9587,1,0
9588,2,0
9589,0,0
9590,1,0
9591,2,0
9592,0,0
9593,1,0
9594,2,0
9595,0,0
9596,1,0
9597,2,0
9598,0,0
9599,1,0
9600,2,0
9601,0,0
9602,1,0
9603,2,0
9604,0,0
9605,1,0
9606,2,0
9607,0,0
9608,1,0
9609,2,0
9610,0,0
9611,1,0
9612,2,0
9613,0,0
9614,1,0
9615,2,0
9616,0,0
9617,1,0
9618,2,0
9619,0,0
9620,1,0
9621,2,0
9622,0,0
9623,1,0
9624,2,0
9625,0,0
9626,1,0
9627,2,0
9628,0,0
9629,1,0
9630,2,0
9631,0,0
9632,1,0
9633,2,0
9634,0,0
9635,1,0
9636,2,0
9637,0,0
9638,1,0
9639,2,0
9640,0,0
9641,1,0
9642,2,0
9643,0,0
9644,1,0
9645,2,0
9646,0,0
9647,1,0
9648,2,0
9649,0,0
9650,1,0
9651,2,0
9652,0,0
9653,1,0
9654,2,0
9655,0,0
9656,1,0
9657,2,0
9658,0,0
9659,1,0
9660,2,0
9661,0,0
9662,1,0
9663,2,0
9664,0,0
9665,1,0
9666,2,0
9667,0,0
9668,1,0
9669,2,0
9670,0,0
9671,1,0
9672,2,0
9673,0,0
9674,1,0
9675,2,0
9676,0,0
9677,1,0
9678,2,0
9679,0,0
9680,1,0
9681,2,0
9682,0,0
9683,1,0
9684,2,0
9685,0,0
9686,1,0
9687,2,0
9688,0,0
9689,1,0
9690,2,0
9691,0,0
9692,1,0
9693,2,0
9694,0,0
9695,1,0
9696,2,0
9697,0,0
9698,1,0
9699,2,0
9700,0,0
9701,1,0
9702,2,0
9703,0,0
9704,1,0
9705,2,0
9706,0,0
9707,1,0
9708,2,0
9709,0,0
9710,1,0
9711,2,0
9712,0,0
9713,1,0
9714,2,0
9715,0,0
9716,1,0
9717,2,0
9718,0,0
9719,1,0
9720,2,0
9721,0,0
9722,1,0
9723,2,0
9724,0,0
9725,1,0
9726,2,0
9727,0,0
9728,1,0
9729,2,0
9730,0,0
9731,1,0
9732,2,0
9733,0,0
9734,1,0
9735,2,0
9736,0,0
9737,1,0
9738,2,0
9739,0,0
9740,1,0
9741,2,0
9742,0,0
9743,1,0
9744,2,0
9745,0,0
9746,1,0
9747,2,0
9748,0,0
9749,1,0
9750,2,0
9751,0,0
9752,1,0
9753,2,0
9754,0,0
9755,1,0
9756,2,0
9757,0,0
9758,1,0
9759,2,0
9760,0,0
9761,1,0
9762,2,0
9763,0,0
9764,1,0
9765,2,0
9766,0,0
9767,1,0
9768,2,0
9769,0,0
9770,1,0
9771,2,0
9772,0,0
9773,1,0
9774,2,0
9775,0,0
9776,1,0
9777,2,0
9778,0,0
9779,1,0
9780,2,0
9781,0,0
9782,1,0
9783,2,0
9784,0,0
9785,1,0
9786,2,0
9787,0,0
9788,1,0
9789,2,0
9790,0,0
9791,1,0
9792,2,0
9793,0,0
9794,1,0
9795,2,0
9796,0,0
9797,1,0
9798,2,0
9799,0,0
9800,1,0
9801,2,0
9802,0,0
9803,1,0
9804,2,0
9805,0,0
9806,1,0
9807,2,0
9808,0,0
9809,1,0
9810,2,0
9811,0,0
9812,1,0
9813,2,0
9814,0,0
9815,1,0
9816,2,0
9817,0,0
9818,1,0
9819,2,0
9820,0,0
9821,1,0
9822,2,0
9823,0,0
9824,1,0
9825,2,0
9826,0,0
9827,1,0
9828,2,0
9829,0,0
9830,1,0
9831,2,0
9832,0,0
9833,1,0
9834,2,0
9835,0,0
9836,1,0
9837,2,0
9838,0,0
9839,1,0
9840,2,0
9841,0,0
9842,1,0
9843,2,0
9844,0,0
9845,1,0
9846,2,0
9847,0,0
9848,1,0
9849,2,0
9850,0,0
9851,1,0
9852,2,0
9853,0,0
9854,1,0
9855,2,0
9856,0,0
9857,1,0
9858,2,0
9859,0,0
9860,1,0
9861,2,0
9862,0,0
9863,1,0
9864,2,0
9865,0,0
9866,1,0
9867,2,0
9868,0,0
9869,1,0
9870,2,0
9871,0,0
9872,1,0
9873,2,0
9874,0,0
9875,1,0
9876,2,0
9877,0,0
9878,1,0
9879,2,0
9880,0,0
9881,1,0
9882,2,0
9883,0,0
9884,1,0
9885,2,0
9886,0,0
9887,1,0
9888,2,0
9889,0,0
9890,1,0
9891,2,0
9892,0,0
9893,1,0
9894,2,0
9895,0,0
9896,1,0
9897,2,0
9898,0,0
9899,1,0
9900,2,0
9901,0,0
9902,1,0
9903,2,0
9904,0,0
9905,1,0
9906,2,0
9907,0,0
9908,1,0
9909,2,0
9910,0,0
9911,1,0
9912,2,0
9913,0,0
9914,1,0
9915,2,0
9916,0,0
9917,1,0
9918,2,0
9919,0,0
9920,1,0
9921,2,0
9922,0,0
9923,1,0
9924,2,0
9925,0,0
9926,1,0
9927,2,0
9928,0,0
9929,1,0
9930,2,0
9931,0,0
9932,1,0
9933,2,0
9934,0,0
9935,1,0
9936,2,0
9937,0,0
9938,1,0
9939,2,0
9940,0,0
9941,1,0
9942,2,0
9943,0,0
9944,1,0
9945,2,0
9946,0,0
9947,1,0
9948,2,0
9949,0,0
9950,1,0
9951,2,0
9952,0,0
9953,1,0
9954,2,0
9955,0,0
9956,1,0
9957,2,0
9958,0,0
9959,1,0
9960,2,0
9961,0,0
9962,1,0
9963,2,0
9964,0,0
9965,1,0
9966,2,0
9967,0,0
9968,1,0
9969,2,0
9970,0,0
9971,1,0
9972,2,0
9973,0,0
9974,1,0
9975,2,0
9976,0,0
9977,1,0
9978,2,0
9979,0,0
9980,1,0
9981,2,0
9982,0,0
9983,1,0
9984,2,0
9985,0,0
9986,1,0
9987,2,0
9988,0,0
9989,1,0
9990,2,0
9991,0,0
9992,1,0
9993,2,0
9994,0,0
9995,1,0
9996,2,0
9997,0,0
9998,1,0
9999,2,0
10000,0,0
10001,1,0
10002,2,0
10003,0,0
10004,1,0
10005,2,0
10006,0,0
10007,1,0
10008,2,0
10009,0,0
10010,1,0
10011,2,0
10012,0,0
10013,1,0
10014,2,0
10015,0,0
10016,1,0
10017,2,0
10018,0,0
10019,1,0
10020,2,0
10021,0,0
10022,1,0
10023,2,0
10024,0,0
10025,1,0
10026,2,0
10027,0,0
10028,1,0
10029,2,0
10030,0,0
10031,1,0
10032,2,0
10033,0,0
10034,1,0
10035,2,0
10036,0,0
10037,1,0
10038,2,0
10039,0,0
10040,1,0
10041,2,0
10042,0,0
10043,1,0
10044,2,0
10045,0,0
10046,1,0
10047,2,0
10048,0,0
10049,1,0
10050,2,0
10051,0,0
10052,1,0
10053,2,0
10054,0,0
10055,1,0
10056,2,0
10057,0,0
10058,1,0
10059,2,0
10060,0,0
10061,1,0
10062,2,0
10063,0,0
10064,1,0
10065,2,0
10066,0,0
10067,1,0
10068,2,0
10069,0,0
10070,1,0
10071,2,0
10072,0,0
10073,1,0
10074,2,0
10075,0,0
10076,1,0
10077,2,0
10078,0,0
10079,1,0
10080,2,0
10081,0,0
10082,1,0
10083,2,0
10084,0,0
10085,1,0
10086,2,0
10087,0,0
10088,1,0
10089,2,0
10090,0,0
10091,1,0
10092,2,0
10093,0,0
10094,1,0
10095,2,0
10096,0,0
10097,1,0
10098,2,0
10099,0,0
10100,1,0
10101,2,0
10102,0,0
10103,1,0
10104,2,0
10105,0,0
10106,1,0
10107,2,0
10108,0,0
10109,1,0
10110,2,0
10111,0,0
10112,1,0
10113,2,0
10114,0,0
10115,1,0
10116,2,0
10117,0,0
10118,1,0
10119,2,0
10120,0,0
10121,1,0
10122,2,0
10123,0,0
10124,1,0
10125,2,0
10126,0,0
10127,1,0
10128,2,0
10129,0,0
10130,1,0
10131,2,0
10132,0,0
10133,1,0
10134,2,0
10135,0,0
10136,1,0
10137,2,0
10138,0,0
10139,1,0
10140,2,0
10141,0,0
10142,1,0
10143,2,0
10144,0,0
10145,1,0
10146,2,0
10147,0,0
10148,1,0
10149,2,0
10150,0,0
10151,1,0
10152,2,0
10153,0,0
10154,1,0
10155,2,0
10156,0,0
10157,1,0
10158,2,0
10159,0,0
10160,1,0
10161,2,0
10162,0,0
10163,1,0
10164,2,0
10165,0,0
10166,1,0
10167,2,0
10168,0,0
10169,1,0
10170,2,0
10171,0,0
10172,1,0
10173,2,0
10174,0,0
10175,1,0
10176,2,0
10177,0,0
10178,1,0
10179,2,0
10180,0,0
10181,1,0
10182,2,0
10183,0,0
10184,1,0
10185,2,0
10186,0,0
10187,1,0
10188,2,0
10189,0,0
10190,1,0
10191,2,0
10192,0,0
10193,1,0
10194,2,0
10195,0,0
10196,1,0
10197,2,0
10198,0,0
10199,1,0
10200,2,0
10201,0,0
10202,1,0
10203,2,0
10204,0,0
10205,1,0
10206,2,0
10207,0,0
10208,1,0
10209,2,0
10210,0,0
10211,1,0
10212,2,0
10213,0,0
10214,1,0
10215,2,0
10216,0,0
10217,1,0
10218,2,0
10219,0,0
10220,1,0
10221,2,0
10222,0,0
10223,1,0
10224,2,0
10225,0,0
10226,1,0
10227,2,0
10228,0,0
10229,1,0
10230,2,0
10231,0,0
10232,1,0
10233,2,0
10234,0,0
10235,1,0
10236,2,0
10237,0,0
10238,1,0
10239,2,0
10240,0,0
10241,1,0
10242,2,0
10243,0,0
10244,1,0
10245,2,0
10246,0,0
10247,1,0
10248,2,0
10249,0,0
10250,1,0
10251,2,0
10252,0,0
10253,1,0
10254,2,0
10255,0,0
10256,1,0
10257,2,0
10258,0,0
10259,1,0
10260,2,0
10261,0,0
10262,1,0
10263,2,0
10264,0,0
10265,1,0
10266,2,0
10267,0,0
10268,1,0
10269,2,0
10270,0,0
10271,1,0
10272,2,0
10273,0,0
10274,1,0
10275,2,0
10276,0,0
10277,1,0
10278,2,0
10279,0,0
10280,1,0
10281,2,0
10282,0,0
10283,1,0
10284,2,0
10285,0,0
10286,1,0
10287,2,0
10288,0,0
10289,1,0
10290,2,0
10291,0,0
10292,1,0
10293,2,0
10294,0,0
10295,1,0
10296,2,0
10297,0,0
10298,1,0
10299,2,0
10300,0,0
10301,1,0
10302,2,0
10303,0,0
10304,1,0
10305,2,0
10306,0,0
10307,1,0
10308,2,0
10309,0,0
10310,1,0
10311,2,0
10312,0,0
10313,1,0
10314,2,0
10315,0,0
10316,1,0
10317,2,0
10318,0,0
10319,1,0
10320,2,0
10321,0,0
10322,1,0
10323,2,0
10324,0,0
10325,1,0
10326,2,0
10327,0,0
10328,1,0
10329,2,0
10330,0,0
10331,1,0
10332,2,0
10333,0,0
10334,1,0
10335,2,0
10336,0,0
10337,1,0
10338,2,0
10339,0,0
10340,1,0
10341,2,0
10342,0,0
10343,1,0
10344,2,0
10345,0,0
10346,1,0
10347,2,0
10348,0,0
10349,1,0
10350,2,0
10351,0,0
10352,1,0
10353,2,0
10354,0,0
10355,1,0
10356,2,0
10357,0,0
10358,1,0
10359,2,0
10360,0,0
10361,1,0
10362,2,0
10363,0,0
10364,1,0
10365,2,0
10366,0,0
10367,1,0
10368,2,0
10369,0,0
10370,1,0
10371,2,0
10372,0,0
10373,1,0
10374,2,0
10375,0,0
10376,1,0
10377,2,0
10378,0,0
10379,1,0
10380,2,0
10381,0,0
10382,1,0
10383,2,0
10384,0,0
10385,1,0
10386,2,0
10387,0,0
10388,1,0
10389,2,0
10390,0,0
10391,1,0
10392,2,0
10393,0,0
10394,1,0
10395,2,0
10396,0,0
10397,1,0
10398,2,0
10399,0,0
10400,1,0
10401,2,0
10402,0,0
10403,1,0
10404,2,0
10405,0,0
10406,1,0
10407,2,0
10408,0,0
10409,1,0
10410,2,0
10411,0,0
10412,1,0
10413,2,0
10414,0,0
10415,1,0
10416,2,0
10417,0,0
10418,1,0
10419,2,0
10420,0,0
10421,1,0
10422,2,0
10423,0,0
10424,1,0
10425,2,0
10426,0,0
10427,1,0
10428,2,0
10429,0,0
10430,1,0
10431,2,0
10432,0,0
10433,1,0
10434,2,0
10435,0,0
10436,1,0
10437,2,0
10438,0,0
10439,1,0
10440,2,0
10441,0,0
10442,1,0
10443,2,0
10444,0,0
10445,1,0
10446,2,0
10447,0,0
10448,1,0
10449,2,0
10450,0,0
10451,1,0
10452,2,0
10453,0,0
10454,1,0
10455,2,0
10456,0,0
10457,1,0
10458,2,0
10459,0,0
10460,1,0
10461,2,0
10462,0,0
10463,1,0
10464,2,0
10465,0,0
10466,1,0
10467,2,0
10468,0,0
10469,1,0
10470,2,0
10471,0,0
10472,1,0
10473,2,0
10474,0,0
10475,1,0
10476,2,0
10477,0,0
10478,1,0
10479,2,0
10480,0,0
10481,1,0
10482,2,0
10483,0,0
10484,1,0
10485,2,0
10486,0,0
10487,1,0
10488,2,0
10489,0,0
10490,1,0
10491,2,0
10492,0,0
10493,1,0
10494,2,0
10495,0,0
10496,1,0
10497,2,0
10498,0,0
10499,1,0
10500,2,0
10501,0,0
10502,1,0
10503,2,0
10504,0,0
10505,1,0
10506,2,0
10507,0,0
10508,1,0
10509,2,0
10510,0,0
10511,1,0
10512,2,0
10513,0,0
10514,1,0
10515,2,0
10516,0,0
10517,1,0
10518,2,0
10519,0,0
10520,1,0
10521,2,0
10522,0,0
10523,1,0
10524,2,0
10525,0,0
10526,1,0
10527,2,0
10528,0,0
10529,1,0
10530,2,0
10531,0,0
10532,1,0
10533,2,0
10534,0,0
10535,1,0
10536,2,0
10537,0,0
10538,1,0
10539,2,0
10540,0,0
10541,1,0
10542,2,0
10543,0,0
10544,1,0
10545,2,0
10546,0,0
10547,1,0
10548,2,0
10549,0,0
10550,1,0
10551,2,0
10552,0,0
10553,1,0
10554,2,0
10555,0,0
10556,1,0
10557,2,0
10558,0,0
10559,1,0
10560,2,0
10561,0,0
10562,1,0
10563,2,0
10564,0,0
10565,1,0
10566,2,0
10567,0,0
10568,1,0
10569,2,0
10570,0,0
10571,1,0
10572,2,0
10573,0,0
10574,1,0
10575,2,0
10576,0,0
10577,1,0
10578,2,0
10579,0,0
10580,1,0
10581,2,0
10582,0,0
10583,1,0
10584,2,0
10585,0,0
10586,1,0
10587,2,0
10588,0,0
10589,1,0
10590,2,0
10591,0,0
10592,1,0
10593,2,0
10594,0,0
10595,1,0
10596,2,0
10597,0,0
10598,1,0
10599,2,0
10600,0,0
10601,1,0
10602,2,0
10603,0,0
10604,1,0
10605,2,0
10606,0,0
10607,1,0
10608,2,0
10609,0,0
10610,1,0
10611,2,0
10612,0,0
10613,1,0
10614,2,0
10615,0,0
10616,1,0
10617,2,0
10618,0,0
10619,1,0
10620,2,0
10621,0,0
10622,1,0
10623,2,0
10624,0,0
10625,1,0
10626,2,0
10627,0,0
10628,1,0
10629,2,0
10630,0,0
10631,1,0
10632,2,0
10633,0,0
10634,1,0
10635,2,0
10636,0,0
10637,1,0
10638,2,0
10639,0,0
10640,1,0
10641,2,0
10642,0,0
10643,1,0
10644,2,0
10645,0,0
10646,1,0
10647,2,0
10648,0,0
10649,1,0
10650,2,0
10651,0,0
10652,1,0
10653,2,0
10654,0,0
10655,1,0
10656,2,0
10657,0,0
10658,1,0
10659,2,0
10660,0,0
10661,1,0
10662,2,0
10663,0,0
10664,1,0
10665,2,0
10666,0,0
10667,1,0
10668,2,0
10669,0,0
10670,1,0
10671,2,0
10672,0,0
10673,1,0
10674,2,0
10675,0,0
10676,1,0
10677,2,0
10678,0,0
10679,1,0
10680,2,0
10681,0,0
10682,1,0
10683,2,0
10684,0,0
10685,1,0
10686,2,0
10687,0,0
10688,1,0
10689,2,0
10690,0,0
10691,1,0
10692,2,0
10693,0,0
10694,1,0
10695,2,0
10696,0,0
10697,1,0
10698,2,0
10699,0,0
10700,1,0
10701,2,0
10702,0,0
10703,1,0
10704,2,0
10705,0,0
10706,1,0
10707,2,0
10708,0,0
10709,1,0
10710,2,0
10711,0,0
10712,1,0
10713,2,0
10714,0,0
10715,1,0
10716,2,0
10717,0,0
10718,1,0
10719,2,0
10720,0,0
10721,1,0
10722,2,0
10723,0,0
10724,1,0
10725,2,0
10726,0,0
10727,1,0
10728,2,0
10729,0,0
10730,1,0
10731,2,0
10732,0,0
10733,1,0
10734,2,0
10735,0,0
10736,1,0
10737,2,0
10738,0,0
10739,1,0
10740,2,0
10741,0,0
10742,1,0
10743,2,0
10744,0,0
10745,1,0
10746,2,0
10747,0,0
10748,1,0
10749,2,0
10750,0,0
10751,1,0
10752,2,0
10753,0,0
10754,1,0
10755,2,0
10756,0,0
10757,1,0
10758,2,0
10759,0,0
10760,1,0
10761,2,0
10762,0,0
10763,1,0
10764,2,0
10765,0,0
10766,1,0
10767,2,0
10768,0,0
10769,1,0
10770,2,0
10771,0,0
10772,1,0
10773,2,0
10774,0,0
10775,1,0
10776,2,0
10777,0,0
10778,1,0
10779,2,0
10780,0,0
10781,1,0
10782,2,0
10783,0,0
10784,1,0
10785,2,0
10786,0,0
10787,1,0
10788,2,0
10789,0,0
10790,1,0
10791,2,0
10792,0,0
10793,1,0
10794,2,0
10795,0,0
10796,1,0
10797,2,0
10798,0,0
10799,1,0
10800,2,0
10801,0,0
10802,1,0
10803,2,0
10804,0,0
10805,1,0
10806,2,0
10807,0,0
10808,1,0
10809,2,0
10810,0,0
10811,1,0
10812,2,0
10813,0,0
10814,1,0
10815,2,0
10816,0,0
10817,1,0
10818,2,0
10819,0,0
10820,1,0
10821,2,0
10822,0,0
10823,1,0
10824,2,0
10825,0,0
10826,1,0
10827,2,0
10828,0,0
10829,1,0
10830,2,0
10831,0,0
10832,1,0
10833,2,0
10834,0,0
10835,1,0
10836,2,0
10837,0,0
10838,1,0
10839,2,0
10840,0,0
10841,1,0
10842,2,0
10843,0,0
10844,1,0
10845,2,0
10846,0,0
10847,1,0
10848,2,0
10849,0,0
10850,1,0
10851,2,0
10852,0,0
10853,1,0
10854,2,0
10855,0,0
10856,1,0
10857,2,0
10858,0,0
10859,1,0
10860,2,0
10861,0,0
10862,1,0
10863,2,0
10864,0,0
10865,1,0
10866,2,0
10867,0,0
10868,1,0
10869,2,0
10870,0,0
10871,1,0
10872,2,0
10873,0,0
10874,1,0
10875,2,0
10876,0,0
10877,1,0
10878,2,0
10879,0,0
10880,1,0
10881,2,0
10882,0,0
10883,1,0
10884,2,0
10885,0,0
10886,1,0
10887,2,0
10888,0,0
10889,1,0
10890,2,0
10891,0,0
10892,1,0
10893,2,0
10894,0,0
10895,1,0
10896,2,0
10897,0,0
10898,1,0
10899,2,0
10900,0,0
10901,1,0
10902,2,0
10903,0,0
10904,1,0
10905,2,0
10906,0,0
10907,1,0
10908,2,0
10909,0,0
10910,1,0
10911,2,0
10912,0,0
10913,1,0
10914,2,0
10915,0,0
10916,1,0
10917,2,0
10918,0,0
10919,1,0
10920,2,0
10921,0,0
10922,1,0
10923,2,0
10924,0,0
10925,1,0
10926,2,0
10927,0,0
10928,1,0
10929,2,0
10930,0,0
10931,1,0
10932,2,0
10933,0,0
10934,1,0
10935,2,0
10936,0,0
10937,1,0
10938,2,0
10939,0,0
10940,1,0
10941,2,0
10942,0,0
10943,1,0
10944,2,0
10945,0,0
10946,1,0
10947,2,0
10948,0,0
10949,1,0
10950,2,0
10951,0,0
10952,1,0
10953,2,0
10954,0,0
10955,1,0
10956,2,0
10957,0,0
10958,1,0
10959,2,0
10960,0,0
10961,1,0
10962,2,0
10963,0,0
10964,1,0
10965,2,0
10966,0,0
10967,1,0
10968,2,0
10969,0,0
10970,1,0
10971,2,0
10972,0,0
10973,1,0
10974,2,0
10975,0,0
10976,1,0
10977,2,0
10978,0,0
10979,1,0
10980,2,0
10981,0,0
10982,1,0
10983,2,0
10984,0,0
10985,1,0
10986,2,0
10987,0,0
10988,1,0
10989,2,0
10990,0,0
10991,1,0
10992,2,0
10993,0,0
10994,1,0
10995,2,0
10996,0,0
10997,1,0
10998,2,0
10999,0,0
11000,1,0
11001,2,0
11002,0,0
11003,1,0
11004,2,0
11005,0,0
11006,1,0
11007,2,0
11008,0,0
11009,1,0
11010,2,0
11011,0,0
11012,1,0
11013,2,0
11014,0,0
11015,1,0
11016,2,0
11017,0,0
11018,1,0
11019,2,0
11020,0,0
11021,1,0
11022,2,0
11023,0,0
11024,1,0
11025,2,0
11026,0,0
11027,1,0
11028,2,0
11029,0,0
11030,1,0
11031,2,0
11032,0,0
11033,1,0
11034,2,0
11035,0,0
11036,1,0
11037,2,0
11038,0,0
11039,1,0
11040,2,0
11041,0,0
11042,1,0
11043,2,0
11044,0,0
11045,1,0
11046,2,0
11047,0,0
11048,1,0
11049,2,0
11050,0,0
11051,1,0
11052,2,0
11053,0,0
11054,1,0
11055,2,0
11056,0,0
11057,1,0
11058,2,0
11059,0,0
11060,1,0
11061,2,0
11062,0,0
11063,1,0
11064,2,0
11065,0,0
11066,1,0
11067,2,0
11068,0,0
11069,1,0
11070,2,0
11071,0,0
11072,1,0
11073,2,0
11074,0,0
11075,1,0
11076,2,0
11077,0,0
11078,1,0
11079,2,0
11080,0,0
11081,1,0
11082,2,0
11083,0,0
11084,1,0
11085,2,0
11086,0,0
11087,1,0
11088,2,0
11089,0,0
11090,1,0
11091,2,0
11092,0,0
11093,1,0
11094,2,0
11095,0,0
11096,1,0
11097,2,0
11098,0,0
11099,1,0
11100,2,0
11101,0,0
11102,1,0
11103,2,0
11104,0,0
11105,1,0
11106,2,0
11107,0,0
11108,1,0
11109,2,0
11110,0,0
11111,1,0
11112,2,0
11113,0,0
11114,1,0
11115,2,0
11116,0,0
11117,1,0
11118,2,0
11119,0,0
11120,1,0
11121,2,0
11122,0,0
11123,1,0
11124,2,0
11125,0,0
11126,1,0
11127,2,0
11128,0,0
11129,1,0
11130,2,0
11131,0,0
11132,1,0
11133,2,0
11134,0,0
11135,1,0
11136,2,0
11137,0,0
11138,1,0
11139,2,0
11140,0,0
11141,1,0
11142,2,0
11143,0,0
11144,1,0
11145,2,0
11146,0,0
11147,1,0
11148,2,0
11149,0,0
11150,1,0
11151,2,0
11152,0,0
11153,1,0
11154,2,0
11155,0,0
11156,1,0
11157,2,0
11158,0,0
11159,1,0
11160,2,0
11161,0,0
11162,1,0
11163,2,0
11164,0,0
11165,1,0
11166,2,0
11167,0,0
11168,1,0
11169,2,0
11170,0,0
11171,1,0
11172,2,0
11173,0,0
11174,1,0
11175,2,0
11176,0,0
11177,1,0
11178,2,0
11179,0,0
11180,1,0
11181,2,0
11182,0,0
11183,1,0
11184,2,0
11185,0,0
11186,1,0
11187,2,0
11188,0,0
11189,1,0
11190,2,0
11191,0,0
11192,1,0
11193,2,0
11194,0,0
11195,1,0
11196,2,0
11197,0,0
11198,1,0
11199,2,0
11200,0,0
11201,1,0
11202,2,0
11203,0,0
11204,1,0
11205,2,0
11206,0,0
11207,1,0
11208,2,0
11209,0,0
11210,1,0
11211,2,0
11212,0,0
11213,1,0
11214,2,0
11215,0,0
11216,1,0
11217,2,0
11218,0,0
11219,1,0
11220,2,0
11221,0,0
11222,1,0
11223,2,0
11224,0,0
11225,1,0
11226,2,0
11227,0,0
11228,1,0
11229,2,0
11230,0,0
11231,1,0
11232,2,0
11233,0,0
11234,1,0
11235,2,0
11236,0,0
11237,1,0
11238,2,0
11239,0,0
11240,1,0
11241,2,0
11242,0,0
11243,1,0
11244,2,0
11245,0,0
11246,1,0
11247,2,0
11248,0,0
11249,1,0
11250,2,0
11251,0,0
11252,1,0
11253,2,0
11254,0,0
11255,1,0
11256,2,0
11257,0,0
11258,1,0
11259,2,0
11260,0,0
11261,1,0
11262,2,0
11263,0,0
11264,1,0
11265,2,0
11266,0,0
11267,1,0
11268,2,0
11269,0,0
11270,1,0
11271,2,0
11272,0,0
11273,1,0
11274,2,0
11275,0,0
11276,1,0
11277,2,0
11278,0,0
11279,1,0
11280,2,0
11281,0,0
11282,1,0
11283,2,0
11284,0,0
11285,1,0
11286,2,0
11287,0,0
11288,1,0
11289,2,0
11290,0,0
11291,1,0
11292,2,0
11293,0,0
11294,1,0
11295,2,0
11296,0,0
11297,1,0
11298,2,0
11299,0,0
11300,1,0
11301,2,0
11302,0,0
11303,1,0
11304,2,0
11305,0,0
11306,1,0
11307,2,0
11308,0,0
11309,1,0
11310,2,0
11311,0,0
11312,1,0
11313,2,0
11314,0,0
11315,1,0
11316,2,0
11317,0,0
11318,1,0
11319,2,0
11320,0,0
11321,1,0
11322,2,0
11323,0,0
11324,1,0
11325,2,0
11326,0,0
11327,1,0
11328,2,0
11329,0,0
11330,1,0
11331,2,0
11332,0,0
11333,1,0
11334,2,0
11335,0,0
11336,1,0
11337,2,0
11338,0,0
11339,1,0
11340,2,0
11341,0,0
11342,1,0
11343,2,0
11344,0,0
11345,1,0
11346,2,0
11347,0,0
11348,1,0
11349,2,0
11350,0,0
11351,1,0
11352,2,0
11353,0,0
11354,1,0
11355,2,0
11356,0,0
11357,1,0
11358,2,0
11359,0,0
11360,1,0
11361,2,0
11362,0,0
11363,1,0
11364,2,0
11365,0,0
11366,1,0
11367,2,0
11368,0,0
11369,1,0
11370,2,0
11371,0,0
11372,1,0
11373,2,0
11374,0,0
11375,1,0
11376,2,0
11377,0,0
11378,1,0
11379,2,0
11380,0,0
11381,1,0
11382,2,0
11383,0,0
11384,1,0
11385,2,0
11386,0,0
11387,1,0
11388,2,0
11389,0,0
11390,1,0
11391,2,0
11392,0,0
11393,1,0
11394,2,0
11395,0,0
11396,1,0
11397,2,0
11398,0,0
11399,1,0
11400,2,0
11401,0,0
11402,1,0
11403,2,0
11404,0,0
11405,1,0
11406,2,0
11407,0,0
11408,1,0
11409,2,0
11410,0,0
11411,1,0
11412,2,0
11413,0,0
11414,1,0
11415,2,0
11416,0,0
11417,1,0
11418,2,0
11419,0,0
11420,1,0
11421,2,0
11422,0,0
11423,1,0
11424,2,0
11425,0,0
11426,1,0
11427,2,0
11428,0,0
11429,1,0
11430,2,0
11431,0,0
11432,1,0
11433,2,0
11434,0,0
11435,1,0
11436,2,0
11437,0,0
11438,1,0
11439,2,0
11440,0,0
11441,1,0
11442,2,0
11443,0,0
11444,1,0
11445,2,0
11446,0,0
11447,1,0
11448,2,0
11449,0,0
11450,1,0
11451,2,0
11452,0,0
11453,1,0
11454,2,0
11455,0,0
11456,1,0
11457,2,0
11458,0,0
11459,1,0
11460,2,0
11461,0,0
11462,1,0
11463,2,0
11464,0,0
11465,1,0
11466,2,0
11467,0,0
11468,1,0
11469,2,0
11470,0,0
11471,1,0
11472,2,0
11473,0,0
11474,1,0
11475,2,0
11476,0,0
11477,1,0
11478,2,0
11479,0,0
11480,1,0
11481,2,0
11482,0,0
11483,1,0
11484,2,0
11485,0,0
11486,1,0
11487,2,0
11488,0,0
11489,1,0
11490,2,0
11491,0,0
11492,1,0
11493,2,0
11494,0,0
11495,1,0
11496,2,0
11497,0,0
11498,1,0
11499,2,0
11500,0,0
11501,1,0
11502,2,0
11503,0,0
11504,1,0
11505,2,0
11506,0,0
11507,1,0
11508,2,0
11509,0,0
11510,1,0
11511,2,0
11512,0,0
11513,1,0
11514,2,0
11515,0,0
11516,1,0
11517,2,0
11518,0,0
11519,1,0
11520,2,0
11521,0,0
11522,1,0
11523,2,0
11524,0,0
11525,1,0
11526,2,0
11527,0,0
11528,1,0
11529,2,0
11530,0,0
11531,1,0
11532,2,0
11533,0,0
11534,1,0
11535,2,0
11536,0,0
11537,1,0
11538,2,0
11539,0,0
11540,1,0
11541,2,0
11542,0,0
11543,1,0
11544,2,0
11545,0,0
11546,1,0
11547,2,0
11548,0,0
11549,1,0
11550,2,0
11551,0,0
11552,1,0
11553,2,0
11554,0,0
11555,1,0
11556,2,0
11557,0,0
11558,1,0
11559,2,0
11560,0,0
11561,1,0
11562,2,0
11563,0,0
11564,1,0
11565,2,0
11566,0,0
11567,1,0
11568,2,0
11569,0,0
11570,1,0
11571,2,0
11572,0,0
11573,1,0
11574,2,0
11575,0,0
11576,1,0
11577,2,0
11578,0,0
11579,1,0
11580,2,0
11581,0,0
11582,1,0
11583,2,0
11584,0,0
11585,1,0
11586,2,0
11587,0,0
11588,1,0
11589,2,0
11590,0,0
11591,1,0
11592,2,0
11593,0,0
11594,1,0
11595,2,0
11596,0,0
11597,1,0
11598,2,0
11599,0,0
11600,1,0
11601,2,0
11602,0,0
11603,1,0
11604,2,0
11605,0,0
11606,1,0
11607,2,0
11608,0,0
11609,1,0
11610,2,0
11611,0,0
11612,1,0
11613,2,0
11614,0,0
11615,1,0
11616,2,0
11617,0,0
11618,1,0
11619,2,0
11620,0,0
11621,1,0
11622,2,0
11623,0,0
11624,1,0
11625,2,0
11626,0,0
11627,1,0
11628,2,0
11629,0,0
11630,1,0
11631,2,0
11632,0,0
11633,1,0
11634,2,0
11635,0,0
11636,1,0
11637,2,0
11638,0,0
11639,1,0
11640,2,0
11641,0,0
11642,1,0
11643,2,0
11644,0,0
11645,1,0
11646,2,0
11647,0,0
11648,1,0
11649,2,0
11650,0,0
11651,1,0
11652,2,0
11653,0,0
11654,1,0
11655,2,0
11656,0,0
11657,1,0
11658,2,0
11659,0,0
11660,1,0
11661,2,0
11662,0,0
11663,1,0
11664,2,0
11665,0,0
11666,1,0
11667,2,0
11668,0,0
11669,1,0
11670,2,0
11671,0,0
11672,1,0
11673,2,0
11674,0,0
11675,1,0
11676,2,0
11677,0,0
11678,1,0
11679,2,0
11680,0,0
11681,1,0
11682,2,0
11683,0,0
11684,1,0
11685,2,0
11686,0,0
11687,1,0
11688,2,0
11689,0,0
11690,1,0
11691,2,0
11692,0,0
11693,1,0
11694,2,0
11695,0,0
11696,1,0
11697,2,0
11698,0,0
11699,1,0
11700,2,0
11701,0,0
11702,1,0
11703,2,0
11704,0,0
11705,1,0
11706,2,0
11707,0,0
11708,1,0
11709,2,0
11710,0,0
11711,1,0
11712,2,0
11713,0,0
11714,1,0
11715,2,0
11716,0,0
11717,1,0
11718,2,0
11719,0,0
11720,1,0
11721,2,0
11722,0,0
11723,1,0
11724,2,0
11725,0,0
11726,1,0
11727,2,0
11728,0,0
11729,1,0
11730,2,0
11731,0,0
11732,1,0
11733,2,0
11734,0,0
11735,1,0
11736,2,0
11737,0,0
11738,1,0
11739,2,0
11740,0,0
11741,1,0
11742,2,0
11743,0,0
11744,1,0
11745,2,0
11746,0,0
11747,1,0
11748,2,0
11749,0,0
11750,1,0
11751,2,0
11752,0,0
11753,1,0
11754,2,0
11755,0,0
11756,1,0
11757,2,0
11758,0,0
11759,1,0
11760,2,0
11761,0,0
11762,1,0
11763,2,0
11764,0,0
11765,1,0
11766,2,0
11767,0,0
11768,1,0
11769,2,0
11770,0,0
11771,1,0
11772,2,0
11773,0,0
11774,1,0
11775,2,0
11776,0,0
11777,1,0
11778,2,0
11779,0,0
11780,1,0
11781,2,0
11782,0,0
11783,1,0
11784,2,0
11785,0,0
11786,1,0
11787,2,0
11788,0,0
11789,1,0
11790,2,0
11791,0,0
11792,1,0
11793,2,0
11794,0,0
11795,1,0
11796,2,0
11797,0,0
11798,1,0
11799,2,0
11800,0,0
11801,1,0
11802,2,0
11803,0,0
11804,1,0
11805,2,0
11806,0,0
11807,1,0
11808,2,0
11809,0,0
11810,1,0
11811,2,0
11812,0,0
11813,1,0
11814,2,0
11815,0,0
11816,1,0
11817,2,0
11818,0,0
11819,1,0
11820,2,0
11821,0,0
11822,1,0
11823,2,0
11824,0,0
11825,1,0
11826,2,0
11827,0,0
11828,1,0
11829,2,0
11830,0,0
11831,1,0
11832,2,0
11833,0,0
11834,1,0
11835,2,0
11836,0,0
11837,1,0
11838,2,0
11839,0,0
11840,1,0
11841,2,0
11842,0,0
11843,1,0
11844,2,0
11845,0,0
11846,1,0
11847,2,0
11848,0,0
11849,1,0
11850,2,0
11851,0,0
11852,1,0
11853,2,0
11854,0,0
11855,1,0
11856,2,0
11857,0,0
11858,1,0
11859,2,0
11860,0,0
11861,1,0
11862,2,0
11863,0,0
11864,1,0
11865,2,0
11866,0,0
11867,1,0
11868,2,0
11869,0,0
11870,1,0
11871,2,0
11872,0,0
11873,1,0
11874,2,0
11875,0,0
11876,1,0
11877,2,0
11878,0,0
11879,1,0
11880,2,0
11881,0,0
11882,1,0
11883,2,0
11884,0,0
11885,1,0
11886,2,0
11887,0,0
11888,1,0
11889,2,0
11890,0,0
11891,1,0
11892,2,0
11893,0,0
11894,1,0
11895,2,0
11896,0,0
11897,1,0
11898,2,0
11899,0,0
11900,1,0
11901,2,0
11902,0,0
11903,1,0
11904,2,0
11905,0,0
11906,1,0
11907,2,0
11908,0,0
11909,1,0
11910,2,0
11911,0,0
11912,1,0
11913,2,0
11914,0,0
11915,1,0
11916,2,0
11917,0,0
11918,1,0
11919,2,0
11920,0,0
11921,1,0
11922,2,0
11923,0,0
11924,1,0
11925,2,0
11926,0,0
11927,1,0
11928,2,0
11929,0,0
11930,1,0
11931,2,0
11932,0,0
11933,1,0
11934,2,0
11935,0,0
11936,1,0
11937,2,0
11938,0,0
11939,1,0
11940,2,0
11941,0,0
11942,1,0
11943,2,0
11944,0,0
11945,1,0
11946,2,0
11947,0,0
11948,1,0
11949,2,0
11950,0,0
11951,1,0
11952,2,0
11953,0,0
11954,1,0
11955,2,0
11956,0,0
11957,1,0
11958,2,0
11959,0,0
11960,1,0
11961,2,0
11962,0,0
11963,1,0
11964,2,0
11965,0,0
11966,1,0
11967,2,0
11968,0,0
11969,1,0
11970,2,0
11971,0,0
11972,1,0
11973,2,0
11974,0,0
11975,1,0
11976,2,0
11977,0,0
11978,1,0
11979,2,0
11980,0,0
11981,1,0
11982,2,0
11983,0,0
11984,1,0
11985,2,0
11986,0,0
11987,1,0
11988,2,0
11989,0,0
11990,1,0
11991,2,0
11992,0,0
11993,1,0
11994,2,0
11995,0,0
11996,1,0
11997,2,0
11998,0,0
11999,1,0
12000,2,0
12001,0,0
12002,1,0
12003,2,0
12004,0,0
12005,1,0
12006,2,0
12007,0,0
12008,1,0
12009,2,0
12010,0,0
12011,1,0
12012,2,0
12013,0,0
12014,1,0
12015,2,0
12016,0,0
12017,1,0
12018,2,0
12019,0,0
12020,1,0
12021,2,0
12022,0,0
12023,1,0
12024,2,0
12025,0,0
12026,1,0
12027,2,0
12028,0,0
12029,1,0
12030,2,0
12031,0,0
12032,1,0
12033,2,0
12034,0,0
12035,1,0
12036,2,0
12037,0,0
12038,1,0
12039,2,0
12040,0,0
12041,1,0
12042,2,0
12043,0,0
12044,1,0
12045,2,0
12046,0,0
12047,1,0
12048,2,0
12049,0,0
12050,1,0
12051,2,0
12052,0,0
12053,1,0
12054,2,0
12055,0,0
12056,1,0
12057,2,0
12058,0,0
12059,1,0
12060,2,0
12061,0,0
12062,1,0
12063,2,0
12064,0,0
12065,1,0
12066,2,0
12067,0,0
12068,1,0
12069,2,0
12070,0,0
12071,1,0
12072,2,0
12073,0,0
12074,1,0
12075,2,0
12076,0,0
12077,1,0
12078,2,0
12079,0,0
12080,1,0
12081,2,0
12082,0,0
12083,1,0
12084,2,0
12085,0,0
12086,1,0
12087,2,0
12088,0,0
12089,1,0
12090,2,0
12091,0,0
12092,1,0
12093,2,0
12094,0,0
12095,1,0
12096,2,0
12097,0,0
12098,1,0
12099,2,0
12100,0,0
12101,1,0
12102,2,0
12103,0,0
12104,1,0
12105,2,0
12106,0,0
12107,1,0
12108,2,0
12109,0,0
12110,1,0
12111,2,0
12112,0,0
12113,1,0
12114,2,0
12115,0,0
12116,1,0
12117,2,0
12118,0,0
12119,1,0
12120,2,0
12121,0,0
12122,1,0
12123,2,0
12124,0,0
12125,1,0
12126,2,0
12127,0,0
12128,1,0
12129,2,0
12130,0,0
12131,1,0
12132,2,0
12133,0,0
12134,1,0
12135,2,0
12136,0,0
12137,1,0
12138,2,0
12139,0,0
12140,1,0
12141,2,0
12142,0,0
12143,1,0
12144,2,0
12145,0,0
12146,1,0
12147,2,0
12148,0,0
12149,1,0
12150,2,0
12151,0,0
12152,1,0
12153,2,0
12154,0,0
12155,1,0
12156,2,0
12157,0,0
12158,1,0
12159,2,0
12160,0,0
12161,1,0
12162,2,0
12163,0,0
12164,1,0
12165,2,0
12166,0,0
12167,1,0
12168,2,0
12169,0,0
12170,1,0
12171,2,0
12172,0,0
12173,1,0
12174,2,0
12175,0,0
12176,1,0
12177,2,0
12178,0,0
12179,1,0
12180,2,0
12181,0,0
12182,1,0
12183,2,0
12184,0,0
12185,1,0
12186,2,0
12187,0,0
12188,1,0
12189,2,0
12190,0,0
12191,1,0
12192,2,0
12193,0,0
12194,1,0
12195,2,0
12196,0,0
12197,1,0
12198,2,0
12199,0,0
12200,1,0
12201,2,0
12202,0,0
12203,1,0
12204,2,0
12205,0,0
12206,1,0
12207,2,0
12208,0,0
12209,1,0
12210,2,0
12211,0,0
12212,1,0
12213,2,0
12214,0,0
12215,1,0
12216,2,0
12217,0,0
12218,1,0
12219,2,0
12220,0,0
12221,1,0
12222,2,0
12223,0,0
12224,1,0
12225,2,0
12226,0,0
12227,1,0
12228,2,0
12229,0,0
12230,1,0
12231,2,0
12232,0,0
12233,1,0
12234,2,0
12235,0,0
12236,1,0
12237,2,0
12238,0,0
12239,1,0
12240,2,0
12241,0,0
12242,1,0
12243,2,0
12244,0,0
12245,1,0
12246,2,0
12247,0,0
12248,1,0
12249,2,0
12250,0,0
12251,1,0
12252,2,0
12253,0,0
12254,1,0
12255,2,0
12256,0,0
12257,1,0
12258,2,0
12259,0,0
12260,1,0
12261,2,0
12262,0,0
12263,1,0
12264,2,0
12265,0,0
12266,1,0
12267,2,0
12268,0,0
12269,1,0
12270,2,0
12271,0,0
12272,1,0
12273,2,0
12274,0,0
12275,1,0
12276,2,0
12277,0,0
12278,1,0
12279,2,0
12280,0,0
12281,1,0
12282,2,0
12283,0,0
12284,1,0
12285,2,0
12286,0,0
12287,1,0
12288,2,0
12289,0,0
12290,1,0
12291,2,0
12292,0,0
12293,1,0
12294,2,0
12295,0,0
12296,1,0
12297,2,0
12298,0,0
12299,1,0
12300,2,0
12301,0,0
12302,1,0
12303,2,0
12304,0,0
12305,1,0
12306,2,0
12307,0,0
12308,1,0
12309,2,0
12310,0,0
12311,1,0
12312,2,0
12313,0,0
12314,1,0
12315,2,0
12316,0,0
12317,1,0
12318,2,0
12319,0,0
12320,1,0
12321,2,0
12322,0,0
12323,1,0
12324,2,0
12325,0,0
12326,1,0
12327,2,0
12328,0,0
12329,1,0
12330,2,0
12331,0,0
12332,1,0
12333,2,0
12334,0,0
12335,1,0
12336,2,0
12337,0,0
12338,1,0
12339,2,0
12340,0,0
12341,1,0
12342,2,0
12343,0,0
12344,1,0
12345,2,0
12346,0,0
12347,1,0
12348,2,0
12349,0,0
12350,1,0
12351,2,0
12352,0,0
12353,1,0
12354,2,0
12355,0,0
12356,1,0
12357,2,0
12358,0,0
12359,1,0
12360,2,0
12361,0,0
12362,1,0
12363,2,0
12364,0,0
12365,1,0
12366,2,0
12367,0,0
12368,1,0
12369,2,0
12370,0,0
12371,1,0
12372,2,0
12373,0,0
12374,1,0
12375,2,0
12376,0,0
12377,1,0
12378,2,0
12379,0,0
12380,1,0
12381,2,0
12382,0,0
12383,1,0
12384,2,0
12385,0,0
12386,1,0
12387,2,0
12388,0,0
12389,1,0
12390,2,0
12391,0,0
12392,1,0
12393,2,0
12394,0,0
12395,1,0
12396,2,0
12397,0,0
12398,1,0
12399,2,0
12400,0,0
12401,1,0
12402,2,0
12403,0,0
12404,1,0
12405,2,0
12406,0,0
12407,1,0
12408,2,0
12409,0,0
12410,1,0
12411,2,0
12412,0,0
12413,1,0
12414,2,0
12415,0,0
12416,1,0
12417,2,0
12418,0,0
12419,1,0
12420,2,0
12421,0,0
12422,1,0
12423,2,0
12424,0,0
12425,1,0
12426,2,0
12427,0,0
12428,1,0
12429,2,0
12430,0,0
12431,1,0
12432,2,0
12433,0,0
12434,1,0
12435,2,0
12436,0,0
12437,1,0
12438,2,0
12439,0,0
12440,1,0
12441,2,0
12442,0,0
12443,1,0
12444,2,0
12445,0,0
12446,1,0
12447,2,0
12448,0,0
12449,1,0
12450,2,0
12451,0,0
12452,1,0
12453,2,0
12454,0,0
12455,1,0
12456,2,0
12457,0,0
12458,1,0
12459,2,0
12460,0,0
12461,1,0
12462,2,0
12463,0,0
12464,1,0
12465,2,0
12466,0,0
12467,1,0
12468,2,0
12469,0,0
12470,1,0
12471,2,0
12472,0,0
12473,1,0
12474,2,0
12475,0,0
12476,1,0
12477,2,0
12478,0,0
12479,1,0
12480,2,0
12481,0,0
12482,1,0
12483,2,0
12484,0,0
12485,1,0
12486,2,0
12487,0,0
12488,1,0
12489,2,0
12490,0,0
12491,1,0
12492,2,0
12493,0,0
12494,1,0
12495,2,0
12496,0,0
12497,1,0
12498,2,0
12499,0,0
12500,1,0
12501,2,0
12502,0,0
12503,1,0
12504,2,0
12505,0,0
12506,1,0
12507,2,0
12508,0,0
12509,1,0
12510,2,0
12511,0,0
12512,1,0
12513,2,0
12514,0,0
12515,1,0
12516,2,0
12517,0,0
12518,1,0
12519,2,0
12520,0,0
12521,1,0
12522,2,0
12523,0,0
12524,1,0
12525,2,0
12526,0,0
12527,1,0
12528,2,0
12529,0,0
12530,1,0
12531,2,0
12532,0,0
12533,1,0
12534,2,0
12535,0,0
12536,1,0
12537,2,0
12538,0,0
12539,1,0
12540,2,0
12541,0,0
12542,1,0
12543,2,0
12544,0,0
12545,1,0
12546,2,0
12547,0,0
12548,1,0
12549,2,0
12550,0,0
12551,1,0
12552,2,0
12553,0,0
12554,1,0
12555,2,0
12556,0,0
12557,1,0
12558,2,0
12559,0,0
12560,1,0
12561,2,0
12562,0,0
12563,1,0
12564,2,0
12565,0,0
12566,1,0
12567,2,0
12568,0,0
12569,1,0
12570,2,0
12571,0,0
12572,1,0
12573,2,0
12574,0,0
12575,1,0
12576,2,0
12577,0,0
12578,1,0
12579,2,0
12580,0,0
12581,1,0
12582,2,0
12583,0,0
12584,1,0
12585,2,0
12586,0,0
12587,1,0
12588,2,0
12589,0,0
12590,1,0
12591,2,0
12592,0,0
12593,1,0
12594,2,0
12595,0,0
12596,1,0
12597,2,0
12598,0,0
12599,1,0
12600,2,0
12601,0,0
12602,1,0
12603,2,0
12604,0,0
12605,1,0
12606,2,0
12607,0,0
12608,1,0
12609,2,0
12610,0,0
12611,1,0
12612,2,0
12613,0,0
12614,1,0
12615,2,0
12616,0,0
12617,1,0
12618,2,0
12619,0,0
12620,1,0
12621,2,0
12622,0,0
12623,1,0
12624,2,0
12625,0,0
12626,1,0
12627,2,0
12628,0,0
12629,1,0
12630,2,0
12631,0,0
12632,1,0
12633,2,0
12634,0,0
12635,1,0
12636,2,0
12637,0,0
12638,1,0
12639,2,0
12640,0,0
12641,1,0
12642,2,0
12643,0,0
12644,1,0
12645,2,0
12646,0,0
12647,1,0
12648,2,0
12649,0,0
12650,1,0
12651,2,0
12652,0,0
12653,1,0
12654,2,0
12655,0,0
12656,1,0
12657,2,0
12658,0,0
12659,1,0
12660,2,0
12661,0,0
12662,1,0
12663,2,0
12664,0,0
12665,1,0
12666,2,0
12667,0,0
12668,1,0
12669,2,0
12670,0,0
12671,1,0
12672,2,0
12673,0,0
12674,1,0
12675,2,0
12676,0,0
12677,1,0
12678,2,0
12679,0,0
12680,1,0
12681,2,0
12682,0,0
12683,1,0
12684,2,0
12685,0,0
12686,1,0
12687,2,0
12688,0,0
12689,1,0
12690,2,0
12691,0,0
12692,1,0
12693,2,0
12694,0,0
12695,1,0
12696,2,0
12697,0,0
12698,1,0
12699,2,0
12700,0,0
12701,1,0
12702,2,0
12703,0,0
12704,1,0
12705,2,0
12706,0,0
12707,1,0
12708,2,0
12709,0,0
12710,1,0
12711,2,0
12712,0,0
12713,1,0
12714,2,0
12715,0,0
12716,1,0
12717,2,0
12718,0,0
12719,1,0
12720,2,0
12721,0,0
12722,1,0
12723,2,0
12724,0,0
12725,1,0
12726,2,0
12727,0,0
12728,1,0
12729,2,0
12730,0,0
12731,1,0
12732,2,0
12733,0,0
12734,1,0
12735,2,0
12736,0,0
12737,1,0
12738,2,0
12739,0,0
12740,1,0
12741,2,0
12742,0,0
12743,1,0
12744,2,0
12745,0,0
12746,1,0
12747,2,0
12748,0,0
12749,1,0
12750,2,0
12751,0,0
12752,1,0
12753,2,0
12754,0,0
12755,1,0
12756,2,0
12757,0,0
12758,1,0
12759,2,0
12760,0,0
12761,1,0
12762,2,0
12763,0,0
12764,1,0
12765,2,0
12766,0,0
12767,1,0
12768,2,0
12769,0,0
12770,1,0
12771,2,0
12772,0,0
12773,1,0
12774,2,0
12775,0,0
12776,1,0
12777,2,0
12778,0,0
12779,1,0
12780,2,0
12781,0,0
12782,1,0
12783,2,0
12784,0,0
12785,1,0
12786,2,0
12787,0,0
12788,1,0
12789,2,0
12790,0,0
12791,1,0
12792,2,0
12793,0,0
12794,1,0
12795,2,0
12796,0,0
12797,1,0
12798,2,0
12799,0,0
12800,1,0
12801,2,0
12802,0,0
12803,1,0
12804,2,0
12805,0,0
12806,1,0
12807,2,0
12808,0,0
12809,1,0
12810,2,0
12811,0,0
12812,1,0
12813,2,0
12814,0,0
12815,1,0
12816,2,0
12817,0,0
12818,1,0
12819,2,0
12820,0,0
12821,1,0
12822,2,0
12823,0,0
12824,1,0
12825,2,0
12826,0,0
12827,1,0
12828,2,0
12829,0,0
12830,1,0
12831,2,0
12832,0,0
12833,1,0
12834,2,0
12835,0,0
12836,1,0
12837,2,0
12838,0,0
12839,1,0
12840,2,0
12841,0,0
12842,1,0
12843,2,0
12844,0,0
12845,1,0
12846,2,0
12847,0,0
12848,1,0
12849,2,0
12850,0,0
12851,1,0
12852,2,0
12853,0,0
12854,1,0
12855,2,0
12856,0,0
12857,1,0
12858,2,0
12859,0,0
12860,1,0
12861,2,0
12862,0,0
12863,1,0
12864,2,0
12865,0,0
12866,1,0
12867,2,0
12868,0,0
12869,1,0
12870,2,0
12871,0,0
12872,1,0
12873,2,0
12874,0,0
12875,1,0
12876,2,0
12877,0,0
12878,1,0
12879,2,0
12880,0,0
12881,1,0
12882,2,0
12883,0,0
12884,1,0
12885,2,0
12886,0,0
12887,1,0
12888,2,0
12889,0,0
12890,1,0
12891,2,0
12892,0,0
12893,1,0
12894,2,0
12895,0,0
12896,1,0
12897,2,0
12898,0,0
12899,1,0
12900,2,0
12901,0,0
12902,1,0
12903,2,0
12904,0,0
12905,1,0
12906,2,0
12907,0,0
12908,1,0
12909,2,0
12910,0,0
12911,1,0
12912,2,0
12913,0,0
12914,1,0
12915,2,0
12916,0,0
12917,1,0
12918,2,0
12919,0,0
12920,1,0
12921,2,0
12922,0,0
12923,1,0
12924,2,0
12925,0,0
12926,1,0
12927,2,0
12928,0,0
12929,1,0
12930,2,0
12931,0,0
12932,1,0
12933,2,0
12934,0,0
12935,1,0
12936,2,0
12937,0,0
12938,1,0
12939,2,0
12940,0,0
12941,1,0
12942,2,0
12943,0,0
12944,1,0
12945,2,0
12946,0,0
12947,1,0
12948,2,0
12949,0,0
12950,1,0
12951,2,0
12952,0,0
12953,1,0
12954,2,0
12955,0,0
12956,1,0
12957,2,0
12958,0,0
12959,1,0
12960,2,0
12961,0,0
12962,1,0
12963,2,0
12964,0,0
12965,1,0
12966,2,0
12967,0,0
12968,1,0
12969,2,0
12970,0,0
12971,1,0
12972,2,0
12973,0,0
12974,1,0
12975,2,0
12976,0,0
12977,1,0
12978,2,0
12979,0,0
12980,1,0
12981,2,0
12982,0,0
12983,1,0
12984,2,0
12985,0,0
12986,1,0
12987,2,0
12988,0,0
12989,1,0
12990,2,0
12991,0,0
12992,1,0
12993,2,0
12994,0,0
12995,1,0
12996,2,0
12997,0,0
12998,1,0
12999,2,0
13000,0,0
13001,1,0
13002,2,0
13003,0,0
13004,1,0
13005,2,0
13006,0,0
13007,1,0
13008,2,0
13009,0,0
13010,1,0
13011,2,0
13012,0,0
13013,1,0
13014,2,0
13015,0,0
13016,1,0
13017,2,0
13018,0,0
13019,1,0
13020,2,0
13021,0,0
13022,1,0
13023,2,0
13024,0,0
13025,1,0
13026,2,0
13027,0,0
13028,1,0
13029,2,0
13030,0,0
13031,1,0
13032,2,0
13033,0,0
13034,1,0
13035,2,0
13036,0,0
13037,1,0
13038,2,0
13039,0,0
13040,1,0
13041,2,0
13042,0,0
13043,1,0
13044,2,0
13045,0,0
13046,1,0
13047,2,0
13048,0,0
13049,1,0
13050,2,0
13051,0,0
13052,1,0
13053,2,0
13054,0,0
13055,1,0
13056,2,0
13057,0,0
13058,1,0
13059,2,0
13060,0,0
13061,1,0
13062,2,0
13063,0,0
13064,1,0
13065,2,0
13066,0,0
13067,1,0
13068,2,0
13069,0,0
13070,1,0
13071,2,0
13072,0,0
13073,1,0
13074,2,0
13075,0,0
13076,1,0
13077,2,0
13078,0,0
13079,1,0
13080,2,0
13081,0,0
13082,1,0
13083,2,0
13084,0,0
13085,1,0
13086,2,0
13087,0,0
13088,1,0
13089,2,0
13090,0,0
13091,1,0
13092,2,0
13093,0,0
13094,1,0
13095,2,0
13096,0,0
13097,1,0
13098,2,0
13099,0,0
13100,1,0
13101,2,0
13102,0,0
13103,1,0
13104,2,0
13105,0,0
13106,1,0
13107,2,0
13108,0,0
13109,1,0
13110,2,0
13111,0,0
13112,1,0
13113,2,0
13114,0,0
13115,1,0
13116,2,0
13117,0,0
13118,1,0
13119,2,0
13120,0,0
13121,1,0
13122,2,0
13123,0,0
13124,1,0
13125,2,0
13126,0,0
13127,1,0
13128,2,0
13129,0,0
13130,1,0
13131,2,0
13132,0,0
13133,1,0
13134,2,0
13135,0,0
13136,1,0
13137,2,0
13138,0,0
13139,1,0
13140,2,0
13141,0,0
13142,1,0
13143,2,0
13144,0,0
13145,1,0
13146,2,0
13147,0,0
13148,1,0
13149,2,0
13150,0,0
13151,1,0
13152,2,0
13153,0,0
13154,1,0
13155,2,0
13156,0,0
13157,1,0
13158,2,0
13159,0,0
13160,1,0
13161,2,0
13162,0,0
13163,1,0
13164,2,0
13165,0,0
13166,1,0
13167,2,0
13168,0,0
13169,1,0
13170,2,0
13171,0,0
13172,1,0
13173,2,0
13174,0,0
13175,1,0
13176,2,0
13177,0,0
13178,1,0
13179,2,0
13180,0,0
13181,1,0
13182,2,0
13183,0,0
13184,1,0
13185,2,0
13186,0,0
13187,1,0
13188,2,0
13189,0,0
13190,1,0
13191,2,0
13192,0,0
13193,1,0
13194,2,0
13195,0,0
13196,1,0
13197,2,0
13198,0,0
13199,1,0
13200,2,0
13201,0,0
13202,1,0
13203,2,0
13204,0,0
13205,1,0
13206,2,0
13207,0,0
13208,1,0
13209,2,0
13210,0,0
13211,1,0
13212,2,0
13213,0,0
13214,1,0
13215,2,0
13216,0,0
13217,1,0
13218,2,0
13219,0,0
13220,1,0
13221,2,0
13222,0,0
13223,1,0
13224,2,0
13225,0,0
13226,1,0
13227,2,0
13228,0,0
13229,1,0
13230,2,0
13231,0,0
13232,1,0
13233,2,0
13234,0,0
13235,1,0
13236,2,0
13237,0,0
13238,1,0
13239,2,0
13240,0,0
13241,1,0
13242,2,0
13243,0,0
13244,1,0
13245,2,0
13246,0,0
13247,1,0
13248,2,0
13249,0,0
13250,1,0
13251,2,0
13252,0,0
13253,1,0
13254,2,0
13255,0,0
13256,1,0
13257,2,0
13258,0,0
13259,1,0
13260,2,0
13261,0,0
13262,1,0
13263,2,0
13264,0,0
13265,1,0
13266,2,0
13267,0,0
13268,1,0
13269,2,0
13270,0,0
13271,1,0
13272,2,0
13273,0,0
13274,1,0
13275,2,0
13276,0,0
13277,1,0
13278,2,0
13279,0,0
13280,1,0
13281,2,0
13282,0,0
13283,1,0
13284,2,0
13285,0,0
13286,1,0
13287,2,0
13288,0,0
13289,1,0
13290,2,0
13291,0,0
13292,1,0
13293,2,0
13294,0,0
13295,1,0
13296,2,0
13297,0,0
13298,1,0
13299,2,0
13300,0,0
13301,1,0
13302,2,0
13303,0,0
13304,1,0
13305,2,0
13306,0,0
13307,1,0
13308,2,0
13309,0,0
13310,1,0
13311,2,0
13312,0,0
13313,1,0
13314,2,0
13315,0,0
13316,1,0
13317,2,0
13318,0,0
13319,1,0
13320,2,0
13321,0,0
13322,1,0
13323,2,0
13324,0,0
13325,1,0
13326,2,0
13327,0,0
13328,1,0
13329,2,0
13330,0,0
13331,1,0
13332,2,0
13333,0,0
13334,1,0
13335,2,0
13336,0,0
13337,1,0
13338,2,0
13339,0,0
13340,1,0
13341,2,0
13342,0,0
13343,1,0
13344,2,0
13345,0,0
13346,1,0
13347,2,0
13348,0,0
13349,1,0
13350,2,0
13351,0,0
13352,1,0
13353,2,0
13354,0,0
13355,1,0
13356,2,0
13357,0,0
13358,1,0
13359,2,0
13360,0,0
13361,1,0
13362,2,0
13363,0,0
13364,1,0
13365,2,0
13366,0,0
13367,1,0
13368,2,0
13369,0,0
13370,1,0
13371,2,0
13372,0,0
13373,1,0
13374,2,0
13375,0,0
13376,1,0
13377,2,0
13378,0,0
13379,1,0
13380,2,0
13381,0,0
13382,1,0
13383,2,0
13384,0,0
13385,1,0
13386,2,0
13387,0,0
13388,1,0
13389,2,0
13390,0,0
13391,1,0
13392,2,0
13393,0,0
13394,1,0
13395,2,0
13396,0,0
13397,1,0
13398,2,0
13399,0,0
13400,1,0
13401,2,0
13402,0,0
13403,1,0
13404,2,0
13405,0,0
13406,1,0
13407,2,0
13408,0,0
13409,1,0
13410,2,0
13411,0,0
13412,1,0
13413,2,0
13414,0,0
13415,1,0
13416,2,0
13417,0,0
13418,1,0
13419,2,0
13420,0,0
13421,1,0
13422,2,0
13423,0,0
13424,1,0
13425,2,0
13426,0,0
13427,1,0
13428,2,0
13429,0,0
13430,1,0
13431,2,0
13432,0,0
13433,1,0
13434,2,0
13435,0,0
13436,1,0
13437,2,0
13438,0,0
13439,1,0
13440,2,0
13441,0,0
13442,1,0
13443,2,0
13444,0,0
13445,1,0
13446,2,0
13447,0,0
13448,1,0
13449,2,0
13450,0,0
13451,1,0
13452,2,0
13453,0,0
13454,1,0
13455,2,0
13456,0,0
13457,1,0
13458,2,0
13459,0,0
13460,1,0
13461,2,0
13462,0,0
13463,1,0
13464,2,0
13465,0,0
13466,1,0
13467,2,0
13468,0,0
13469,1,0
13470,2,0
13471,0,0
13472,1,0
13473,2,0
13474,0,0
13475,1,0
13476,2,0
13477,0,0
13478,1,0
13479,2,0
13480,0,0
13481,1,0
13482,2,0
13483,0,0
13484,1,0
13485,2,0
13486,0,0
13487,1,0
13488,2,0
13489,0,0
13490,1,0
13491,2,0
13492,0,0
13493,1,0
13494,2,0
13495,0,0
13496,1,0
13497,2,0
13498,0,0
13499,1,0
13500,2,0
13501,0,0
13502,1,0
13503,2,0
13504,0,0
13505,1,0
13506,2,0
13507,0,0
13508,1,0
13509,2,0
13510,0,0
13511,1,0
13512,2,0
13513,0,0
13514,1,0
13515,2,0
13516,0,0
13517,1,0
13518,2,0
13519,0,0
13520,1,0
13521,2,0
13522,0,0
13523,1,0
13524,2,0
13525,0,0
13526,1,0
13527,2,0
13528,0,0
13529,1,0
13530,2,0
13531,0,0
13532,1,0
13533,2,0
13534,0,0
13535,1,0
13536,2,0
13537,0,0
13538,1,0
13539,2,0
13540,0,0
13541,1,0
13542,2,0
13543,0,0
13544,1,0
13545,2,0
13546,0,0
13547,1,0
13548,2,0
13549,0,0
13550,1,0
13551,2,0
13552,0,0
13553,1,0
13554,2,0
13555,0,0
13556,1,0
13557,2,0
13558,0,0
13559,1,0
13560,2,0
13561,0,0
13562,1,0
13563,2,0
13564,0,0
13565,1,0
13566,2,0
13567,0,0
13568,1,0
13569,2,0
13570,0,0
13571,1,0
13572,2,0
13573,0,0
13574,1,0
13575,2,0
13576,0,0
13577,1,0
13578,2,0
13579,0,0
13580,1,0
13581,2,0
13582,0,0
13583,1,0
13584,2,0
13585,0,0
13586,1,0
13587,2,0
13588,0,0
13589,1,0
13590,2,0
13591,0,0
13592,1,0
13593,2,0
13594,0,0
13595,1,0
13596,2,0
13597,0,0
13598,1,0
13599,2,0
13600,0,0
13601,1,0
13602,2,0
13603,0,0
13604,1,0
13605,2,0
13606,0,0
13607,1,0
13608,2,0
13609,0,0
13610,1,0
13611,2,0
13612,0,0
13613,1,0
13614,2,0
13615,0,0
13616,1,0
13617,2,0
13618,0,0
13619,1,0
13620,2,0
13621,0,0
13622,1,0
13623,2,0
13624,0,0
13625,1,0
13626,2,0
13627,0,0
13628,1,0
13629,2,0
13630,0,0
13631,1,0
13632,2,0
13633,0,0
13634,1,0
13635,2,0
13636,0,0
13637,1,0
13638,2,0
13639,0,0
13640,1,0
13641,2,0
13642,0,0
13643,1,0
13644,2,0
13645,0,0
13646,1,0
13647,2,0
13648,0,0
13649,1,0
13650,2,0
13651,0,0
13652,1,0
13653,2,0
13654,0,0
13655,1,0
13656,2,0
13657,0,0
13658,1,0
13659,2,0
13660,0,0
13661,1,0
13662,2,0
13663,0,0
13664,1,0
13665,2,0
13666,0,0
13667,1,0
13668,2,0
13669,0,0
13670,1,0
13671,2,0
13672,0,0
13673,1,0
13674,2,0
13675,0,0
13676,1,0
13677,2,0
13678,0,0
13679,1,0
13680,2,0
13681,0,0
13682,1,0
13683,2,0
13684,0,0
13685,1,0
13686,2,0
13687,0,0
13688,1,0
13689,2,0
13690,0,0
13691,1,0
13692,2,0
13693,0,0
13694,1,0
13695,2,0
13696,0,0
13697,1,0
13698,2,0
13699,0,0
13700,1,0
13701,2,0
13702,0,0
13703,1,0
13704,2,0
13705,0,0
13706,1,0
13707,2,0
13708,0,0
13709,1,0
13710,2,0
13711,0,0
13712,1,0
13713,2,0
13714,0,0
13715,1,0
13716,2,0
13717,0,0
13718,1,0
13719,2,0
13720,0,0
13721,1,0
13722,2,0
13723,0,0
13724,1,0
13725,2,0
13726,0,0
13727,1,0
13728,2,0
13729,0,0
13730,1,0
13731,2,0
13732,0,0
13733,1,0
13734,2,0
13735,0,0
13736,1,0
13737,2,0
13738,0,0
13739,1,0
13740,2,0
13741,0,0
13742,1,0
13743,2,0
13744,0,0
13745,1,0
13746,2,0
13747,0,0
13748,1,0
13749,2,0
13750,0,0
13751,1,0
13752,2,0
13753,0,0
13754,1,0
13755,2,0
13756,0,0
13757,1,0
13758,2,0
13759,0,0
13760,1,0
13761,2,0
13762,0,0
13763,1,0
13764,2,0
13765,0,0
13766,1,0
13767,2,0
13768,0,0
13769,1,0
13770,2,0
13771,0,0
13772,1,0
13773,2,0
13774,0,0
13775,1,0
13776,2,0
13777,0,0
13778,1,0
13779,2,0
13780,0,0
13781,1,0
13782,2,0
13783,0,0
13784,1,0
13785,2,0
13786,0,0
13787,1,0
13788,2,0
13789,0,0
13790,1,0
13791,2,0
13792,0,0
13793,1,0
13794,2,0
13795,0,0
13796,1,0
13797,2,0
13798,0,0
13799,1,0
13800,2,0
13801,0,0
13802,1,0
13803,2,0
13804,0,0
13805,1,0
13806,2,0
13807,0,0
13808,1,0
13809,2,0
13810,0,0
13811,1,0
13812,2,0
13813,0,0
13814,1,0
13815,2,0
13816,0,0
13817,1,0
13818,2,0
13819,0,0
13820,1,0
13821,2,0
13822,0,0
13823,1,0
13824,2,0
13825,0,0
13826,1,0
13827,2,0
13828,0,0
13829,1,0
13830,2,0
13831,0,0
13832,1,0
13833,2,0
13834,0,0
13835,1,0
13836,2,0
13837,0,0
13838,1,0
13839,2,0
13840,0,0
13841,1,0
13842,2,0
13843,0,0
13844,1,0
13845,2,0
13846,0,0
13847,1,0
13848,2,0
13849,0,0
13850,1,0
13851,2,0
13852,0,0
13853,1,0
13854,2,0
13855,0,0
13856,1,0
13857,2,0
13858,0,0
13859,1,0
13860,2,0
13861,0,0
13862,1,0
13863,2,0
13864,0,0
13865,1,0
13866,2,0
13867,0,0
13868,1,0
13869,2,0
13870,0,0
13871,1,0
13872,2,0
13873,0,0
13874,1,0
13875,2,0
13876,0,0
13877,1,0
13878,2,0
13879,0,0
13880,1,0
13881,2,0
13882,0,0
13883,1,0
13884,2,0
13885,0,0
13886,1,0
13887,2,0
13888,0,0
13889,1,0
13890,2,0
13891,0,0
13892,1,0
13893,2,0
13894,0,0
13895,1,0
13896,2,0
13897,0,0
13898,1,0
13899,2,0
13900,0,0
13901,1,0
13902,2,0
13903,0,0
13904,1,0
13905,2,0
13906,0,0
13907,1,0
13908,2,0
13909,0,0
13910,1,0
13911,2,0
13912,0,0
13913,1,0
13914,2,0
13915,0,0
13916,1,0
13917,2,0
13918,0,0
13919,1,0
13920,2,0
13921,0,0
13922,1,0
13923,2,0
13924,0,0
13925,1,0
13926,2,0
13927,0,0
13928,1,0
13929,2,0
13930,0,0
13931,1,0
13932,2,0
13933,0,0
13934,1,0
13935,2,0
13936,0,0
13937,1,0
13938,2,0
13939,0,0
13940,1,0
13941,2,0
13942,0,0
13943,1,0
13944,2,0
13945,0,0
13946,1,0
13947,2,0
13948,0,0
13949,1,0
13950,2,0
13951,0,0
13952,1,0
13953,2,0
13954,0,0
13955,1,0
13956,2,0
13957,0,0
13958,1,0
13959,2,0
13960,0,0
13961,1,0
13962,2,0
13963,0,0
13964,1,0
13965,2,0
13966,0,0
13967,1,0
13968,2,0
13969,0,0
13970,1,0
13971,2,0
13972,0,0
13973,1,0
13974,2,0
13975,0,0
13976,1,0
13977,2,0
13978,0,0
13979,1,0
13980,2,0
13981,0,0
13982,1,0
13983,2,0
13984,0,0
13985,1,0
13986,2,0
13987,0,0
13988,1,0
13989,2,0
13990,0,0
13991,1,0
13992,2,0
13993,0,0
13994,1,0
13995,2,0
13996,0,0
13997,1,0
13998,2,0
13999,0,0
14000,1,0
14001,2,0
14002,0,0
14003,1,0
14004,2,0
14005,0,0
14006,1,0
14007,2,0
14008,0,0
14009,1,0
14010,2,0
14011,0,0
14012,1,0
14013,2,0
14014,0,0
14015,1,0
14016,2,0
14017,0,0
14018,1,0
14019,2,0
14020,0,0
14021,1,0
14022,2,0
14023,0,0
14024,1,0
14025,2,0
14026,0,0
14027,1,0
14028,2,0
14029,0,0
14030,1,0
14031,2,0
14032,0,0
14033,1,0
14034,2,0
14035,0,0
14036,1,0
14037,2,0
14038,0,0
14039,1,0
14040,2,0
14041,0,0
14042,1,0
14043,2,0
14044,0,0
14045,1,0
14046,2,0
14047,0,0
14048,1,0
14049,2,0
14050,0,0
14051,1,0
14052,2,0
14053,0,0
14054,1,0
14055,2,0
14056,0,0
14057,1,0
14058,2,0
14059,0,0
14060,1,0
14061,2,0
14062,0,0
14063,1,0
14064,2,0
14065,0,0
14066,1,0
14067,2,0
14068,0,0
14069,1,0
14070,2,0
14071,0,0
14072,1,0
14073,2,0
14074,0,0
14075,1,0
14076,2,0
14077,0,0
14078,1,0
14079,2,0
14080,0,0
14081,1,0
14082,2,0
14083,0,0
14084,1,0
14085,2,0
14086,0,0
14087,1,0
14088,2,0
14089,0,0
14090,1,0
14091,2,0
14092,0,0
14093,1,0
14094,2,0
14095,0,0
14096,1,0
14097,2,0
14098,0,0
14099,1,0
14100,2,0
14101,0,0
14102,1,0
14103,2,0
14104,0,0
14105,1,0
14106,2,0
14107,0,0
14108,1,0
14109,2,0
14110,0,0
14111,1,0
14112,2,0
14113,0,0
14114,1,0
14115,2,0
14116,0,0
14117,1,0
14118,2,0
14119,0,0
14120,1,0
14121,2,0
14122,0,0
14123,1,0
14124,2,0
14125,0,0
14126,1,0
14127,2,0
14128,0,0
14129,1,0
14130,2,0
14131,0,0
14132,1,0
14133,2,0
14134,0,0
14135,1,0
14136,2,0
14137,0,0
14138,1,0
14139,2,0
14140,0,0
14141,1,0
14142,2,0
14143,0,0
14144,1,0
14145,2,0
14146,0,0
14147,1,0
14148,2,0
14149,0,0
14150,1,0
14151,2,0
14152,0,0
14153,1,0
14154,2,0
14155,0,0
14156,1,0
14157,2,0
14158,0,0
14159,1,0
14160,2,0
14161,0,0
14162,1,0
14163,2,0
14164,0,0
14165,1,0
14166,2,0
14167,0,0
14168,1,0
14169,2,0
14170,0,0
14171,1,0
14172,2,0
14173,0,0
14174,1,0
14175,2,0
14176,0,0
14177,1,0
14178,2,0
14179,0,0
14180,1,0
14181,2,0
14182,0,0
14183,1,0
14184,2,0
14185,0,0
14186,1,0
14187,2,0
14188,0,0
14189,1,0
14190,2,0
14191,0,0
14192,1,0
14193,2,0
14194,0,0
14195,1,0
14196,2,0
14197,0,0
14198,1,0
14199,2,0
14200,0,0
14201,1,0
14202,2,0
14203,0,0
14204,1,0
14205,2,0
14206,0,0
14207,1,0
14208,2,0
14209,0,0
14210,1,0
14211,2,0
14212,0,0
14213,1,0
14214,2,0
14215,0,0
14216,1,0
14217,2,0
14218,0,0
14219,1,0
14220,2,0
14221,0,0
14222,1,0
14223,2,0
14224,0,0
14225,1,0
14226,2,0
14227,0,0
14228,1,0
14229,2,0
14230,0,0
14231,1,0
14232,2,0
14233,0,0
14234,1,0
14235,2,0
14236,0,0
14237,1,0
14238,2,0
14239,0,0
14240,1,0
14241,2,0
14242,0,0
14243,1,0
14244,2,0
14245,0,0
14246,1,0
14247,2,0
14248,0,0
14249,1,0
14250,2,0
14251,0,0
14252,1,0
14253,2,0
14254,0,0
14255,1,0
14256,2,0
14257,0,0
14258,1,0
14259,2,0
14260,0,0
14261,1,0
14262,2,0
14263,0,0
14264,1,0
14265,2,0
14266,0,0
14267,1,0
14268,2,0
14269,0,0
14270,1,0
14271,2,0
14272,0,0
14273,1,0
14274,2,0
14275,0,0
14276,1,0
14277,2,0
14278,0,0
14279,1,0
14280,2,0
14281,0,0
14282,1,0
14283,2,0
14284,0,0
14285,1,0
14286,2,0
14287,0,0
14288,1,0
14289,2,0
14290,0,0
14291,1,0
14292,2,0
14293,0,0
14294,1,0
14295,2,0
14296,0,0
14297,1,0
14298,2,0
14299,0,0
14300,1,0
14301,2,0
14302,0,0
14303,1,0
14304,2,0
14305,0,0
14306,1,0
14307,2,0
14308,0,0
14309,1,0
14310,2,0
14311,0,0
14312,1,0
14313,2,0
14314,0,0
14315,1,0
14316,2,0
14317,0,0
14318,1,0
14319,2,0
14320,0,0
14321,1,0
14322,2,0
14323,0,0
14324,1,0
14325,2,0
14326,0,0
14327,1,0
14328,2,0
14329,0,0
14330,1,0
14331,2,0
14332,0,0
14333,1,0
14334,2,0
14335,0,0
14336,1,0
14337,2,0
14338,0,0
14339,1,0
14340,2,0
14341,0,0
14342,1,0
14343,2,0
14344,0,0
14345,1,0
14346,2,0
14347,0,0
14348,1,0
14349,2,0
14350,0,0
14351,1,0
14352,2,0
14353,0,0
14354,1,0
14355,2,0
14356,0,0
14357,1,0
14358,2,0
14359,0,0
14360,1,0
14361,2,0
14362,0,0
14363,1,0
14364,2,0
14365,0,0
14366,1,0
14367,2,0
14368,0,0
14369,1,0
14370,2,0
14371,0,0
14372,1,0
14373,2,0
14374,0,0
14375,1,0
14376,2,0
14377,0,0
14378,1,0
14379,2,0
14380,0,0
14381,1,0
14382,2,0
14383,0,0
14384,1,0
14385,2,0
14386,0,0
14387,1,0
14388,2,0
14389,0,0
14390,1,0
14391,2,0
14392,0,0
14393,1,0
14394,2,0
14395,0,0
14396,1,0
14397,2,0
14398,0,0
14399,1,0
14400,2,0
14401,0,0
14402,1,0
14403,2,0
14404,0,0
14405,1,0
14406,2,0
14407,0,0
14408,1,0
14409,2,0
14410,0,0
14411,1,0
14412,2,0
14413,0,0
14414,1,0
14415,2,0
14416,0,0
14417,1,0
14418,2,0
14419,0,0
14420,1,0
14421,2,0
14422,0,0
14423,1,0
14424,2,0
14425,0,0
14426,1,0
14427,2,0
14428,0,0
14429,1,0
14430,2,0
14431,0,0
14432,1,0
14433,2,0
14434,0,0
14435,1,0
14436,2,0
14437,0,0
14438,1,0
14439,2,0
14440,0,0
14441,1,0
14442,2,0
14443,0,0
14444,1,0
14445,2,0
14446,0,0
14447,1,0
14448,2,0
14449,0,0
14450,1,0
14451,2,0
14452,0,0
14453,1,0
14454,2,0
14455,0,0
14456,1,0
14457,2,0
14458,0,0
14459,1,0
14460,2,0
14461,0,0
14462,1,0
14463,2,0
14464,0,0
14465,1,0
14466,2,0
14467,0,0
14468,1,0
14469,2,0
14470,0,0
14471,1,0
14472,2,0
14473,0,0
14474,1,0
14475,2,0
14476,0,0
14477,1,0
14478,2,0
14479,0,0
14480,1,0
14481,2,0
14482,0,0
14483,1,0
14484,2,0
14485,0,0
14486,1,0
14487,2,0
14488,0,0
14489,1,0
14490,2,0
14491,0,0
14492,1,0
14493,2,0
14494,0,0
14495,1,0
14496,2,0
14497,0,0
14498,1,0
14499,2,0
14500,0,0
14501,1,0
14502,2,0
14503,0,0
14504,1,0
14505,2,0
14506,0,0
14507,1,0
14508,2,0
14509,0,0
14510,1,0
14511,2,0
14512,0,0
14513,1,0
14514,2,0
14515,0,0
14516,1,0
14517,2,0
14518,0,0
14519,1,0
14520,2,0
14521,0,0
14522,1,0
14523,2,0
14524,0,0
14525,1,0
14526,2,0
14527,0,0
14528,1,0
14529,2,0
14530,0,0
14531,1,0
14532,2,0
14533,0,0
14534,1,0
14535,2,0
14536,0,0
14537,1,0
14538,2,0
14539,0,0
14540,1,0
14541,2,0
14542,0,0
14543,1,0
14544,2,0
14545,0,0
14546,1,0
14547,2,0
14548,0,0
14549,1,0
14550,2,0
14551,0,0
14552,1,0
14553,2,0
14554,0,0
14555,1,0
14556,2,0
14557,0,0
14558,1,0
14559,2,0
14560,0,0
14561,1,0
14562,2,0
14563,0,0
14564,1,0
14565,2,0
14566,0,0
14567,1,0
14568,2,0
14569,0,0
14570,1,0
14571,2,0
14572,0,0
14573,1,0
14574,2,0
14575,0,0
14576,1,0
14577,2,0
14578,0,0
14579,1,0
14580,2,0
14581,0,0
14582,1,0
14583,2,0
14584,0,0
14585,1,0
14586,2,0
14587,0,0
14588,1,0
14589,2,0
14590,0,0
14591,1,0
14592,2,0
14593,0,0
14594,1,0
14595,2,0
14596,0,0
14597,1,0
14598,2,0
14599,0,0
14600,1,0
14601,2,0
14602,0,0
14603,1,0
14604,2,0
14605,0,0
14606,1,0
14607,2,0
14608,0,0
14609,1,0
14610,2,0
14611,0,0
14612,1,0
14613,2,0
14614,0,0
14615,1,0
14616,2,0
14617,0,0
14618,1,0
14619,2,0
14620,0,0
14621,1,0
14622,2,0
14623,0,0
14624,1,0
14625,2,0
14626,0,0
14627,1,0
14628,2,0
14629,0,0
14630,1,0
14631,2,0
14632,0,0
14633,1,0
14634,2,0
14635,0,0
14636,1,0
14637,2,0
14638,0,0
14639,1,0
14640,2,0
14641,0,0
14642,1,0
14643,2,0
14644,0,0
14645,1,0
14646,2,0
14647,0,0
14648,1,0
14649,2,0
14650,0,0
14651,1,0
14652,2,0
14653,0,0
14654,1,0
14655,2,0
14656,0,0
14657,1,0
14658,2,0
14659,0,0
14660,1,0
14661,2,0
14662,0,0
14663,1,0
14664,2,0
14665,0,0
14666,1,0
14667,2,0
14668,0,0
14669,1,0
14670,2,0
14671,0,0
14672,1,0
14673,2,0
14674,0,0
14675,1,0
14676,2,0
14677,0,0
14678,1,0
14679,2,0
14680,0,0
14681,1,0
14682,2,0
14683,0,0
14684,1,0
14685,2,0
14686,0,0
14687,1,0
14688,2,0
14689,0,0
14690,1,0
14691,2,0
14692,0,0
14693,1,0
14694,2,0
14695,0,0
14696,1,0
14697,2,0
14698,0,0
14699,1,0
14700,2,0
14701,0,0
14702,1,0
14703,2,0
14704,0,0
14705,1,0
14706,2,0
14707,0,0
14708,1,0
14709,2,0
14710,0,0
14711,1,0
14712,2,0
14713,0,0
14714,1,0
14715,2,0
14716,0,0
14717,1,0
14718,2,0
14719,0,0
14720,1,0
14721,2,0
14722,0,0
14723,1,0
14724,2,0
14725,0,0
14726,1,0
14727,2,0
14728,0,0
14729,1,0
14730,2,0
14731,0,0
14732,1,0
14733,2,0
14734,0,0
14735,1,0
14736,2,0
14737,0,0
14738,1,0
14739,2,0
14740,0,0
14741,1,0
14742,2,0
14743,0,0
14744,1,0
14745,2,0
14746,0,0
14747,1,0
14748,2,0
14749,0,0
14750,1,0
14751,2,0
14752,0,0
14753,1,0
14754,2,0
14755,0,0
14756,1,0
14757,2,0
14758,0,0
14759,1,0
14760,2,0
14761,0,0
14762,1,0
14763,2,0
14764,0,0
14765,1,0
14766,2,0
14767,0,0
14768,1,0
14769,2,0
14770,0,0
14771,1,0
14772,2,0
14773,0,0
14774,1,0
14775,2,0
14776,0,0
14777,1,0
14778,2,0
14779,0,0
14780,1,0
14781,2,0
14782,0,0
14783,1,0
14784,2,0
14785,0,0
14786,1,0
14787,2,0
14788,0,0
14789,1,0
14790,2,0
14791,0,0
14792,1,0
14793,2,0
14794,0,0
14795,1,0
14796,2,0
14797,0,0
14798,1,0
14799,2,0
14800,0,0
14801,1,0
14802,2,0
14803,0,0
14804,1,0
14805,2,0
14806,0,0
14807,1,0
14808,2,0
14809,0,0
14810,1,0
14811,2,0
14812,0,0
14813,1,0
14814,2,0
14815,0,0
14816,1,0
14817,2,0
14818,0,0
14819,1,0
14820,2,0
14821,0,0
14822,1,0
14823,2,0
14824,0,0
14825,1,0
14826,2,0
14827,0,0
14828,1,0
14829,2,0
14830,0,0
14831,1,0
14832,2,0
14833,0,0
14834,1,0
14835,2,0
14836,0,0
14837,1,0
14838,2,0
14839,0,0
14840,1,0
14841,2,0
14842,0,0
14843,1,0
14844,2,0
14845,0,0
14846,1,0
14847,2,0
14848,0,0
14849,1,0
14850,2,0
14851,0,0
14852,1,0
14853,2,0
14854,0,0
14855,1,0
14856,2,0
14857,0,0
14858,1,0
14859,2,0
14860,0,0
14861,1,0
14862,2,0
14863,0,0
14864,1,0
14865,2,0
14866,0,0
14867,1,0
14868,2,0
14869,0,0
14870,1,0
14871,2,0
14872,0,0
14873,1,0
14874,2,0
14875,0,0
14876,1,0
14877,2,0
14878,0,0
14879,1,0
14880,2,0
14881,0,0
14882,1,0
14883,2,0
14884,0,0
14885,1,0
14886,2,0
14887,0,0
14888,1,0
14889,2,0
14890,0,0
14891,1,0
14892,2,0
14893,0,0
14894,1,0
14895,2,0
14896,0,0
14897,1,0
14898,2,0
14899,0,0
14900,1,0
14901,2,0
14902,0,0
14903,1,0
14904,2,0
14905,0,0
14906,1,0
14907,2,0
14908,0,0
14909,1,0
14910,2,0
14911,0,0
14912,1,0
14913,2,0
14914,0,0
14915,1,0
14916,2,0
14917,0,0
14918,1,0
14919,2,0
14920,0,0
14921,1,0
14922,2,0
14923,0,0
14924,1,0
14925,2,0
14926,0,0
14927,1,0
14928,2,0
14929,0,0
14930,1,0
14931,2,0
14932,0,0
14933,1,0
14934,2,0
14935,0,0
14936,1,0
14937,2,0
14938,0,0
14939,1,0
14940,2,0
14941,0,0
14942,1,0
14943,2,0
14944,0,0
14945,1,0
14946,2,0
14947,0,0
14948,1,0
14949,2,0
14950,0,0
14951,1,0
14952,2,0
14953,0,0
14954,1,0
14955,2,0
14956,0,0
14957,1,0
14958,2,0
14959,0,0
14960,1,0
14961,2,0
14962,0,0
14963,1,0
14964,2,0
14965,0,0
14966,1,0
14967,2,0
14968,0,0
14969,1,0
14970,2,0
14971,0,0
14972,1,0
14973,2,0
14974,0,0
14975,1,0
14976,2,0
14977,0,0
14978,1,0
14979,2,0
14980,0,0
14981,1,0
14982,2,0
14983,0,0
14984,1,0
14985,2,0
14986,0,0
14987,1,0
14988,2,0
14989,0,0
14990,1,0
14991,2,0
14992,0,0
14993,1,0
14994,2,0
14995,0,0
14996,1,0
14997,2,0
14998,0,0
14999,1,0
15000,2,0
15001,0,0
15002,1,0
15003,2,0
15004,0,0
15005,1,0
15006,2,0
15007,0,0
15008,1,0
15009,2,0
15010,0,0
15011,1,0
15012,2,0
15013,0,0
15014,1,0
15015,2,0
15016,0,0
15017,1,0
15018,2,0
15019,0,0
15020,1,0
15021,2,0
15022,0,0
15023,1,0
15024,2,0
15025,0,0
15026,1,0
15027,2,0
15028,0,0
15029,1,0
15030,2,0
15031,0,0
15032,1,0
15033,2,0
15034,0,0
15035,1,0
15036,2,0
15037,0,0
15038,1,0
15039,2,0
15040,0,0
15041,1,0
15042,2,0
15043,0,0
15044,1,0
15045,2,0
15046,0,0
15047,1,0
15048,2,0
15049,0,0
15050,1,0
15051,2,0
15052,0,0
15053,1,0
15054,2,0
15055,0,0
15056,1,0
15057,2,0
15058,0,0
15059,1,0
15060,2,0
15061,0,0
15062,1,0
15063,2,0
15064,0,0
15065,1,0
15066,2,0
15067,0,0
15068,1,0
15069,2,0
15070,0,0
15071,1,0
15072,2,0
15073,0,0
15074,1,0
15075,2,0
15076,0,0
15077,1,0
15078,2,0
15079,0,0
15080,1,0
15081,2,0
15082,0,0
15083,1,0
15084,2,0
15085,0,0
15086,1,0
15087,2,0
15088,0,0
15089,1,0
15090,2,0
15091,0,0
15092,1,0
15093,2,0
15094,0,0
15095,1,0
15096,2,0
15097,0,0
15098,1,0
15099,2,0
15100,0,0
15101,1,0
15102,2,0
15103,0,0
15104,1,0
15105,2,0
15106,0,0
15107,1,0
15108,2,0
15109,0,0
15110,1,0
15111,2,0
15112,0,0
15113,1,0
15114,2,0
15115,0,0
15116,1,0
15117,2,0
15118,0,0
15119,1,0
15120,2,0
15121,0,0
15122,1,0
15123,2,0
15124,0,0
15125,1,0
15126,2,0
15127,0,0
15128,1,0
15129,2,0
15130,0,0
15131,1,0
15132,2,0
15133,0,0
15134,1,0
15135,2,0
15136,0,0
15137,1,0
15138,2,0
15139,0,0
15140,1,0
15141,2,0
15142,0,0
15143,1,0
15144,2,0
15145,0,0
15146,1,0
15147,2,0
15148,0,0
15149,1,0
15150,2,0
15151,0,0
15152,1,0
15153,2,0
15154,0,0
15155,1,0
15156,2,0
15157,0,0
15158,1,0
15159,2,0
15160,0,0
15161,1,0
15162,2,0
15163,0,0
15164,1,0
15165,2,0
15166,0,0
15167,1,0
15168,2,0
15169,0,0
15170,1,0
15171,2,0
15172,0,0
15173,1,0
15174,2,0
15175,0,0
15176,1,0
15177,2,0
15178,0,0
15179,1,0
15180,2,0
15181,0,0
15182,1,0
15183,2,0
15184,0,0
15185,1,0
15186,2,0
15187,0,0
15188,1,0
15189,2,0
15190,0,0
15191,1,0
15192,2,0
15193,0,0
15194,1,0
15195,2,0
15196,0,0
15197,1,0
15198,2,0
15199,0,0
15200,1,0
15201,2,0
15202,0,0
15203,1,0
15204,2,0
15205,0,0
15206,1,0
15207,2,0
15208,0,0
15209,1,0
15210,2,0
15211,0,0
15212,1,0
15213,2,0
15214,0,0
15215,1,0
15216,2,0
15217,0,0
15218,1,0
15219,2,0
15220,0,0
15221,1,0
15222,2,0
15223,0,0
15224,1,0
15225,2,0
15226,0,0
15227,1,0
15228,2,0
15229,0,0
15230,1,0
15231,2,0
15232,0,0
15233,1,0
15234,2,0
15235,0,0
15236,1,0
15237,2,0
15238,0,0
15239,1,0
15240,2,0
15241,0,0
15242,1,0
15243,2,0
15244,0,0
15245,1,0
15246,2,0
15247,0,0
15248,1,0
15249,2,0
15250,0,0
15251,1,0
15252,2,0
15253,0,0
15254,1,0
15255,2,0
15256,0,0
15257,1,0
15258,2,0
15259,0,0
15260,1,0
15261,2,0
15262,0,0
15263,1,0
15264,2,0
15265,0,0
15266,1,0
15267,2,0
15268,0,0
15269,1,0
15270,2,0
15271,0,0
15272,1,0
15273,2,0
15274,0,0
15275,1,0
15276,2,0
15277,0,0
15278,1,0
15279,2,0
15280,0,0
15281,1,0
15282,2,0
15283,0,0
15284,1,0
15285,2,0
15286,0,0
15287,1,0
15288,2,0
15289,0,0
15290,1,0
15291,2,0
15292,0,0
15293,1,0
15294,2,0
15295,0,0
15296,1,0
15297,2,0
15298,0,0
15299,1,0
15300,2,0
15301,0,0
15302,1,0
15303,2,0
15304,0,0
15305,1,0
15306,2,0
15307,0,0
15308,1,0
15309,2,0
15310,0,0
15311,1,0
15312,2,0
15313,0,0
15314,1,0
15315,2,0
15316,0,0
15317,1,0
15318,2,0
15319,0,0
15320,1,0
15321,2,0
15322,0,0
15323,1,0
15324,2,0
15325,0,0
15326,1,0
15327,2,0
15328,0,0
15329,1,0
15330,2,0
15331,0,0
15332,1,0
15333,2,0
15334,0,0
15335,1,0
15336,2,0
15337,0,0
15338,1,0
15339,2,0
15340,0,0
15341,1,0
15342,2,0
15343,0,0
15344,1,0
15345,2,0
15346,0,0
15347,1,0
15348,2,0
15349,0,0
15350,1,0
15351,2,0
15352,0,0
15353,1,0
15354,2,0
15355,0,0
15356,1,0
15357,2,0
15358,0,0
15359,1,0
15360,2,0
15361,0,0
15362,1,0
15363,2,0
15364,0,0
15365,1,0
15366,2,0
15367,0,0
15368,1,0
15369,2,0
15370,0,0
15371,1,0
15372,2,0
15373,0,0
15374,1,0
15375,2,0
15376,0,0
15377,1,0
15378,2,0
15379,0,0
15380,1,0
15381,2,0
15382,0,0
15383,1,0
15384,2,0
15385,0,0
15386,1,0
15387,2,0
15388,0,0
15389,1,0
15390,2,0
15391,0,0
15392,1,0
15393,2,0
15394,0,0
15395,1,0
15396,2,0
15397,0,0
15398,1,0
15399,2,0
15400,0,0
15401,1,0
15402,2,0
15403,0,0
15404,1,0
15405,2,0
15406,0,0
15407,1,0
15408,2,0
15409,0,0
15410,1,0
15411,2,0
15412,0,0
15413,1,0
15414,2,0
15415,0,0
15416,1,0
15417,2,0
15418,0,0
15419,1,0
15420,2,0
15421,0,0
15422,1,0
15423,2,0
15424,0,0
15425,1,0
15426,2,0
15427,0,0
15428,1,0
15429,2,0
15430,0,0
15431,1,0
15432,2,0
15433,0,0
15434,1,0
15435,2,0
15436,0,0
15437,1,0
15438,2,0
15439,0,0
15440,1,0
15441,2,0
15442,0,0
15443,1,0
15444,2,0
15445,0,0
15446,1,0
15447,2,0
15448,0,0
15449,1,0
15450,2,0
15451,0,0
15452,1,0
15453,2,0
15454,0,0
15455,1,0
15456,2,0
15457,0,0
15458,1,0
15459,2,0
15460,0,0
15461,1,0
15462,2,0
15463,0,0
15464,1,0
15465,2,0
15466,0,0
15467,1,0
15468,2,0
15469,0,0
15470,1,0
15471,2,0
15472,0,0
15473,1,0
15474,2,0
15475,0,0
15476,1,0
15477,2,0
15478,0,0
15479,1,0
15480,2,0
15481,0,0
15482,1,0
15483,2,0
15484,0,0
15485,1,0
15486,2,0
15487,0,0
15488,1,0
15489,2,0
15490,0,0
15491,1,0
15492,2,0
15493,0,0
15494,1,0
15495,2,0
15496,0,0
15497,1,0
15498,2,0
15499,0,0
15500,1,0
15501,2,0
15502,0,0
15503,1,0
15504,2,0
15505,0,0
15506,1,0
15507,2,0
15508,0,0
15509,1,0
15510,2,0
15511,0,0
15512,1,0
15513,2,0
15514,0,0
15515,1,0
15516,2,0
15517,0,0
15518,1,0
15519,2,0
15520,0,0
15521,1,0
15522,2,0
15523,0,0
15524,1,0
15525,2,0
15526,0,0
15527,1,0
15528,2,0
15529,0,0
15530,1,0
15531,2,0
15532,0,0
15533,1,0
15534,2,0
15535,0,0
15536,1,0
15537,2,0
15538,0,0
15539,1,0
15540,2,0
15541,0,0
15542,1,0
15543,2,0
15544,0,0
15545,1,0
15546,2,0
15547,0,0
15548,1,0
15549,2,0
15550,0,0
15551,1,0
15552,2,0
15553,0,0
15554,1,0
15555,2,0
15556,0,0
15557,1,0
15558,2,0
15559,0,0
15560,1,0
15561,2,0
15562,0,0
15563,1,0
15564,2,0
15565,0,0
15566,1,0
15567,2,0
15568,0,0
15569,1,0
15570,2,0
15571,0,0
15572,1,0
15573,2,0
15574,0,0
15575,1,0
15576,2,0
15577,0,0
15578,1,0
15579,2,0
15580,0,0
15581,1,0
15582,2,0
15583,0,0
15584,1,0
15585,2,0
15586,0,0
15587,1,0
15588,2,0
15589,0,0
15590,1,0
15591,2,0
15592,0,0
15593,1,0
15594,2,0
15595,0,0
15596,1,0
15597,2,0
15598,0,0
15599,1,0
15600,2,0
15601,0,0
15602,1,0
15603,2,0
15604,0,0
15605,1,0
15606,2,0
15607,0,0
15608,1,0
15609,2,0
15610,0,0
15611,1,0
15612,2,0
15613,0,0
15614,1,0
15615,2,0
15616,0,0
15617,1,0
15618,2,0
15619,0,0
15620,1,0
15621,2,0
15622,0,0
15623,1,0
15624,2,0
15625,0,0
15626,1,0
15627,2,0
15628,0,0
15629,1,0
15630,2,0
15631,0,0
15632,1,0
15633,2,0
15634,0,0
15635,1,0
15636,2,0
15637,0,0
15638,1,0
15639,2,0
15640,0,0
15641,1,0
15642,2,0
15643,0,0
15644,1,0
15645,2,0
15646,0,0
15647,1,0
15648,2,0
15649,0,0
15650,1,0
15651,2,0
15652,0,0
15653,1,0
15654,2,0
15655,0,0
15656,1,0
15657,2,0
15658,0,0
15659,1,0
15660,2,0
15661,0,0
15662,1,0
15663,2,0
15664,0,0
15665,1,0
15666,2,0
15667,0,0
15668,1,0
15669,2,0
15670,0,0
15671,1,0
15672,2,0
15673,0,0
15674,1,0
15675,2,0
15676,0,0
15677,1,0
15678,2,0
15679,0,0
15680,1,0
15681,2,0
15682,0,0
15683,1,0
15684,2,0
15685,0,0
15686,1,0
15687,2,0
15688,0,0
15689,1,0
15690,2,0
15691,0,0
15692,1,0
15693,2,0
15694,0,0
15695,1,0
15696,2,0
15697,0,0
15698,1,0
15699,2,0
15700,0,0
15701,1,0
15702,2,0
15703,0,0
15704,1,0
15705,2,0
15706,0,0
15707,1,0
15708,2,0
15709,0,0
15710,1,0
15711,2,0
15712,0,0
15713,1,0
15714,2,0
15715,0,0
15716,1,0
15717,2,0
15718,0,0
15719,1,0
15720,2,0
15721,0,0
15722,1,0
15723,2,0
15724,0,0
15725,1,0
15726,2,0
15727,0,0
15728,1,0
15729,2,0
15730,0,0
15731,1,0
15732,2,0
15733,0,0
15734,1,0
15735,2,0
15736,0,0
15737,1,0
15738,2,0
15739,0,0
15740,1,0
15741,2,0
15742,0,0
15743,1,0
15744,2,0
15745,0,0
15746,1,0
15747,2,0
15748,0,0
15749,1,0
15750,2,0
15751,0,0
15752,1,0
15753,2,0
15754,0,0
15755,1,0
15756,2,0
15757,0,0
15758,1,0
15759,2,0
15760,0,0
15761,1,0
15762,2,0
15763,0,0
15764,1,0
15765,2,0
15766,0,0
15767,1,0
15768,2,0
15769,0,0
15770,1,0
15771,2,0
15772,0,0
15773,1,0
15774,2,0
15775,0,0
15776,1,0
15777,2,0
15778,0,0
15779,1,0
15780,2,0
15781,0,0
15782,1,0
15783,2,0
15784,0,0
15785,1,0
15786,2,0
15787,0,0
15788,1,0
15789,2,0
15790,0,0
15791,1,0
15792,2,0
15793,0,0
15794,1,0
15795,2,0
15796,0,0
15797,1,0
15798,2,0
15799,0,0
15800,1,0
15801,2,0
15802,0,0
15803,1,0
15804,2,0
15805,0,0
15806,1,0
15807,2,0
15808,0,0
15809,1,0
15810,2,0
15811,0,0
15812,1,0
15813,2,0
15814,0,0
15815,1,0
15816,2,0
15817,0,0
15818,1,0
15819,2,0
15820,0,0
15821,1,0
15822,2,0
15823,0,0
15824,1,0
15825,2,0
15826,0,0
15827,1,0
15828,2,0
15829,0,0
15830,1,0
15831,2,0
15832,0,0
15833,1,0
15834,2,0
15835,0,0
15836,1,0
15837,2,0
15838,0,0
15839,1,0
15840,2,0
15841,0,0
15842,1,0
15843,2,0
15844,0,0
15845,1,0
15846,2,0
15847,0,0
15848,1,0
15849,2,0
15850,0,0
15851,1,0
15852,2,0
15853,0,0
15854,1,0
15855,2,0
15856,0,0
15857,1,0
15858,2,0
15859,0,0
15860,1,0
15861,2,0
15862,0,0
15863,1,0
15864,2,0
15865,0,0
15866,1,0
15867,2,0
15868,0,0
15869,1,0
15870,2,0
15871,0,0
15872,1,0
15873,2,0
15874,0,0
15875,1,0
15876,2,0
15877,0,0
15878,1,0
15879,2,0
15880,0,0
15881,1,0
15882,2,0
15883,0,0
15884,1,0
15885,2,0
15886,0,0
15887,1,0
15888,2,0
15889,0,0
15890,1,0
15891,2,0
15892,0,0
15893,1,0
15894,2,0
15895,0,0
15896,1,0
15897,2,0
15898,0,0
15899,1,0
15900,2,0
15901,0,0
15902,1,0
15903,2,0
15904,0,0
15905,1,0
15906,2,0
15907,0,0
15908,1,0
15909,2,0
15910,0,0
15911,1,0
15912,2,0
15913,0,0
15914,1,0
15915,2,0
15916,0,0
15917,1,0
15918,2,0
15919,0,0
15920,1,0
15921,2,0
15922,0,0
15923,1,0
15924,2,0
15925,0,0
15926,1,0
15927,2,0
15928,0,0
15929,1,0
15930,2,0
15931,0,0
15932,1,0
15933,2,0
15934,0,0
15935,1,0
15936,2,0
15937,0,0
15938,1,0
15939,2,0
15940,0,0
15941,1,0
15942,2,0
15943,0,0
15944,1,0
15945,2,0
15946,0,0
15947,1,0
15948,2,0
15949,0,0
15950,1,0
15951,2,0
15952,0,0
15953,1,0
15954,2,0
15955,0,0
15956,1,0
15957,2,0
15958,0,0
15959,1,0
15960,2,0
15961,0,0
15962,1,0
15963,2,0
15964,0,0
15965,1,0
15966,2,0
15967,0,0
15968,1,0
15969,2,0
15970,0,0
15971,1,0
15972,2,0
15973,0,0
15974,1,0
15975,2,0
15976,0,0
15977,1,0
15978,2,0
15979,0,0
15980,1,0
15981,2,0
15982,0,0
15983,1,0
15984,2,0
15985,0,0
15986,1,0
15987,2,0
15988,0,0
15989,1,0
15990,2,0
15991,0,0
15992,1,0
15993,2,0
15994,0,0
15995,1,0
15996,2,0
15997,0,0
15998,1,0
15999,2,0
16000,0,0
16001,1,0
16002,2,0
16003,0,0
16004,1,0
16005,2,0
16006,0,0
16007,1,0
16008,2,0
16009,0,0
16010,1,0
16011,2,0
16012,0,0
16013,1,0
16014,2,0
16015,0,0
16016,1,0
16017,2,0
16018,0,0
16019,1,0
16020,2,0
16021,0,0
16022,1,0
16023,2,0
16024,0,0
16025,1,0
16026,2,0
16027,0,0
16028,1,0
16029,2,0
16030,0,0
16031,1,0
16032,2,0
16033,0,0
16034,1,0
16035,2,0
16036,0,0
16037,1,0
16038,2,0
16039,0,0
16040,1,0
16041,2,0
16042,0,0
16043,1,0
16044,2,0
16045,0,0
16046,1,0
16047,2,0
16048,0,0
16049,1,0
16050,2,0
16051,0,0
16052,1,0
16053,2,0
16054,0,0
16055,1,0
16056,2,0
16057,0,0
16058,1,0
16059,2,0
16060,0,0
16061,1,0
16062,2,0
16063,0,0
16064,1,0
16065,2,0
16066,0,0
16067,1,0
16068,2,0
16069,0,0
16070,1,0
16071,2,0
16072,0,0
16073,1,0
16074,2,0
16075,0,0
16076,1,0
16077,2,0
16078,0,0
16079,1,0
16080,2,0
16081,0,0
16082,1,0
16083,2,0
16084,0,0
16085,1,0
16086,2,0
16087,0,0
16088,1,0
16089,2,0
16090,0,0
16091,1,0
16092,2,0
16093,0,0
16094,1,0
16095,2,0
16096,0,0
16097,1,0
16098,2,0
16099,0,0
16100,1,0
16101,2,0
16102,0,0
16103,1,0
16104,2,0
16105,0,0
16106,1,0
16107,2,0
16108,0,0
16109,1,0
16110,2,0
16111,0,0
16112,1,0
16113,2,0
16114,0,0
16115,1,0
16116,2,0
16117,0,0
16118,1,0
16119,2,0
16120,0,0
16121,1,0
16122,2,0
16123,0,0
16124,1,0
16125,2,0
16126,0,0
16127,1,0
16128,2,0
16129,0,0
16130,1,0
16131,2,0
16132,0,0
16133,1,0
16134,2,0
16135,0,0
16136,1,0
16137,2,0
16138,0,0
16139,1,0
16140,2,0
16141,0,0
16142,1,0
16143,2,0
16144,0,0
16145,1,0
16146,2,0
16147,0,0
16148,1,0
16149,2,0
16150,0,0
16151,1,0
16152,2,0
16153,0,0
16154,1,0
16155,2,0
16156,0,0
16157,1,0
16158,2,0
16159,0,0
16160,1,0
16161,2,0
16162,0,0
16163,1,0
16164,2,0
16165,0,0
16166,1,0
16167,2,0
16168,0,0
16169,1,0
16170,2,0
16171,0,0
16172,1,0
16173,2,0
16174,0,0
16175,1,0
16176,2,0
16177,0,0
16178,1,0
16179,2,0
16180,0,0
16181,1,0
16182,2,0
16183,0,0
16184,1,0
16185,2,0
16186,0,0
16187,1,0
16188,2,0
16189,0,0
16190,1,0
16191,2,0
16192,0,0
16193,1,0
16194,2,0
16195,0,0
16196,1,0
16197,2,0
16198,0,0
16199,1,0
16200,2,0
16201,0,0
16202,1,0
16203,2,0
16204,0,0
16205,1,0
16206,2,0
16207,0,0
16208,1,0
16209,2,0
16210,0,0
16211,1,0
16212,2,0
16213,0,0
16214,1,0
16215,2,0
16216,0,0
16217,1,0
16218,2,0
16219,0,0
16220,1,0
16221,2,0
16222,0,0
16223,1,0
16224,2,0
16225,0,0
16226,1,0
16227,2,0
16228,0,0
16229,1,0
16230,2,0
16231,0,0
16232,1,0
16233,2,0
16234,0,0
16235,1,0
16236,2,0
16237,0,0
16238,1,0
16239,2,0
16240,0,0
16241,1,0
16242,2,0
16243,0,0
16244,1,0
16245,2,0
16246,0,0
16247,1,0
16248,2,0
16249,0,0
16250,1,0
16251,2,0
16252,0,0
16253,1,0
16254,2,0
16255,0,0
16256,1,0
16257,2,0
16258,0,0
16259,1,0
16260,2,0
16261,0,0
16262,1,0
16263,2,0
16264,0,0
16265,1,0
16266,2,0
16267,0,0
16268,1,0
16269,2,0
16270,0,0
16271,1,0
16272,2,0
16273,0,0
16274,1,0
16275,2,0
16276,0,0
16277,1,0
16278,2,0
16279,0,0
16280,1,0
16281,2,0
16282,0,0
16283,1,0
16284,2,0
16285,0,0
16286,1,0
16287,2,0
16288,0,0
16289,1,0
16290,2,0
16291,0,0
16292,1,0
16293,2,0
16294,0,0
16295,1,0
16296,2,0
16297,0,0
16298,1,0
16299,2,0
16300,0,0
16301,1,0
16302,2,0
16303,0,0
16304,1,0
16305,2,0
16306,0,0
16307,1,0
16308,2,0
16309,0,0
16310,1,0
16311,2,0
16312,0,0
16313,1,0
16314,2,0
16315,0,0
16316,1,0
16317,2,0
16318,0,0
16319,1,0
16320,2,0
16321,0,0
16322,1,0
16323,2,0
16324,0,0
16325,1,0
16326,2,0
16327,0,0
16328,1,0
16329,2,0
16330,0,0
16331,1,0
16332,2,0
16333,0,0
16334,1,0
16335,2,0
16336,0,0
16337,1,0
16338,2,0
16339,0,0
16340,1,0
16341,2,0
16342,0,0
16343,1,0
16344,2,0
16345,0,0
16346,1,0
16347,2,0
16348,0,0
16349,1,0
16350,2,0
16351,0,0
16352,1,0
16353,2,0
16354,0,0
16355,1,0
16356,2,0
16357,0,0
16358,1,0
16359,2,0
16360,0,0
16361,1,0
16362,2,0
16363,0,0
16364,1,0
16365,2,0
16366,0,0
16367,1,0
16368,2,0
16369,0,0
16370,1,0
16371,2,0
16372,0,0
16373,1,0
16374,2,0
16375,0,0
16376,1,0
16377,2,0
16378,0,0
16379,1,0
16380,2,0
16381,0,0
16382,1,0
16383,2,0
16384,0,0
16385,1,0
16386,2,0
16387,0,0
16388,1,0
16389,2,0
16390,0,0
16391,1,0
16392,2,0
16393,0,0
16394,1,0
16395,2,0
16396,0,0
16397,1,0
16398,2,0
16399,0,0
16400,1,0
16401,2,0
16402,0,0
16403,1,0
16404,2,0
16405,0,0
16406,1,0
16407,2,0
16408,0,0
16409,1,0
16410,2,0
16411,0,0
16412,1,0
16413,2,0
16414,0,0
16415,1,0
16416,2,0
16417,0,0
16418,1,0
16419,2,0
16420,0,0
16421,1,0
16422,2,0
16423,0,0
16424,1,0
16425,2,0
16426,0,0
16427,1,0
16428,2,0
16429,0,0
16430,1,0
16431,2,0
16432,0,0
16433,1,0
16434,2,0
16435,0,0
16436,1,0
16437,2,0
16438,0,0
16439,1,0
16440,2,0
16441,0,0
16442,1,0
16443,2,0
16444,0,0
16445,1,0
16446,2,0
16447,0,0
16448,1,0
16449,2,0
16450,0,0
16451,1,0
16452,2,0
16453,0,0
16454,1,0
16455,2,0
16456,0,0
16457,1,0
16458,2,0
16459,0,0
16460,1,0
16461,2,0
16462,0,0
16463,1,0
16464,2,0
16465,0,0
16466,1,0
16467,2,0
16468,0,0
16469,1,0
16470,2,0
16471,0,0
16472,1,0
16473,2,0
16474,0,0
16475,1,0
16476,2,0
16477,0,0
16478,1,0
16479,2,0
16480,0,0
16481,1,0
16482,2,0
16483,0,0
16484,1,0
16485,2,0
16486,0,0
16487,1,0
16488,2,0
16489,0,0
16490,1,0
16491,2,0
16492,0,0
16493,1,0
16494,2,0
16495,0,0
16496,1,0
16497,2,0
16498,0,0
16499,1,0
16500,2,0
16501,0,0
16502,1,0
16503,2,0
16504,0,0
16505,1,0
16506,2,0
16507,0,0
16508,1,0
16509,2,0
16510,0,0
16511,1,0
16512,2,0
16513,0,0
16514,1,0
16515,2,0
16516,0,0
16517,1,0
16518,2,0
16519,0,0
16520,1,0
16521,2,0
16522,0,0
16523,1,0
16524,2,0
16525,0,0
16526,1,0
16527,2,0
16528,0,0
16529,1,0
16530,2,0
16531,0,0
16532,1,0
16533,2,0
16534,0,0
16535,1,0
16536,2,0
16537,0,0
16538,1,0
16539,2,0
16540,0,0
16541,1,0
16542,2,0
16543,0,0
16544,1,0
16545,2,0
16546,0,0
16547,1,0
16548,2,0
16549,0,0
16550,1,0
16551,2,0
16552,0,0
16553,1,0
16554,2,0
16555,0,0
16556,1,0
16557,2,0
16558,0,0
16559,1,0
16560,2,0
16561,0,0
16562,1,0
16563,2,0
16564,0,0
16565,1,0
16566,2,0
16567,0,0
16568,1,0
16569,2,0
16570,0,0
16571,1,0
16572,2,0
16573,0,0
16574,1,0
16575,2,0
16576,0,0
16577,1,0
16578,2,0
16579,0,0
16580,1,0
16581,2,0
16582,0,0
16583,1,0
16584,2,0
16585,0,0
16586,1,0
16587,2,0
16588,0,0
16589,1,0
16590,2,0
16591,0,0
16592,1,0
16593,2,0
16594,0,0
16595,1,0
16596,2,0
16597,0,0
16598,1,0
16599,2,0
16600,0,0
16601,1,0
16602,2,0
16603,0,0
16604,1,0
16605,2,0
16606,0,0
16607,1,0
16608,2,0
16609,0,0
16610,1,0
16611,2,0
16612,0,0
16613,1,0
16614,2,0
16615,0,0
16616,1,0
16617,2,0
16618,0,0
16619,1,0
16620,2,0
16621,0,0
16622,1,0
16623,2,0
16624,0,0
16625,1,0
16626,2,0
16627,0,0
16628,1,0
16629,2,0
16630,0,0
16631,1,0
16632,2,0
16633,0,0
16634,1,0
16635,2,0
16636,0,0
16637,1,0
16638,2,0
16639,0,0
16640,1,0
16641,2,0
16642,0,0
16643,1,0
16644,2,0
16645,0,0
16646,1,0
16647,2,0
16648,0,0
16649,1,0
16650,2,0
16651,0,0
16652,1,0
16653,2,0
16654,0,0
16655,1,0
16656,2,0
16657,0,0
16658,1,0
16659,2,0
16660,0,0
16661,1,0
16662,2,0
16663,0,0
16664,1,0
16665,2,0
16666,0,0
16667,1,0
16668,2,0
16669,0,0
16670,1,0
16671,2,0
16672,0,0
16673,1,0
16674,2,0
16675,0,0
16676,1,0
16677,2,0
16678,0,0
16679,1,0
16680,2,0
16681,0,0
16682,1,0
16683,2,0
16684,0,0
16685,1,0
16686,2,0
16687,0,0
16688,1,0
16689,2,0
16690,0,0
16691,1,0
16692,2,0
16693,0,0
16694,1,0
16695,2,0
16696,0,0
16697,1,0
16698,2,0
16699,0,0
16700,1,0
16701,2,0
16702,0,0
16703,1,0
16704,2,0
16705,0,0
16706,1,0
16707,2,0
16708,0,0
16709,1,0
16710,2,0
16711,0,0
16712,1,0
16713,2,0
16714,0,0
16715,1,0
16716,2,0
16717,0,0
16718,1,0
16719,2,0
16720,0,0
16721,1,0
16722,2,0
16723,0,0
16724,1,0
16725,2,0
16726,0,0
16727,1,0
16728,2,0
16729,0,0
16730,1,0
16731,2,0
16732,0,0
16733,1,0
16734,2,0
16735,0,0
16736,1,0
16737,2,0
16738,0,0
16739,1,0
16740,2,0
16741,0,0
16742,1,0
16743,2,0
16744,0,0
16745,1,0
16746,2,0
16747,0,0
16748,1,0
16749,2,0
16750,0,0
16751,1,0
16752,2,0
16753,0,0
16754,1,0
16755,2,0
16756,0,0
16757,1,0
16758,2,0
16759,0,0
16760,1,0
16761,2,0
16762,0,0
16763,1,0
16764,2,0
16765,0,0
16766,1,0
16767,2,0
16768,0,0
16769,1,0
16770,2,0
16771,0,0
16772,1,0
16773,2,0
16774,0,0
16775,1,0
16776,2,0
16777,0,0
16778,1,0
16779,2,0
16780,0,0
16781,1,0
16782,2,0
16783,0,0
16784,1,0
16785,2,0
16786,0,0
16787,1,0
16788,2,0
16789,0,0
16790,1,0
16791,2,0
16792,0,0
16793,1,0
16794,2,0
16795,0,0
16796,1,0
16797,2,0
16798,0,0
16799,1,0
16800,2,0
16801,0,0
16802,1,0
16803,2,0
16804,0,0
16805,1,0
16806,2,0
16807,0,0
16808,1,0
16809,2,0
16810,0,0
16811,1,0
16812,2,0
16813,0,0
16814,1,0
16815,2,0
16816,0,0
16817,1,0
16818,2,0
16819,0,0
16820,1,0
16821,2,0
16822,0,0
16823,1,0
16824,2,0
16825,0,0
16826,1,0
16827,2,0
16828,0,0
16829,1,0
16830,2,0
16831,0,0
16832,1,0
16833,2,0
16834,0,0
16835,1,0
16836,2,0
16837,0,0
16838,1,0
16839,2,0
16840,0,0
16841,1,0
16842,2,0
16843,0,0
16844,1,0
16845,2,0
16846,0,0
16847,1,0
16848,2,0
16849,0,0
16850,1,0
16851,2,0
16852,0,0
16853,1,0
16854,2,0
16855,0,0
16856,1,0
16857,2,0
16858,0,0
16859,1,0
16860,2,0
16861,0,0
16862,1,0
16863,2,0
16864,0,0
16865,1,0
16866,2,0
16867,0,0
16868,1,0
16869,2,0
16870,0,0
16871,1,0
16872,2,0
16873,0,0
16874,1,0
16875,2,0
16876,0,0
16877,1,0
16878,2,0
16879,0,0
16880,1,0
16881,2,0
16882,0,0
16883,1,0
16884,2,0
16885,0,0
16886,1,0
16887,2,0
16888,0,0
16889,1,0
16890,2,0
16891,0,0
16892,1,0
16893,2,0
16894,0,0
16895,1,0
16896,2,0
16897,0,0
16898,1,0
16899,2,0
16900,0,0
16901,1,0
16902,2,0
16903,0,0
16904,1,0
16905,2,0
16906,0,0
16907,1,0
16908,2,0
16909,0,0
16910,1,0
16911,2,0
16912,0,0
16913,1,0
16914,2,0
16915,0,0
16916,1,0
16917,2,0
16918,0,0
16919,1,0
16920,2,0
16921,0,0
16922,1,0
16923,2,0
16924,0,0
16925,1,0
16926,2,0
16927,0,0
16928,1,0
16929,2,0
16930,0,0
16931,1,0
16932,2,0
16933,0,0
16934,1,0
16935,2,0
16936,0,0
16937,1,0
16938,2,0
16939,0,0
16940,1,0
16941,2,0
16942,0,0
16943,1,0
16944,2,0
16945,0,0
16946,1,0
16947,2,0
16948,0,0
16949,1,0
16950,2,0
16951,0,0
16952,1,0
16953,2,0
16954,0,0
16955,1,0
16956,2,0
16957,0,0
16958,1,0
16959,2,0
16960,0,0
16961,1,0
16962,2,0
16963,0,0
16964,1,0
16965,2,0
16966,0,0
16967,1,0
16968,2,0
16969,0,0
16970,1,0
16971,2,0
16972,0,0
16973,1,0
16974,2,0
16975,0,0
16976,1,0
16977,2,0
16978,0,0
16979,1,0
16980,2,0
16981,0,0
16982,1,0
16983,2,0
16984,0,0
16985,1,0
16986,2,0
16987,0,0
16988,1,0
16989,2,0
16990,0,0
16991,1,0
16992,2,0
16993,0,0
16994,1,0
16995,2,0
16996,0,0
16997,1,0
16998,2,0
16999,0,0
17000,1,0
17001,2,0
17002,0,0
17003,1,0
17004,2,0
17005,0,0
17006,1,0
17007,2,0
17008,0,0
17009,1,0
17010,2,0
17011,0,0
17012,1,0
17013,2,0
17014,0,0
17015,1,0
17016,2,0
17017,0,0
17018,1,0
17019,2,0
17020,0,0
17021,1,0
17022,2,0
17023,0,0
17024,1,0
17025,2,0
17026,0,0
17027,1,0
17028,2,0
17029,0,0
17030,1,0
17031,2,0
17032,0,0
17033,1,0
17034,2,0
17035,0,0
17036,1,0
17037,2,0
17038,0,0
17039,1,0
17040,2,0
17041,0,0
17042,1,0
17043,2,0
17044,0,0
17045,1,0
17046,2,0
17047,0,0
17048,1,0
17049,2,0
17050,0,0
17051,1,0
17052,2,0
17053,0,0
17054,1,0
17055,2,0
17056,0,0
17057,1,0
17058,2,0
17059,0,0
17060,1,0
17061,2,0
17062,0,0
17063,1,0
17064,2,0
17065,0,0
17066,1,0
17067,2,0
17068,0,0
17069,1,0
17070,2,0
17071,0,0
17072,1,0
17073,2,0
17074,0,0
17075,1,0
17076,2,0
17077,0,0
17078,1,0
17079,2,0
17080,0,0
17081,1,0
17082,2,0
17083,0,0
17084,1,0
17085,2,0
17086,0,0
17087,1,0
17088,2,0
17089,0,0
17090,1,0
17091,2,0
17092,0,0
17093,1,0
17094,2,0
17095,0,0
17096,1,0
17097,2,0
17098,0,0
17099,1,0
17100,2,0
17101,0,0
17102,1,0
17103,2,0
17104,0,0
17105,1,0
17106,2,0
17107,0,0
17108,1,0
17109,2,0
17110,0,0
17111,1,0
17112,2,0
17113,0,0
17114,1,0
17115,2,0
17116,0,0
17117,1,0
17118,2,0
17119,0,0
17120,1,0
17121,2,0
17122,0,0
17123,1,0
17124,2,0
17125,0,0
17126,1,0
17127,2,0
17128,0,0
17129,1,0
17130,2,0
17131,0,0
17132,1,0
17133,2,0
17134,0,0
17135,1,0
17136,2,0
17137,0,0
17138,1,0
17139,2,0
17140,0,0
17141,1,0
17142,2,0
17143,0,0
17144,1,0
17145,2,0
17146,0,0
17147,1,0
17148,2,0
17149,0,0
17150,1,0
17151,2,0
17152,0,0
17153,1,0
17154,2,0
17155,0,0
17156,1,0
17157,2,0
17158,0,0
17159,1,0
17160,2,0
17161,0,0
17162,1,0
17163,2,0
17164,0,0
17165,1,0
17166,2,0
17167,0,0
17168,1,0
17169,2,0
17170,0,0
17171,1,0
17172,2,0
17173,0,0
17174,1,0
17175,2,0
17176,0,0
17177,1,0
17178,2,0
17179,0,0
17180,1,0
17181,2,0
17182,0,0
17183,1,0
17184,2,0
17185,0,0
17186,1,0
17187,2,0
17188,0,0
17189,1,0
17190,2,0
17191,0,0
17192,1,0
17193,2,0
17194,0,0
17195,1,0
17196,2,0
17197,0,0
17198,1,0
17199,2,0
17200,0,0
17201,1,0
17202,2,0
17203,0,0
17204,1,0
17205,2,0
17206,0,0
17207,1,0
17208,2,0
17209,0,0
17210,1,0
17211,2,0
17212,0,0
17213,1,0
17214,2,0
17215,0,0
17216,1,0
17217,2,0
17218,0,0
17219,1,0
17220,2,0
17221,0,0
17222,1,0
17223,2,0
17224,0,0
17225,1,0
17226,2,0
17227,0,0
17228,1,0
17229,2,0
17230,0,0
17231,1,0
17232,2,0
17233,0,0
17234,1,0
17235,2,0
17236,0,0
17237,1,0
17238,2,0
17239,0,0
17240,1,0
17241,2,0
17242,0,0
17243,1,0
17244,2,0
17245,0,0
17246,1,0
17247,2,0
17248,0,0
17249,1,0
17250,2,0
17251,0,0
17252,1,0
17253,2,0
17254,0,0
17255,1,0
17256,2,0
17257,0,0
17258,1,0
17259,2,0
17260,0,0
17261,1,0
17262,2,0
17263,0,0
17264,1,0
17265,2,0
17266,0,0
17267,1,0
17268,2,0
17269,0,0
17270,1,0
17271,2,0
17272,0,0
17273,1,0
17274,2,0
17275,0,0
17276,1,0
17277,2,0
17278,0,0
17279,1,0
17280,2,0
17281,0,0
17282,1,0
17283,2,0
17284,0,0
17285,1,0
17286,2,0
17287,0,0
17288,1,0
17289,2,0
17290,0,0
17291,1,0
17292,2,0
17293,0,0
17294,1,0
17295,2,0
17296,0,0
17297,1,0
17298,2,0
17299,0,0
17300,1,0
17301,2,0
17302,0,0
17303,1,0
17304,2,0
17305,0,0
17306,1,0
17307,2,0
17308,0,0
17309,1,0
17310,2,0
17311,0,0
17312,1,0
17313,2,0
17314,0,0
17315,1,0
17316,2,0
17317,0,0
17318,1,0
17319,2,0
17320,0,0
17321,1,0
17322,2,0
17323,0,0
17324,1,0
17325,2,0
17326,0,0
17327,1,0
17328,2,0
17329,0,0
17330,1,0
17331,2,0
17332,0,0
17333,1,0
17334,2,0
17335,0,0
17336,1,0
17337,2,0
17338,0,0
17339,1,0
17340,2,0
17341,0,0
17342,1,0
17343,2,0
17344,0,0
17345,1,0
17346,2,0
17347,0,0
17348,1,0
17349,2,0
17350,0,0
17351,1,0
17352,2,0
17353,0,0
17354,1,0
17355,2,0
17356,0,0
17357,1,0
17358,2,0
17359,0,0
17360,1,0
17361,2,0
17362,0,0
17363,1,0
17364,2,0
17365,0,0
17366,1,0
17367,2,0
17368,0,0
17369,1,0
17370,2,0
17371,0,0
17372,1,0
17373,2,0
17374,0,0
17375,1,0
17376,2,0
17377,0,0
17378,1,0
17379,2,0
17380,0,0
17381,1,0
17382,2,0
17383,0,0
17384,1,0
17385,2,0
17386,0,0
17387,1,0
17388,2,0
17389,0,0
17390,1,0
17391,2,0
17392,0,0
17393,1,0
17394,2,0
17395,0,0
17396,1,0
17397,2,0
17398,0,0
17399,1,0
17400,2,0
17401,0,0
17402,1,0
17403,2,0
17404,0,0
17405,1,0
17406,2,0
17407,0,0
17408,1,0
17409,2,0
17410,0,0
17411,1,0
17412,2,0
17413,0,0
17414,1,0
17415,2,0
17416,0,0
17417,1,0
17418,2,0
17419,0,0
17420,1,0
17421,2,0
17422,0,0
17423,1,0
17424,2,0
17425,0,0
17426,1,0
17427,2,0
17428,0,0
17429,1,0
17430,2,0
17431,0,0
17432,1,0
17433,2,0
17434,0,0
17435,1,0
17436,2,0
17437,0,0
17438,1,0
17439,2,0
17440,0,0
17441,1,0
17442,2,0
17443,0,0
17444,1,0
17445,2,0
17446,0,0
17447,1,0
17448,2,0
17449,0,0
17450,1,0
17451,2,0
17452,0,0
17453,1,0
17454,2,0
17455,0,0
17456,1,0
17457,2,0
17458,0,0
17459,1,0
17460,2,0
17461,0,0
17462,1,0
17463,2,0
17464,0,0
17465,1,0
17466,2,0
17467,0,0
17468,1,0
17469,2,0
17470,0,0
17471,1,0
17472,2,0
17473,0,0
17474,1,0
17475,2,0
17476,0,0
17477,1,0
17478,2,0
17479,0,0
17480,1,0
17481,2,0
17482,0,0
17483,1,0
17484,2,0
17485,0,0
17486,1,0
17487,2,0
17488,0,0
17489,1,0
17490,2,0
17491,0,0
17492,1,0
17493,2,0
17494,0,0
17495,1,0
17496,2,0
17497,0,0
17498,1,0
17499,2,0
17500,0,0
17501,1,0
17502,2,0
17503,0,0
17504,1,0
17505,2,0
17506,0,0
17507,1,0
17508,2,0
17509,0,0
17510,1,0
17511,2,0
17512,0,0
17513,1,0
17514,2,0
17515,0,0
17516,1,0
17517,2,0
17518,0,0
17519,1,0
17520,2,0
17521,0,0
17522,1,0
17523,2,0
17524,0,0
17525,1,0
17526,2,0
17527,0,0
17528,1,0
17529,2,0
17530,0,0
17531,1,0
17532,2,0
17533,0,0
17534,1,0
17535,2,0
17536,0,0
17537,1,0
17538,2,0
17539,0,0
17540,1,0
17541,2,0
17542,0,0
17543,1,0
17544,2,0
17545,0,0
17546,1,0
17547,2,0
17548,0,0
17549,1,0
17550,2,0
17551,0,0
17552,1,0
17553,2,0
17554,0,0
17555,1,0
17556,2,0
17557,0,0
17558,1,0
17559,2,0
17560,0,0
17561,1,0
17562,2,0
17563,0,0
17564,1,0
17565,2,0
17566,0,0
17567,1,0
17568,2,0
17569,0,0
17570,1,0
17571,2,0
17572,0,0
17573,1,0
17574,2,0
17575,0,0
17576,1,0
17577,2,0
17578,0,0
17579,1,0
17580,2,0
17581,0,0
17582,1,0
17583,2,0
17584,0,0
17585,1,0
17586,2,0
17587,0,0
17588,1,0
17589,2,0
17590,0,0
17591,1,0
17592,2,0
17593,0,0
17594,1,0
17595,2,0
17596,0,0
17597,1,0
17598,2,0
17599,0,0
17600,1,0
17601,2,0
17602,0,0
17603,1,0
17604,2,0
17605,0,0
17606,1,0
17607,2,0
17608,0,0
17609,1,0
17610,2,0
17611,0,0
17612,1,0
17613,2,0
17614,0,0
17615,1,0
17616,2,0
17617,0,0
17618,1,0
17619,2,0
17620,0,0
17621,1,0
17622,2,0
17623,0,0
17624,1,0
17625,2,0
17626,0,0
17627,1,0
17628,2,0
17629,0,0
17630,1,0
17631,2,0
17632,0,0
17633,1,0
17634,2,0
17635,0,0
17636,1,0
17637,2,0
17638,0,0
17639,1,0
17640,2,0
17641,0,0
17642,1,0
17643,2,0
17644,0,0
17645,1,0
17646,2,0
17647,0,0
17648,1,0
17649,2,0
17650,0,0
17651,1,0
17652,2,0
17653,0,0
17654,1,0
17655,2,0
17656,0,0
17657,1,0
17658,2,0
17659,0,0
17660,1,0
17661,2,0
17662,0,0
17663,1,0
17664,2,0
17665,0,0
17666,1,0
17667,2,0
17668,0,0
17669,1,0
17670,2,0
17671,0,0
17672,1,0
17673,2,0
17674,0,0
17675,1,0
17676,2,0
17677,0,0
17678,1,0
17679,2,0
17680,0,0
17681,1,0
17682,2,0
17683,0,0
17684,1,0
17685,2,0
17686,0,0
17687,1,0
17688,2,0
17689,0,0
17690,1,0
17691,2,0
17692,0,0
17693,1,0
17694,2,0
17695,0,0
17696,1,0
17697,2,0
17698,0,0
17699,1,0
17700,2,0
17701,0,0
17702,1,0
17703,2,0
17704,0,0
17705,1,0
17706,2,0
17707,0,0
17708,1,0
17709,2,0
17710,0,0
17711,1,0
17712,2,0
17713,0,0
17714,1,0
17715,2,0
17716,0,0
17717,1,0
17718,2,0
17719,0,0
17720,1,0
17721,2,0
17722,0,0
17723,1,0
17724,2,0
17725,0,0
17726,1,0
17727,2,0
17728,0,0
17729,1,0
17730,2,0
17731,0,0
17732,1,0
17733,2,0
17734,0,0
17735,1,0
17736,2,0
17737,0,0
17738,1,0
17739,2,0
17740,0,0
17741,1,0
17742,2,0
17743,0,0
17744,1,0
17745,2,0
17746,0,0
17747,1,0
17748,2,0
17749,0,0
17750,1,0
17751,2,0
17752,0,0
17753,1,0
17754,2,0
17755,0,0
17756,1,0
17757,2,0
17758,0,0
17759,1,0
17760,2,0
17761,0,0
17762,1,0
17763,2,0
17764,0,0
17765,1,0
17766,2,0
17767,0,0
17768,1,0
17769,2,0
17770,0,0
17771,1,0
17772,2,0
17773,0,0
17774,1,0
17775,2,0
17776,0,0
17777,1,0
17778,2,0
17779,0,0
17780,1,0
17781,2,0
17782,0,0
17783,1,0
17784,2,0
17785,0,0
17786,1,0
17787,2,0
17788,0,0
17789,1,0
17790,2,0
17791,0,0
17792,1,0
17793,2,0
17794,0,0
17795,1,0
17796,2,0
17797,0,0
17798,1,0
17799,2,0
17800,0,0
17801,1,0
17802,2,0
17803,0,0
17804,1,0
17805,2,0
17806,0,0
17807,1,0
17808,2,0
17809,0,0
17810,1,0
17811,2,0
17812,0,0
17813,1,0
17814,2,0
17815,0,0
17816,1,0
17817,2,0
17818,0,0
17819,1,0
17820,2,0
17821,0,0
17822,1,0
17823,2,0
17824,0,0
17825,1,0
17826,2,0
17827,0,0
17828,1,0
17829,2,0
17830,0,0
17831,1,0
17832,2,0
17833,0,0
17834,1,0
17835,2,0
17836,0,0
17837,1,0
17838,2,0
17839,0,0
17840,1,0
17841,2,0
17842,0,0
17843,1,0
17844,2,0
17845,0,0
17846,1,0
17847,2,0
17848,0,0
17849,1,0
17850,2,0
17851,0,0
17852,1,0
17853,2,0
17854,0,0
17855,1,0
17856,2,0
17857,0,0
17858,1,0
17859,2,0
17860,0,0
17861,1,0
17862,2,0
17863,0,0
17864,1,0
17865,2,0
17866,0,0
17867,1,0
17868,2,0
17869,0,0
17870,1,0
17871,2,0
17872,0,0
17873,1,0
17874,2,0
17875,0,0
17876,1,0
17877,2,0
17878,0,0
17879,1,0
17880,2,0
17881,0,0
17882,1,0
17883,2,0
17884,0,0
17885,1,0
17886,2,0
17887,0,0
17888,1,0
17889,2,0
17890,0,0
17891,1,0
17892,2,0
17893,0,0
17894,1,0
17895,2,0
17896,0,0
17897,1,0
17898,2,0
17899,0,0
17900,1,0
17901,2,0
17902,0,0
17903,1,0
17904,2,0
17905,0,0
17906,1,0
17907,2,0
17908,0,0
17909,1,0
17910,2,0
17911,0,0
17912,1,0
17913,2,0
17914,0,0
17915,1,0
17916,2,0
17917,0,0
17918,1,0
17919,2,0
17920,0,0
17921,1,0
17922,2,0
17923,0,0
17924,1,0
17925,2,0
17926,0,0
17927,1,0
17928,2,0
17929,0,0
17930,1,0
17931,2,0
17932,0,0
17933,1,0
17934,2,0
17935,0,0
17936,1,0
17937,2,0
17938,0,0
17939,1,0
17940,2,0
17941,0,0
17942,1,0
17943,2,0
17944,0,0
17945,1,0
17946,2,0
17947,0,0
17948,1,0
17949,2,0
17950,0,0
17951,1,0
17952,2,0
17953,0,0
17954,1,0
17955,2,0
17956,0,0
17957,1,0
17958,2,0
17959,0,0
17960,1,0
17961,2,0
17962,0,0
17963,1,0
17964,2,0
17965,0,0
17966,1,0
17967,2,0
17968,0,0
17969,1,0
17970,2,0
17971,0,0
17972,1,0
17973,2,0
17974,0,0
17975,1,0
17976,2,0
17977,0,0
17978,1,0
17979,2,0
17980,0,0
17981,1,0
17982,2,0
17983,0,0
17984,1,0
17985,2,0
17986,0,0
17987,1,0
17988,2,0
17989,0,0
17990,1,0
17991,2,0
17992,0,0
17993,1,0
17994,2,0
17995,0,0
17996,1,0
17997,2,0
17998,0,0
17999,1,0
18000,2,0
18001,0,0
18002,1,0
18003,2,0
18004,0,0
18005,1,0
18006,2,0
18007,0,0
18008,1,0
18009,2,0
18010,0,0
18011,1,0
18012,2,0
18013,0,0
18014,1,0
18015,2,0
18016,0,0
18017,1,0
18018,2,0
18019,0,0
18020,1,0
18021,2,0
18022,0,0
18023,1,0
18024,2,0
18025,0,0
18026,1,0
18027,2,0
18028,0,0
18029,1,0
18030,2,0
18031,0,0
18032,1,0
18033,2,0
18034,0,0
18035,1,0
18036,2,0
18037,0,0
18038,1,0
18039,2,0
18040,0,0
18041,1,0
18042,2,0
18043,0,0
18044,1,0
18045,2,0
18046,0,0
18047,1,0
18048,2,0
18049,0,0
18050,1,0
18051,2,0
18052,0,0
18053,1,0
18054,2,0
18055,0,0
18056,1,0
18057,2,0
18058,0,0
18059,1,0
18060,2,0
18061,0,0
18062,1,0
18063,2,0
18064,0,0
18065,1,0
18066,2,0
18067,0,0
18068,1,0
18069,2,0
18070,0,0
18071,1,0
18072,2,0
18073,0,0
18074,1,0
18075,2,0
18076,0,0
18077,1,0
18078,2,0
18079,0,0
18080,1,0
18081,2,0
18082,0,0
18083,1,0
18084,2,0
18085,0,0
18086,1,0
18087,2,0
18088,0,0
18089,1,0
18090,2,0
18091,0,0
18092,1,0
18093,2,0
18094,0,0
18095,1,0
18096,2,0
18097,0,0
18098,1,0
18099,2,0
18100,0,0
18101,1,0
18102,2,0
18103,0,0
18104,1,0
18105,2,0
18106,0,0
18107,1,0
18108,2,0
18109,0,0
18110,1,0
18111,2,0
18112,0,0
18113,1,0
18114,2,0
18115,0,0
18116,1,0
18117,2,0
18118,0,0
18119,1,0
18120,2,0
18121,0,0
18122,1,0
18123,2,0
18124,0,0
18125,1,0
18126,2,0
18127,0,0
18128,1,0
18129,2,0
18130,0,0
18131,1,0
18132,2,0
18133,0,0
18134,1,0
18135,2,0
18136,0,0
18137,1,0
18138,2,0
18139,0,0
18140,1,0
18141,2,0
18142,0,0
18143,1,0
18144,2,0
18145,0,0
18146,1,0
18147,2,0
18148,0,0
18149,1,0
18150,2,0
18151,0,0
18152,1,0
18153,2,0
18154,0,0
18155,1,0
18156,2,0
18157,0,0
18158,1,0
18159,2,0
18160,0,0
18161,1,0
18162,2,0
18163,0,0
18164,1,0
18165,2,0
18166,0,0
18167,1,0
18168,2,0
18169,0,0
18170,1,0
18171,2,0
18172,0,0
18173,1,0
18174,2,0
18175,0,0
18176,1,0
18177,2,0
18178,0,0
18179,1,0
18180,2,0
18181,0,0
18182,1,0
18183,2,0
18184,0,0
18185,1,0
18186,2,0
18187,0,0
18188,1,0
18189,2,0
18190,0,0
18191,1,0
18192,2,0
18193,0,0
18194,1,0
18195,2,0
18196,0,0
18197,1,0
18198,2,0
18199,0,0
18200,1,0
18201,2,0
18202,0,0
18203,1,0
18204,2,0
18205,0,0
18206,1,0
18207,2,0
18208,0,0
18209,1,0
18210,2,0
18211,0,0
18212,1,0
18213,2,0
18214,0,0
18215,1,0
18216,2,0
18217,0,0
18218,1,0
18219,2,0
18220,0,0
18221,1,0
18222,2,0
18223,0,0
18224,1,0
18225,2,0
18226,0,0
18227,1,0
18228,2,0
18229,0,0
18230,1,0
18231,2,0
18232,0,0
18233,1,0
18234,2,0
18235,0,0
18236,1,0
18237,2,0
18238,0,0
18239,1,0
18240,2,0
18241,0,0
18242,1,0
18243,2,0
18244,0,0
18245,1,0
18246,2,0
18247,0,0
18248,1,0
18249,2,0
18250,0,0
18251,1,0
18252,2,0
18253,0,0
18254,1,0
18255,2,0
18256,0,0
18257,1,0
18258,2,0
18259,0,0
18260,1,0
18261,2,0
18262,0,0
18263,1,0
18264,2,0
18265,0,0
18266,1,0
18267,2,0
18268,0,0
18269,1,0
18270,2,0
18271,0,0
18272,1,0
18273,2,0
18274,0,0
18275,1,0
18276,2,0
18277,0,0
18278,1,0
18279,2,0
18280,0,0
18281,1,0
18282,2,0
18283,0,0
18284,1,0
18285,2,0
18286,0,0
18287,1,0
18288,2,0
18289,0,0
18290,1,0
18291,2,0
18292,0,0
18293,1,0
18294,2,0
18295,0,0
18296,1,0
18297,2,0
18298,0,0
18299,1,0
18300,2,0
18301,0,0
18302,1,0
18303,2,0
18304,0,0
18305,1,0
18306,2,0
18307,0,0
18308,1,0
18309,2,0
18310,0,0
18311,1,0
18312,2,0
18313,0,0
18314,1,0
18315,2,0
18316,0,0
18317,1,0
18318,2,0
18319,0,0
18320,1,0
18321,2,0
18322,0,0
18323,1,0
18324,2,0
18325,0,0
18326,1,0
18327,2,0
18328,0,0
18329,1,0
18330,2,0
18331,0,0
18332,1,0
18333,2,0
18334,0,0
18335,1,0
18336,2,0
18337,0,0
18338,1,0
18339,2,0
18340,0,0
18341,1,0
18342,2,0
18343,0,0
18344,1,0
18345,2,0
18346,0,0
18347,1,0
18348,2,0
18349,0,0
18350,1,0
18351,2,0
18352,0,0
18353,1,0
18354,2,0
18355,0,0
18356,1,0
18357,2,0
18358,0,0
18359,1,0
18360,2,0
18361,0,0
18362,1,0
18363,2,0
18364,0,0
18365,1,0
18366,2,0
18367,0,0
18368,1,0
18369,2,0
18370,0,0
18371,1,0
18372,2,0
18373,0,0
18374,1,0
18375,2,0
18376,0,0
18377,1,0
18378,2,0
18379,0,0
18380,1,0
18381,2,0
18382,0,0
18383,1,0
18384,2,0
18385,0,0
18386,1,0
18387,2,0
18388,0,0
18389,1,0
18390,2,0
18391,0,0
18392,1,0
18393,2,0
18394,0,0
18395,1,0
18396,2,0
18397,0,0
18398,1,0
18399,2,0
18400,0,0
18401,1,0
18402,2,0
18403,0,0
18404,1,0
18405,2,0
18406,0,0
18407,1,0
18408,2,0
18409,0,0
18410,1,0
18411,2,0
18412,0,0
18413,1,0
18414,2,0
18415,0,0
18416,1,0
18417,2,0
18418,0,0
18419,1,0
18420,2,0
18421,0,0
18422,1,0
18423,2,0
18424,0,0
18425,1,0
18426,2,0
18427,0,0
18428,1,0
18429,2,0
18430,0,0
18431,1,0
18432,2,0
18433,0,0
18434,1,0
18435,2,0
18436,0,0
18437,1,0
18438,2,0
18439,0,0
18440,1,0
18441,2,0
18442,0,0
18443,1,0
18444,2,0
18445,0,0
18446,1,0
18447,2,0
18448,0,0
18449,1,0
18450,2,0
18451,0,0
18452,1,0
18453,2,0
18454,0,0
18455,1,0
18456,2,0
18457,0,0
18458,1,0
18459,2,0
18460,0,0
18461,1,0
18462,2,0
18463,0,0
18464,1,0
18465,2,0
18466,0,0
18467,1,0
18468,2,0
18469,0,0
18470,1,0
18471,2,0
18472,0,0
18473,1,0
18474,2,0
18475,0,0
18476,1,0
18477,2,0
18478,0,0
18479,1,0
18480,2,0
18481,0,0
18482,1,0
18483,2,0
18484,0,0
18485,1,0
18486,2,0
18487,0,0
18488,1,0
18489,2,0
18490,0,0
18491,1,0
18492,2,0
18493,0,0
18494,1,0
18495,2,0
18496,0,0
18497,1,0
18498,2,0
18499,0,0
18500,1,0
18501,2,0
18502,0,0
18503,1,0
18504,2,0
18505,0,0
18506,1,0
18507,2,0
18508,0,0
18509,1,0
18510,2,0
18511,0,0
18512,1,0
18513,2,0
18514,0,0
18515,1,0
18516,2,0
18517,0,0
18518,1,0
18519,2,0
18520,0,0
18521,1,0
18522,2,0
18523,0,0
18524,1,0
18525,2,0
18526,0,0
18527,1,0
18528,2,0
18529,0,0
18530,1,0
18531,2,0
18532,0,0
18533,1,0
18534,2,0
18535,0,0
18536,1,0
18537,2,0
18538,0,0
18539,1,0
18540,2,0
18541,0,0
18542,1,0
18543,2,0
18544,0,0
18545,1,0
18546,2,0
18547,0,0
18548,1,0
18549,2,0
18550,0,0
18551,1,0
18552,2,0
18553,0,0
18554,1,0
18555,2,0
18556,0,0
18557,1,0
18558,2,0
18559,0,0
18560,1,0
18561,2,0
18562,0,0
18563,1,0
18564,2,0
18565,0,0
18566,1,0
18567,2,0
18568,0,0
18569,1,0
18570,2,0
18571,0,0
18572,1,0
18573,2,0
18574,0,0
18575,1,0
18576,2,0
18577,0,0
18578,1,0
18579,2,0
18580,0,0
18581,1,0
18582,2,0
18583,0,0
18584,1,0
18585,2,0
18586,0,0
18587,1,0
18588,2,0
18589,0,0
18590,1,0
18591,2,0
18592,0,0
18593,1,0
18594,2,0
18595,0,0
18596,1,0
18597,2,0
18598,0,0
18599,1,0
18600,2,0
18601,0,0
18602,1,0
18603,2,0
18604,0,0
18605,1,0
18606,2,0
18607,0,0
18608,1,0
18609,2,0
18610,0,0
18611,1,0
18612,2,0
18613,0,0
18614,1,0
18615,2,0
18616,0,0
18617,1,0
18618,2,0
18619,0,0
18620,1,0
18621,2,0
18622,0,0
18623,1,0
18624,2,0
18625,0,0
18626,1,0
18627,2,0
18628,0,0
18629,1,0
18630,2,0
18631,0,0
18632,1,0
18633,2,0
18634,0,0
18635,1,0
18636,2,0
18637,0,0
18638,1,0
18639,2,0
18640,0,0
18641,1,0
18642,2,0
18643,0,0
18644,1,0
18645,2,0
18646,0,0
18647,1,0
18648,2,0
18649,0,0
18650,1,0
18651,2,0
18652,0,0
18653,1,0
18654,2,0
18655,0,0
18656,1,0
18657,2,0
18658,0,0
18659,1,0
18660,2,0
18661,0,0
18662,1,0
18663,2,0
18664,0,0
18665,1,0
18666,2,0
18667,0,0
18668,1,0
18669,2,0
18670,0,0
18671,1,0
18672,2,0
18673,0,0
18674,1,0
18675,2,0
18676,0,0
18677,1,0
18678,2,0
18679,0,0
18680,1,0
18681,2,0
18682,0,0
18683,1,0
18684,2,0
18685,0,0
18686,1,0
18687,2,0
18688,0,0
18689,1,0
18690,2,0
18691,0,0
18692,1,0
18693,2,0
18694,0,0
18695,1,0
18696,2,0
18697,0,0
18698,1,0
18699,2,0
18700,0,0
18701,1,0
18702,2,0
18703,0,0
18704,1,0
18705,2,0
18706,0,0
18707,1,0
18708,2,0
18709,0,0
18710,1,0
18711,2,0
18712,0,0
18713,1,0
18714,2,0
18715,0,0
18716,1,0
18717,2,0
18718,0,0
18719,1,0
18720,2,0
18721,0,0
18722,1,0
18723,2,0
18724,0,0
18725,1,0
18726,2,0
18727,0,0
18728,1,0
18729,2,0
18730,0,0
18731,1,0
18732,2,0
18733,0,0
18734,1,0
18735,2,0
18736,0,0
18737,1,0
18738,2,0
18739,0,0
18740,1,0
18741,2,0
18742,0,0
18743,1,0
18744,2,0
18745,0,0
18746,1,0
18747,2,0
18748,0,0
18749,1,0
18750,2,0
18751,0,0
18752,1,0
18753,2,0
18754,0,0
18755,1,0
18756,2,0
18757,0,0
18758,1,0
18759,2,0
18760,0,0
18761,1,0
18762,2,0
18763,0,0
18764,1,0
18765,2,0
18766,0,0
18767,1,0
18768,2,0
18769,0,0
18770,1,0
18771,2,0
18772,0,0
18773,1,0
18774,2,0
18775,0,0
18776,1,0
18777,2,0
18778,0,0
18779,1,0
18780,2,0
18781,0,0
18782,1,0
18783,2,0
18784,0,0
18785,1,0
18786,2,0
18787,0,0
18788,1,0
18789,2,0
18790,0,0
18791,1,0
18792,2,0
18793,0,0
18794,1,0
18795,2,0
18796,0,0
18797,1,0
18798,2,0
18799,0,0
18800,1,0
18801,2,0
18802,0,0
18803,1,0
18804,2,0
18805,0,0
18806,1,0
18807,2,0
18808,0,0
18809,1,0
18810,2,0
18811,0,0
18812,1,0
18813,2,0
18814,0,0
18815,1,0
18816,2,0
18817,0,0
18818,1,0
18819,2,0
18820,0,0
18821,1,0
18822,2,0
18823,0,0
18824,1,0
18825,2,0
18826,0,0
18827,1,0
18828,2,0
18829,0,0
18830,1,0
18831,2,0
18832,0,0
18833,1,0
18834,2,0
18835,0,0
18836,1,0
18837,2,0
18838,0,0
18839,1,0
18840,2,0
18841,0,0
18842,1,0
18843,2,0
18844,0,0
18845,1,0
18846,2,0
18847,0,0
18848,1,0
18849,2,0
18850,0,0
18851,1,0
18852,2,0
18853,0,0
18854,1,0
18855,2,0
18856,0,0
18857,1,0
18858,2,0
18859,0,0
18860,1,0
18861,2,0
18862,0,0
18863,1,0
18864,2,0
18865,0,0
18866,1,0
18867,2,0
18868,0,0
18869,1,0
18870,2,0
18871,0,0
18872,1,0
18873,2,0
18874,0,0
18875,1,0
18876,2,0
18877,0,0
18878,1,0
18879,2,0
18880,0,0
18881,1,0
18882,2,0
18883,0,0
18884,1,0
18885,2,0
18886,0,0
18887,1,0
18888,2,0
18889,0,0
18890,1,0
18891,2,0
18892,0,0
18893,1,0
18894,2,0
18895,0,0
18896,1,0
18897,2,0
18898,0,0
18899,1,0
18900,2,0
18901,0,0
18902,1,0
18903,2,0
18904,0,0
18905,1,0
18906,2,0
18907,0,0
18908,1,0
18909,2,0
18910,0,0
18911,1,0
18912,2,0
18913,0,0
18914,1,0
18915,2,0
18916,0,0
18917,1,0
18918,2,0
18919,0,0
18920,1,0
18921,2,0
18922,0,0
18923,1,0
18924,2,0
18925,0,0
18926,1,0
18927,2,0
18928,0,0
18929,1,0
18930,2,0
18931,0,0
18932,1,0
18933,2,0
18934,0,0
18935,1,0
18936,2,0
18937,0,0
18938,1,0
18939,2,0
18940,0,0
18941,1,0
18942,2,0
18943,0,0
18944,1,0
18945,2,0
18946,0,0
18947,1,0
18948,2,0
18949,0,0
18950,1,0
18951,2,0
18952,0,0
18953,1,0
18954,2,0
18955,0,0
18956,1,0
18957,2,0
18958,0,0
18959,1,0
18960,2,0
18961,0,0
18962,1,0
18963,2,0
18964,0,0
18965,1,0
18966,2,0
18967,0,0
18968,1,0
18969,2,0
18970,0,0
18971,1,0
18972,2,0
18973,0,0
18974,1,0
18975,2,0
18976,0,0
18977,1,0
18978,2,0
18979,0,0
18980,1,0
18981,2,0
18982,0,0
18983,1,0
18984,2,0
18985,0,0
18986,1,0
18987,2,0
18988,0,0
18989,1,0
18990,2,0
18991,0,0
18992,1,0
18993,2,0
18994,0,0
18995,1,0
18996,2,0
18997,0,0
18998,1,0
18999,2,0
19000,0,0
19001,1,0
19002,2,0
19003,0,0
19004,1,0
19005,2,0
19006,0,0
19007,1,0
19008,2,0
19009,0,0
19010,1,0
19011,2,0
19012,0,0
19013,1,0
19014,2,0
19015,0,0
19016,1,0
19017,2,0
19018,0,0
19019,1,0
19020,2,0
19021,0,0
19022,1,0
19023,2,0
19024,0,0
19025,1,0
19026,2,0
19027,0,0
19028,1,0
19029,2,0
19030,0,0
19031,1,0
19032,2,0
19033,0,0
19034,1,0
19035,2,0
19036,0,0
19037,1,0
19038,2,0
19039,0,0
19040,1,0
19041,2,0
19042,0,0
19043,1,0
19044,2,0
19045,0,0
19046,1,0
19047,2,0
19048,0,0
19049,1,0
19050,2,0
19051,0,0
19052,1,0
19053,2,0
19054,0,0
19055,1,0
19056,2,0
19057,0,0
19058,1,0
19059,2,0
19060,0,0
19061,1,0
19062,2,0
19063,0,0
19064,1,0
19065,2,0
19066,0,0
19067,1,0
19068,2,0
19069,0,0
19070,1,0
19071,2,0
19072,0,0
19073,1,0
19074,2,0
19075,0,0
19076,1,0
19077,2,0
19078,0,0
19079,1,0
19080,2,0
19081,0,0
19082,1,0
19083,2,0
19084,0,0
19085,1,0
19086,2,0
19087,0,0
19088,1,0
19089,2,0
19090,0,0
19091,1,0
19092,2,0
19093,0,0
19094,1,0
19095,2,0
19096,0,0
19097,1,0
19098,2,0
19099,0,0
19100,1,0
19101,2,0
19102,0,0
19103,1,0
19104,2,0
19105,0,0
19106,1,0
19107,2,0
19108,0,0
19109,1,0
19110,2,0
19111,0,0
19112,1,0
19113,2,0
19114,0,0
19115,1,0
19116,2,0
19117,0,0
19118,1,0
19119,2,0
19120,0,0
19121,1,0
19122,2,0
19123,0,0
19124,1,0
19125,2,0
19126,0,0
19127,1,0
19128,2,0
19129,0,0
19130,1,0
19131,2,0
19132,0,0
19133,1,0
19134,2,0
19135,0,0
19136,1,0
19137,2,0
19138,0,0
19139,1,0
19140,2,0
19141,0,0
19142,1,0
19143,2,0
19144,0,0
19145,1,0
19146,2,0
19147,0,0
19148,1,0
19149,2,0
19150,0,0
19151,1,0
19152,2,0
19153,0,0
19154,1,0
19155,2,0
19156,0,0
19157,1,0
19158,2,0
19159,0,0
19160,1,0
19161,2,0
19162,0,0
19163,1,0
19164,2,0
19165,0,0
19166,1,0
19167,2,0
19168,0,0
19169,1,0
19170,2,0
19171,0,0
19172,1,0
19173,2,0
19174,0,0
19175,1,0
19176,2,0
19177,0,0
19178,1,0
19179,2,0
19180,0,0
19181,1,0
19182,2,0
19183,0,0
19184,1,0
19185,2,0
19186,0,0
19187,1,0
19188,2,0
19189,0,0
19190,1,0
19191,2,0
19192,0,0
19193,1,0
19194,2,0
19195,0,0
19196,1,0
19197,2,0
19198,0,0
19199,1,0
19200,2,0
19201,0,0
19202,1,0
19203,2,0
19204,0,0
19205,1,0
19206,2,0
19207,0,0
19208,1,0
19209,2,0
19210,0,0
19211,1,0
19212,2,0
19213,0,0
19214,1,0
19215,2,0
19216,0,0
19217,1,0
19218,2,0
19219,0,0
19220,1,0
19221,2,0
19222,0,0
19223,1,0
19224,2,0
19225,0,0
19226,1,0
19227,2,0
19228,0,0
19229,1,0
19230,2,0
19231,0,0
19232,1,0
19233,2,0
19234,0,0
19235,1,0
19236,2,0
19237,0,0
19238,1,0
19239,2,0
19240,0,0
19241,1,0
19242,2,0
19243,0,0
19244,1,0
19245,2,0
19246,0,0
19247,1,0
19248,2,0
19249,0,0
19250,1,0
19251,2,0
19252,0,0
19253,1,0
19254,2,0
19255,0,0
19256,1,0
19257,2,0
19258,0,0
19259,1,0
19260,2,0
19261,0,0
19262,1,0
19263,2,0
19264,0,0
19265,1,0
19266,2,0
19267,0,0
19268,1,0
19269,2,0
19270,0,0
19271,1,0
19272,2,0
19273,0,0
19274,1,0
19275,2,0
19276,0,0
19277,1,0
19278,2,0
19279,0,0
19280,1,0
19281,2,0
19282,0,0
19283,1,0
19284,2,0
19285,0,0
19286,1,0
19287,2,0
19288,0,0
19289,1,0
19290,2,0
19291,0,0
19292,1,0
19293,2,0
19294,0,0
19295,1,0
19296,2,0
19297,0,0
19298,1,0
19299,2,0
19300,0,0
19301,1,0
19302,2,0
19303,0,0
19304,1,0
19305,2,0
19306,0,0
19307,1,0
19308,2,0
19309,0,0
19310,1,0
19311,2,0
19312,0,0
19313,1,0
19314,2,0
19315,0,0
19316,1,0
19317,2,0
19318,0,0
19319,1,0
19320,2,0
19321,0,0
19322,1,0
19323,2,0
19324,0,0
19325,1,0
19326,2,0
19327,0,0
19328,1,0
19329,2,0
19330,0,0
19331,1,0
19332,2,0
19333,0,0
19334,1,0
19335,2,0
19336,0,0
19337,1,0
19338,2,0
19339,0,0
19340,1,0
19341,2,0
19342,0,0
19343,1,0
19344,2,0
19345,0,0
19346,1,0
19347,2,0
19348,0,0
19349,1,0
19350,2,0
19351,0,0
19352,1,0
19353,2,0
19354,0,0
19355,1,0
19356,2,0
19357,0,0
19358,1,0
19359,2,0
19360,0,0
19361,1,0
19362,2,0
19363,0,0
19364,1,0
19365,2,0
19366,0,0
19367,1,0
19368,2,0
19369,0,0
19370,1,0
19371,2,0
19372,0,0
19373,1,0
19374,2,0
19375,0,0
19376,1,0
19377,2,0
19378,0,0
19379,1,0
19380,2,0
19381,0,0
19382,1,0
19383,2,0
19384,0,0
19385,1,0
19386,2,0
19387,0,0
19388,1,0
19389,2,0
19390,0,0
19391,1,0
19392,2,0
19393,0,0
19394,1,0
19395,2,0
19396,0,0
19397,1,0
19398,2,0
19399,0,0
19400,1,0
19401,2,0
19402,0,0
19403,1,0
19404,2,0
19405,0,0
19406,1,0
19407,2,0
19408,0,0
19409,1,0
19410,2,0
19411,0,0
19412,1,0
19413,2,0
19414,0,0
19415,1,0
19416,2,0
19417,0,0
19418,1,0
19419,2,0
19420,0,0
19421,1,0
19422,2,0
19423,0,0
19424,1,0
19425,2,0
19426,0,0
19427,1,0
19428,2,0
19429,0,0
19430,1,0
19431,2,0
19432,0,0
19433,1,0
19434,2,0
19435,0,0
19436,1,0
19437,2,0
19438,0,0
19439,1,0
19440,2,0
19441,0,0
19442,1,0
19443,2,0
19444,0,0
19445,1,0
19446,2,0
19447,0,0
19448,1,0
19449,2,0
19450,0,0
19451,1,0
19452,2,0
19453,0,0
19454,1,0
19455,2,0
19456,0,0
19457,1,0
19458,2,0
19459,0,0
19460,1,0
19461,2,0
19462,0,0
19463,1,0
19464,2,0
19465,0,0
19466,1,0
19467,2,0
19468,0,0
19469,1,0
19470,2,0
19471,0,0
19472,1,0
19473,2,0
19474,0,0
19475,1,0
19476,2,0
19477,0,0
19478,1,0
19479,2,0
19480,0,0
19481,1,0
19482,2,0
19483,0,0
19484,1,0
19485,2,0
19486,0,0
19487,1,0
19488,2,0
19489,0,0
19490,1,0
19491,2,0
19492,0,0
19493,1,0
19494,2,0
19495,0,0
19496,1,0
19497,2,0
19498,0,0
19499,1,0
19500,2,0
19501,0,0
19502,1,0
19503,2,0
19504,0,0
19505,1,0
19506,2,0
19507,0,0
19508,1,0
19509,2,0
19510,0,0
19511,1,0
19512,2,0
19513,0,0
19514,1,0
19515,2,0
19516,0,0
19517,1,0
19518,2,0
19519,0,0
19520,1,0
19521,2,0
19522,0,0
19523,1,0
19524,2,0
19525,0,0
19526,1,0
19527,2,0
19528,0,0
19529,1,0
19530,2,0
19531,0,0
19532,1,0
19533,2,0
19534,0,0
19535,1,0
19536,2,0
19537,0,0
19538,1,0
19539,2,0
19540,0,0
19541,1,0
19542,2,0
19543,0,0
19544,1,0
19545,2,0
19546,0,0
19547,1,0
19548,2,0
19549,0,0
19550,1,0
19551,2,0
19552,0,0
19553,1,0
19554,2,0
19555,0,0
19556,1,0
19557,2,0
19558,0,0
19559,1,0
19560,2,0
19561,0,0
19562,1,0
19563,2,0
19564,0,0
19565,1,0
19566,2,0
19567,0,0
19568,1,0
19569,2,0
19570,0,0
19571,1,0
19572,2,0
19573,0,0
19574,1,0
19575,2,0
19576,0,0
19577,1,0
19578,2,0
19579,0,0
19580,1,0
19581,2,0
19582,0,0
19583,1,0
19584,2,0
19585,0,0
19586,1,0
19587,2,0
19588,0,0
19589,1,0
19590,2,0
19591,0,0
19592,1,0
19593,2,0
19594,0,0
19595,1,0
19596,2,0
19597,0,0
19598,1,0
19599,2,0
19600,0,0
19601,1,0
19602,2,0
19603,0,0
19604,1,0
19605,2,0
19606,0,0
19607,1,0
19608,2,0
19609,0,0
19610,1,0
19611,2,0
19612,0,0
19613,1,0
19614,2,0
19615,0,0
19616,1,0
19617,2,0
19618,0,0
19619,1,0
19620,2,0
19621,0,0
19622,1,0
19623,2,0
19624,0,0
19625,1,0
19626,2,0
19627,0,0
19628,1,0
19629,2,0
19630,0,0
19631,1,0
19632,2,0
19633,0,0
19634,1,0
19635,2,0
19636,0,0
19637,1,0
19638,2,0
19639,0,0
19640,1,0
19641,2,0
19642,0,0
19643,1,0
19644,2,0
19645,0,0
19646,1,0
19647,2,0
19648,0,0
19649,1,0
19650,2,0
19651,0,0
19652,1,0
19653,2,0
19654,0,0
19655,1,0
19656,2,0
19657,0,0
19658,1,0
19659,2,0
19660,0,0
19661,1,0
19662,2,0
19663,0,0
19664,1,0
19665,2,0
19666,0,0
19667,1,0
19668,2,0
19669,0,0
19670,1,0
19671,2,0
19672,0,0
19673,1,0
19674,2,0
19675,0,0
19676,1,0
19677,2,0
19678,0,0
19679,1,0
19680,2,0
19681,0,0
19682,1,0
19683,2,0
19684,0,0
19685,1,0
19686,2,0
19687,0,0
19688,1,0
19689,2,0
19690,0,0
19691,1,0
19692,2,0
19693,0,0
19694,1,0
19695,2,0
19696,0,0
19697,1,0
19698,2,0
19699,0,0
19700,1,0
19701,2,0
19702,0,0
19703,1,0
19704,2,0
19705,0,0
19706,1,0
19707,2,0
19708,0,0
19709,1,0
19710,2,0
19711,0,0
19712,1,0
19713,2,0
19714,0,0
19715,1,0
19716,2,0
19717,0,0
19718,1,0
19719,2,0
19720,0,0
19721,1,0
19722,2,0
19723,0,0
19724,1,0
19725,2,0
19726,0,0
19727,1,0
19728,2,0
19729,0,0
19730,1,0
19731,2,0
19732,0,0
19733,1,0
19734,2,0
19735,0,0
19736,1,0
19737,2,0
19738,0,0
19739,1,0
19740,2,0
19741,0,0
19742,1,0
19743,2,0
19744,0,0
19745,1,0
19746,2,0
19747,0,0
19748,1,0
19749,2,0
19750,0,0
19751,1,0
19752,2,0
19753,0,0
19754,1,0
19755,2,0
19756,0,0
19757,1,0
19758,2,0
19759,0,0
19760,1,0
19761,2,0
19762,0,0
19763,1,0
19764,2,0
19765,0,0
19766,1,0
19767,2,0
19768,0,0
19769,1,0
19770,2,0
19771,0,0
19772,1,0
19773,2,0
19774,0,0
19775,1,0
19776,2,0
19777,0,0
19778,1,0
19779,2,0
19780,0,0
19781,1,0
19782,2,0
19783,0,0
19784,1,0
19785,2,0
19786,0,0
19787,1,0
19788,2,0
19789,0,0
19790,1,0
19791,2,0
19792,0,0
19793,1,0
19794,2,0
19795,0,0
19796,1,0
19797,2,0
19798,0,0
19799,1,0
19800,2,0
19801,0,0
19802,1,0
19803,2,0
19804,0,0
19805,1,0
19806,2,0
19807,0,0
19808,1,0
19809,2,0
19810,0,0
19811,1,0
19812,2,0
19813,0,0
19814,1,0
19815,2,0
19816,0,0
19817,1,0
19818,2,0
19819,0,0
19820,1,0
19821,2,0
19822,0,0
19823,1,0
19824,2,0
19825,0,0
19826,1,0
19827,2,0
19828,0,0
19829,1,0
19830,2,0
19831,0,0
19832,1,0
19833,2,0
19834,0,0
19835,1,0
19836,2,0
19837,0,0
19838,1,0
19839,2,0
19840,0,0
19841,1,0
19842,2,0
19843,0,0
19844,1,0
19845,2,0
19846,0,0
19847,1,0
19848,2,0
19849,0,0
19850,1,0
19851,2,0
19852,0,0
19853,1,0
19854,2,0
19855,0,0
19856,1,0
19857,2,0
19858,0,0
19859,1,0
19860,2,0
19861,0,0
19862,1,0
19863,2,0
19864,0,0
19865,1,0
19866,2,0
19867,0,0
19868,1,0
19869,2,0
19870,0,0
19871,1,0
19872,2,0
19873,0,0
19874,1,0
19875,2,0
19876,0,0
19877,1,0
19878,2,0
19879,0,0
19880,1,0
19881,2,0
19882,0,0
19883,1,0
19884,2,0
19885,0,0
19886,1,0
19887,2,0
19888,0,0
19889,1,0
19890,2,0
19891,0,0
19892,1,0
19893,2,0
19894,0,0
19895,1,0
19896,2,0
19897,0,0
19898,1,0
19899,2,0
19900,0,0
19901,1,0
19902,2,0
19903,0,0
19904,1,0
19905,2,0
19906,0,0
19907,1,0
19908,2,0
19909,0,0
19910,1,0
19911,2,0
19912,0,0
19913,1,0
19914,2,0
19915,0,0
19916,1,0
19917,2,0
19918,0,0
19919,1,0
19920,2,0
19921,0,0
19922,1,0
19923,2,0
19924,0,0
19925,1,0
19926,2,0
19927,0,0
19928,1,0
19929,2,0
19930,0,0
19931,1,0
19932,2,0
19933,0,0
19934,1,0
19935,2,0
19936,0,0
19937,1,0
19938,2,0
19939,0,0
19940,1,0
19941,2,0
19942,0,0
19943,1,0
19944,2,0
19945,0,0
19946,1,0
19947,2,0
19948,0,0
19949,1,0
19950,2,0
19951,0,0
19952,1,0
19953,2,0
19954,0,0
19955,1,0
19956,2,0
19957,0,0
19958,1,0
19959,2,0
19960,0,0
19961,1,0
19962,2,0
19963,0,0
19964,1,0
19965,2,0
19966,0,0
19967,1,0
19968,2,0
19969,0,0
19970,1,0
19971,2,0
19972,0,0
19973,1,0
19974,2,0
19975,0,0
19976,1,0
19977,2,0
19978,0,0
19979,1,0
19980,2,0
19981,0,0
19982,1,0
19983,2,0
19984,0,0
19985,1,0
19986,2,0
19987,0,0
19988,1,0
19989,2,0
19990,0,0
19991,1,0
19992,2,0
19993,0,0
19994,1,0
19995,2,0
19996,0,0
19997,1,0
19998,2,0
19999,0,0
20000,1,0
20001,2,0
20002,0,0
20003,1,0
20004,2,0
20005,0,0
20006,1,0
20007,2,0
20008,0,0
20009,1,0
20010,2,0
20011,0,0
20012,1,0
20013,2,0
20014,0,0
20015,1,0
20016,2,0
20017,0,0
20018,1,0
20019,2,0
20020,0,0
20021,1,0
20022,2,0
20023,0,0
20024,1,0
20025,2,0
20026,0,0
20027,1,0
20028,2,0
20029,0,0
20030,1,0
20031,2,0
20032,0,0
20033,1,0
20034,2,0
20035,0,0
20036,1,0
20037,2,0
20038,0,0
20039,1,0
20040,2,0
20041,0,0
20042,1,0
20043,2,0
20044,0,0
20045,1,0
20046,2,0
20047,0,0
20048,1,0
20049,2,0
20050,0,0
20051,1,0
20052,2,0
20053,0,0
20054,1,0
20055,2,0
20056,0,0
20057,1,0
20058,2,0
20059,0,0
20060,1,0
20061,2,0
20062,0,0
20063,1,0
20064,2,0
20065,0,0
20066,1,0
20067,2,0
20068,0,0
20069,1,0
20070,2,0
20071,0,0
20072,1,0
20073,2,0
20074,0,0
20075,1,0
20076,2,0
20077,0,0
20078,1,0
20079,2,0
20080,0,0
20081,1,0
20082,2,0
20083,0,0
20084,1,0
20085,2,0
20086,0,0
20087,1,0
20088,2,0
20089,0,0
20090,1,0
20091,2,0
20092,0,0
20093,1,0
20094,2,0
20095,0,0
20096,1,0
20097,2,0
20098,0,0
20099,1,0
20100,2,0
20101,0,0
20102,1,0
20103,2,0
20104,0,0
20105,1,0
20106,2,0
20107,0,0
20108,1,0
20109,2,0
20110,0,0
20111,1,0
20112,2,0
20113,0,0
20114,1,0
20115,2,0
20116,0,0
20117,1,0
20118,2,0
20119,0,0
20120,1,0
20121,2,0
20122,0,0
20123,1,0
20124,2,0
20125,0,0
20126,1,0
20127,2,0
20128,0,0
20129,1,0
20130,2,0
20131,0,0
20132,1,0
20133,2,0
20134,0,0
20135,1,0
20136,2,0
20137,0,0
20138,1,0
20139,2,0
20140,0,0
20141,1,0
20142,2,0
20143,0,0
20144,1,0
20145,2,0
20146,0,0
20147,1,0
20148,2,0
20149,0,0
20150,1,0
20151,2,0
20152,0,0
20153,1,0
20154,2,0
20155,0,0
20156,1,0
20157,2,0
20158,0,0
20159,1,0
20160,2,0
20161,0,0
20162,1,0
20163,2,0
20164,0,0
20165,1,0
20166,2,0
20167,0,0
20168,1,0
20169,2,0
20170,0,0
20171,1,0
20172,2,0
20173,0,0
20174,1,0
20175,2,0
20176,0,0
20177,1,0
20178,2,0
20179,0,0
20180,1,0
20181,2,0
20182,0,0
20183,1,0
20184,2,0
20185,0,0
20186,1,0
20187,2,0
20188,0,0
20189,1,0
20190,2,0
20191,0,0
20192,1,0
20193,2,0
20194,0,0
20195,1,0
20196,2,0
20197,0,0
20198,1,0
20199,2,0
20200,0,0
20201,1,0
20202,2,0
20203,0,0
20204,1,0
20205,2,0
20206,0,0
20207,1,0
20208,2,0
20209,0,0
20210,1,0
20211,2,0
20212,0,0
20213,1,0
20214,2,0
20215,0,0
20216,1,0
20217,2,0
20218,0,0
20219,1,0
20220,2,0
20221,0,0
20222,1,0
20223,2,0
20224,0,0
20225,1,0
20226,2,0
20227,0,0
20228,1,0
20229,2,0
20230,0,0
20231,1,0
20232,2,0
20233,0,0
20234,1,0
20235,2,0
20236,0,0
20237,1,0
20238,2,0
20239,0,0
20240,1,0
20241,2,0
20242,0,0
20243,1,0
20244,2,0
20245,0,0
20246,1,0
20247,2,0
20248,0,0
20249,1,0
20250,2,0
20251,0,0
20252,1,0
20253,2,0
20254,0,0
20255,1,0
20256,2,0
20257,0,0
20258,1,0
20259,2,0
20260,0,0
20261,1,0
20262,2,0
20263,0,0
20264,1,0
20265,2,0
20266,0,0
20267,1,0
20268,2,0
20269,0,0
20270,1,0
20271,2,0
20272,0,0
20273,1,0
20274,2,0
20275,0,0
20276,1,0
20277,2,0
20278,0,0
20279,1,0
20280,2,0
20281,0,0
20282,1,0
20283,2,0
20284,0,0
20285,1,0
20286,2,0
20287,0,0
20288,1,0
20289,2,0
20290,0,0
20291,1,0
20292,2,0
20293,0,0
20294,1,0
20295,2,0
20296,0,0
20297,1,0
20298,2,0
20299,0,0
20300,1,0
20301,2,0
20302,0,0
20303,1,0
20304,2,0
20305,0,0
20306,1,0
20307,2,0
20308,0,0
20309,1,0
20310,2,0
20311,0,0
20312,1,0
20313,2,0
20314,0,0
20315,1,0
20316,2,0
20317,0,0
20318,1,0
20319,2,0
20320,0,0
20321,1,0
20322,2,0
20323,0,0
20324,1,0
20325,2,0
20326,0,0
20327,1,0
20328,2,0
20329,0,0
20330,1,0
20331,2,0
20332,0,0
20333,1,0
20334,2,0
20335,0,0
20336,1,0
20337,2,0
20338,0,0
20339,1,0
20340,2,0
20341,0,0
20342,1,0
20343,2,0
20344,0,0
20345,1,0
20346,2,0
20347,0,0
20348,1,0
20349,2,0
20350,0,0
20351,1,0
20352,2,0
20353,0,0
20354,1,0
20355,2,0
20356,0,0
20357,1,0
20358,2,0
20359,0,0
20360,1,0
20361,2,0
20362,0,0
20363,1,0
20364,2,0
20365,0,0
20366,1,0
20367,2,0
20368,0,0
20369,1,0
20370,2,0
20371,0,0
20372,1,0
20373,2,0
20374,0,0
20375,1,0
20376,2,0
20377,0,0
20378,1,0
20379,2,0
20380,0,0
20381,1,0
20382,2,0
20383,0,0
20384,1,0
20385,2,0
20386,0,0
20387,1,0
20388,2,0
20389,0,0
20390,1,0
20391,2,0
20392,0,0
20393,1,0
20394,2,0
20395,0,0
20396,1,0
20397,2,0
20398,0,0
20399,1,0
20400,2,0
20401,0,0
20402,1,0
20403,2,0
20404,0,0
20405,1,0
20406,2,0
20407,0,0
20408,1,0
20409,2,0
20410,0,0
20411,1,0
20412,2,0
20413,0,0
20414,1,0
20415,2,0
20416,0,0
20417,1,0
20418,2,0
20419,0,0
20420,1,0
20421,2,0
20422,0,0
20423,1,0
20424,2,0
20425,0,0
20426,1,0
20427,2,0
20428,0,0
20429,1,0
20430,2,0
20431,0,0
20432,1,0
20433,2,0
20434,0,0
20435,1,0
20436,2,0
20437,0,0
20438,1,0
20439,2,0
20440,0,0
20441,1,0
20442,2,0
20443,0,0
20444,1,0
20445,2,0
20446,0,0
20447,1,0
20448,2,0
20449,0,0
20450,1,0
20451,2,0
20452,0,0
20453,1,0
20454,2,0
20455,0,0
20456,1,0
20457,2,0
20458,0,0
20459,1,0
20460,2,0
20461,0,0
20462,1,0
20463,2,0
20464,0,0
20465,1,0
20466,2,0
20467,0,0
20468,1,0
20469,2,0
20470,0,0
20471,1,0
20472,2,0
20473,0,0
20474,1,0
20475,2,0
20476,0,0
20477,1,0
20478,2,0
20479,0,0
20480,1,0
20481,2,0
20482,0,0
20483,1,0
20484,2,0
20485,0,0
20486,1,0
20487,2,0
20488,0,0
20489,1,0
20490,2,0
20491,0,0
20492,1,0
20493,2,0
20494,0,0
20495,1,0
20496,2,0
20497,0,0
20498,1,0
20499,2,0
20500,0,0
20501,1,0
20502,2,0
20503,0,0
20504,1,0
20505,2,0
20506,0,0
20507,1,0
20508,2,0
20509,0,0
20510,1,0
20511,2,0
20512,0,0
20513,1,0
20514,2,0
20515,0,0
20516,1,0
20517,2,0
20518,0,0
20519,1,0
20520,2,0
20521,0,0
20522,1,0
20523,2,0
20524,0,0
20525,1,0
20526,2,0
20527,0,0
20528,1,0
20529,2,0
20530,0,0
20531,1,0
20532,2,0
20533,0,0
20534,1,0
20535,2,0
20536,0,0
20537,1,0
20538,2,0
20539,0,0
20540,1,0
20541,2,0
20542,0,0
20543,1,0
20544,2,0
20545,0,0
20546,1,0
20547,2,0
20548,0,0
20549,1,0
20550,2,0
20551,0,0
20552,1,0
20553,2,0
20554,0,0
20555,1,0
20556,2,0
20557,0,0
20558,1,0
20559,2,0
20560,0,0
20561,1,0
20562,2,0
20563,0,0
20564,1,0
20565,2,0
20566,0,0
20567,1,0
20568,2,0
20569,0,0
20570,1,0
20571,2,0
20572,0,0
20573,1,0
20574,2,0
20575,0,0
20576,1,0
20577,2,0
20578,0,0
20579,1,0
20580,2,0
20581,0,0
20582,1,0
20583,2,0
20584,0,0
20585,1,0
20586,2,0
20587,0,0
20588,1,0
20589,2,0
20590,0,0
20591,1,0
20592,2,0
20593,0,0
20594,1,0
20595,2,0
20596,0,0
20597,1,0
20598,2,0
20599,0,0
20600,1,0
20601,2,0
20602,0,0
20603,1,0
20604,2,0
20605,0,0
20606,1,0
20607,2,0
20608,0,0
20609,1,0
20610,2,0
20611,0,0
20612,1,0
20613,2,0
20614,0,0
20615,1,0
20616,2,0
20617,0,0
20618,1,0
20619,2,0
20620,0,0
20621,1,0
20622,2,0
20623,0,0
20624,1,0
20625,2,0
20626,0,0
20627,1,0
20628,2,0
20629,0,0
20630,1,0
20631,2,0
20632,0,0
20633,1,0
20634,2,0
20635,0,0
20636,1,0
20637,2,0
20638,0,0
20639,1,0
20640,2,0
20641,0,0
20642,1,0
20643,2,0
20644,0,0
20645,1,0
20646,2,0
20647,0,0
20648,1,0
20649,2,0
20650,0,0
20651,1,0
20652,2,0
20653,0,0
20654,1,0
20655,2,0
20656,0,0
20657,1,0
20658,2,0
20659,0,0
20660,1,0
20661,2,0
20662,0,0
20663,1,0
20664,2,0
20665,0,0
20666,1,0
20667,2,0
20668,0,0
20669,1,0
20670,2,0
20671,0,0
20672,1,0
20673,2,0
20674,0,0
20675,1,0
20676,2,0
20677,0,0
20678,1,0
20679,2,0
20680,0,0
20681,1,0
20682,2,0
20683,0,0
20684,1,0
20685,2,0
20686,0,0
20687,1,0
20688,2,0
20689,0,0
20690,1,0
20691,2,0
20692,0,0
20693,1,0
20694,2,0
20695,0,0
20696,1,0
20697,2,0
20698,0,0
20699,1,0
20700,2,0
20701,0,0
20702,1,0
20703,2,0
20704,0,0
20705,1,0
20706,2,0
20707,0,0
20708,1,0
20709,2,0
20710,0,0
20711,1,0
20712,2,0
20713,0,0
20714,1,0
20715,2,0
20716,0,0
20717,1,0
20718,2,0
20719,0,0
20720,1,0
20721,2,0
20722,0,0
20723,1,0
20724,2,0
20725,0,0
20726,1,0
20727,2,0
20728,0,0
20729,1,0
20730,2,0
20731,0,0
20732,1,0
20733,2,0
20734,0,0
20735,1,0
20736,2,0
20737,0,0
20738,1,0
20739,2,0
20740,0,0
20741,1,0
20742,2,0
20743,0,0
20744,1,0
20745,2,0
20746,0,0
20747,1,0
20748,2,0
20749,0,0
20750,1,0
20751,2,0
20752,0,0
20753,1,0
20754,2,0
20755,0,0
20756,1,0
20757,2,0
20758,0,0
20759,1,0
20760,2,0
20761,0,0
20762,1,0
20763,2,0
20764,0,0
20765,1,0
20766,2,0
20767,0,0
20768,1,0
20769,2,0
20770,0,0
20771,1,0
20772,2,0
20773,0,0
20774,1,0
20775,2,0
20776,0,0
20777,1,0
20778,2,0
20779,0,0
20780,1,0
20781,2,0
20782,0,0
20783,1,0
20784,2,0
20785,0,0
20786,1,0
20787,2,0
20788,0,0
20789,1,0
20790,2,0
20791,0,0
20792,1,0
20793,2,0
20794,0,0
20795,1,0
20796,2,0
20797,0,0
20798,1,0
20799,2,0
20800,0,0
20801,1,0
20802,2,0
20803,0,0
20804,1,0
20805,2,0
20806,0,0
20807,1,0
20808,2,0
20809,0,0
20810,1,0
20811,2,0
20812,0,0
20813,1,0
20814,2,0
20815,0,0
20816,1,0
20817,2,0
20818,0,0
20819,1,0
20820,2,0
20821,0,0
20822,1,0
20823,2,0
20824,0,0
20825,1,0
20826,2,0
20827,0,0
20828,1,0
20829,2,0
20830,0,0
20831,1,0
20832,2,0
20833,0,0
20834,1,0
20835,2,0
20836,0,0
20837,1,0
20838,2,0
20839,0,0
20840,1,0
20841,2,0
20842,0,0
20843,1,0
20844,2,0
20845,0,0
20846,1,0
20847,2,0
20848,0,0
20849,1,0
20850,2,0
20851,0,0
20852,1,0
20853,2,0
20854,0,0
20855,1,0
20856,2,0
20857,0,0
20858,1,0
20859,2,0
20860,0,0
20861,1,0
20862,2,0
20863,0,0
20864,1,0
20865,2,0
20866,0,0
20867,1,0
20868,2,0
20869,0,0
20870,1,0
20871,2,0
20872,0,0
20873,1,0
20874,2,0
20875,0,0
20876,1,0
20877,2,0
20878,0,0
20879,1,0
20880,2,0
20881,0,0
20882,1,0
20883,2,0
20884,0,0
20885,1,0
20886,2,0
20887,0,0
20888,1,0
20889,2,0
20890,0,0
20891,1,0
20892,2,0
20893,0,0
20894,1,0
20895,2,0
20896,0,0
20897,1,0
20898,2,0
20899,0,0
20900,1,0
20901,2,0
20902,0,0
20903,1,0
20904,2,0
20905,0,0
20906,1,0
20907,2,0
20908,0,0
20909,1,0
20910,2,0
20911,0,0
20912,1,0
20913,2,0
20914,0,0
20915,1,0
20916,2,0
20917,0,0
20918,1,0
20919,2,0
20920,0,0
20921,1,0
20922,2,0
20923,0,0
20924,1,0
20925,2,0
20926,0,0
20927,1,0
20928,2,0
20929,0,0
20930,1,0
20931,2,0
20932,0,0
20933,1,0
20934,2,0
20935,0,0
20936,1,0
20937,2,0
20938,0,0
20939,1,0
20940,2,0
20941,0,0
20942,1,0
20943,2,0
20944,0,0
20945,1,0
20946,2,0
20947,0,0
20948,1,0
20949,2,0
20950,0,0
20951,1,0
20952,2,0
20953,0,0
20954,1,0
20955,2,0
20956,0,0
20957,1,0
20958,2,0
20959,0,0
20960,1,0
20961,2,0
20962,0,0
20963,1,0
20964,2,0
20965,0,0
20966,1,0
20967,2,0
20968,0,0
20969,1,0
20970,2,0
20971,0,0
20972,1,0
20973,2,0
20974,0,0
20975,1,0
20976,2,0
20977,0,0
20978,1,0
20979,2,0
20980,0,0
20981,1,0
20982,2,0
20983,0,0
20984,1,0
20985,2,0
20986,0,0
20987,1,0
20988,2,0
20989,0,0
20990,1,0
20991,2,0
20992,0,0
20993,1,0
20994,2,0
20995,0,0
20996,1,0
20997,2,0
20998,0,0
20999,1,0
21000,2,0
21001,0,0
21002,1,0
21003,2,0
21004,0,0
21005,1,0
21006,2,0
21007,0,0
21008,1,0
21009,2,0
21010,0,0
21011,1,0
21012,2,0
21013,0,0
21014,1,0
21015,2,0
21016,0,0
21017,1,0
21018,2,0
21019,0,0
21020,1,0
21021,2,0
21022,0,0
21023,1,0
21024,2,0
21025,0,0
21026,1,0
21027,2,0
21028,0,0
21029,1,0
21030,2,0
21031,0,0
21032,1,0
21033,2,0
21034,0,0
21035,1,0
21036,2,0
21037,0,0
21038,1,0
21039,2,0
21040,0,0
21041,1,0
21042,2,0
21043,0,0
21044,1,0
21045,2,0
21046,0,0
21047,1,0
21048,2,0
21049,0,0
21050,1,0
21051,2,0
21052,0,0
21053,1,0
21054,2,0
21055,0,0
21056,1,0
21057,2,0
21058,0,0
21059,1,0
21060,2,0
21061,0,0
21062,1,0
21063,2,0
21064,0,0
21065,1,0
21066,2,0
21067,0,0
21068,1,0
21069,2,0
21070,0,0
21071,1,0
21072,2,0
21073,0,0
21074,1,0
21075,2,0
21076,0,0
21077,1,0
21078,2,0
21079,0,0
21080,1,0
21081,2,0
21082,0,0
21083,1,0
21084,2,0
21085,0,0
21086,1,0
21087,2,0
21088,0,0
21089,1,0
21090,2,0
21091,0,0
21092,1,0
21093,2,0
21094,0,0
21095,1,0
21096,2,0
21097,0,0
21098,1,0
21099,2,0
21100,0,0
21101,1,0
21102,2,0
21103,0,0
21104,1,0
21105,2,0
21106,0,0
21107,1,0
21108,2,0
21109,0,0
21110,1,0
21111,2,0
21112,0,0
21113,1,0
21114,2,0
21115,0,0
21116,1,0
21117,2,0
21118,0,0
21119,1,0
21120,2,0
21121,0,0
21122,1,0
21123,2,0
21124,0,0
21125,1,0
21126,2,0
21127,0,0
21128,1,0
21129,2,0
21130,0,0
21131,1,0
21132,2,0
21133,0,0
21134,1,0
21135,2,0
21136,0,0
21137,1,0
21138,2,0
21139,0,0
21140,1,0
21141,2,0
21142,0,0
21143,1,0
21144,2,0
21145,0,0
21146,1,0
21147,2,0
21148,0,0
21149,1,0
21150,2,0
21151,0,0
21152,1,0
21153,2,0
21154,0,0
21155,1,0
21156,2,0
21157,0,0
21158,1,0
21159,2,0
21160,0,0
21161,1,0
21162,2,0
21163,0,0
21164,1,0
21165,2,0
21166,0,0
21167,1,0
21168,2,0
21169,0,0
21170,1,0
21171,2,0
21172,0,0
21173,1,0
21174,2,0
21175,0,0
21176,1,0
21177,2,0
21178,0,0
21179,1,0
21180,2,0
21181,0,0
21182,1,0
21183,2,0
21184,0,0
21185,1,0
21186,2,0
21187,0,0
21188,1,0
21189,2,0
21190,0,0
21191,1,0
21192,2,0
21193,0,0
21194,1,0
21195,2,0
21196,0,0
21197,1,0
21198,2,0
21199,0,0
21200,1,0
21201,2,0
21202,0,0
21203,1,0
21204,2,0
21205,0,0
21206,1,0
21207,2,0
21208,0,0
21209,1,0
21210,2,0
21211,0,0
21212,1,0
21213,2,0
21214,0,0
21215,1,0
21216,2,0
21217,0,0
21218,1,0
21219,2,0
21220,0,0
21221,1,0
21222,2,0
21223,0,0
21224,1,0
21225,2,0
21226,0,0
21227,1,0
21228,2,0
21229,0,0
21230,1,0
21231,2,0
21232,0,0
21233,1,0
21234,2,0
21235,0,0
21236,1,0
21237,2,0
21238,0,0
21239,1,0
21240,2,0
21241,0,0
21242,1,0
21243,2,0
21244,0,0
21245,1,0
21246,2,0
21247,0,0
21248,1,0
21249,2,0
21250,0,0
21251,1,0
21252,2,0
21253,0,0
21254,1,0
21255,2,0
21256,0,0
21257,1,0
21258,2,0
21259,0,0
21260,1,0
21261,2,0
21262,0,0
21263,1,0
21264,2,0
21265,0,0
21266,1,0
21267,2,0
21268,0,0
21269,1,0
21270,2,0
21271,0,0
21272,1,0
21273,2,0
21274,0,0
21275,1,0
21276,2,0
21277,0,0
21278,1,0
21279,2,0
21280,0,0
21281,1,0
21282,2,0
21283,0,0
21284,1,0
21285,2,0
21286,0,0
21287,1,0
21288,2,0
21289,0,0
21290,1,0
21291,2,0
21292,0,0
21293,1,0
21294,2,0
21295,0,0
21296,1,0
21297,2,0
21298,0,0
21299,1,0
21300,2,0
21301,0,0
21302,1,0
21303,2,0
21304,0,0
21305,1,0
21306,2,0
21307,0,0
21308,1,0
21309,2,0
21310,0,0
21311,1,0
21312,2,0
21313,0,0
21314,1,0
21315,2,0
21316,0,0
21317,1,0
21318,2,0
21319,0,0
21320,1,0
21321,2,0
21322,0,0
21323,1,0
21324,2,0
21325,0,0
21326,1,0
21327,2,0
21328,0,0
21329,1,0
21330,2,0
21331,0,0
21332,1,0
21333,2,0
21334,0,0
21335,1,0
21336,2,0
21337,0,0
21338,1,0
21339,2,0
21340,0,0
21341,1,0
21342,2,0
21343,0,0
21344,1,0
21345,2,0
21346,0,0
21347,1,0
21348,2,0
21349,0,0
21350,1,0
21351,2,0
21352,0,0
21353,1,0
21354,2,0
21355,0,0
21356,1,0
21357,2,0
21358,0,0
21359,1,0
21360,2,0
21361,0,0
21362,1,0
21363,2,0
21364,0,0
21365,1,0
21366,2,0
21367,0,0
21368,1,0
21369,2,0
21370,0,0
21371,1,0
21372,2,0
21373,0,0
21374,1,0
21375,2,0
21376,0,0
21377,1,0
21378,2,0
21379,0,0
21380,1,0
21381,2,0
21382,0,0
21383,1,0
21384,2,0
21385,0,0
21386,1,0
21387,2,0
21388,0,0
21389,1,0
21390,2,0
21391,0,0
21392,1,0
21393,2,0
21394,0,0
21395,1,0
21396,2,0
21397,0,0
21398,1,0
21399,2,0
21400,0,0
21401,1,0
21402,2,0
21403,0,0
21404,1,0
21405,2,0
21406,0,0
21407,1,0
21408,2,0
21409,0,0
21410,1,0
21411,2,0
21412,0,0
21413,1,0
21414,2,0
21415,0,0
21416,1,0
21417,2,0
21418,0,0
21419,1,0
21420,2,0
21421,0,0
21422,1,0
21423,2,0
21424,0,0
21425,1,0
21426,2,0
21427,0,0
21428,1,0
21429,2,0
21430,0,0
21431,1,0
21432,2,0
21433,0,0
21434,1,0
21435,2,0
21436,0,0
21437,1,0
21438,2,0
21439,0,0
21440,1,0
21441,2,0
21442,0,0
21443,1,0
21444,2,0
21445,0,0
21446,1,0
21447,2,0
21448,0,0
21449,1,0
21450,2,0
21451,0,0
21452,1,0
21453,2,0
21454,0,0
21455,1,0
21456,2,0
21457,0,0
21458,1,0
21459,2,0
21460,0,0
21461,1,0
21462,2,0
21463,0,0
21464,1,0
21465,2,0
21466,0,0
21467,1,0
21468,2,0
21469,0,0
21470,1,0
21471,2,0
21472,0,0
21473,1,0
21474,2,0
21475,0,0
21476,1,0
21477,2,0
21478,0,0
21479,1,0
21480,2,0
21481,0,0
21482,1,0
21483,2,0
21484,0,0
21485,1,0
21486,2,0
21487,0,0
21488,1,0
21489,2,0
21490,0,0
21491,1,0
21492,2,0
21493,0,0
21494,1,0
21495,2,0
21496,0,0
21497,1,0
21498,2,0
21499,0,0
21500,1,0
21501,2,0
21502,0,0
21503,1,0
21504,2,0
21505,0,0
21506,1,0
21507,2,0
21508,0,0
21509,1,0
21510,2,0
21511,0,0
21512,1,0
21513,2,0
21514,0,0
21515,1,0
21516,2,0
21517,0,0
21518,1,0
21519,2,0
21520,0,0
21521,1,0
21522,2,0
21523,0,0
21524,1,0
21525,2,0
21526,0,0
21527,1,0
21528,2,0
21529,0,0
21530,1,0
21531,2,0
21532,0,0
21533,1,0
21534,2,0
21535,0,0
21536,1,0
21537,2,0
21538,0,0
21539,1,0
21540,2,0
21541,0,0
21542,1,0
21543,2,0
21544,0,0
21545,1,0
21546,2,0
21547,0,0
21548,1,0
21549,2,0
21550,0,0
21551,1,0
21552,2,0
21553,0,0
21554,1,0
21555,2,0
21556,0,0
21557,1,0
21558,2,0
21559,0,0
21560,1,0
21561,2,0
21562,0,0
21563,1,0
21564,2,0
21565,0,0
21566,1,0
21567,2,0
21568,0,0
21569,1,0
21570,2,0
21571,0,0
21572,1,0
21573,2,0
21574,0,0
21575,1,0
21576,2,0
21577,0,0
21578,1,0
21579,2,0
21580,0,0
21581,1,0
21582,2,0
21583,0,0
21584,1,0
21585,2,0
21586,0,0
21587,1,0
21588,2,0
21589,0,0
21590,1,0
21591,2,0
21592,0,0
21593,1,0
21594,2,0
21595,0,0
21596,1,0
21597,2,0
21598,0,0
21599,1,0
21600,2,0
21601,0,0
21602,1,0
21603,2,0
21604,0,0
21605,1,0
21606,2,0
21607,0,0
21608,1,0
21609,2,0
21610,0,0
21611,1,0
21612,2,0
21613,0,0
21614,1,0
21615,2,0
21616,0,0
21617,1,0
21618,2,0
21619,0,0
21620,1,0
21621,2,0
21622,0,0
21623,1,0
21624,2,0
21625,0,0
21626,1,0
21627,2,0
21628,0,0
21629,1,0
21630,2,0
21631,0,0
21632,1,0
21633,2,0
21634,0,0
21635,1,0
21636,2,0
21637,0,0
21638,1,0
21639,2,0
21640,0,0
21641,1,0
21642,2,0
21643,0,0
21644,1,0
21645,2,0
21646,0,0
21647,1,0
21648,2,0
21649,0,0
21650,1,0
21651,2,0
21652,0,0
21653,1,0
21654,2,0
21655,0,0
21656,1,0
21657,2,0
21658,0,0
21659,1,0
21660,2,0
21661,0,0
21662,1,0
21663,2,0
21664,0,0
21665,1,0
21666,2,0
21667,0,0
21668,1,0
21669,2,0
21670,0,0
21671,1,0
21672,2,0
21673,0,0
21674,1,0
21675,2,0
21676,0,0
21677,1,0
21678,2,0
21679,0,0
21680,1,0
21681,2,0
21682,0,0
21683,1,0
21684,2,0
21685,0,0
21686,1,0
21687,2,0
21688,0,0
21689,1,0
21690,2,0
21691,0,0
21692,1,0
21693,2,0
21694,0,0
21695,1,0
21696,2,0
21697,0,0
21698,1,0
21699,2,0
21700,0,0
21701,1,0
21702,2,0
21703,0,0
21704,1,0
21705,2,0
21706,0,0
21707,1,0
21708,2,0
21709,0,0
21710,1,0
21711,2,0
21712,0,0
21713,1,0
21714,2,0
21715,0,0
21716,1,0
21717,2,0
21718,0,0
21719,1,0
21720,2,0
21721,0,0
21722,1,0
21723,2,0
21724,0,0
21725,1,0
21726,2,0
21727,0,0
21728,1,0
21729,2,0
21730,0,0
21731,1,0
21732,2,0
21733,0,0
21734,1,0
21735,2,0
21736,0,0
21737,1,0
21738,2,0
21739,0,0
21740,1,0
21741,2,0
21742,0,0
21743,1,0
21744,2,0
21745,0,0
21746,1,0
21747,2,0
21748,0,0
21749,1,0
21750,2,0
21751,0,0
21752,1,0
21753,2,0
21754,0,0
21755,1,0
21756,2,0
21757,0,0
21758,1,0
21759,2,0
21760,0,0
21761,1,0
21762,2,0
21763,0,0
21764,1,0
21765,2,0
21766,0,0
21767,1,0
21768,2,0
21769,0,0
21770,1,0
21771,2,0
21772,0,0
21773,1,0
21774,2,0
21775,0,0
21776,1,0
21777,2,0
21778,0,0
21779,1,0
21780,2,0
21781,0,0
21782,1,0
21783,2,0
21784,0,0
21785,1,0
21786,2,0
21787,0,0
21788,1,0
21789,2,0
21790,0,0
21791,1,0
21792,2,0
21793,0,0
21794,1,0
21795,2,0
21796,0,0
21797,1,0
21798,2,0
21799,0,0
21800,1,0
21801,2,0
21802,0,0
21803,1,0
21804,2,0
21805,0,0
21806,1,0
21807,2,0
21808,0,0
21809,1,0
21810,2,0
21811,0,0
21812,1,0
21813,2,0
21814,0,0
21815,1,0
21816,2,0
21817,0,0
21818,1,0
21819,2,0
21820,0,0
21821,1,0
21822,2,0
21823,0,0
21824,1,0
21825,2,0
21826,0,0
21827,1,0
21828,2,0
21829,0,0
21830,1,0
21831,2,0
21832,0,0
21833,1,0
21834,2,0
21835,0,0
21836,1,0
21837,2,0
21838,0,0
21839,1,0
21840,2,0
21841,0,0
21842,1,0
21843,2,0
21844,0,0
21845,1,0
21846,2,0
21847,0,0
21848,1,0
21849,2,0
21850,0,0
21851,1,0
21852,2,0
21853,0,0
21854,1,0
21855,2,0
21856,0,0
21857,1,0
21858,2,0
21859,0,0
21860,1,0
21861,2,0
21862,0,0
21863,1,0
21864,2,0
21865,0,0
21866,1,0
21867,2,0
21868,0,0
21869,1,0
21870,2,0
21871,0,0
21872,1,0
21873,2,0
21874,0,0
21875,1,0
21876,2,0
21877,0,0
21878,1,0
21879,2,0
21880,0,0
21881,1,0
21882,2,0
21883,0,0
21884,1,0
21885,2,0
21886,0,0
21887,1,0
21888,2,0
21889,0,0
21890,1,0
21891,2,0
21892,0,0
21893,1,0
21894,2,0
21895,0,0
21896,1,0
21897,2,0
21898,0,0
21899,1,0
21900,2,0
21901,0,0
21902,1,0
21903,2,0
21904,0,0
21905,1,0
21906,2,0
21907,0,0
21908,1,0
21909,2,0
21910,0,0
21911,1,0
21912,2,0
21913,0,0
21914,1,0
21915,2,0
21916,0,0
21917,1,0
21918,2,0
21919,0,0
21920,1,0
21921,2,0
21922,0,0
21923,1,0
21924,2,0
21925,0,0
21926,1,0
21927,2,0
21928,0,0
21929,1,0
21930,2,0
21931,0,0
21932,1,0
21933,2,0
21934,0,0
21935,1,0
21936,2,0
21937,0,0
21938,1,0
21939,2,0
21940,0,0
21941,1,0
21942,2,0
21943,0,0
21944,1,0
21945,2,0
21946,0,0
21947,1,0
21948,2,0
21949,0,0
21950,1,0
21951,2,0
21952,0,0
21953,1,0
21954,2,0
21955,0,0
21956,1,0
21957,2,0
21958,0,0
21959,1,0
21960,2,0
21961,0,0
21962,1,0
21963,2,0
21964,0,0
21965,1,0
21966,2,0
21967,0,0
21968,1,0
21969,2,0
21970,0,0
21971,1,0
21972,2,0
21973,0,0
21974,1,0
21975,2,0
21976,0,0
21977,1,0
21978,2,0
21979,0,0
21980,1,0
21981,2,0
21982,0,0
21983,1,0
21984,2,0
21985,0,0
21986,1,0
21987,2,0
21988,0,0
21989,1,0
21990,2,0
21991,0,0
21992,1,0
21993,2,0
21994,0,0
21995,1,0
21996,2,0
21997,0,0
21998,1,0
21999,2,0
22000,0,0
22001,1,0
22002,2,0
22003,0,0
22004,1,0
22005,2,0
22006,0,0
22007,1,0
22008,2,0
22009,0,0
22010,1,0
22011,2,0
22012,0,0
22013,1,0
22014,2,0
22015,0,0
22016,1,0
22017,2,0
22018,0,0
22019,1,0
22020,2,0
22021,0,0
22022,1,0
22023,2,0
22024,0,0
22025,1,0
22026,2,0
22027,0,0
22028,1,0
22029,2,0
22030,0,0
22031,1,0
22032,2,0
22033,0,0
22034,1,0
22035,2,0
22036,0,0
22037,1,0
22038,2,0
22039,0,0
22040,1,0
22041,2,0
22042,0,0
22043,1,0
22044,2,0
22045,0,0
22046,1,0
22047,2,0
22048,0,0
22049,1,0
22050,2,0
22051,0,0
22052,1,0
22053,2,0
22054,0,0
22055,1,0
22056,2,0
22057,0,0
22058,1,0
22059,2,0
22060,0,0
22061,1,0
22062,2,0
22063,0,0
22064,1,0
22065,2,0
22066,0,0
22067,1,0
22068,2,0
22069,0,0
22070,1,0
22071,2,0
22072,0,0
22073,1,0
22074,2,0
22075,0,0
22076,1,0
22077,2,0
22078,0,0
22079,1,0
22080,2,0
22081,0,0
22082,1,0
22083,2,0
22084,0,0
22085,1,0
22086,2,0
22087,0,0
22088,1,0
22089,2,0
22090,0,0
22091,1,0
22092,2,0
22093,0,0
22094,1,0
22095,2,0
22096,0,0
22097,1,0
22098,2,0
22099,0,0
22100,1,0
22101,2,0
22102,0,0
22103,1,0
22104,2,0
22105,0,0
22106,1,0
22107,2,0
22108,0,0
22109,1,0
22110,2,0
22111,0,0
22112,1,0
22113,2,0
22114,0,0
22115,1,0
22116,2,0
22117,0,0
22118,1,0
22119,2,0
22120,0,0
22121,1,0
22122,2,0
22123,0,0
22124,1,0
22125,2,0
22126,0,0
22127,1,0
22128,2,0
22129,0,0
22130,1,0
22131,2,0
22132,0,0
22133,1,0
22134,2,0
22135,0,0
22136,1,0
22137,2,0
22138,0,0
22139,1,0
22140,2,0
22141,0,0
22142,1,0
22143,2,0
22144,0,0
22145,1,0
22146,2,0
22147,0,0
22148,1,0
22149,2,0
22150,0,0
22151,1,0
22152,2,0
22153,0,0
22154,1,0
22155,2,0
22156,0,0
22157,1,0
22158,2,0
22159,0,0
22160,1,0
22161,2,0
22162,0,0
22163,1,0
22164,2,0
22165,0,0
22166,1,0
22167,2,0
22168,0,0
22169,1,0
22170,2,0
22171,0,0
22172,1,0
22173,2,0
22174,0,0
22175,1,0
22176,2,0
22177,0,0
22178,1,0
22179,2,0
22180,0,0
22181,1,0
22182,2,0
22183,0,0
22184,1,0
22185,2,0
22186,0,0
22187,1,0
22188,2,0
22189,0,0
22190,1,0
22191,2,0
22192,0,0
22193,1,0
22194,2,0
22195,0,0
22196,1,0
22197,2,0
22198,0,0
22199,1,0
22200,2,0
22201,0,0
22202,1,0
22203,2,0
22204,0,0
22205,1,0
22206,2,0
22207,0,0
22208,1,0
22209,2,0
22210,0,0
22211,1,0
22212,2,0
22213,0,0
22214,1,0
22215,2,0
22216,0,0
22217,1,0
22218,2,0
22219,0,0
22220,1,0
22221,2,0
22222,0,0
22223,1,0
22224,2,0
22225,0,0
22226,1,0
22227,2,0
22228,0,0
22229,1,0
22230,2,0
22231,0,0
22232,1,0
22233,2,0
22234,0,0
22235,1,0
22236,2,0
22237,0,0
22238,1,0
22239,2,0
22240,0,0
22241,1,0
22242,2,0
22243,0,0
22244,1,0
22245,2,0
22246,0,0
22247,1,0
22248,2,0
22249,0,0
22250,1,0
22251,2,0
22252,0,0
22253,1,0
22254,2,0
22255,0,0
22256,1,0
22257,2,0
22258,0,0
22259,1,0
22260,2,0
22261,0,0
22262,1,0
22263,2,0
22264,0,0
22265,1,0
22266,2,0
22267,0,0
22268,1,0
22269,2,0
22270,0,0
22271,1,0
22272,2,0
22273,0,0
22274,1,0
22275,2,0
22276,0,0
22277,1,0
22278,2,0
22279,0,0
22280,1,0
22281,2,0
22282,0,0
22283,1,0
22284,2,0
22285,0,0
22286,1,0
22287,2,0
22288,0,0
22289,1,0
22290,2,0
22291,0,0
22292,1,0
22293,2,0
22294,0,0
22295,1,0
22296,2,0
22297,0,0
22298,1,0
22299,2,0
22300,0,0
22301,1,0
22302,2,0
22303,0,0
22304,1,0
22305,2,0
22306,0,0
22307,1,0
22308,2,0
22309,0,0
22310,1,0
22311,2,0
22312,0,0
22313,1,0
22314,2,0
22315,0,0
22316,1,0
22317,2,0
22318,0,0
22319,1,0
22320,2,0
22321,0,0
22322,1,0
22323,2,0
22324,0,0
22325,1,0
22326,2,0
22327,0,0
22328,1,0
22329,2,0
22330,0,0
22331,1,0
22332,2,0
22333,0,0
22334,1,0
22335,2,0
22336,0,0
22337,1,0
22338,2,0
22339,0,0
22340,1,0
22341,2,0
22342,0,0
22343,1,0
22344,2,0
22345,0,0
22346,1,0
22347,2,0
22348,0,0
22349,1,0
22350,2,0
22351,0,0
22352,1,0
22353,2,0
22354,0,0
22355,1,0
22356,2,0
22357,0,0
22358,1,0
22359,2,0
22360,0,0
22361,1,0
22362,2,0
22363,0,0
22364,1,0
22365,2,0
22366,0,0
22367,1,0
22368,2,0
22369,0,0
22370,1,0
22371,2,0
22372,0,0
22373,1,0
22374,2,0
22375,0,0
22376,1,0
22377,2,0
22378,0,0
22379,1,0
22380,2,0
22381,0,0
22382,1,0
22383,2,0
22384,0,0
22385,1,0
22386,2,0
22387,0,0
22388,1,0
22389,2,0
22390,0,0
22391,1,0
22392,2,0
22393,0,0
22394,1,0
22395,2,0
22396,0,0
22397,1,0
22398,2,0
22399,0,0
22400,1,0
22401,2,0
22402,0,0
22403,1,0
22404,2,0
22405,0,0
22406,1,0
22407,2,0
22408,0,0
22409,1,0
22410,2,0
22411,0,0
22412,1,0
22413,2,0
22414,0,0
22415,1,0
22416,2,0
22417,0,0
22418,1,0
22419,2,0
22420,0,0
22421,1,0
22422,2,0
22423,0,0
22424,1,0
22425,2,0
22426,0,0
22427,1,0
22428,2,0
22429,0,0
22430,1,0
22431,2,0
22432,0,0
22433,1,0
22434,2,0
22435,0,0
22436,1,0
22437,2,0
22438,0,0
22439,1,0
22440,2,0
22441,0,0
22442,1,0
22443,2,0
22444,0,0
22445,1,0
22446,2,0
22447,0,0
22448,1,0
22449,2,0
22450,0,0
22451,1,0
22452,2,0
22453,0,0
22454,1,0
22455,2,0
22456,0,0
22457,1,0
22458,2,0
22459,0,0
22460,1,0
22461,2,0
22462,0,0
22463,1,0
22464,2,0
22465,0,0
22466,1,0
22467,2,0
22468,0,0
22469,1,0
22470,2,0
22471,0,0
22472,1,0
22473,2,0
22474,0,0
22475,1,0
22476,2,0
22477,0,0
22478,1,0
22479,2,0
22480,0,0
22481,1,0
22482,2,0
22483,0,0
22484,1,0
22485,2,0
22486,0,0
22487,1,0
22488,2,0
22489,0,0
22490,1,0
22491,2,0
22492,0,0
22493,1,0
22494,2,0
22495,0,0
22496,1,0
22497,2,0
22498,0,0
22499,1,0
22500,2,0
22501,0,0
22502,1,0
22503,2,0
22504,0,0
22505,1,0
22506,2,0
22507,0,0
22508,1,0
22509,2,0
22510,0,0
22511,1,0
22512,2,0
22513,0,0
22514,1,0
22515,2,0
22516,0,0
22517,1,0
22518,2,0
22519,0,0
22520,1,0
22521,2,0
22522,0,0
22523,1,0
22524,2,0
22525,0,0
22526,1,0
22527,2,0
22528,0,0
22529,1,0
22530,2,0
22531,0,0
22532,1,0
22533,2,0
22534,0,0
22535,1,0
22536,2,0
22537,0,0
22538,1,0
22539,2,0
22540,0,0
22541,1,0
22542,2,0
22543,0,0
22544,1,0
22545,2,0
22546,0,0
22547,1,0
22548,2,0
22549,0,0
22550,1,0
22551,2,0
22552,0,0
22553,1,0
22554,2,0
22555,0,0
22556,1,0
22557,2,0
22558,0,0
22559,1,0
22560,2,0
22561,0,0
22562,1,0
22563,2,0
22564,0,0
22565,1,0
22566,2,0
22567,0,0
22568,1,0
22569,2,0
22570,0,0
22571,1,0
22572,2,0
22573,0,0
22574,1,0
22575,2,0
22576,0,0
22577,1,0
22578,2,0
22579,0,0
22580,1,0
22581,2,0
22582,0,0
22583,1,0
22584,2,0
22585,0,0
22586,1,0
22587,2,0
22588,0,0
22589,1,0
22590,2,0
22591,0,0
22592,1,0
22593,2,0
22594,0,0
22595,1,0
22596,2,0
22597,0,0
22598,1,0
22599,2,0
22600,0,0
22601,1,0
22602,2,0
22603,0,0
22604,1,0
22605,2,0
22606,0,0
22607,1,0
22608,2,0
22609,0,0
22610,1,0
22611,2,0
22612,0,0
22613,1,0
22614,2,0
22615,0,0
22616,1,0
22617,2,0
22618,0,0
22619,1,0
22620,2,0
22621,0,0
22622,1,0
22623,2,0
22624,0,0
22625,1,0
22626,2,0
22627,0,0
22628,1,0
22629,2,0
22630,0,0
22631,1,0
22632,2,0
22633,0,0
22634,1,0
22635,2,0
22636,0,0
22637,1,0
22638,2,0
22639,0,0
22640,1,0
22641,2,0
22642,0,0
22643,1,0
22644,2,0
22645,0,0
22646,1,0
22647,2,0
22648,0,0
22649,1,0
22650,2,0
22651,0,0
22652,1,0
22653,2,0
22654,0,0
22655,1,0
22656,2,0
22657,0,0
22658,1,0
22659,2,0
22660,0,0
22661,1,0
22662,2,0
22663,0,0
22664,1,0
22665,2,0
22666,0,0
22667,1,0
22668,2,0
22669,0,0
22670,1,0
22671,2,0
22672,0,0
22673,1,0
22674,2,0
22675,0,0
22676,1,0
22677,2,0
22678,0,0
22679,1,0
22680,2,0
22681,0,0
22682,1,0
22683,2,0
22684,0,0
22685,1,0
22686,2,0
22687,0,0
22688,1,0
22689,2,0
22690,0,0
22691,1,0
22692,2,0
22693,0,0
22694,1,0
22695,2,0
22696,0,0
22697,1,0
22698,2,0
22699,0,0
22700,1,0
22701,2,0
22702,0,0
22703,1,0
22704,2,0
22705,0,0
22706,1,0
22707,2,0
22708,0,0
22709,1,0
22710,2,0
22711,0,0
22712,1,0
22713,2,0
22714,0,0
22715,1,0
22716,2,0
22717,0,0
22718,1,0
22719,2,0
22720,0,0
22721,1,0
22722,2,0
22723,0,0
22724,1,0
22725,2,0
22726,0,0
22727,1,0
22728,2,0
22729,0,0
22730,1,0
22731,2,0
22732,0,0
22733,1,0
22734,2,0
22735,0,0
22736,1,0
22737,2,0
22738,0,0
22739,1,0
22740,2,0
22741,0,0
22742,1,0
22743,2,0
22744,0,0
22745,1,0
22746,2,0
22747,0,0
22748,1,0
22749,2,0
22750,0,0
22751,1,0
22752,2,0
22753,0,0
22754,1,0
22755,2,0
22756,0,0
22757,1,0
22758,2,0
22759,0,0
22760,1,0
22761,2,0
22762,0,0
22763,1,0
22764,2,0
22765,0,0
22766,1,0
22767,2,0
22768,0,0
22769,1,0
22770,2,0
22771,0,0
22772,1,0
22773,2,0
22774,0,0
22775,1,0
22776,2,0
22777,0,0
22778,1,0
22779,2,0
22780,0,0
22781,1,0
22782,2,0
22783,0,0
22784,1,0
22785,2,0
22786,0,0
22787,1,0
22788,2,0
22789,0,0
22790,1,0
22791,2,0
22792,0,0
22793,1,0
22794,2,0
22795,0,0
22796,1,0
22797,2,0
22798,0,0
22799,1,0
22800,2,0
22801,0,0
22802,1,0
22803,2,0
22804,0,0
22805,1,0
22806,2,0
22807,0,0
22808,1,0
22809,2,0
22810,0,0
22811,1,0
22812,2,0
22813,0,0
22814,1,0
22815,2,0
22816,0,0
22817,1,0
22818,2,0
22819,0,0
22820,1,0
22821,2,0
22822,0,0
22823,1,0
22824,2,0
22825,0,0
22826,1,0
22827,2,0
22828,0,0
22829,1,0
22830,2,0
22831,0,0
22832,1,0
22833,2,0
22834,0,0
22835,1,0
22836,2,0
22837,0,0
22838,1,0
22839,2,0
22840,0,0
22841,1,0
22842,2,0
22843,0,0
22844,1,0
22845,2,0
22846,0,0
22847,1,0
22848,2,0
22849,0,0
22850,1,0
22851,2,0
22852,0,0
22853,1,0
22854,2,0
22855,0,0
22856,1,0
22857,2,0
22858,0,0
22859,1,0
22860,2,0
22861,0,0
22862,1,0
22863,2,0
22864,0,0
22865,1,0
22866,2,0
22867,0,0
22868,1,0
22869,2,0
22870,0,0
22871,1,0
22872,2,0
22873,0,0
22874,1,0
22875,2,0
22876,0,0
22877,1,0
22878,2,0
22879,0,0
22880,1,0
22881,2,0
22882,0,0
22883,1,0
22884,2,0
22885,0,0
22886,1,0
22887,2,0
22888,0,0
22889,1,0
22890,2,0
22891,0,0
22892,1,0
22893,2,0
22894,0,0
22895,1,0
22896,2,0
22897,0,0
22898,1,0
22899,2,0
22900,0,0
22901,1,0
22902,2,0
22903,0,0
22904,1,0
22905,2,0
22906,0,0
22907,1,0
22908,2,0
22909,0,0
22910,1,0
22911,2,0
22912,0,0
22913,1,0
22914,2,0
22915,0,0
22916,1,0
22917,2,0
22918,0,0
22919,1,0
22920,2,0
22921,0,0
22922,1,0
22923,2,0
22924,0,0
22925,1,0
22926,2,0
22927,0,0
22928,1,0
22929,2,0
22930,0,0
22931,1,0
22932,2,0
22933,0,0
22934,1,0
22935,2,0
22936,0,0
22937,1,0
22938,2,0
22939,0,0
22940,1,0
22941,2,0
22942,0,0
22943,1,0
22944,2,0
22945,0,0
22946,1,0
22947,2,0
22948,0,0
22949,1,0
22950,2,0
22951,0,0
22952,1,0
22953,2,0
22954,0,0
22955,1,0
22956,2,0
22957,0,0
22958,1,0
22959,2,0
22960,0,0
22961,1,0
22962,2,0
22963,0,0
22964,1,0
22965,2,0
22966,0,0
22967,1,0
22968,2,0
22969,0,0
22970,1,0
22971,2,0
22972,0,0
22973,1,0
22974,2,0
22975,0,0
22976,1,0
22977,2,0
22978,0,0
22979,1,0
22980,2,0
22981,0,0
22982,1,0
22983,2,0
22984,0,0
22985,1,0
22986,2,0
22987,0,0
22988,1,0
22989,2,0
22990,0,0
22991,1,0
22992,2,0
22993,0,0
22994,1,0
22995,2,0
22996,0,0
22997,1,0
22998,2,0
22999,0,0
23000,1,0
23001,2,0
23002,0,0
23003,1,0
23004,2,0
23005,0,0
23006,1,0
23007,2,0
23008,0,0
23009,1,0
23010,2,0
23011,0,0
23012,1,0
23013,2,0
23014,0,0
23015,1,0
23016,2,0
23017,0,0
23018,1,0
23019,2,0
23020,0,0
23021,1,0
23022,2,0
23023,0,0
23024,1,0
23025,2,0
23026,0,0
23027,1,0
23028,2,0
23029,0,0
23030,1,0
23031,2,0
23032,0,0
23033,1,0
23034,2,0
23035,0,0
23036,1,0
23037,2,0
23038,0,0
23039,1,0
23040,2,0
23041,0,0
23042,1,0
23043,2,0
23044,0,0
23045,1,0
23046,2,0
23047,0,0
23048,1,0
23049,2,0
23050,0,0
23051,1,0
23052,2,0
23053,0,0
23054,1,0
23055,2,0
23056,0,0
23057,1,0
23058,2,0
23059,0,0
23060,1,0
23061,2,0
23062,0,0
23063,1,0
23064,2,0
23065,0,0
23066,1,0
23067,2,0
23068,0,0
23069,1,0
23070,2,0
23071,0,0
23072,1,0
23073,2,0
23074,0,0
23075,1,0
23076,2,0
23077,0,0
23078,1,0
23079,2,0
23080,0,0
23081,1,0
23082,2,0
23083,0,0
23084,1,0
23085,2,0
23086,0,0
23087,1,0
23088,2,0
23089,0,0
23090,1,0
23091,2,0
23092,0,0
23093,1,0
23094,2,0
23095,0,0
23096,1,0
23097,2,0
23098,0,0
23099,1,0
23100,2,0
23101,0,0
23102,1,0
23103,2,0
23104,0,0
23105,1,0
23106,2,0
23107,0,0
23108,1,0
23109,2,0
23110,0,0
23111,1,0
23112,2,0
23113,0,0
23114,1,0
23115,2,0
23116,0,0
23117,1,0
23118,2,0
23119,0,0
23120,1,0
23121,2,0
23122,0,0
23123,1,0
23124,2,0
23125,0,0
23126,1,0
23127,2,0
23128,0,0
23129,1,0
23130,2,0
23131,0,0
23132,1,0
23133,2,0
23134,0,0
23135,1,0
23136,2,0
23137,0,0
23138,1,0
23139,2,0
23140,0,0
23141,1,0
23142,2,0
23143,0,0
23144,1,0
23145,2,0
23146,0,0
23147,1,0
23148,2,0
23149,0,0
23150,1,0
23151,2,0
23152,0,0
23153,1,0
23154,2,0
23155,0,0
23156,1,0
23157,2,0
23158,0,0
23159,1,0
23160,2,0
23161,0,0
23162,1,0
23163,2,0
23164,0,0
23165,1,0
23166,2,0
23167,0,0
23168,1,0
23169,2,0
23170,0,0
23171,1,0
23172,2,0
23173,0,0
23174,1,0
23175,2,0
23176,0,0
23177,1,0
23178,2,0
23179,0,0
23180,1,0
23181,2,0
23182,0,0
23183,1,0
23184,2,0
23185,0,0
23186,1,0
23187,2,0
23188,0,0
23189,1,0
23190,2,0
23191,0,0
23192,1,0
23193,2,0
23194,0,0
23195,1,0
23196,2,0
23197,0,0
23198,1,0
23199,2,0
23200,0,0
23201,1,0
23202,2,0
23203,0,0
23204,1,0
23205,2,0
23206,0,0
23207,1,0
23208,2,0
23209,0,0
23210,1,0
23211,2,0
23212,0,0
23213,1,0
23214,2,0
23215,0,0
23216,1,0
23217,2,0
23218,0,0
23219,1,0
23220,2,0
23221,0,0
23222,1,0
23223,2,0
23224,0,0
23225,1,0
23226,2,0
23227,0,0
23228,1,0
23229,2,0
23230,0,0
23231,1,0
23232,2,0
23233,0,0
23234,1,0
23235,2,0
23236,0,0
23237,1,0
23238,2,0
23239,0,0
23240,1,0
23241,2,0
23242,0,0
23243,1,0
23244,2,0
23245,0,0
23246,1,0
23247,2,0
23248,0,0
23249,1,0
23250,2,0
23251,0,0
23252,1,0
23253,2,0
23254,0,0
23255,1,0
23256,2,0
23257,0,0
23258,1,0
23259,2,0
23260,0,0
23261,1,0
23262,2,0
23263,0,0
23264,1,0
23265,2,0
23266,0,0
23267,1,0
23268,2,0
23269,0,0
23270,1,0
23271,2,0
23272,0,0
23273,1,0
23274,2,0
23275,0,0
23276,1,0
23277,2,0
23278,0,0
23279,1,0
23280,2,0
23281,0,0
23282,1,0
23283,2,0
23284,0,0
23285,1,0
23286,2,0
23287,0,0
23288,1,0
23289,2,0
23290,0,0
23291,1,0
23292,2,0
23293,0,0
23294,1,0
23295,2,0
23296,0,0
23297,1,0
23298,2,0
23299,0,0
23300,1,0
23301,2,0
23302,0,0
23303,1,0
23304,2,0
23305,0,0
23306,1,0
23307,2,0
23308,0,0
23309,1,0
23310,2,0
23311,0,0
23312,1,0
23313,2,0
23314,0,0
23315,1,0
23316,2,0
23317,0,0
23318,1,0
23319,2,0
23320,0,0
23321,1,0
23322,2,0
23323,0,0
23324,1,0
23325,2,0
23326,0,0
23327,1,0
23328,2,0
23329,0,0
23330,1,0
23331,2,0
23332,0,0
23333,1,0
23334,2,0
23335,0,0
23336,1,0
23337,2,0
23338,0,0
23339,1,0
23340,2,0
23341,0,0
23342,1,0
23343,2,0
23344,0,0
23345,1,0
23346,2,0
23347,0,0
23348,1,0
23349,2,0
23350,0,0
23351,1,0
23352,2,0
23353,0,0
23354,1,0
23355,2,0
23356,0,0
23357,1,0
23358,2,0
23359,0,0
23360,1,0
23361,2,0
23362,0,0
23363,1,0
23364,2,0
23365,0,0
23366,1,0
23367,2,0
23368,0,0
23369,1,0
23370,2,0
23371,0,0
23372,1,0
23373,2,0
23374,0,0
23375,1,0
23376,2,0
23377,0,0
23378,1,0
23379,2,0
23380,0,0
23381,1,0
23382,2,0
23383,0,0
23384,1,0
23385,2,0
23386,0,0
23387,1,0
23388,2,0
23389,0,0
23390,1,0
23391,2,0
23392,0,0
23393,1,0
23394,2,0
23395,0,0
23396,1,0
23397,2,0
23398,0,0
23399,1,0
23400,2,0
23401,0,0
23402,1,0
23403,2,0
23404,0,0
23405,1,0
23406,2,0
23407,0,0
23408,1,0
23409,2,0
23410,0,0
23411,1,0
23412,2,0
23413,0,0
23414,1,0
23415,2,0
23416,0,0
23417,1,0
23418,2,0
23419,0,0
23420,1,0
23421,2,0
23422,0,0
23423,1,0
23424,2,0
23425,0,0
23426,1,0
23427,2,0
23428,0,0
23429,1,0
23430,2,0
23431,0,0
23432,1,0
23433,2,0
23434,0,0
23435,1,0
23436,2,0
23437,0,0
23438,1,0
23439,2,0
23440,0,0
23441,1,0
23442,2,0
23443,0,0
23444,1,0
23445,2,0
23446,0,0
23447,1,0
23448,2,0
23449,0,0
23450,1,0
23451,2,0
23452,0,0
23453,1,0
23454,2,0
23455,0,0
23456,1,0
23457,2,0
23458,0,0
23459,1,0
23460,2,0
23461,0,0
23462,1,0
23463,2,0
23464,0,0
23465,1,0
23466,2,0
23467,0,0
23468,1,0
23469,2,0
23470,0,0
23471,1,0
23472,2,0
23473,0,0
23474,1,0
23475,2,0
23476,0,0
23477,1,0
23478,2,0
23479,0,0
23480,1,0
23481,2,0
23482,0,0
23483,1,0
23484,2,0
23485,0,0
23486,1,0
23487,2,0
23488,0,0
23489,1,0
23490,2,0
23491,0,0
23492,1,0
23493,2,0
23494,0,0
23495,1,0
23496,2,0
23497,0,0
23498,1,0
23499,2,0
23500,0,0
23501,1,0
23502,2,0
23503,0,0
23504,1,0
23505,2,0
23506,0,0
23507,1,0
23508,2,0
23509,0,0
23510,1,0
23511,2,0
23512,0,0
23513,1,0
23514,2,0
23515,0,0
23516,1,0
23517,2,0
23518,0,0
23519,1,0
23520,2,0
23521,0,0
23522,1,0
23523,2,0
23524,0,0
23525,1,0
23526,2,0
23527,0,0
23528,1,0
23529,2,0
23530,0,0
23531,1,0
23532,2,0
23533,0,0
23534,1,0
23535,2,0
23536,0,0
23537,1,0
23538,2,0
23539,0,0
23540,1,0
23541,2,0
23542,0,0
23543,1,0
23544,2,0
23545,0,0
23546,1,0
23547,2,0
23548,0,0
23549,1,0
23550,2,0
23551,0,0
23552,1,0
23553,2,0
23554,0,0
23555,1,0
23556,2,0
23557,0,0
23558,1,0
23559,2,0
23560,0,0
23561,1,0
23562,2,0
23563,0,0
23564,1,0
23565,2,0
23566,0,0
23567,1,0
23568,2,0
23569,0,0
23570,1,0
23571,2,0
23572,0,0
23573,1,0
23574,2,0
23575,0,0
23576,1,0
23577,2,0
23578,0,0
23579,1,0
23580,2,0
23581,0,0
23582,1,0
23583,2,0
23584,0,0
23585,1,0
23586,2,0
23587,0,0
23588,1,0
23589,2,0
23590,0,0
23591,1,0
23592,2,0
23593,0,0
23594,1,0
23595,2,0
23596,0,0
23597,1,0
23598,2,0
23599,0,0
23600,1,0
23601,2,0
23602,0,0
23603,1,0
23604,2,0
23605,0,0
23606,1,0
23607,2,0
23608,0,0
23609,1,0
23610,2,0
23611,0,0
23612,1,0
23613,2,0
23614,0,0
23615,1,0
23616,2,0
23617,0,0
23618,1,0
23619,2,0
23620,0,0
23621,1,0
23622,2,0
23623,0,0
23624,1,0
23625,2,0
23626,0,0
23627,1,0
23628,2,0
23629,0,0
23630,1,0
23631,2,0
23632,0,0
23633,1,0
23634,2,0
23635,0,0
23636,1,0
23637,2,0
23638,0,0
23639,1,0
23640,2,0
23641,0,0
23642,1,0
23643,2,0
23644,0,0
23645,1,0
23646,2,0
23647,0,0
23648,1,0
23649,2,0
23650,0,0
23651,1,0
23652,2,0
23653,0,0
23654,1,0
23655,2,0
23656,0,0
23657,1,0
23658,2,0
23659,0,0
23660,1,0
23661,2,0
23662,0,0
23663,1,0
23664,2,0
23665,0,0
23666,1,0
23667,2,0
23668,0,0
23669,1,0
23670,2,0
23671,0,0
23672,1,0
23673,2,0
23674,0,0
23675,1,0
23676,2,0
23677,0,0
23678,1,0
23679,2,0
23680,0,0
23681,1,0
23682,2,0
23683,0,0
23684,1,0
23685,2,0
23686,0,0
23687,1,0
23688,2,0
23689,0,0
23690,1,0
23691,2,0
23692,0,0
23693,1,0
23694,2,0
23695,0,0
23696,1,0
23697,2,0
23698,0,0
23699,1,0
23700,2,0
23701,0,0
23702,1,0
23703,2,0
23704,0,0
23705,1,0
23706,2,0
23707,0,0
23708,1,0
23709,2,0
23710,0,0
23711,1,0
23712,2,0
23713,0,0
23714,1,0
23715,2,0
23716,0,0
23717,1,0
23718,2,0
23719,0,0
23720,1,0
23721,2,0
23722,0,0
23723,1,0
23724,2,0
23725,0,0
23726,1,0
23727,2,0
23728,0,0
23729,1,0
23730,2,0
23731,0,0
23732,1,0
23733,2,0
23734,0,0
23735,1,0
23736,2,0
23737,0,0
23738,1,0
23739,2,0
23740,0,0
23741,1,0
23742,2,0
23743,0,0
23744,1,0
23745,2,0
23746,0,0
23747,1,0
23748,2,0
23749,0,0
23750,1,0
23751,2,0
23752,0,0
23753,1,0
23754,2,0
23755,0,0
23756,1,0
23757,2,0
23758,0,0
23759,1,0
23760,2,0
23761,0,0
23762,1,0
23763,2,0
23764,0,0
23765,1,0
23766,2,0
23767,0,0
23768,1,0
23769,2,0
23770,0,0
23771,1,0
23772,2,0
23773,0,0
23774,1,0
23775,2,0
23776,0,0
23777,1,0
23778,2,0
23779,0,0
23780,1,0
23781,2,0
23782,0,0
23783,1,0
23784,2,0
23785,0,0
23786,1,0
23787,2,0
23788,0,0
23789,1,0
23790,2,0
23791,0,0
23792,1,0
23793,2,0
23794,0,0
23795,1,0
23796,2,0
23797,0,0
23798,1,0
23799,2,0
23800,0,0
23801,1,0
23802,2,0
23803,0,0
23804,1,0
23805,2,0
23806,0,0
23807,1,0
23808,2,0
23809,0,0
23810,1,0
23811,2,0
23812,0,0
23813,1,0
23814,2,0
23815,0,0
23816,1,0
23817,2,0
23818,0,0
23819,1,0
23820,2,0
23821,0,0
23822,1,0
23823,2,0
23824,0,0
23825,1,0
23826,2,0
23827,0,0
23828,1,0
23829,2,0
23830,0,0
23831,1,0
23832,2,0
23833,0,0
23834,1,0
23835,2,0
23836,0,0
23837,1,0
23838,2,0
23839,0,0
23840,1,0
23841,2,0
23842,0,0
23843,1,0
23844,2,0
23845,0,0
23846,1,0
23847,2,0
23848,0,0
23849,1,0
23850,2,0
23851,0,0
23852,1,0
23853,2,0
23854,0,0
23855,1,0
23856,2,0
23857,0,0
23858,1,0
23859,2,0
23860,0,0
23861,1,0
23862,2,0
23863,0,0
23864,1,0
23865,2,0
23866,0,0
23867,1,0
23868,2,0
23869,0,0
23870,1,0
23871,2,0
23872,0,0
23873,1,0
23874,2,0
23875,0,0
23876,1,0
23877,2,0
23878,0,0
23879,1,0
23880,2,0
23881,0,0
23882,1,0
23883,2,0
23884,0,0
23885,1,0
23886,2,0
23887,0,0
23888,1,0
23889,2,0
23890,0,0
23891,1,0
23892,2,0
23893,0,0
23894,1,0
23895,2,0
23896,0,0
23897,1,0
23898,2,0
23899,0,0
23900,1,0
23901,2,0
23902,0,0
23903,1,0
23904,2,0
23905,0,0
23906,1,0
23907,2,0
23908,0,0
23909,1,0
23910,2,0
23911,0,0
23912,1,0
23913,2,0
23914,0,0
23915,1,0
23916,2,0
23917,0,0
23918,1,0
23919,2,0
23920,0,0
23921,1,0
23922,2,0
23923,0,0
23924,1,0
23925,2,0
23926,0,0
23927,1,0
23928,2,0
23929,0,0
23930,1,0
23931,2,0
23932,0,0
23933,1,0
23934,2,0
23935,0,0
23936,1,0
23937,2,0
23938,0,0
23939,1,0
23940,2,0
23941,0,0
23942,1,0
23943,2,0
23944,0,0
23945,1,0
23946,2,0
23947,0,0
23948,1,0
23949,2,0
23950,0,0
23951,1,0
23952,2,0
23953,0,0
23954,1,0
23955,2,0
23956,0,0
23957,1,0
23958,2,0
23959,0,0
23960,1,0
23961,2,0
23962,0,0
23963,1,0
23964,2,0
23965,0,0
23966,1,0
23967,2,0
23968,0,0
23969,1,0
23970,2,0
23971,0,0
23972,1,0
23973,2,0
23974,0,0
23975,1,0
23976,2,0
23977,0,0
23978,1,0
23979,2,0
23980,0,0
23981,1,0
23982,2,0
23983,0,0
23984,1,0
23985,2,0
23986,0,0
23987,1,0
23988,2,0
23989,0,0
23990,1,0
23991,2,0
23992,0,0
23993,1,0
23994,2,0
23995,0,0
23996,1,0
23997,2,0
23998,0,0
23999,1,0
24000,2,0
24001,0,0
24002,1,0
24003,2,0
24004,0,0
24005,1,0
24006,2,0
24007,0,0
24008,1,0
24009,2,0
24010,0,0
24011,1,0
24012,2,0
24013,0,0
24014,1,0
24015,2,0
24016,0,0
24017,1,0
24018,2,0
24019,0,0
24020,1,0
24021,2,0
24022,0,0
24023,1,0
24024,2,0
24025,0,0
24026,1,0
24027,2,0
24028,0,0
24029,1,0
24030,2,0
24031,0,0
24032,1,0
24033,2,0
24034,0,0
24035,1,0
24036,2,0
24037,0,0
24038,1,0
24039,2,0
24040,0,0
24041,1,0
24042,2,0
24043,0,0
24044,1,0
24045,2,0
24046,0,0
24047,1,0
24048,2,0
24049,0,0
24050,1,0
24051,2,0
24052,0,0
24053,1,0
24054,2,0
24055,0,0
24056,1,0
24057,2,0
24058,0,0
24059,1,0
24060,2,0
24061,0,0
24062,1,0
24063,2,0
24064,0,0
24065,1,0
24066,2,0
24067,0,0
24068,1,0
24069,2,0
24070,0,0
24071,1,0
24072,2,0
24073,0,0
24074,1,0
24075,2,0
24076,0,0
24077,1,0
24078,2,0
24079,0,0
24080,1,0
24081,2,0
24082,0,0
24083,1,0
24084,2,0
24085,0,0
24086,1,0
24087,2,0
24088,0,0
24089,1,0
24090,2,0
24091,0,0
24092,1,0
24093,2,0
24094,0,0
24095,1,0
24096,2,0
24097,0,0
24098,1,0
24099,2,0
24100,0,0
24101,1,0
24102,2,0
24103,0,0
24104,1,0
24105,2,0
24106,0,0
24107,1,0
24108,2,0
24109,0,0
24110,1,0
24111,2,0
24112,0,0
24113,1,0
24114,2,0
24115,0,0
24116,1,0
24117,2,0
24118,0,0
24119,1,0
24120,2,0
24121,0,0
24122,1,0
24123,2,0
24124,0,0
24125,1,0
24126,2,0
24127,0,0
24128,1,0
24129,2,0
24130,0,0
24131,1,0
24132,2,0
24133,0,0
24134,1,0
24135,2,0
24136,0,0
24137,1,0
24138,2,0
24139,0,0
24140,1,0
24141,2,0
24142,0,0
24143,1,0
24144,2,0
24145,0,0
24146,1,0
24147,2,0
24148,0,0
24149,1,0
24150,2,0
24151,0,0
24152,1,0
24153,2,0
24154,0,0
24155,1,0
24156,2,0
24157,0,0
24158,1,0
24159,2,0
24160,0,0
24161,1,0
24162,2,0
24163,0,0
24164,1,0
24165,2,0
24166,0,0
24167,1,0
24168,2,0
24169,0,0
24170,1,0
24171,2,0
24172,0,0
24173,1,0
24174,2,0
24175,0,0
24176,1,0
24177,2,0
24178,0,0
24179,1,0
24180,2,0
24181,0,0
24182,1,0
24183,2,0
24184,0,0
24185,1,0
24186,2,0
24187,0,0
24188,1,0
24189,2,0
24190,0,0
24191,1,0
24192,2,0
24193,0,0
24194,1,0
24195,2,0
24196,0,0
24197,1,0
24198,2,0
24199,0,0
24200,1,0
24201,2,0
24202,0,0
24203,1,0
24204,2,0
24205,0,0
24206,1,0
24207,2,0
24208,0,0
24209,1,0
24210,2,0
24211,0,0
24212,1,0
24213,2,0
24214,0,0
24215,1,0
24216,2,0
24217,0,0
24218,1,0
24219,2,0
24220,0,0
24221,1,0
24222,2,0
24223,0,0
24224,1,0
24225,2,0
24226,0,0
24227,1,0
24228,2,0
24229,0,0
24230,1,0
24231,2,0
24232,0,0
24233,1,0
24234,2,0
24235,0,0
24236,1,0
24237,2,0
24238,0,0
24239,1,0
24240,2,0
24241,0,0
24242,1,0
24243,2,0
24244,0,0
24245,1,0
24246,2,0
24247,0,0
24248,1,0
24249,2,0
24250,0,0
24251,1,0
24252,2,0
24253,0,0
24254,1,0
24255,2,0
24256,0,0
24257,1,0
24258,2,0
24259,0,0
24260,1,0
24261,2,0
24262,0,0
24263,1,0
24264,2,0
24265,0,0
24266,1,0
24267,2,0
24268,0,0
24269,1,0
24270,2,0
24271,0,0
24272,1,0
24273,2,0
24274,0,0
24275,1,0
24276,2,0
24277,0,0
24278,1,0
24279,2,0
24280,0,0
24281,1,0
24282,2,0
24283,0,0
24284,1,0
24285,2,0
24286,0,0
24287,1,0
24288,2,0
24289,0,0
24290,1,0
24291,2,0
24292,0,0
24293,1,0
24294,2,0
24295,0,0
24296,1,0
24297,2,0
24298,0,0
24299,1,0
24300,2,0
24301,0,0
24302,1,0
24303,2,0
24304,0,0
24305,1,0
24306,2,0
24307,0,0
24308,1,0
24309,2,0
24310,0,0
24311,1,0
24312,2,0
24313,0,0
24314,1,0
24315,2,0
24316,0,0
24317,1,0
24318,2,0
24319,0,0
24320,1,0
24321,2,0
24322,0,0
24323,1,0
24324,2,0
24325,0,0
24326,1,0
24327,2,0
24328,0,0
24329,1,0
24330,2,0
24331,0,0
24332,1,0
24333,2,0
24334,0,0
24335,1,0
24336,2,0
24337,0,0
24338,1,0
24339,2,0
24340,0,0
24341,1,0
24342,2,0
24343,0,0
24344,1,0
24345,2,0
24346,0,0
24347,1,0
24348,2,0
24349,0,0
24350,1,0
24351,2,0
24352,0,0
24353,1,0
24354,2,0
24355,0,0
24356,1,0
24357,2,0
24358,0,0
24359,1,0
24360,2,0
24361,0,0
24362,1,0
24363,2,0
24364,0,0
24365,1,0
24366,2,0
24367,0,0
24368,1,0
24369,2,0
24370,0,0
24371,1,0
24372,2,0
24373,0,0
24374,1,0
24375,2,0
24376,0,0
24377,1,0
24378,2,0
24379,0,0
24380,1,0
24381,2,0
24382,0,0
24383,1,0
24384,2,0
24385,0,0
24386,1,0
24387,2,0
24388,0,0
24389,1,0
24390,2,0
24391,0,0
24392,1,0
24393,2,0
24394,0,0
24395,1,0
24396,2,0
24397,0,0
24398,1,0
24399,2,0
24400,0,0
24401,1,0
24402,2,0
24403,0,0
24404,1,0
24405,2,0
24406,0,0
24407,1,0
24408,2,0
24409,0,0
24410,1,0
24411,2,0
24412,0,0
24413,1,0
24414,2,0
24415,0,0
24416,1,0
24417,2,0
24418,0,0
24419,1,0
24420,2,0
24421,0,0
24422,1,0
24423,2,0
24424,0,0
24425,1,0
24426,2,0
24427,0,0
24428,1,0
24429,2,0
24430,0,0
24431,1,0
24432,2,0
24433,0,0
24434,1,0
24435,2,0
24436,0,0
24437,1,0
24438,2,0
24439,0,0
24440,1,0
24441,2,0
24442,0,0
24443,1,0
24444,2,0
24445,0,0
24446,1,0
24447,2,0
24448,0,0
24449,1,0
24450,2,0
24451,0,0
24452,1,0
24453,2,0
24454,0,0
24455,1,0
24456,2,0
24457,0,0
24458,1,0
24459,2,0
24460,0,0
24461,1,0
24462,2,0
24463,0,0
24464,1,0
24465,2,0
24466,0,0
24467,1,0
24468,2,0
24469,0,0
24470,1,0
24471,2,0
24472,0,0
24473,1,0
24474,2,0
24475,0,0
24476,1,0
24477,2,0
24478,0,0
24479,1,0
24480,2,0
24481,0,0
24482,1,0
24483,2,0
24484,0,0
24485,1,0
24486,2,0
24487,0,0
24488,1,0
24489,2,0
24490,0,0
24491,1,0
24492,2,0
24493,0,0
24494,1,0
24495,2,0
24496,0,0
24497,1,0
24498,2,0
24499,0,0
24500,1,0
24501,2,0
24502,0,0
24503,1,0
24504,2,0
24505,0,0
24506,1,0
24507,2,0
24508,0,0
24509,1,0
24510,2,0
24511,0,0
24512,1,0
24513,2,0
24514,0,0
24515,1,0
24516,2,0
24517,0,0
24518,1,0
24519,2,0
24520,0,0
24521,1,0
24522,2,0
24523,0,0
24524,1,0
24525,2,0
24526,0,0
24527,1,0
24528,2,0
24529,0,0
24530,1,0
24531,2,0
24532,0,0
24533,1,0
24534,2,0
24535,0,0
24536,1,0
24537,2,0
24538,0,0
24539,1,0
24540,2,0
24541,0,0
24542,1,0
24543,2,0
24544,0,0
24545,1,0
24546,2,0
24547,0,0
24548,1,0
24549,2,0
24550,0,0
24551,1,0
24552,2,0
24553,0,0
24554,1,0
24555,2,0
24556,0,0
24557,1,0
24558,2,0
24559,0,0
24560,1,0
24561,2,0
24562,0,0
24563,1,0
24564,2,0
24565,0,0
24566,1,0
24567,2,0
24568,0,0
24569,1,0
24570,2,0
24571,0,0
24572,1,0
24573,2,0
24574,0,0
24575,1,0
24576,2,0
24577,0,0
24578,1,0
24579,2,0
24580,0,0
24581,1,0
24582,2,0
24583,0,0
24584,1,0
24585,2,0
24586,0,0
24587,1,0
24588,2,0
24589,0,0
24590,1,0
24591,2,0
24592,0,0
24593,1,0
24594,2,0
24595,0,0
24596,1,0
24597,2,0
24598,0,0
24599,1,0
24600,2,0
24601,0,0
24602,1,0
24603,2,0
24604,0,0
24605,1,0
24606,2,0
24607,0,0
24608,1,0
24609,2,0
24610,0,0
24611,1,0
24612,2,0
24613,0,0
24614,1,0
24615,2,0
24616,0,0
24617,1,0
24618,2,0
24619,0,0
24620,1,0
24621,2,0
24622,0,0
24623,1,0
24624,2,0
24625,0,0
24626,1,0
24627,2,0
24628,0,0
24629,1,0
24630,2,0
24631,0,0
24632,1,0
24633,2,0
24634,0,0
24635,1,0
24636,2,0
24637,0,0
24638,1,0
24639,2,0
24640,0,0
24641,1,0
24642,2,0
24643,0,0
24644,1,0
24645,2,0
24646,0,0
24647,1,0
24648,2,0
24649,0,0
24650,1,0
24651,2,0
24652,0,0
24653,1,0
24654,2,0
24655,0,0
24656,1,0
24657,2,0
24658,0,0
24659,1,0
24660,2,0
24661,0,0
24662,1,0
24663,2,0
24664,0,0
24665,1,0
24666,2,0
24667,0,0
24668,1,0
24669,2,0
24670,0,0
24671,1,0
24672,2,0
24673,0,0
24674,1,0
24675,2,0
24676,0,0
24677,1,0
24678,2,0
24679,0,0
24680,1,0
24681,2,0
24682,0,0
24683,1,0
24684,2,0
24685,0,0
24686,1,0
24687,2,0
24688,0,0
24689,1,0
24690,2,0
24691,0,0
24692,1,0
24693,2,0
24694,0,0
24695,1,0
24696,2,0
24697,0,0
24698,1,0
24699,2,0
24700,0,0
24701,1,0
24702,2,0
24703,0,0
24704,1,0
24705,2,0
24706,0,0
24707,1,0
24708,2,0
24709,0,0
24710,1,0
24711,2,0
24712,0,0
24713,1,0
24714,2,0
24715,0,0
24716,1,0
24717,2,0
24718,0,0
24719,1,0
24720,2,0
24721,0,0
24722,1,0
24723,2,0
24724,0,0
24725,1,0
24726,2,0
24727,0,0
24728,1,0
24729,2,0
24730,0,0
24731,1,0
24732,2,0
24733,0,0
24734,1,0
24735,2,0
24736,0,0
24737,1,0
24738,2,0
24739,0,0
24740,1,0
24741,2,0
24742,0,0
24743,1,0
24744,2,0
24745,0,0
24746,1,0
24747,2,0
24748,0,0
24749,1,0
24750,2,0
24751,0,0
24752,1,0
24753,2,0
24754,0,0
24755,1,0
24756,2,0
24757,0,0
24758,1,0
24759,2,0
24760,0,0
24761,1,0
24762,2,0
24763,0,0
24764,1,0
24765,2,0
24766,0,0
24767,1,0
24768,2,0
24769,0,0
24770,1,0
24771,2,0
24772,0,0
24773,1,0
24774,2,0
24775,0,0
24776,1,0
24777,2,0
24778,0,0
24779,1,0
24780,2,0
24781,0,0
24782,1,0
24783,2,0
24784,0,0
24785,1,0
24786,2,0
24787,0,0
24788,1,0
24789,2,0
24790,0,0
24791,1,0
24792,2,0
24793,0,0
24794,1,0
24795,2,0
24796,0,0
24797,1,0
24798,2,0
24799,0,0
24800,1,0
24801,2,0
24802,0,0
24803,1,0
24804,2,0
24805,0,0
24806,1,0
24807,2,0
24808,0,0
24809,1,0
24810,2,0
24811,0,0
24812,1,0
24813,2,0
24814,0,0
24815,1,0
24816,2,0
24817,0,0
24818,1,0
24819,2,0
24820,0,0
24821,1,0
24822,2,0
24823,0,0
24824,1,0
24825,2,0
24826,0,0
24827,1,0
24828,2,0
24829,0,0
24830,1,0
24831,2,0
24832,0,0
24833,1,0
24834,2,0
24835,0,0
24836,1,0
24837,2,0
24838,0,0
24839,1,0
24840,2,0
24841,0,0
24842,1,0
24843,2,0
24844,0,0
24845,1,0
24846,2,0
24847,0,0
24848,1,0
24849,2,0
24850,0,0
24851,1,0
24852,2,0
24853,0,0
24854,1,0
24855,2,0
24856,0,0
24857,1,0
24858,2,0
24859,0,0
24860,1,0
24861,2,0
24862,0,0
24863,1,0
24864,2,0
24865,0,0
24866,1,0
24867,2,0
24868,0,0
24869,1,0
24870,2,0
24871,0,0
24872,1,0
24873,2,0
24874,0,0
24875,1,0
24876,2,0
24877,0,0
24878,1,0
24879,2,0
24880,0,0
24881,1,0
24882,2,0
24883,0,0
24884,1,0
24885,2,0
24886,0,0
24887,1,0
24888,2,0
24889,0,0
24890,1,0
24891,2,0
24892,0,0
24893,1,0
24894,2,0
24895,0,0
24896,1,0
24897,2,0
24898,0,0
24899,1,0
24900,2,0
24901,0,0
24902,1,0
24903,2,0
24904,0,0
24905,1,0
24906,2,0
24907,0,0
24908,1,0
24909,2,0
24910,0,0
24911,1,0
24912,2,0
24913,0,0
24914,1,0
24915,2,0
24916,0,0
24917,1,0
24918,2,0
24919,0,0
24920,1,0
24921,2,0
24922,0,0
24923,1,0
24924,2,0
24925,0,0
24926,1,0
24927,2,0
24928,0,0
24929,1,0
24930,2,0
24931,0,0
24932,1,0
24933,2,0
24934,0,0
24935,1,0
24936,2,0
24937,0,0
24938,1,0
24939,2,0
24940,0,0
24941,1,0
24942,2,0
24943,0,0
24944,1,0
24945,2,0
24946,0,0
24947,1,0
24948,2,0
24949,0,0
24950,1,0
24951,2,0
24952,0,0
24953,1,0
24954,2,0
24955,0,0
24956,1,0
24957,2,0
24958,0,0
24959,1,0
24960,2,0
24961,0,0
24962,1,0
24963,2,0
24964,0,0
24965,1,0
24966,2,0
24967,0,0
24968,1,0
24969,2,0
24970,0,0
24971,1,0
24972,2,0
24973,0,0
24974,1,0
24975,2,0
24976,0,0
24977,1,0
24978,2,0
24979,0,0
24980,1,0
24981,2,0
24982,0,0
24983,1,0
24984,2,0
24985,0,0
24986,1,0
24987,2,0
24988,0,0
24989,1,0
24990,2,0
24991,0,0
24992,1,0
24993,2,0
24994,0,0
24995,1,0
24996,2,0
24997,0,0
24998,1,0
24999,2,0
25000,0,0
25001,1,0
25002,2,0
25003,0,0
25004,1,0
25005,2,0
25006,0,0
25007,1,0
25008,2,0
25009,0,0
25010,1,0
25011,2,0
25012,0,0
25013,1,0
25014,2,0
25015,0,0
25016,1,0
25017,2,0
25018,0,0
25019,1,0
25020,2,0
25021,0,0
25022,1,0
25023,2,0
25024,0,0
25025,1,0
25026,2,0
25027,0,0
25028,1,0
25029,2,0
25030,0,0
25031,1,0
25032,2,0
25033,0,0
25034,1,0
25035,2,0
25036,0,0
25037,1,0
25038,2,0
25039,0,0
25040,1,0
25041,2,0
25042,0,0
25043,1,0
25044,2,0
25045,0,0
25046,1,0
25047,2,0
25048,0,0
25049,1,0
25050,2,0
25051,0,0
25052,1,0
25053,2,0
25054,0,0
25055,1,0
25056,2,0
25057,0,0
25058,1,0
25059,2,0
25060,0,0
25061,1,0
25062,2,0
25063,0,0
25064,1,0
25065,2,0
25066,0,0
25067,1,0
25068,2,0
25069,0,0
25070,1,0
25071,2,0
25072,0,0
25073,1,0
25074,2,0
25075,0,0
25076,1,0
25077,2,0
25078,0,0
25079,1,0
25080,2,0
25081,0,0
25082,1,0
25083,2,0
25084,0,0
25085,1,0
25086,2,0
25087,0,0
25088,1,0
25089,2,0
25090,0,0
25091,1,0
25092,2,0
25093,0,0
25094,1,0
25095,2,0
25096,0,0
25097,1,0
25098,2,0
25099,0,0
25100,1,0
25101,2,0
25102,0,0
25103,1,0
25104,2,0
25105,0,0
25106,1,0
25107,2,0
25108,0,0
25109,1,0
25110,2,0
25111,0,0
25112,1,0
25113,2,0
25114,0,0
25115,1,0
25116,2,0
25117,0,0
25118,1,0
25119,2,0
25120,0,0
25121,1,0
25122,2,0
25123,0,0
25124,1,0
25125,2,0
25126,0,0
25127,1,0
25128,2,0
25129,0,0
25130,1,0
25131,2,0
25132,0,0
25133,1,0
25134,2,0
25135,0,0
25136,1,0
25137,2,0
25138,0,0
25139,1,0
25140,2,0
25141,0,0
25142,1,0
25143,2,0
25144,0,0
25145,1,0
25146,2,0
25147,0,0
25148,1,0
25149,2,0
25150,0,0
25151,1,0
25152,2,0
25153,0,0
25154,1,0
25155,2,0
25156,0,0
25157,1,0
25158,2,0
25159,0,0
25160,1,0
25161,2,0
25162,0,0
25163,1,0
25164,2,0
25165,0,0
25166,1,0
25167,2,0
25168,0,0
25169,1,0
25170,2,0
25171,0,0
25172,1,0
25173,2,0
25174,0,0
25175,1,0
25176,2,0
25177,0,0
25178,1,0
25179,2,0
25180,0,0
25181,1,0
25182,2,0
25183,0,0
25184,1,0
25185,2,0
25186,0,0
25187,1,0
25188,2,0
25189,0,0
25190,1,0
25191,2,0
25192,0,0
25193,1,0
25194,2,0
25195,0,0
25196,1,0
25197,2,0
25198,0,0
25199,1,0
25200,2,0
25201,0,0
25202,1,0
25203,2,0
25204,0,0
25205,1,0
25206,2,0
25207,0,0
25208,1,0
25209,2,0
25210,0,0
25211,1,0
25212,2,0
25213,0,0
25214,1,0
25215,2,0
25216,0,0
25217,1,0
25218,2,0
25219,0,0
25220,1,0
25221,2,0
25222,0,0
25223,1,0
25224,2,0
25225,0,0
25226,1,0
25227,2,0
25228,0,0
25229,1,0
25230,2,0
25231,0,0
25232,1,0
25233,2,0
25234,0,0
25235,1,0
25236,2,0
25237,0,0
25238,1,0
25239,2,0
25240,0,0
25241,1,0
25242,2,0
25243,0,0
25244,1,0
25245,2,0
25246,0,0
25247,1,0
25248,2,0
25249,0,0
25250,1,0
25251,2,0
25252,0,0
25253,1,0
25254,2,0
25255,0,0
25256,1,0
25257,2,0
25258,0,0
25259,1,0
25260,2,0
25261,0,0
25262,1,0
25263,2,0
25264,0,0
25265,1,0
25266,2,0
25267,0,0
25268,1,0
25269,2,0
25270,0,0
25271,1,0
25272,2,0
25273,0,0
25274,1,0
25275,2,0
25276,0,0
25277,1,0
25278,2,0
25279,0,0
25280,1,0
25281,2,0
25282,0,0
25283,1,0
25284,2,0
25285,0,0
25286,1,0
25287,2,0
25288,0,0
25289,1,0
25290,2,0
25291,0,0
25292,1,0
25293,2,0
25294,0,0
25295,1,0
25296,2,0
25297,0,0
25298,1,0
25299,2,0
25300,0,0
25301,1,0
25302,2,0
25303,0,0
25304,1,0
25305,2,0
25306,0,0
25307,1,0
25308,2,0
25309,0,0
25310,1,0
25311,2,0
25312,0,0
25313,1,0
25314,2,0
25315,0,0
25316,1,0
25317,2,0
25318,0,0
25319,1,0
25320,2,0
25321,0,0
25322,1,0
25323,2,0
25324,0,0
25325,1,0
25326,2,0
25327,0,0
25328,1,0
25329,2,0
25330,0,0
25331,1,0
25332,2,0
25333,0,0
25334,1,0
25335,2,0
25336,0,0
25337,1,0
25338,2,0
25339,0,0
25340,1,0
25341,2,0
25342,0,0
25343,1,0
25344,2,0
25345,0,0
25346,1,0
25347,2,0
25348,0,0
25349,1,0
25350,2,0
25351,0,0
25352,1,0
25353,2,0
25354,0,0
25355,1,0
25356,2,0
25357,0,0
25358,1,0
25359,2,0
25360,0,0
25361,1,0
25362,2,0
25363,0,0
25364,1,0
25365,2,0
25366,0,0
25367,1,0
25368,2,0
25369,0,0
25370,1,0
25371,2,0
25372,0,0
25373,1,0
25374,2,0
25375,0,0
25376,1,0
25377,2,0
25378,0,0
25379,1,0
25380,2,0
25381,0,0
25382,1,0
25383,2,0
25384,0,0
25385,1,0
25386,2,0
25387,0,0
25388,1,0
25389,2,0
25390,0,0
25391,1,0
25392,2,0
25393,0,0
25394,1,0
25395,2,0
25396,0,0
25397,1,0
25398,2,0
25399,0,0
25400,1,0
25401,2,0
25402,0,0
25403,1,0
25404,2,0
25405,0,0
25406,1,0
25407,2,0
25408,0,0
25409,1,0
25410,2,0
25411,0,0
25412,1,0
25413,2,0
25414,0,0
25415,1,0
25416,2,0
25417,0,0
25418,1,0
25419,2,0
25420,0,0
25421,1,0
25422,2,0
25423,0,0
25424,1,0
25425,2,0
25426,0,0
25427,1,0
25428,2,0
25429,0,0
25430,1,0
25431,2,0
25432,0,0
25433,1,0
25434,2,0
25435,0,0
25436,1,0
25437,2,0
25438,0,0
25439,1,0
25440,2,0
25441,0,0
25442,1,0
25443,2,0
25444,0,0
25445,1,0
25446,2,0
25447,0,0
25448,1,0
25449,2,0
25450,0,0
25451,1,0
25452,2,0
25453,0,0
25454,1,0
25455,2,0
25456,0,0
25457,1,0
25458,2,0
25459,0,0
25460,1,0
25461,2,0
25462,0,0
25463,1,0
25464,2,0
25465,0,0
25466,1,0
25467,2,0
25468,0,0
25469,1,0
25470,2,0
25471,0,0
25472,1,0
25473,2,0
25474,0,0
25475,1,0
25476,2,0
25477,0,0
25478,1,0
25479,2,0
25480,0,0
25481,1,0
25482,2,0
25483,0,0
25484,1,0
25485,2,0
25486,0,0
25487,1,0
25488,2,0
25489,0,0
25490,1,0
25491,2,0
25492,0,0
25493,1,0
25494,2,0
25495,0,0
25496,1,0
25497,2,0
25498,0,0
25499,1,0
25500,2,0
25501,0,0
25502,1,0
25503,2,0
25504,0,0
25505,1,0
25506,2,0
25507,0,0
25508,1,0
25509,2,0
25510,0,0
25511,1,0
25512,2,0
25513,0,0
25514,1,0
25515,2,0
25516,0,0
25517,1,0
25518,2,0
25519,0,0
25520,1,0
25521,2,0
25522,0,0
25523,1,0
25524,2,0
25525,0,0
25526,1,0
25527,2,0
25528,0,0
25529,1,0
25530,2,0
25531,0,0
25532,1,0
25533,2,0
25534,0,0
25535,1,0
25536,2,0
25537,0,0
25538,1,0
25539,2,0
25540,0,0
25541,1,0
25542,2,0
25543,0,0
25544,1,0
25545,2,0
25546,0,0
25547,1,0
25548,2,0
25549,0,0
25550,1,0
25551,2,0
25552,0,0
25553,1,0
25554,2,0
25555,0,0
25556,1,0
25557,2,0
25558,0,0
25559,1,0
25560,2,0
25561,0,0
25562,1,0
25563,2,0
25564,0,0
25565,1,0
25566,2,0
25567,0,0
25568,1,0
25569,2,0
25570,0,0
25571,1,0
25572,2,0
25573,0,0
25574,1,0
25575,2,0
25576,0,0
25577,1,0
25578,2,0
25579,0,0
25580,1,0
25581,2,0
25582,0,0
25583,1,0
25584,2,0
25585,0,0
25586,1,0
25587,2,0
25588,0,0
25589,1,0
25590,2,0
25591,0,0
25592,1,0
25593,2,0
25594,0,0
25595,1,0
25596,2,0
25597,0,0
25598,1,0
25599,2,0
25600,0,0
25601,1,0
25602,2,0
25603,0,0
25604,1,0
25605,2,0
25606,0,0
25607,1,0
25608,2,0
25609,0,0
25610,1,0
25611,2,0
25612,0,0
25613,1,0
25614,2,0
25615,0,0
25616,1,0
25617,2,0
25618,0,0
25619,1,0
25620,2,0
25621,0,0
25622,1,0
25623,2,0
25624,0,0
25625,1,0
25626,2,0
25627,0,0
25628,1,0
25629,2,0
25630,0,0
25631,1,0
25632,2,0
25633,0,0
25634,1,0
25635,2,0
25636,0,0
25637,1,0
25638,2,0
25639,0,0
25640,1,0
25641,2,0
25642,0,0
25643,1,0
25644,2,0
25645,0,0
25646,1,0
25647,2,0
25648,0,0
25649,1,0
25650,2,0
25651,0,0
25652,1,0
25653,2,0
25654,0,0
25655,1,0
25656,2,0
25657,0,0
25658,1,0
25659,2,0
25660,0,0
25661,1,0
25662,2,0
25663,0,0
25664,1,0
25665,2,0
25666,0,0
25667,1,0
25668,2,0
25669,0,0
25670,1,0
25671,2,0
25672,0,0
25673,1,0
25674,2,0
25675,0,0
25676,1,0
25677,2,0
25678,0,0
25679,1,0
25680,2,0
25681,0,0
25682,1,0
25683,2,0
25684,0,0
25685,1,0
25686,2,0
25687,0,0
25688,1,0
25689,2,0
25690,0,0
25691,1,0
25692,2,0
25693,0,0
25694,1,0
25695,2,0
25696,0,0
25697,1,0
25698,2,0
25699,0,0
25700,1,0
25701,2,0
25702,0,0
25703,1,0
25704,2,0
25705,0,0
25706,1,0
25707,2,0
25708,0,0
25709,1,0
25710,2,0
25711,0,0
25712,1,0
25713,2,0
25714,0,0
25715,1,0
25716,2,0
25717,0,0
25718,1,0
25719,2,0
25720,0,0
25721,1,0
25722,2,0
25723,0,0
25724,1,0
25725,2,0
25726,0,0
25727,1,0
25728,2,0
25729,0,0
25730,1,0
25731,2,0
25732,0,0
25733,1,0
25734,2,0
25735,0,0
25736,1,0
25737,2,0
25738,0,0
25739,1,0
25740,2,0
25741,0,0
25742,1,0
25743,2,0
25744,0,0
25745,1,0
25746,2,0
25747,0,0
25748,1,0
25749,2,0
25750,0,0
25751,1,0
25752,2,0
25753,0,0
25754,1,0
25755,2,0
25756,0,0
25757,1,0
25758,2,0
25759,0,0
25760,1,0
25761,2,0
25762,0,0
25763,1,0
25764,2,0
25765,0,0
25766,1,0
25767,2,0
25768,0,0
25769,1,0
25770,2,0
25771,0,0
25772,1,0
25773,2,0
25774,0,0
25775,1,0
25776,2,0
25777,0,0
25778,1,0
25779,2,0
25780,0,0
25781,1,0
25782,2,0
25783,0,0
25784,1,0
25785,2,0
25786,0,0
25787,1,0
25788,2,0
25789,0,0
25790,1,0
25791,2,0
25792,0,0
25793,1,0
25794,2,0
25795,0,0
25796,1,0
25797,2,0
25798,0,0
25799,1,0
25800,2,0
25801,0,0
25802,1,0
25803,2,0
25804,0,0
25805,1,0
25806,2,0
25807,0,0
25808,1,0
25809,2,0
25810,0,0
25811,1,0
25812,2,0
25813,0,0
25814,1,0
25815,2,0
25816,0,0
25817,1,0
25818,2,0
25819,0,0
25820,1,0
25821,2,0
25822,0,0
25823,1,0
25824,2,0
25825,0,0
25826,1,0
25827,2,0
25828,0,0
25829,1,0
25830,2,0
25831,0,0
25832,1,0
25833,2,0
25834,0,0
25835,1,0
25836,2,0
25837,0,0
25838,1,0
25839,2,0
25840,0,0
25841,1,0
25842,2,0
25843,0,0
25844,1,0
25845,2,0
25846,0,0
25847,1,0
25848,2,0
25849,0,0
25850,1,0
25851,2,0
25852,0,0
25853,1,0
25854,2,0
25855,0,0
25856,1,0
25857,2,0
25858,0,0
25859,1,0
25860,2,0
25861,0,0
25862,1,0
25863,2,0
25864,0,0
25865,1,0
25866,2,0
25867,0,0
25868,1,0
25869,2,0
25870,0,0
25871,1,0
25872,2,0
25873,0,0
25874,1,0
25875,2,0
25876,0,0
25877,1,0
25878,2,0
25879,0,0
25880,1,0
25881,2,0
25882,0,0
25883,1,0
25884,2,0
25885,0,0
25886,1,0
25887,2,0
25888,0,0
25889,1,0
25890,2,0
25891,0,0
25892,1,0
25893,2,0
25894,0,0
25895,1,0
25896,2,0
25897,0,0
25898,1,0
25899,2,0
25900,0,0
25901,1,0
25902,2,0
25903,0,0
25904,1,0
25905,2,0
25906,0,0
25907,1,0
25908,2,0
25909,0,0
25910,1,0
25911,2,0
25912,0,0
25913,1,0
25914,2,0
25915,0,0
25916,1,0
25917,2,0
25918,0,0
25919,1,0
25920,2,0
25921,0,0
25922,1,0
25923,2,0
25924,0,0
25925,1,0
25926,2,0
25927,0,0
25928,1,0
25929,2,0
25930,0,0
25931,1,0
25932,2,0
25933,0,0
25934,1,0
25935,2,0
25936,0,0
25937,1,0
25938,2,0
25939,0,0
25940,1,0
25941,2,0
25942,0,0
25943,1,0
25944,2,0
25945,0,0
25946,1,0
25947,2,0
25948,0,0
25949,1,0
25950,2,0
25951,0,0
25952,1,0
25953,2,0
25954,0,0
25955,1,0
25956,2,0
25957,0,0
25958,1,0
25959,2,0
25960,0,0
25961,1,0
25962,2,0
25963,0,0
25964,1,0
25965,2,0
25966,0,0
25967,1,0
25968,2,0
25969,0,0
25970,1,0
25971,2,0
25972,0,0
25973,1,0
25974,2,0
25975,0,0
25976,1,0
25977,2,0
25978,0,0
25979,1,0
25980,2,0
25981,0,0
25982,1,0
25983,2,0
25984,0,0
25985,1,0
25986,2,0
25987,0,0
25988,1,0
25989,2,0
25990,0,0
25991,1,0
25992,2,0
25993,0,0
25994,1,0
25995,2,0
25996,0,0
25997,1,0
25998,2,0
25999,0,0
26000,1,0
26001,2,0
26002,0,0
26003,1,0
26004,2,0
26005,0,0
26006,1,0
26007,2,0
26008,0,0
26009,1,0
26010,2,0
26011,0,0
26012,1,0
26013,2,0
26014,0,0
26015,1,0
26016,2,0
26017,0,0
26018,1,0
26019,2,0
26020,0,0
26021,1,0
26022,2,0
26023,0,0
26024,1,0
26025,2,0
26026,0,0
26027,1,0
26028,2,0
26029,0,0
26030,1,0
26031,2,0
26032,0,0
26033,1,0
26034,2,0
26035,0,0
26036,1,0
26037,2,0
26038,0,0
26039,1,0
26040,2,0
26041,0,0
26042,1,0
26043,2,0
26044,0,0
26045,1,0
26046,2,0
26047,0,0
26048,1,0
26049,2,0
26050,0,0
26051,1,0
26052,2,0
26053,0,0
26054,1,0
26055,2,0
26056,0,0
26057,1,0
26058,2,0
26059,0,0
26060,1,0
26061,2,0
26062,0,0
26063,1,0
26064,2,0
26065,0,0
26066,1,0
26067,2,0
26068,0,0
26069,1,0
26070,2,0
26071,0,0
26072,1,0
26073,2,0
26074,0,0
26075,1,0
26076,2,0
26077,0,0
26078,1,0
26079,2,0
26080,0,0
26081,1,0
26082,2,0
26083,0,0
26084,1,0
26085,2,0
26086,0,0
26087,1,0
26088,2,0
26089,0,0
26090,1,0
26091,2,0
26092,0,0
26093,1,0
26094,2,0
26095,0,0
26096,1,0
26097,2,0
26098,0,0
26099,1,0
26100,2,0
26101,0,0
26102,1,0
26103,2,0
26104,0,0
26105,1,0
26106,2,0
26107,0,0
26108,1,0
26109,2,0
26110,0,0
26111,1,0
26112,2,0
26113,0,0
26114,1,0
26115,2,0
26116,0,0
26117,1,0
26118,2,0
26119,0,0
26120,1,0
26121,2,0
26122,0,0
26123,1,0
26124,2,0
26125,0,0
26126,1,0
26127,2,0
26128,0,0
26129,1,0
26130,2,0
26131,0,0
26132,1,0
26133,2,0
26134,0,0
26135,1,0
26136,2,0
26137,0,0
26138,1,0
26139,2,0
26140,0,0
26141,1,0
26142,2,0
26143,0,0
26144,1,0
26145,2,0
26146,0,0
26147,1,0
26148,2,0
26149,0,0
26150,1,0
26151,2,0
26152,0,0
26153,1,0
26154,2,0
26155,0,0
26156,1,0
26157,2,0
26158,0,0
26159,1,0
26160,2,0
26161,0,0
26162,1,0
26163,2,0
26164,0,0
26165,1,0
26166,2,0
26167,0,0
26168,1,0
26169,2,0
26170,0,0
26171,1,0
26172,2,0
26173,0,0
26174,1,0
26175,2,0
26176,0,0
26177,1,0
26178,2,0
26179,0,0
26180,1,0
26181,2,0
26182,0,0
26183,1,0
26184,2,0
26185,0,0
26186,1,0
26187,2,0
26188,0,0
26189,1,0
26190,2,0
26191,0,0
26192,1,0
26193,2,0
26194,0,0
26195,1,0
26196,2,0
26197,0,0
26198,1,0
26199,2,0
26200,0,0
26201,1,0
26202,2,0
26203,0,0
26204,1,0
26205,2,0
26206,0,0
26207,1,0
26208,2,0
26209,0,0
26210,1,0
26211,2,0
26212,0,0
26213,1,0
26214,2,0
26215,0,0
26216,1,0
26217,2,0
26218,0,0
26219,1,0
26220,2,0
26221,0,0
26222,1,0
26223,2,0
26224,0,0
26225,1,0
26226,2,0
26227,0,0
26228,1,0
26229,2,0
26230,0,0
26231,1,0
26232,2,0
26233,0,0
26234,1,0
26235,2,0
26236,0,0
26237,1,0
26238,2,0
26239,0,0
26240,1,0
26241,2,0
26242,0,0
26243,1,0
26244,2,0
26245,0,0
26246,1,0
26247,2,0
26248,0,0
26249,1,0
26250,2,0
26251,0,0
26252,1,0
26253,2,0
26254,0,0
26255,1,0
26256,2,0
26257,0,0
26258,1,0
26259,2,0
26260,0,0
26261,1,0
26262,2,0
26263,0,0
26264,1,0
26265,2,0
26266,0,0
26267,1,0
26268,2,0
26269,0,0
26270,1,0
26271,2,0
26272,0,0
26273,1,0
26274,2,0
26275,0,0
26276,1,0
26277,2,0
26278,0,0
26279,1,0
26280,2,0
26281,0,0
26282,1,0
26283,2,0
26284,0,0
26285,1,0
26286,2,0
26287,0,0
26288,1,0
26289,2,0
26290,0,0
26291,1,0
26292,2,0
26293,0,0
26294,1,0
26295,2,0
26296,0,0
26297,1,0
26298,2,0
26299,0,0
26300,1,0
26301,2,0
26302,0,0
26303,1,0
26304,2,0
26305,0,0
26306,1,0
26307,2,0
26308,0,0
26309,1,0
26310,2,0
26311,0,0
26312,1,0
26313,2,0
26314,0,0
26315,1,0
26316,2,0
26317,0,0
26318,1,0
26319,2,0
26320,0,0
26321,1,0
26322,2,0
26323,0,0
26324,1,0
26325,2,0
26326,0,0
26327,1,0
26328,2,0
26329,0,0
26330,1,0
26331,2,0
26332,0,0
26333,1,0
26334,2,0
26335,0,0
26336,1,0
26337,2,0
26338,0,0
26339,1,0
26340,2,0
26341,0,0
26342,1,0
26343,2,0
26344,0,0
26345,1,0
26346,2,0
26347,0,0
26348,1,0
26349,2,0
26350,0,0
26351,1,0
26352,2,0
26353,0,0
26354,1,0
26355,2,0
26356,0,0
26357,1,0
26358,2,0
26359,0,0
26360,1,0
26361,2,0
26362,0,0
26363,1,0
26364,2,0
26365,0,0
26366,1,0
26367,2,0
26368,0,0
26369,1,0
26370,2,0
26371,0,0
26372,1,0
26373,2,0
26374,0,0
26375,1,0
26376,2,0
26377,0,0
26378,1,0
26379,2,0
26380,0,0
26381,1,0
26382,2,0
26383,0,0
26384,1,0
26385,2,0
26386,0,0
26387,1,0
26388,2,0
26389,0,0
26390,1,0
26391,2,0
26392,0,0
26393,1,0
26394,2,0
26395,0,0
26396,1,0
26397,2,0
26398,0,0
26399,1,0
26400,2,0
26401,0,0
26402,1,0
26403,2,0
26404,0,0
26405,1,0
26406,2,0
26407,0,0
26408,1,0
26409,2,0
26410,0,0
26411,1,0
26412,2,0
26413,0,0
26414,1,0
26415,2,0
26416,0,0
26417,1,0
26418,2,0
26419,0,0
26420,1,0
26421,2,0
26422,0,0
26423,1,0
26424,2,0
26425,0,0
26426,1,0
26427,2,0
26428,0,0
26429,1,0
26430,2,0
26431,0,0
26432,1,0
26433,2,0
26434,0,0
26435,1,0
26436,2,0
26437,0,0
26438,1,0
26439,2,0
26440,0,0
26441,1,0
26442,2,0
26443,0,0
26444,1,0
26445,2,0
26446,0,0
26447,1,0
26448,2,0
26449,0,0
26450,1,0
26451,2,0
26452,0,0
26453,1,0
26454,2,0
26455,0,0
26456,1,0
26457,2,0
26458,0,0
26459,1,0
26460,2,0
26461,0,0
26462,1,0
26463,2,0
26464,0,0
26465,1,0
26466,2,0
26467,0,0
26468,1,0
26469,2,0
26470,0,0
26471,1,0
26472,2,0
26473,0,0
26474,1,0
26475,2,0
26476,0,0
26477,1,0
26478,2,0
26479,0,0
26480,1,0
26481,2,0
26482,0,0
26483,1,0
26484,2,0
26485,0,0
26486,1,0
26487,2,0
26488,0,0
26489,1,0
26490,2,0
26491,0,0
26492,1,0
26493,2,0
26494,0,0
26495,1,0
26496,2,0
26497,0,0
26498,1,0
26499,2,0
26500,0,0
26501,1,0
26502,2,0
26503,0,0
26504,1,0
26505,2,0
26506,0,0
26507,1,0
26508,2,0
26509,0,0
26510,1,0
26511,2,0
26512,0,0
26513,1,0
26514,2,0
26515,0,0
26516,1,0
26517,2,0
26518,0,0
26519,1,0
26520,2,0
26521,0,0
26522,1,0
26523,2,0
26524,0,0
26525,1,0
26526,2,0
26527,0,0
26528,1,0
26529,2,0
26530,0,0
26531,1,0
26532,2,0
26533,0,0
26534,1,0
26535,2,0
26536,0,0
26537,1,0
26538,2,0
26539,0,0
26540,1,0
26541,2,0
26542,0,0
26543,1,0
26544,2,0
26545,0,0
26546,1,0
26547,2,0
26548,0,0
26549,1,0
26550,2,0
26551,0,0
26552,1,0
26553,2,0
26554,0,0
26555,1,0
26556,2,0
26557,0,0
26558,1,0
26559,2,0
26560,0,0
26561,1,0
26562,2,0
26563,0,0
26564,1,0
26565,2,0
26566,0,0
26567,1,0
26568,2,0
26569,0,0
26570,1,0
26571,2,0
26572,0,0
26573,1,0
26574,2,0
26575,0,0
26576,1,0
26577,2,0
26578,0,0
26579,1,0
26580,2,0
26581,0,0
26582,1,0
26583,2,0
26584,0,0
26585,1,0
26586,2,0
26587,0,0
26588,1,0
26589,2,0
26590,0,0
26591,1,0
26592,2,0
26593,0,0
26594,1,0
26595,2,0
26596,0,0
26597,1,0
26598,2,0
26599,0,0
26600,1,0
26601,2,0
26602,0,0
26603,1,0
26604,2,0
26605,0,0
26606,1,0
26607,2,0
26608,0,0
26609,1,0
26610,2,0
26611,0,0
26612,1,0
26613,2,0
26614,0,0
26615,1,0
26616,2,0
26617,0,0
26618,1,0
26619,2,0
26620,0,0
26621,1,0
26622,2,0
26623,0,0
26624,1,0
26625,2,0
26626,0,0
26627,1,0
26628,2,0
26629,0,0
26630,1,0
26631,2,0
26632,0,0
26633,1,0
26634,2,0
26635,0,0
26636,1,0
26637,2,0
26638,0,0
26639,1,0
26640,2,0
26641,0,0
26642,1,0
26643,2,0
26644,0,0
26645,1,0
26646,2,0
26647,0,0
26648,1,0
26649,2,0
26650,0,0
26651,1,0
26652,2,0
26653,0,0
26654,1,0
26655,2,0
26656,0,0
26657,1,0
26658,2,0
26659,0,0
26660,1,0
26661,2,0
26662,0,0
26663,1,0
26664,2,0
26665,0,0
26666,1,0
26667,2,0
26668,0,0
26669,1,0
26670,2,0
26671,0,0
26672,1,0
26673,2,0
26674,0,0
26675,1,0
26676,2,0
26677,0,0
26678,1,0
26679,2,0
26680,0,0
26681,1,0
26682,2,0
26683,0,0
26684,1,0
26685,2,0
26686,0,0
26687,1,0
26688,2,0
26689,0,0
26690,1,0
26691,2,0
26692,0,0
26693,1,0
26694,2,0
26695,0,0
26696,1,0
26697,2,0
26698,0,0
26699,1,0
26700,2,0
26701,0,0
26702,1,0
26703,2,0
26704,0,0
26705,1,0
26706,2,0
26707,0,0
26708,1,0
26709,2,0
26710,0,0
26711,1,0
26712,2,0
26713,0,0
26714,1,0
26715,2,0
26716,0,0
26717,1,0
26718,2,0
26719,0,0
26720,1,0
26721,2,0
26722,0,0
26723,1,0
26724,2,0
26725,0,0
26726,1,0
26727,2,0
26728,0,0
26729,1,0
26730,2,0
26731,0,0
26732,1,0
26733,2,0
26734,0,0
26735,1,0
26736,2,0
26737,0,0
26738,1,0
26739,2,0
26740,0,0
26741,1,0
26742,2,0
26743,0,0
26744,1,0
26745,2,0
26746,0,0
26747,1,0
26748,2,0
26749,0,0
26750,1,0
26751,2,0
26752,0,0
26753,1,0
26754,2,0
26755,0,0
26756,1,0
26757,2,0
26758,0,0
26759,1,0
26760,2,0
26761,0,0
26762,1,0
26763,2,0
26764,0,0
26765,1,0
26766,2,0
26767,0,0
26768,1,0
26769,2,0
26770,0,0
26771,1,0
26772,2,0
26773,0,0
26774,1,0
26775,2,0
26776,0,0
26777,1,0
26778,2,0
26779,0,0
26780,1,0
26781,2,0
26782,0,0
26783,1,0
26784,2,0
26785,0,0
26786,1,0
26787,2,0
26788,0,0
26789,1,0
26790,2,0
26791,0,0
26792,1,0
26793,2,0
26794,0,0
26795,1,0
26796,2,0
26797,0,0
26798,1,0
26799,2,0
26800,0,0
26801,1,0
26802,2,0
26803,0,0
26804,1,0
26805,2,0
26806,0,0
26807,1,0
26808,2,0
26809,0,0
26810,1,0
26811,2,0
26812,0,0
26813,1,0
26814,2,0
26815,0,0
26816,1,0
26817,2,0
26818,0,0
26819,1,0
26820,2,0
26821,0,0
26822,1,0
26823,2,0
26824,0,0
26825,1,0
26826,2,0
26827,0,0
26828,1,0
26829,2,0
26830,0,0
26831,1,0
26832,2,0
26833,0,0
26834,1,0
26835,2,0
26836,0,0
26837,1,0
26838,2,0
26839,0,0
26840,1,0
26841,2,0
26842,0,0
26843,1,0
26844,2,0
26845,0,0
26846,1,0
26847,2,0
26848,0,0
26849,1,0
26850,2,0
26851,0,0
26852,1,0
26853,2,0
26854,0,0
26855,1,0
26856,2,0
26857,0,0
26858,1,0
26859,2,0
26860,0,0
26861,1,0
26862,2,0
26863,0,0
26864,1,0
26865,2,0
26866,0,0
26867,1,0
26868,2,0
26869,0,0
26870,1,0
26871,2,0
26872,0,0
26873,1,0
26874,2,0
26875,0,0
26876,1,0
26877,2,0
26878,0,0
26879,1,0
26880,2,0
26881,0,0
26882,1,0
26883,2,0
26884,0,0
26885,1,0
26886,2,0
26887,0,0
26888,1,0
26889,2,0
26890,0,0
26891,1,0
26892,2,0
26893,0,0
26894,1,0
26895,2,0
26896,0,0
26897,1,0
26898,2,0
26899,0,0
26900,1,0
26901,2,0
26902,0,0
26903,1,0
26904,2,0
26905,0,0
26906,1,0
26907,2,0
26908,0,0
26909,1,0
26910,2,0
26911,0,0
26912,1,0
26913,2,0
26914,0,0
26915,1,0
26916,2,0
26917,0,0
26918,1,0
26919,2,0
26920,0,0
26921,1,0
26922,2,0
26923,0,0
26924,1,0
26925,2,0
26926,0,0
26927,1,0
26928,2,0
26929,0,0
26930,1,0
26931,2,0
26932,0,0
26933,1,0
26934,2,0
26935,0,0
26936,1,0
26937,2,0
26938,0,0
26939,1,0
26940,2,0
26941,0,0
26942,1,0
26943,2,0
26944,0,0
26945,1,0
26946,2,0
26947,0,0
26948,1,0
26949,2,0
26950,0,0
26951,1,0
26952,2,0
26953,0,0
26954,1,0
26955,2,0
26956,0,0
26957,1,0
26958,2,0
26959,0,0
26960,1,0
26961,2,0
26962,0,0
26963,1,0
26964,2,0
26965,0,0
26966,1,0
26967,2,0
26968,0,0
26969,1,0
26970,2,0
26971,0,0
26972,1,0
26973,2,0
26974,0,0
26975,1,0
26976,2,0
26977,0,0
26978,1,0
26979,2,0
26980,0,0
26981,1,0
26982,2,0
26983,0,0
26984,1,0
26985,2,0
26986,0,0
26987,1,0
26988,2,0
26989,0,0
26990,1,0
26991,2,0
26992,0,0
26993,1,0
26994,2,0
26995,0,0
26996,1,0
26997,2,0
26998,0,0
26999,1,0
27000,2,0
27001,0,0
27002,1,0
27003,2,0
27004,0,0
27005,1,0
27006,2,0
27007,0,0
27008,1,0
27009,2,0
27010,0,0
27011,1,0
27012,2,0
27013,0,0
27014,1,0
27015,2,0
27016,0,0
27017,1,0
27018,2,0
27019,0,0
27020,1,0
27021,2,0
27022,0,0
27023,1,0
27024,2,0
27025,0,0
27026,1,0
27027,2,0
27028,0,0
27029,1,0
27030,2,0
27031,0,0
27032,1,0
27033,2,0
27034,0,0
27035,1,0
27036,2,0
27037,0,0
27038,1,0
27039,2,0
27040,0,0
27041,1,0
27042,2,0
27043,0,0
27044,1,0
27045,2,0
27046,0,0
27047,1,0
27048,2,0
27049,0,0
27050,1,0
27051,2,0
27052,0,0
27053,1,0
27054,2,0
27055,0,0
27056,1,0
27057,2,0
27058,0,0
27059,1,0
27060,2,0
27061,0,0
27062,1,0
27063,2,0
27064,0,0
27065,1,0
27066,2,0
27067,0,0
27068,1,0
27069,2,0
27070,0,0
27071,1,0
27072,2,0
27073,0,0
27074,1,0
27075,2,0
27076,0,0
27077,1,0
27078,2,0
27079,0,0
27080,1,0
27081,2,0
27082,0,0
27083,1,0
27084,2,0
27085,0,0
27086,1,0
27087,2,0
27088,0,0
27089,1,0
27090,2,0
27091,0,0
27092,1,0
27093,2,0
27094,0,0
27095,1,0
27096,2,0
27097,0,0
27098,1,0
27099,2,0
27100,0,0
27101,1,0
27102,2,0
27103,0,0
27104,1,0
27105,2,0
27106,0,0
27107,1,0
27108,2,0
27109,0,0
27110,1,0
27111,2,0
27112,0,0
27113,1,0
27114,2,0
27115,0,0
27116,1,0
27117,2,0
27118,0,0
27119,1,0
27120,2,0
27121,0,0
27122,1,0
27123,2,0
27124,0,0
27125,1,0
27126,2,0
27127,0,0
27128,1,0
27129,2,0
27130,0,0
27131,1,0
27132,2,0
27133,0,0
27134,1,0
27135,2,0
27136,0,0
27137,1,0
27138,2,0
27139,0,0
27140,1,0
27141,2,0
27142,0,0
27143,1,0
27144,2,0
27145,0,0
27146,1,0
27147,2,0
27148,0,0
27149,1,0
27150,2,0
27151,0,0
27152,1,0
27153,2,0
27154,0,0
27155,1,0
27156,2,0
27157,0,0
27158,1,0
27159,2,0
27160,0,0
27161,1,0
27162,2,0
27163,0,0
27164,1,0
27165,2,0
27166,0,0
27167,1,0
27168,2,0
27169,0,0
27170,1,0
27171,2,0
27172,0,0
27173,1,0
27174,2,0
27175,0,0
27176,1,0
27177,2,0
27178,0,0
27179,1,0
27180,2,0
27181,0,0
27182,1,0
27183,2,0
27184,0,0
27185,1,0
27186,2,0
27187,0,0
27188,1,0
27189,2,0
27190,0,0
27191,1,0
27192,2,0
27193,0,0
27194,1,0
27195,2,0
27196,0,0
27197,1,0
27198,2,0
27199,0,0
27200,1,0
27201,2,0
27202,0,0
27203,1,0
27204,2,0
27205,0,0
27206,1,0
27207,2,0
27208,0,0
27209,1,0
27210,2,0
27211,0,0
27212,1,0
27213,2,0
27214,0,0
27215,1,0
27216,2,0
27217,0,0
27218,1,0
27219,2,0
27220,0,0
27221,1,0
27222,2,0
27223,0,0
27224,1,0
27225,2,0
27226,0,0
27227,1,0
27228,2,0
27229,0,0
27230,1,0
27231,2,0
27232,0,0
27233,1,0
27234,2,0
27235,0,0
27236,1,0
27237,2,0
27238,0,0
27239,1,0
27240,2,0
27241,0,0
27242,1,0
27243,2,0
27244,0,0
27245,1,0
27246,2,0
27247,0,0
27248,1,0
27249,2,0
27250,0,0
27251,1,0
27252,2,0
27253,0,0
27254,1,0
27255,2,0
27256,0,0
27257,1,0
27258,2,0
27259,0,0
27260,1,0
27261,2,0
27262,0,0
27263,1,0
27264,2,0
27265,0,0
27266,1,0
27267,2,0
27268,0,0
27269,1,0
27270,2,0
27271,0,0
27272,1,0
27273,2,0
27274,0,0
27275,1,0
27276,2,0
27277,0,0
27278,1,0
27279,2,0
27280,0,0
27281,1,0
27282,2,0
27283,0,0
27284,1,0
27285,2,0
27286,0,0
27287,1,0
27288,2,0
27289,0,0
27290,1,0
27291,2,0
27292,0,0
27293,1,0
27294,2,0
27295,0,0
27296,1,0
27297,2,0
27298,0,0
27299,1,0
27300,2,0
27301,0,0
27302,1,0
27303,2,0
27304,0,0
27305,1,0
27306,2,0
27307,0,0
27308,1,0
27309,2,0
27310,0,0
27311,1,0
27312,2,0
27313,0,0
27314,1,0
27315,2,0
27316,0,0
27317,1,0
27318,2,0
27319,0,0
27320,1,0
27321,2,0
27322,0,0
27323,1,0
27324,2,0
27325,0,0
27326,1,0
27327,2,0
27328,0,0
27329,1,0
27330,2,0
27331,0,0
27332,1,0
27333,2,0
27334,0,0
27335,1,0
27336,2,0
27337,0,0
27338,1,0
27339,2,0
27340,0,0
27341,1,0
27342,2,0
27343,0,0
27344,1,0
27345,2,0
27346,0,0
27347,1,0
27348,2,0
27349,0,0
27350,1,0
27351,2,0
27352,0,0
27353,1,0
27354,2,0
27355,0,0
27356,1,0
27357,2,0
27358,0,0
27359,1,0
27360,2,0
27361,0,0
27362,1,0
27363,2,0
27364,0,0
27365,1,0
27366,2,0
27367,0,0
27368,1,0
27369,2,0
27370,0,0
27371,1,0
27372,2,0
27373,0,0
27374,1,0
27375,2,0
27376,0,0
27377,1,0
27378,2,0
27379,0,0
27380,1,0
27381,2,0
27382,0,0
27383,1,0
27384,2,0
27385,0,0
27386,1,0
27387,2,0
27388,0,0
27389,1,0
27390,2,0
27391,0,0
27392,1,0
27393,2,0
27394,0,0
27395,1,0
27396,2,0
27397,0,0
27398,1,0
27399,2,0
27400,0,0
27401,1,0
27402,2,0
27403,0,0
27404,1,0
27405,2,0
27406,0,0
27407,1,0
27408,2,0
27409,0,0
27410,1,0
27411,2,0
27412,0,0
27413,1,0
27414,2,0
27415,0,0
27416,1,0
27417,2,0
27418,0,0
27419,1,0
27420,2,0
27421,0,0
27422,1,0
27423,2,0
27424,0,0
27425,1,0
27426,2,0
27427,0,0
27428,1,0
27429,2,0
27430,0,0
27431,1,0
27432,2,0
27433,0,0
27434,1,0
27435,2,0
27436,0,0
27437,1,0
27438,2,0
27439,0,0
27440,1,0
27441,2,0
27442,0,0
27443,1,0
27444,2,0
27445,0,0
27446,1,0
27447,2,0
27448,0,0
27449,1,0
27450,2,0
27451,0,0
27452,1,0
27453,2,0
27454,0,0
27455,1,0
27456,2,0
27457,0,0
27458,1,0
27459,2,0
27460,0,0
27461,1,0
27462,2,0
27463,0,0
27464,1,0
27465,2,0
27466,0,0
27467,1,0
27468,2,0
27469,0,0
27470,1,0
27471,2,0
27472,0,0
27473,1,0
27474,2,0
27475,0,0
27476,1,0
27477,2,0
27478,0,0
27479,1,0
27480,2,0
27481,0,0
27482,1,0
27483,2,0
27484,0,0
27485,1,0
27486,2,0
27487,0,0
27488,1,0
27489,2,0
27490,0,0
27491,1,0
27492,2,0
27493,0,0
27494,1,0
27495,2,0
27496,0,0
27497,1,0
27498,2,0
27499,0,0
27500,1,0
27501,2,0
27502,0,0
27503,1,0
27504,2,0
27505,0,0
27506,1,0
27507,2,0
27508,0,0
27509,1,0
27510,2,0
27511,0,0
27512,1,0
27513,2,0
27514,0,0
27515,1,0
27516,2,0
27517,0,0
27518,1,0
27519,2,0
27520,0,0
27521,1,0
27522,2,0
27523,0,0
27524,1,0
27525,2,0
27526,0,0
27527,1,0
27528,2,0
27529,0,0
27530,1,0
27531,2,0
27532,0,0
27533,1,0
27534,2,0
27535,0,0
27536,1,0
27537,2,0
27538,0,0
27539,1,0
27540,2,0
27541,0,0
27542,1,0
27543,2,0
27544,0,0
27545,1,0
27546,2,0
27547,0,0
27548,1,0
27549,2,0
27550,0,0
27551,1,0
27552,2,0
27553,0,0
27554,1,0
27555,2,0
27556,0,0
27557,1,0
27558,2,0
27559,0,0
27560,1,0
27561,2,0
27562,0,0
27563,1,0
27564,2,0
27565,0,0
27566,1,0
27567,2,0
27568,0,0
27569,1,0
27570,2,0
27571,0,0
27572,1,0
27573,2,0
27574,0,0
27575,1,0
27576,2,0
27577,0,0
27578,1,0
27579,2,0
27580,0,0
27581,1,0
27582,2,0
27583,0,0
27584,1,0
27585,2,0
27586,0,0
27587,1,0
27588,2,0
27589,0,0
27590,1,0
27591,2,0
27592,0,0
27593,1,0
27594,2,0
27595,0,0
27596,1,0
27597,2,0
27598,0,0
27599,1,0
27600,2,0
27601,0,0
27602,1,0
27603,2,0
27604,0,0
27605,1,0
27606,2,0
27607,0,0
27608,1,0
27609,2,0
27610,0,0
27611,1,0
27612,2,0
27613,0,0
27614,1,0
27615,2,0
27616,0,0
27617,1,0
27618,2,0
27619,0,0
27620,1,0
27621,2,0
27622,0,0
27623,1,0
27624,2,0
27625,0,0
27626,1,0
27627,2,0
27628,0,0
27629,1,0
27630,2,0
27631,0,0
27632,1,0
27633,2,0
27634,0,0
27635,1,0
27636,2,0
27637,0,0
27638,1,0
27639,2,0
27640,0,0
27641,1,0
27642,2,0
27643,0,0
27644,1,0
27645,2,0
27646,0,0
27647,1,0
27648,2,0
27649,0,0
27650,1,0
27651,2,0
27652,0,0
27653,1,0
27654,2,0
27655,0,0
27656,1,0
27657,2,0
27658,0,0
27659,1,0
27660,2,0
27661,0,0
27662,1,0
27663,2,0
27664,0,0
27665,1,0
27666,2,0
27667,0,0
27668,1,0
27669,2,0
27670,0,0
27671,1,0
27672,2,0
27673,0,0
27674,1,0
27675,2,0
27676,0,0
27677,1,0
27678,2,0
27679,0,0
27680,1,0
27681,2,0
27682,0,0
27683,1,0
27684,2,0
27685,0,0
27686,1,0
27687,2,0
27688,0,0
27689,1,0
27690,2,0
27691,0,0
27692,1,0
27693,2,0
27694,0,0
27695,1,0
27696,2,0
27697,0,0
27698,1,0
27699,2,0
27700,0,0
27701,1,0
27702,2,0
27703,0,0
27704,1,0
27705,2,0
27706,0,0
27707,1,0
27708,2,0
27709,0,0
27710,1,0
27711,2,0
27712,0,0
27713,1,0
27714,2,0
27715,0,0
27716,1,0
27717,2,0
27718,0,0
27719,1,0
27720,2,0
27721,0,0
27722,1,0
27723,2,0
27724,0,0
27725,1,0
27726,2,0
27727,0,0
27728,1,0
27729,2,0
27730,0,0
27731,1,0
27732,2,0
27733,0,0
27734,1,0
27735,2,0
27736,0,0
27737,1,0
27738,2,0
27739,0,0
27740,1,0
27741,2,0
27742,0,0
27743,1,0
27744,2,0
27745,0,0
27746,1,0
27747,2,0
27748,0,0
27749,1,0
27750,2,0
27751,0,0
27752,1,0
27753,2,0
27754,0,0
27755,1,0
27756,2,0
27757,0,0
27758,1,0
27759,2,0
27760,0,0
27761,1,0
27762,2,0
27763,0,0
27764,1,0
27765,2,0
27766,0,0
27767,1,0
27768,2,0
27769,0,0
27770,1,0
27771,2,0
27772,0,0
27773,1,0
27774,2,0
27775,0,0
27776,1,0
27777,2,0
27778,0,0
27779,1,0
27780,2,0
27781,0,0
27782,1,0
27783,2,0
27784,0,0
27785,1,0
27786,2,0
27787,0,0
27788,1,0
27789,2,0
27790,0,0
27791,1,0
27792,2,0
27793,0,0
27794,1,0
27795,2,0
27796,0,0
27797,1,0
27798,2,0
27799,0,0
27800,1,0
27801,2,0
27802,0,0
27803,1,0
27804,2,0
27805,0,0
27806,1,0
27807,2,0
27808,0,0
27809,1,0
27810,2,0
27811,0,0
27812,1,0
27813,2,0
27814,0,0
27815,1,0
27816,2,0
27817,0,0
27818,1,0
27819,2,0
27820,0,0
27821,1,0
27822,2,0
27823,0,0
27824,1,0
27825,2,0
27826,0,0
27827,1,0
27828,2,0
27829,0,0
27830,1,0
27831,2,0
27832,0,0
27833,1,0
27834,2,0
27835,0,0
27836,1,0
27837,2,0
27838,0,0
27839,1,0
27840,2,0
27841,0,0
27842,1,0
27843,2,0
27844,0,0
27845,1,0
27846,2,0
27847,0,0
27848,1,0
27849,2,0
27850,0,0
27851,1,0
27852,2,0
27853,0,0
27854,1,0
27855,2,0
27856,0,0
27857,1,0
27858,2,0
27859,0,0
27860,1,0
27861,2,0
27862,0,0
27863,1,0
27864,2,0
27865,0,0
27866,1,0
27867,2,0
27868,0,0
27869,1,0
27870,2,0
27871,0,0
27872,1,0
27873,2,0
27874,0,0
27875,1,0
27876,2,0
27877,0,0
27878,1,0
27879,2,0
27880,0,0
27881,1,0
27882,2,0
27883,0,0
27884,1,0
27885,2,0
27886,0,0
27887,1,0
27888,2,0
27889,0,0
27890,1,0
27891,2,0
27892,0,0
27893,1,0
27894,2,0
27895,0,0
27896,1,0
27897,2,0
27898,0,0
27899,1,0
27900,2,0
27901,0,0
27902,1,0
27903,2,0
27904,0,0
27905,1,0
27906,2,0
27907,0,0
27908,1,0
27909,2,0
27910,0,0
27911,1,0
27912,2,0
27913,0,0
27914,1,0
27915,2,0
27916,0,0
27917,1,0
27918,2,0
27919,0,0
27920,1,0
27921,2,0
27922,0,0
27923,1,0
27924,2,0
27925,0,0
27926,1,0
27927,2,0
27928,0,0
27929,1,0
27930,2,0
27931,0,0
27932,1,0
27933,2,0
27934,0,0
27935,1,0
27936,2,0
27937,0,0
27938,1,0
27939,2,0
27940,0,0
27941,1,0
27942,2,0
27943,0,0
27944,1,0
27945,2,0
27946,0,0
27947,1,0
27948,2,0
27949,0,0
27950,1,0
27951,2,0
27952,0,0
27953,1,0
27954,2,0
27955,0,0
27956,1,0
27957,2,0
27958,0,0
27959,1,0
27960,2,0
27961,0,0
27962,1,0
27963,2,0
27964,0,0
27965,1,0
27966,2,0
27967,0,0
27968,1,0
27969,2,0
27970,0,0
27971,1,0
27972,2,0
27973,0,0
27974,1,0
27975,2,0
27976,0,0
27977,1,0
27978,2,0
27979,0,0
27980,1,0
27981,2,0
27982,0,0
27983,1,0
27984,2,0
27985,0,0
27986,1,0
27987,2,0
27988,0,0
27989,1,0
27990,2,0
27991,0,0
27992,1,0
27993,2,0
27994,0,0
27995,1,0
27996,2,0
27997,0,0
27998,1,0
27999,2,0
28000,0,0
28001,1,0
28002,2,0
28003,0,0
28004,1,0
28005,2,0
28006,0,0
28007,1,0
28008,2,0
28009,0,0
28010,1,0
28011,2,0
28012,0,0
28013,1,0
28014,2,0
28015,0,0
28016,1,0
28017,2,0
28018,0,0
28019,1,0
28020,2,0
28021,0,0
28022,1,0
28023,2,0
28024,0,0
28025,1,0
28026,2,0
28027,0,0
28028,1,0
28029,2,0
28030,0,0
28031,1,0
28032,2,0
28033,0,0
28034,1,0
28035,2,0
28036,0,0
28037,1,0
28038,2,0
28039,0,0
28040,1,0
28041,2,0
28042,0,0
28043,1,0
28044,2,0
28045,0,0
28046,1,0
28047,2,0
28048,0,0
28049,1,0
28050,2,0
28051,0,0
28052,1,0
28053,2,0
28054,0,0
28055,1,0
28056,2,0
28057,0,0
28058,1,0
28059,2,0
28060,0,0
28061,1,0
28062,2,0
28063,0,0
28064,1,0
28065,2,0
28066,0,0
28067,1,0
28068,2,0
28069,0,0
28070,1,0
28071,2,0
28072,0,0
28073,1,0
28074,2,0
28075,0,0
28076,1,0
28077,2,0
28078,0,0
28079,1,0
28080,2,0
28081,0,0
28082,1,0
28083,2,0
28084,0,0
28085,1,0
28086,2,0
28087,0,0
28088,1,0
28089,2,0
28090,0,0
28091,1,0
28092,2,0
28093,0,0
28094,1,0
28095,2,0
28096,0,0
28097,1,0
28098,2,0
28099,0,0
28100,1,0
28101,2,0
28102,0,0
28103,1,0
28104,2,0
28105,0,0
28106,1,0
28107,2,0
28108,0,0
28109,1,0
28110,2,0
28111,0,0
28112,1,0
28113,2,0
28114,0,0
28115,1,0
28116,2,0
28117,0,0
28118,1,0
28119,2,0
28120,0,0
28121,1,0
28122,2,0
28123,0,0
28124,1,0
28125,2,0
28126,0,0
28127,1,0
28128,2,0
28129,0,0
28130,1,0
28131,2,0
28132,0,0
28133,1,0
28134,2,0
28135,0,0
28136,1,0
28137,2,0
28138,0,0
28139,1,0
28140,2,0
28141,0,0
28142,1,0
28143,2,0
28144,0,0
28145,1,0
28146,2,0
28147,0,0
28148,1,0
28149,2,0
28150,0,0
28151,1,0
28152,2,0
28153,0,0
28154,1,0
28155,2,0
28156,0,0
28157,1,0
28158,2,0
28159,0,0
28160,1,0
28161,2,0
28162,0,0
28163,1,0
28164,2,0
28165,0,0
28166,1,0
28167,2,0
28168,0,0
28169,1,0
28170,2,0
28171,0,0
28172,1,0
28173,2,0
28174,0,0
28175,1,0
28176,2,0
28177,0,0
28178,1,0
28179,2,0
28180,0,0
28181,1,0
28182,2,0
28183,0,0
28184,1,0
28185,2,0
28186,0,0
28187,1,0
28188,2,0
28189,0,0
28190,1,0
28191,2,0
28192,0,0
28193,1,0
28194,2,0
28195,0,0
28196,1,0
28197,2,0
28198,0,0
28199,1,0
28200,2,0
28201,0,0
28202,1,0
28203,2,0
28204,0,0
28205,1,0
28206,2,0
28207,0,0
28208,1,0
28209,2,0
28210,0,0
28211,1,0
28212,2,0
28213,0,0
28214,1,0
28215,2,0
28216,0,0
28217,1,0
28218,2,0
28219,0,0
28220,1,0
28221,2,0
28222,0,0
28223,1,0
28224,2,0
28225,0,0
28226,1,0
28227,2,0
28228,0,0
28229,1,0
28230,2,0
28231,0,0
28232,1,0
28233,2,0
28234,0,0
28235,1,0
28236,2,0
28237,0,0
28238,1,0
28239,2,0
28240,0,0
28241,1,0
28242,2,0
28243,0,0
28244,1,0
28245,2,0
28246,0,0
28247,1,0
28248,2,0
28249,0,0
28250,1,0
28251,2,0
28252,0,0
28253,1,0
28254,2,0
28255,0,0
28256,1,0
28257,2,0
28258,0,0
28259,1,0
28260,2,0
28261,0,0
28262,1,0
28263,2,0
28264,0,0
28265,1,0
28266,2,0
28267,0,0
28268,1,0
28269,2,0
28270,0,0
28271,1,0
28272,2,0
28273,0,0
28274,1,0
28275,2,0
28276,0,0
28277,1,0
28278,2,0
28279,0,0
28280,1,0
28281,2,0
28282,0,0
28283,1,0
28284,2,0
28285,0,0
28286,1,0
28287,2,0
28288,0,0
28289,1,0
28290,2,0
28291,0,0
28292,1,0
28293,2,0
28294,0,0
28295,1,0
28296,2,0
28297,0,0
28298,1,0
28299,2,0
28300,0,0
28301,1,0
28302,2,0
28303,0,0
28304,1,0
28305,2,0
28306,0,0
28307,1,0
28308,2,0
28309,0,0
28310,1,0
28311,2,0
28312,0,0
28313,1,0
28314,2,0
28315,0,0
28316,1,0
28317,2,0
28318,0,0
28319,1,0
28320,2,0
28321,0,0
28322,1,0
28323,2,0
28324,0,0
28325,1,0
28326,2,0
28327,0,0
28328,1,0
28329,2,0
28330,0,0
28331,1,0
28332,2,0
28333,0,0
28334,1,0
28335,2,0
28336,0,0
28337,1,0
28338,2,0
28339,0,0
28340,1,0
28341,2,0
28342,0,0
28343,1,0
28344,2,0
28345,0,0
28346,1,0
28347,2,0
28348,0,0
28349,1,0
28350,2,0
28351,0,0
28352,1,0
28353,2,0
28354,0,0
28355,1,0
28356,2,0
28357,0,0
28358,1,0
28359,2,0
28360,0,0
28361,1,0
28362,2,0
28363,0,0
28364,1,0
28365,2,0
28366,0,0
28367,1,0
28368,2,0
28369,0,0
28370,1,0
28371,2,0
28372,0,0
28373,1,0
28374,2,0
28375,0,0
28376,1,0
28377,2,0
28378,0,0
28379,1,0
28380,2,0
28381,0,0
28382,1,0
28383,2,0
28384,0,0
28385,1,0
28386,2,0
28387,0,0
28388,1,0
28389,2,0
28390,0,0
28391,1,0
28392,2,0
28393,0,0
28394,1,0
28395,2,0
28396,0,0
28397,1,0
28398,2,0
28399,0,0
28400,1,0
28401,2,0
28402,0,0
28403,1,0
28404,2,0
28405,0,0
28406,1,0
28407,2,0
28408,0,0
28409,1,0
28410,2,0
28411,0,0
28412,1,0
28413,2,0
28414,0,0
28415,1,0
28416,2,0
28417,0,0
28418,1,0
28419,2,0
28420,0,0
28421,1,0
28422,2,0
28423,0,0
28424,1,0
28425,2,0
28426,0,0
28427,1,0
28428,2,0
28429,0,0
28430,1,0
28431,2,0
28432,0,0
28433,1,0
28434,2,0
28435,0,0
28436,1,0
28437,2,0
28438,0,0
28439,1,0
28440,2,0
28441,0,0
28442,1,0
28443,2,0
28444,0,0
28445,1,0
28446,2,0
28447,0,0
28448,1,0
28449,2,0
28450,0,0
28451,1,0
28452,2,0
28453,0,0
28454,1,0
28455,2,0
28456,0,0
28457,1,0
28458,2,0
28459,0,0
28460,1,0
28461,2,0
28462,0,0
28463,1,0
28464,2,0
28465,0,0
28466,1,0
28467,2,0
28468,0,0
28469,1,0
28470,2,0
28471,0,0
28472,1,0
28473,2,0
28474,0,0
28475,1,0
28476,2,0
28477,0,0
28478,1,0
28479,2,0
28480,0,0
28481,1,0
28482,2,0
28483,0,0
28484,1,0
28485,2,0
28486,0,0
28487,1,0
28488,2,0
28489,0,0
28490,1,0
28491,2,0
28492,0,0
28493,1,0
28494,2,0
28495,0,0
28496,1,0
28497,2,0
28498,0,0
28499,1,0
28500,2,0
28501,0,0
28502,1,0
28503,2,0
28504,0,0
28505,1,0
28506,2,0
28507,0,0
28508,1,0
28509,2,0
28510,0,0
28511,1,0
28512,2,0
28513,0,0
28514,1,0
28515,2,0
28516,0,0
28517,1,0
28518,2,0
28519,0,0
28520,1,0
28521,2,0
28522,0,0
28523,1,0
28524,2,0
28525,0,0
28526,1,0
28527,2,0
28528,0,0
28529,1,0
28530,2,0
28531,0,0
28532,1,0
28533,2,0
28534,0,0
28535,1,0
28536,2,0
28537,0,0
28538,1,0
28539,2,0
28540,0,0
28541,1,0
28542,2,0
28543,0,0
28544,1,0
28545,2,0
28546,0,0
28547,1,0
28548,2,0
28549,0,0
28550,1,0
28551,2,0
28552,0,0
28553,1,0
28554,2,0
28555,0,0
28556,1,0
28557,2,0
28558,0,0
28559,1,0
28560,2,0
28561,0,0
28562,1,0
28563,2,0
28564,0,0
28565,1,0
28566,2,0
28567,0,0
28568,1,0
28569,2,0
28570,0,0
28571,1,0
28572,2,0
28573,0,0
28574,1,0
28575,2,0
28576,0,0
28577,1,0
28578,2,0
28579,0,0
28580,1,0
28581,2,0
28582,0,0
28583,1,0
28584,2,0
28585,0,0
28586,1,0
28587,2,0
28588,0,0
28589,1,0
28590,2,0
28591,0,0
28592,1,0
28593,2,0
28594,0,0
28595,1,0
28596,2,0
28597,0,0
28598,1,0
28599,2,0
28600,0,0
28601,1,0
28602,2,0
28603,0,0
28604,1,0
28605,2,0
28606,0,0
28607,1,0
28608,2,0
28609,0,0
28610,1,0
28611,2,0
28612,0,0
28613,1,0
28614,2,0
28615,0,0
28616,1,0
28617,2,0
28618,0,0
28619,1,0
28620,2,0
28621,0,0
28622,1,0
28623,2,0
28624,0,0
28625,1,0
28626,2,0
28627,0,0
28628,1,0
28629,2,0
28630,0,0
28631,1,0
28632,2,0
28633,0,0
28634,1,0
28635,2,0
28636,0,0
28637,1,0
28638,2,0
28639,0,0
28640,1,0
28641,2,0
28642,0,0
28643,1,0
28644,2,0
28645,0,0
28646,1,0
28647,2,0
28648,0,0
28649,1,0
28650,2,0
28651,0,0
28652,1,0
28653,2,0
28654,0,0
28655,1,0
28656,2,0
28657,0,0
28658,1,0
28659,2,0
28660,0,0
28661,1,0
28662,2,0
28663,0,0
28664,1,0
28665,2,0
28666,0,0
28667,1,0
28668,2,0
28669,0,0
28670,1,0
28671,2,0
28672,0,0
28673,1,0
28674,2,0
28675,0,0
28676,1,0
28677,2,0
28678,0,0
28679,1,0
28680,2,0
28681,0,0
28682,1,0
28683,2,0
28684,0,0
28685,1,0
28686,2,0
28687,0,0
28688,1,0
28689,2,0
28690,0,0
28691,1,0
28692,2,0
28693,0,0
28694,1,0
28695,2,0
28696,0,0
28697,1,0
28698,2,0
28699,0,0
28700,1,0
28701,2,0
28702,0,0
28703,1,0
28704,2,0
28705,0,0
28706,1,0
28707,2,0
28708,0,0
28709,1,0
28710,2,0
28711,0,0
28712,1,0
28713,2,0
28714,0,0
28715,1,0
28716,2,0
28717,0,0
28718,1,0
28719,2,0
28720,0,0
28721,1,0
28722,2,0
28723,0,0
28724,1,0
28725,2,0
28726,0,0
28727,1,0
28728,2,0
28729,0,0
28730,1,0
28731,2,0
28732,0,0
28733,1,0
28734,2,0
28735,0,0
28736,1,0
28737,2,0
28738,0,0
28739,1,0
28740,2,0
28741,0,0
28742,1,0
28743,2,0
28744,0,0
28745,1,0
28746,2,0
28747,0,0
28748,1,0
28749,2,0
28750,0,0
28751,1,0
28752,2,0
28753,0,0
28754,1,0
28755,2,0
28756,0,0
28757,1,0
28758,2,0
28759,0,0
28760,1,0
28761,2,0
28762,0,0
28763,1,0
28764,2,0
28765,0,0
28766,1,0
28767,2,0
28768,0,0
28769,1,0
28770,2,0
28771,0,0
28772,1,0
28773,2,0
28774,0,0
28775,1,0
28776,2,0
28777,0,0
28778,1,0
28779,2,0
28780,0,0
28781,1,0
28782,2,0
28783,0,0
28784,1,0
28785,2,0
28786,0,0
28787,1,0
28788,2,0
28789,0,0
28790,1,0
28791,2,0
28792,0,0
28793,1,0
28794,2,0
28795,0,0
28796,1,0
28797,2,0
28798,0,0
28799,1,0
28800,2,0
28801,0,0
28802,1,0
28803,2,0
28804,0,0
28805,1,0
28806,2,0
28807,0,0
28808,1,0
28809,2,0
28810,0,0
28811,1,0
28812,2,0
28813,0,0
28814,1,0
28815,2,0
28816,0,0
28817,1,0
28818,2,0
28819,0,0
28820,1,0
28821,2,0
28822,0,0
28823,1,0
28824,2,0
28825,0,0
28826,1,0
28827,2,0
28828,0,0
28829,1,0
28830,2,0
28831,0,0
28832,1,0
28833,2,0
28834,0,0
28835,1,0
28836,2,0
28837,0,0
28838,1,0
28839,2,0
28840,0,0
28841,1,0
28842,2,0
28843,0,0
28844,1,0
28845,2,0
28846,0,0
28847,1,0
28848,2,0
28849,0,0
28850,1,0
28851,2,0
28852,0,0
28853,1,0
28854,2,0
28855,0,0
28856,1,0
28857,2,0
28858,0,0
28859,1,0
28860,2,0
28861,0,0
28862,1,0
28863,2,0
28864,0,0
28865,1,0
28866,2,0
28867,0,0
28868,1,0
28869,2,0
28870,0,0
28871,1,0
28872,2,0
28873,0,0
28874,1,0
28875,2,0
28876,0,0
28877,1,0
28878,2,0
28879,0,0
28880,1,0
28881,2,0
28882,0,0
28883,1,0
28884,2,0
28885,0,0
28886,1,0
28887,2,0
28888,0,0
28889,1,0
28890,2,0
28891,0,0
28892,1,0
28893,2,0
28894,0,0
28895,1,0
28896,2,0
28897,0,0
28898,1,0
28899,2,0
28900,0,0
28901,1,0
28902,2,0
28903,0,0
28904,1,0
28905,2,0
28906,0,0
28907,1,0
28908,2,0
28909,0,0
28910,1,0
28911,2,0
28912,0,0
28913,1,0
28914,2,0
28915,0,0
28916,1,0
28917,2,0
28918,0,0
28919,1,0
28920,2,0
28921,0,0
28922,1,0
28923,2,0
28924,0,0
28925,1,0
28926,2,0
28927,0,0
28928,1,0
28929,2,0
28930,0,0
28931,1,0
28932,2,0
28933,0,0
28934,1,0
28935,2,0
28936,0,0
28937,1,0
28938,2,0
28939,0,0
28940,1,0
28941,2,0
28942,0,0
28943,1,0
28944,2,0
28945,0,0
28946,1,0
28947,2,0
28948,0,0
28949,1,0
28950,2,0
28951,0,0
28952,1,0
28953,2,0
28954,0,0
28955,1,0
28956,2,0
28957,0,0
28958,1,0
28959,2,0
28960,0,0
28961,1,0
28962,2,0
28963,0,0
28964,1,0
28965,2,0
28966,0,0
28967,1,0
28968,2,0
28969,0,0
28970,1,0
28971,2,0
28972,0,0
28973,1,0
28974,2,0
28975,0,0
28976,1,0
28977,2,0
28978,0,0
28979,1,0
28980,2,0
28981,0,0
28982,1,0
28983,2,0
28984,0,0
28985,1,0
28986,2,0
28987,0,0
28988,1,0
28989,2,0
28990,0,0
28991,1,0
28992,2,0
28993,0,0
28994,1,0
28995,2,0
28996,0,0
28997,1,0
28998,2,0
28999,0,0
29000,1,0
29001,2,0
29002,0,0
29003,1,0
29004,2,0
29005,0,0
29006,1,0
29007,2,0
29008,0,0
29009,1,0
29010,2,0
29011,0,0
29012,1,0
29013,2,0
29014,0,0
29015,1,0
29016,2,0
29017,0,0
29018,1,0
29019,2,0
29020,0,0
29021,1,0
29022,2,0
29023,0,0
29024,1,0
29025,2,0
29026,0,0
29027,1,0
29028,2,0
29029,0,0
29030,1,0
29031,2,0
29032,0,0
29033,1,0
29034,2,0
29035,0,0
29036,1,0
29037,2,0
29038,0,0
29039,1,0
29040,2,0
29041,0,0
29042,1,0
29043,2,0
29044,0,0
29045,1,0
29046,2,0
29047,0,0
29048,1,0
29049,2,0
29050,0,0
29051,1,0
29052,2,0
29053,0,0
29054,1,0
29055,2,0
29056,0,0
29057,1,0
29058,2,0
29059,0,0
29060,1,0
29061,2,0
29062,0,0
29063,1,0
29064,2,0
29065,0,0
29066,1,0
29067,2,0
29068,0,0
29069,1,0
29070,2,0
29071,0,0
29072,1,0
29073,2,0
29074,0,0
29075,1,0
29076,2,0
29077,0,0
29078,1,0
29079,2,0
29080,0,0
29081,1,0
29082,2,0
29083,0,0
29084,1,0
29085,2,0
29086,0,0
29087,1,0
29088,2,0
29089,0,0
29090,1,0
29091,2,0
29092,0,0
29093,1,0
29094,2,0
29095,0,0
29096,1,0
29097,2,0
29098,0,0
29099,1,0
29100,2,0
29101,0,0
29102,1,0
29103,2,0
29104,0,0
29105,1,0
29106,2,0
29107,0,0
29108,1,0
29109,2,0
29110,0,0
29111,1,0
29112,2,0
29113,0,0
29114,1,0
29115,2,0
29116,0,0
29117,1,0
29118,2,0
29119,0,0
29120,1,0
29121,2,0
29122,0,0
29123,1,0
29124,2,0
29125,0,0
29126,1,0
29127,2,0
29128,0,0
29129,1,0
29130,2,0
29131,0,0
29132,1,0
29133,2,0
29134,0,0
29135,1,0
29136,2,0
29137,0,0
29138,1,0
29139,2,0
29140,0,0
29141,1,0
29142,2,0
29143,0,0
29144,1,0
29145,2,0
29146,0,0
29147,1,0
29148,2,0
29149,0,0
29150,1,0
29151,2,0
29152,0,0
29153,1,0
29154,2,0
29155,0,0
29156,1,0
29157,2,0
29158,0,0
29159,1,0
29160,2,0
29161,0,0
29162,1,0
29163,2,0
29164,0,0
29165,1,0
29166,2,0
29167,0,0
29168,1,0
29169,2,0
29170,0,0
29171,1,0
29172,2,0
29173,0,0
29174,1,0
29175,2,0
29176,0,0
29177,1,0
29178,2,0
29179,0,0
29180,1,0
29181,2,0
29182,0,0
29183,1,0
29184,2,0
29185,0,0
29186,1,0
29187,2,0
29188,0,0
29189,1,0
29190,2,0
29191,0,0
29192,1,0
29193,2,0
29194,0,0
29195,1,0
29196,2,0
29197,0,0
29198,1,0
29199,2,0
29200,0,0
29201,1,0
29202,2,0
29203,0,0
29204,1,0
29205,2,0
29206,0,0
29207,1,0
29208,2,0
29209,0,0
29210,1,0
29211,2,0
29212,0,0
29213,1,0
29214,2,0
29215,0,0
29216,1,0
29217,2,0
29218,0,0
29219,1,0
29220,2,0
29221,0,0
29222,1,0
29223,2,0
29224,0,0
29225,1,0
29226,2,0
29227,0,0
29228,1,0
29229,2,0
29230,0,0
29231,1,0
29232,2,0
29233,0,0
29234,1,0
29235,2,0
29236,0,0
29237,1,0
29238,2,0
29239,0,0
29240,1,0
29241,2,0
29242,0,0
29243,1,0
29244,2,0
29245,0,0
29246,1,0
29247,2,0
29248,0,0
29249,1,0
29250,2,0
29251,0,0
29252,1,0
29253,2,0
29254,0,0
29255,1,0
29256,2,0
29257,0,0
29258,1,0
29259,2,0
29260,0,0
29261,1,0
29262,2,0
29263,0,0
29264,1,0
29265,2,0
29266,0,0
29267,1,0
29268,2,0
29269,0,0
29270,1,0
29271,2,0
29272,0,0
29273,1,0
29274,2,0
29275,0,0
29276,1,0
29277,2,0
29278,0,0
29279,1,0
29280,2,0
29281,0,0
29282,1,0
29283,2,0
29284,0,0
29285,1,0
29286,2,0
29287,0,0
29288,1,0
29289,2,0
29290,0,0
29291,1,0
29292,2,0
29293,0,0
29294,1,0
29295,2,0
29296,0,0
29297,1,0
29298,2,0
29299,0,0
29300,1,0
29301,2,0
29302,0,0
29303,1,0
29304,2,0
29305,0,0
29306,1,0
29307,2,0
29308,0,0
29309,1,0
29310,2,0
29311,0,0
29312,1,0
29313,2,0
29314,0,0
29315,1,0
29316,2,0
29317,0,0
29318,1,0
29319,2,0
29320,0,0
29321,1,0
29322,2,0
29323,0,0
29324,1,0
29325,2,0
29326,0,0
29327,1,0
29328,2,0
29329,0,0
29330,1,0
29331,2,0
29332,0,0
29333,1,0
29334,2,0
29335,0,0
29336,1,0
29337,2,0
29338,0,0
29339,1,0
29340,2,0
29341,0,0
29342,1,0
29343,2,0
29344,0,0
29345,1,0
29346,2,0
29347,0,0
29348,1,0
29349,2,0
29350,0,0
29351,1,0
29352,2,0
29353,0,0
29354,1,0
29355,2,0
29356,0,0
29357,1,0
29358,2,0
29359,0,0
29360,1,0
29361,2,0
29362,0,0
29363,1,0
29364,2,0
29365,0,0
29366,1,0
29367,2,0
29368,0,0
29369,1,0
29370,2,0
29371,0,0
29372,1,0
29373,2,0
29374,0,0
29375,1,0
29376,2,0
29377,0,0
29378,1,0
29379,2,0
29380,0,0
29381,1,0
29382,2,0
29383,0,0
29384,1,0
29385,2,0
29386,0,0
29387,1,0
29388,2,0
29389,0,0
29390,1,0
29391,2,0
29392,0,0
29393,1,0
29394,2,0
29395,0,0
29396,1,0
29397,2,0
29398,0,0
29399,1,0
29400,2,0
29401,0,0
29402,1,0
29403,2,0
29404,0,0
29405,1,0
29406,2,0
29407,0,0
29408,1,0
29409,2,0
29410,0,0
29411,1,0
29412,2,0
29413,0,0
29414,1,0
29415,2,0
29416,0,0
29417,1,0
29418,2,0
29419,0,0
29420,1,0
29421,2,0
29422,0,0
29423,1,0
29424,2,0
29425,0,0
29426,1,0
29427,2,0
29428,0,0
29429,1,0
29430,2,0
29431,0,0
29432,1,0
29433,2,0
29434,0,0
29435,1,0
29436,2,0
29437,0,0
29438,1,0
29439,2,0
29440,0,0
29441,1,0
29442,2,0
29443,0,0
29444,1,0
29445,2,0
29446,0,0
29447,1,0
29448,2,0
29449,0,0
29450,1,0
29451,2,0
29452,0,0
29453,1,0
29454,2,0
29455,0,0
29456,1,0
29457,2,0
29458,0,0
29459,1,0
29460,2,0
29461,0,0
29462,1,0
29463,2,0
29464,0,0
29465,1,0
29466,2,0
29467,0,0
29468,1,0
29469,2,0
29470,0,0
29471,1,0
29472,2,0
29473,0,0
29474,1,0
29475,2,0
29476,0,0
29477,1,0
29478,2,0
29479,0,0
29480,1,0
29481,2,0
29482,0,0
29483,1,0
29484,2,0
29485,0,0
29486,1,0
29487,2,0
29488,0,0
29489,1,0
29490,2,0
29491,0,0
29492,1,0
29493,2,0
29494,0,0
29495,1,0
29496,2,0
29497,0,0
29498,1,0
29499,2,0
29500,0,0
29501,1,0
29502,2,0
29503,0,0
29504,1,0
29505,2,0
29506,0,0
29507,1,0
29508,2,0
29509,0,0
29510,1,0
29511,2,0
29512,0,0
29513,1,0
29514,2,0
29515,0,0
29516,1,0
29517,2,0
29518,0,0
29519,1,0
29520,2,0
29521,0,0
29522,1,0
29523,2,0
29524,0,0
29525,1,0
29526,2,0
29527,0,0
29528,1,0
29529,2,0
29530,0,0
29531,1,0
29532,2,0
29533,0,0
29534,1,0
29535,2,0
29536,0,0
29537,1,0
29538,2,0
29539,0,0
29540,1,0
29541,2,0
29542,0,0
29543,1,0
29544,2,0
29545,0,0
29546,1,0
29547,2,0
29548,0,0
29549,1,0
29550,2,0
29551,0,0
29552,1,0
29553,2,0
29554,0,0
29555,1,0
29556,2,0
29557,0,0
29558,1,0
29559,2,0
29560,0,0
29561,1,0
29562,2,0
29563,0,0
29564,1,0
29565,2,0
29566,0,0
29567,1,0
29568,2,0
29569,0,0
29570,1,0
29571,2,0
29572,0,0
29573,1,0
29574,2,0
29575,0,0
29576,1,0
29577,2,0
29578,0,0
29579,1,0
29580,2,0
29581,0,0
29582,1,0
29583,2,0
29584,0,0
29585,1,0
29586,2,0
29587,0,0
29588,1,0
29589,2,0
29590,0,0
29591,1,0
29592,2,0
29593,0,0
29594,1,0
29595,2,0
29596,0,0
29597,1,0
29598,2,0
29599,0,0
29600,1,0
29601,2,0
29602,0,0
29603,1,0
29604,2,0
29605,0,0
29606,1,0
29607,2,0
29608,0,0
29609,1,0
29610,2,0
29611,0,0
29612,1,0
29613,2,0
29614,0,0
29615,1,0
29616,2,0
29617,0,0
29618,1,0
29619,2,0
29620,0,0
29621,1,0
29622,2,0
29623,0,0
29624,1,0
29625,2,0
29626,0,0
29627,1,0
29628,2,0
29629,0,0
29630,1,0
29631,2,0
29632,0,0
29633,1,0
29634,2,0
29635,0,0
29636,1,0
29637,2,0
29638,0,0
29639,1,0
29640,2,0
29641,0,0
29642,1,0
29643,2,0
29644,0,0
29645,1,0
29646,2,0
29647,0,0
29648,1,0
29649,2,0
29650,0,0
29651,1,0
29652,2,0
29653,0,0
29654,1,0
29655,2,0
29656,0,0
29657,1,0
29658,2,0
29659,0,0
29660,1,0
29661,2,0
29662,0,0
29663,1,0
29664,2,0
29665,0,0
29666,1,0
29667,2,0
29668,0,0
29669,1,0
29670,2,0
29671,0,0
29672,1,0
29673,2,0
29674,0,0
29675,1,0
29676,2,0
29677,0,0
29678,1,0
29679,2,0
29680,0,0
29681,1,0
29682,2,0
29683,0,0
29684,1,0
29685,2,0
29686,0,0
29687,1,0
29688,2,0
29689,0,0
29690,1,0
29691,2,0
29692,0,0
29693,1,0
29694,2,0
29695,0,0
29696,1,0
29697,2,0
29698,0,0
29699,1,0
29700,2,0
29701,0,0
29702,1,0
29703,2,0
29704,0,0
29705,1,0
29706,2,0
29707,0,0
29708,1,0
29709,2,0
29710,0,0
29711,1,0
29712,2,0
29713,0,0
29714,1,0
29715,2,0
29716,0,0
29717,1,0
29718,2,0
29719,0,0
29720,1,0
29721,2,0
29722,0,0
29723,1,0
29724,2,0
29725,0,0
29726,1,0
29727,2,0
29728,0,0
29729,1,0
29730,2,0
29731,0,0
29732,1,0
29733,2,0
29734,0,0
29735,1,0
29736,2,0
29737,0,0
29738,1,0
29739,2,0
29740,0,0
29741,1,0
29742,2,0
29743,0,0
29744,1,0
29745,2,0
29746,0,0
29747,1,0
29748,2,0
29749,0,0
29750,1,0
29751,2,0
29752,0,0
29753,1,0
29754,2,0
29755,0,0
29756,1,0
29757,2,0
29758,0,0
29759,1,0
29760,2,0
29761,0,0
29762,1,0
29763,2,0
29764,0,0
29765,1,0
29766,2,0
29767,0,0
29768,1,0
29769,2,0
29770,0,0
29771,1,0
29772,2,0
29773,0,0
29774,1,0
29775,2,0
29776,0,0
29777,1,0
29778,2,0
29779,0,0
29780,1,0
29781,2,0
29782,0,0
29783,1,0
29784,2,0
29785,0,0
29786,1,0
29787,2,0
29788,0,0
29789,1,0
29790,2,0
29791,0,0
29792,1,0
29793,2,0
29794,0,0
29795,1,0
29796,2,0
29797,0,0
29798,1,0
29799,2,0
29800,0,0
29801,1,0
29802,2,0
29803,0,0
29804,1,0
29805,2,0
29806,0,0
29807,1,0
29808,2,0
29809,0,0
29810,1,0
29811,2,0
29812,0,0
29813,1,0
29814,2,0
29815,0,0
29816,1,0
29817,2,0
29818,0,0
29819,1,0
29820,2,0
29821,0,0
29822,1,0
29823,2,0
29824,0,0
29825,1,0
29826,2,0
29827,0,0
29828,1,0
29829,2,0
29830,0,0
29831,1,0
29832,2,0
29833,0,0
29834,1,0
29835,2,0
29836,0,0
29837,1,0
29838,2,0
29839,0,0
29840,1,0
29841,2,0
29842,0,0
29843,1,0
29844,2,0
29845,0,0
29846,1,0
29847,2,0
29848,0,0
29849,1,0
29850,2,0
29851,0,0
29852,1,0
29853,2,0
29854,0,0
29855,1,0
29856,2,0
29857,0,0
29858,1,0
29859,2,0
29860,0,0
29861,1,0
29862,2,0
29863,0,0
29864,1,0
29865,2,0
29866,0,0
29867,1,0
29868,2,0
29869,0,0
29870,1,0
29871,2,0
29872,0,0
29873,1,0
29874,2,0
29875,0,0
29876,1,0
29877,2,0
29878,0,0
29879,1,0
29880,2,0
29881,0,0
29882,1,0
29883,2,0
29884,0,0
29885,1,0
29886,2,0
29887,0,0
29888,1,0
29889,2,0
29890,0,0
29891,1,0
29892,2,0
29893,0,0
29894,1,0
29895,2,0
29896,0,0
29897,1,0
29898,2,0
29899,0,0
29900,1,0
29901,2,0
29902,0,0
29903,1,0
29904,2,0
29905,0,0
29906,1,0
29907,2,0
29908,0,0
29909,1,0
29910,2,0
29911,0,0
29912,1,0
29913,2,0
29914,0,0
29915,1,0
29916,2,0
29917,0,0
29918,1,0
29919,2,0
29920,0,0
29921,1,0
29922,2,0
29923,0,0
29924,1,0
29925,2,0
29926,0,0
29927,1,0
29928,2,0
29929,0,0
29930,1,0
29931,2,0
29932,0,0
29933,1,0
29934,2,0
29935,0,0
29936,1,0
29937,2,0
29938,0,0
29939,1,0
29940,2,0
29941,0,0
29942,1,0
29943,2,0
29944,0,0
29945,1,0
29946,2,0
29947,0,0
29948,1,0
29949,2,0
29950,0,0
29951,1,0
29952,2,0
29953,0,0
29954,1,0
29955,2,0
29956,0,0
29957,1,0
29958,2,0
29959,0,0
29960,1,0
29961,2,0
29962,0,0
29963,1,0
29964,2,0
29965,0,0
29966,1,0
29967,2,0
29968,0,0
29969,1,0
29970,2,0
29971,0,0
29972,1,0
29973,2,0
29974,0,0
29975,1,0
29976,2,0
29977,0,0
29978,1,0
29979,2,0
29980,0,0
29981,1,0
29982,2,0
29983,0,0
29984,1,0
29985,2,0
29986,0,0
29987,1,0
29988,2,0
29989,0,0
29990,1,0
29991,2,0
29992,0,0
29993,1,0
29994,2,0
29995,0,0
29996,1,0
29997,2,0
29998,0,0
29999,1,0
30000,2,0
30001,0,0
30002,1,0
30003,2,0
30004,0,0
30005,1,0
30006,2,0
30007,0,0
30008,1,0
30009,2,0
30010,0,0
30011,1,0
30012,2,0
30013,0,0
30014,1,0
30015,2,0
30016,0,0
30017,1,0
30018,2,0
30019,0,0
30020,1,0
30021,2,0
30022,0,0
30023,1,0
30024,2,0
30025,0,0
30026,1,0
30027,2,0
30028,0,0
30029,1,0
30030,2,0
30031,0,0
30032,1,0
30033,2,0
30034,0,0
30035,1,0
30036,2,0
30037,0,0
30038,1,0
30039,2,0
30040,0,0
30041,1,0
30042,2,0
30043,0,0
30044,1,0
30045,2,0
30046,0,0
30047,1,0
30048,2,0
30049,0,0
30050,1,0
30051,2,0
30052,0,0
30053,1,0
30054,2,0
30055,0,0
30056,1,0
30057,2,0
30058,0,0
30059,1,0
30060,2,0
30061,0,0
30062,1,0
30063,2,0
30064,0,0
30065,1,0
30066,2,0
30067,0,0
30068,1,0
30069,2,0
30070,0,0
30071,1,0
30072,2,0
30073,0,0
30074,1,0
30075,2,0
30076,0,0
30077,1,0
30078,2,0
30079,0,0
30080,1,0
30081,2,0
30082,0,0
30083,1,0
30084,2,0
30085,0,0
30086,1,0
30087,2,0
30088,0,0
30089,1,0
30090,2,0
30091,0,0
30092,1,0
30093,2,0
30094,0,0
30095,1,0
30096,2,0
30097,0,0
30098,1,0
30099,2,0
30100,0,0
30101,1,0
30102,2,0
30103,0,0
30104,1,0
30105,2,0
30106,0,0
30107,1,0
30108,2,0
30109,0,0
30110,1,0
30111,2,0
30112,0,0
30113,1,0
30114,2,0
30115,0,0
30116,1,0
30117,2,0
30118,0,0
30119,1,0
30120,2,0
30121,0,0
30122,1,0
30123,2,0
30124,0,0
30125,1,0
30126,2,0
30127,0,0
30128,1,0
30129,2,0
30130,0,0
30131,1,0
30132,2,0
30133,0,0
30134,1,0
30135,2,0
30136,0,0
30137,1,0
30138,2,0
30139,0,0
30140,1,0
30141,2,0
30142,0,0
30143,1,0
30144,2,0
30145,0,0
30146,1,0
30147,2,0
30148,0,0
30149,1,0
30150,2,0
30151,0,0
30152,1,0
30153,2,0
30154,0,0
30155,1,0
30156,2,0
30157,0,0
30158,1,0
30159,2,0
30160,0,0
30161,1,0
30162,2,0
30163,0,0
30164,1,0
30165,2,0
30166,0,0
30167,1,0
30168,2,0
30169,0,0
30170,1,0
30171,2,0
30172,0,0
30173,1,0
30174,2,0
30175,0,0
30176,1,0
30177,2,0
30178,0,0
30179,1,0
30180,2,0
30181,0,0
30182,1,0
30183,2,0
30184,0,0
30185,1,0
30186,2,0
30187,0,0
30188,1,0
30189,2,0
30190,0,0
30191,1,0
30192,2,0
30193,0,0
30194,1,0
30195,2,0
30196,0,0
30197,1,0
30198,2,0
30199,0,0
30200,1,0
30201,2,0
30202,0,0
30203,1,0
30204,2,0
30205,0,0
30206,1,0
30207,2,0
30208,0,0
30209,1,0
30210,2,0
30211,0,0
30212,1,0
30213,2,0
30214,0,0
30215,1,0
30216,2,0
30217,0,0
30218,1,0
30219,2,0
30220,0,0
30221,1,0
30222,2,0
30223,0,0
30224,1,0
30225,2,0
30226,0,0
30227,1,0
30228,2,0
30229,0,0
30230,1,0
30231,2,0
30232,0,0
30233,1,0
30234,2,0
30235,0,0
30236,1,0
30237,2,0
30238,0,0
30239,1,0
30240,2,0
30241,0,0
30242,1,0
30243,2,0
30244,0,0
30245,1,0
30246,2,0
30247,0,0
30248,1,0
30249,2,0
30250,0,0
30251,1,0
30252,2,0
30253,0,0
30254,1,0
30255,2,0
30256,0,0
30257,1,0
30258,2,0
30259,0,0
30260,1,0
30261,2,0
30262,0,0
30263,1,0
30264,2,0
30265,0,0
30266,1,0
30267,2,0
30268,0,0
30269,1,0
30270,2,0
30271,0,0
30272,1,0
30273,2,0
30274,0,0
30275,1,0
30276,2,0
30277,0,0
30278,1,0
30279,2,0
30280,0,0
30281,1,0
30282,2,0
30283,0,0
30284,1,0
30285,2,0
30286,0,0
30287,1,0
30288,2,0
30289,0,0
30290,1,0
30291,2,0
30292,0,0
30293,1,0
30294,2,0
30295,0,0
30296,1,0
30297,2,0
30298,0,0
30299,1,0
30300,2,0
30301,0,0
30302,1,0
30303,2,0
30304,0,0
30305,1,0
30306,2,0
30307,0,0
30308,1,0
30309,2,0
30310,0,0
30311,1,0
30312,2,0
30313,0,0
30314,1,0
30315,2,0
30316,0,0
30317,1,0
30318,2,0
30319,0,0
30320,1,0
30321,2,0
30322,0,0
30323,1,0
30324,2,0
30325,0,0
30326,1,0
30327,2,0
30328,0,0
30329,1,0
30330,2,0
30331,0,0
30332,1,0
30333,2,0
30334,0,0
30335,1,0
30336,2,0
30337,0,0
30338,1,0
30339,2,0
30340,0,0
30341,1,0
30342,2,0
30343,0,0
30344,1,0
30345,2,0
30346,0,0
30347,1,0
30348,2,0
30349,0,0
30350,1,0
30351,2,0
30352,0,0
30353,1,0
30354,2,0
30355,0,0
30356,1,0
30357,2,0
30358,0,0
30359,1,0
30360,2,0
30361,0,0
30362,1,0
30363,2,0
30364,0,0
30365,1,0
30366,2,0
30367,0,0
30368,1,0
30369,2,0
30370,0,0
30371,1,0
30372,2,0
30373,0,0
30374,1,0
30375,2,0
30376,0,0
30377,1,0
30378,2,0
30379,0,0
30380,1,0
30381,2,0
30382,0,0
30383,1,0
30384,2,0
30385,0,0
30386,1,0
30387,2,0
30388,0,0
30389,1,0
30390,2,0
30391,0,0
30392,1,0
30393,2,0
30394,0,0
30395,1,0
30396,2,0
30397,0,0
30398,1,0
30399,2,0
30400,0,0
30401,1,0
30402,2,0
30403,0,0
30404,1,0
30405,2,0
30406,0,0
30407,1,0
30408,2,0
30409,0,0
30410,1,0
30411,2,0
30412,0,0
30413,1,0
30414,2,0
30415,0,0
30416,1,0
30417,2,0
30418,0,0
30419,1,0
30420,2,0
30421,0,0
30422,1,0
30423,2,0
30424,0,0
30425,1,0
30426,2,0
30427,0,0
30428,1,0
30429,2,0
30430,0,0
30431,1,0
30432,2,0
30433,0,0
30434,1,0
30435,2,0
30436,0,0
30437,1,0
30438,2,0
30439,0,0
30440,1,0
30441,2,0
30442,0,0
30443,1,0
30444,2,0
30445,0,0
30446,1,0
30447,2,0
30448,0,0
30449,1,0
30450,2,0
30451,0,0
30452,1,0
30453,2,0
30454,0,0
30455,1,0
30456,2,0
30457,0,0
30458,1,0
30459,2,0
30460,0,0
30461,1,0
30462,2,0
30463,0,0
30464,1,0
30465,2,0
30466,0,0
30467,1,0
30468,2,0
30469,0,0
30470,1,0
30471,2,0
30472,0,0
30473,1,0
30474,2,0
30475,0,0
30476,1,0
30477,2,0
30478,0,0
30479,1,0
30480,2,0
30481,0,0
30482,1,0
30483,2,0
30484,0,0
30485,1,0
30486,2,0
30487,0,0
30488,1,0
30489,2,0
30490,0,0
30491,1,0
30492,2,0
30493,0,0
30494,1,0
30495,2,0
30496,0,0
30497,1,0
30498,2,0
30499,0,0
30500,1,0
30501,2,0
30502,0,0
30503,1,0
30504,2,0
30505,0,0
30506,1,0
30507,2,0
30508,0,0
30509,1,0
30510,2,0
30511,0,0
30512,1,0
30513,2,0
30514,0,0
30515,1,0
30516,2,0
30517,0,0
30518,1,0
30519,2,0
30520,0,0
30521,1,0
30522,2,0
30523,0,0
30524,1,0
30525,2,0
30526,0,0
30527,1,0
30528,2,0
30529,0,0
30530,1,0
30531,2,0
30532,0,0
30533,1,0
30534,2,0
30535,0,0
30536,1,0
30537,2,0
30538,0,0
30539,1,0
30540,2,0
30541,0,0
30542,1,0
30543,2,0
30544,0,0
30545,1,0
30546,2,0
30547,0,0
30548,1,0
30549,2,0
30550,0,0
30551,1,0
30552,2,0
30553,0,0
30554,1,0
30555,2,0
30556,0,0
30557,1,0
30558,2,0
30559,0,0
30560,1,0
30561,2,0
30562,0,0
30563,1,0
30564,2,0
30565,0,0
30566,1,0
30567,2,0
30568,0,0
30569,1,0
30570,2,0
30571,0,0
30572,1,0
30573,2,0
30574,0,0
30575,1,0
30576,2,0
30577,0,0
30578,1,0
30579,2,0
30580,0,0
30581,1,0
30582,2,0
30583,0,0
30584,1,0
30585,2,0
30586,0,0
30587,1,0
30588,2,0
30589,0,0
30590,1,0
30591,2,0
30592,0,0
30593,1,0
30594,2,0
30595,0,0
30596,1,0
30597,2,0
30598,0,0
30599,1,0
30600,2,0
30601,0,0
30602,1,0
30603,2,0
30604,0,0
30605,1,0
30606,2,0
30607,0,0
30608,1,0
30609,2,0
30610,0,0
30611,1,0
30612,2,0
30613,0,0
30614,1,0
30615,2,0
30616,0,0
30617,1,0
30618,2,0
30619,0,0
30620,1,0
30621,2,0
30622,0,0
30623,1,0
30624,2,0
30625,0,0
30626,1,0
30627,2,0
30628,0,0
30629,1,0
30630,2,0
30631,0,0
30632,1,0
30633,2,0
30634,0,0
30635,1,0
30636,2,0
30637,0,0
30638,1,0
30639,2,0
30640,0,0
30641,1,0
30642,2,0
30643,0,0
30644,1,0
30645,2,0
30646,0,0
30647,1,0
30648,2,0
30649,0,0
30650,1,0
30651,2,0
30652,0,0
30653,1,0
30654,2,0
30655,0,0
30656,1,0
30657,2,0
30658,0,0
30659,1,0
30660,2,0
30661,0,0
30662,1,0
30663,2,0
30664,0,0
30665,1,0
30666,2,0
30667,0,0
30668,1,0
30669,2,0
30670,0,0
30671,1,0
30672,2,0
30673,0,0
30674,1,0
30675,2,0
30676,0,0
30677,1,0
30678,2,0
30679,0,0
30680,1,0
30681,2,0
30682,0,0
30683,1,0
30684,2,0
30685,0,0
30686,1,0
30687,2,0
30688,0,0
30689,1,0
30690,2,0
30691,0,0
30692,1,0
30693,2,0
30694,0,0
30695,1,0
30696,2,0
30697,0,0
30698,1,0
30699,2,0
30700,0,0
30701,1,0
30702,2,0
30703,0,0
30704,1,0
30705,2,0
30706,0,0
30707,1,0
30708,2,0
30709,0,0
30710,1,0
30711,2,0
30712,0,0
30713,1,0
30714,2,0
30715,0,0
30716,1,0
30717,2,0
30718,0,0
30719,1,0
30720,2,0
30721,0,0
30722,1,0
30723,2,0
30724,0,0
30725,1,0
30726,2,0
30727,0,0
30728,1,0
30729,2,0
30730,0,0
30731,1,0
30732,2,0
30733,0,0
30734,1,0
30735,2,0
30736,0,0
30737,1,0
30738,2,0
30739,0,0
30740,1,0
30741,2,0
30742,0,0
30743,1,0
30744,2,0
30745,0,0
30746,1,0
30747,2,0
30748,0,0
30749,1,0
30750,2,0
30751,0,0
30752,1,0
30753,2,0
30754,0,0
30755,1,0
30756,2,0
30757,0,0
30758,1,0
30759,2,0
30760,0,0
30761,1,0
30762,2,0
30763,0,0
30764,1,0
30765,2,0
30766,0,0
30767,1,0
30768,2,0
30769,0,0
30770,1,0
30771,2,0
30772,0,0
30773,1,0
30774,2,0
30775,0,0
30776,1,0
30777,2,0
30778,0,0
30779,1,0
30780,2,0
30781,0,0
30782,1,0
30783,2,0
30784,0,0
30785,1,0
30786,2,0
30787,0,0
30788,1,0
30789,2,0
30790,0,0
30791,1,0
30792,2,0
30793,0,0
30794,1,0
30795,2,0
30796,0,0
30797,1,0
30798,2,0
30799,0,0
30800,1,0
30801,2,0
30802,0,0
30803,1,0
30804,2,0
30805,0,0
30806,1,0
30807,2,0
30808,0,0
30809,1,0
30810,2,0
30811,0,0
30812,1,0
30813,2,0
30814,0,0
30815,1,0
30816,2,0
30817,0,0
30818,1,0
30819,2,0
30820,0,0
30821,1,0
30822,2,0
30823,0,0
30824,1,0
30825,2,0
30826,0,0
30827,1,0
30828,2,0
30829,0,0
30830,1,0
30831,2,0
30832,0,0
30833,1,0
30834,2,0
30835,0,0
30836,1,0
30837,2,0
30838,0,0
30839,1,0
30840,2,0
30841,0,0
30842,1,0
30843,2,0
30844,0,0
30845,1,0
30846,2,0
30847,0,0
30848,1,0
30849,2,0
30850,0,0
30851,1,0
30852,2,0
30853,0,0
30854,1,0
30855,2,0
30856,0,0
30857,1,0
30858,2,0
30859,0,0
30860,1,0
30861,2,0
30862,0,0
30863,1,0
30864,2,0
30865,0,0
30866,1,0
30867,2,0
30868,0,0
30869,1,0
30870,2,0
30871,0,0
30872,1,0
30873,2,0
30874,0,0
30875,1,0
30876,2,0
30877,0,0
30878,1,0
30879,2,0
30880,0,0
30881,1,0
30882,2,0
30883,0,0
30884,1,0
30885,2,0
30886,0,0
30887,1,0
30888,2,0
30889,0,0
30890,1,0
30891,2,0
30892,0,0
30893,1,0
30894,2,0
30895,0,0
30896,1,0
30897,2,0
30898,0,0
30899,1,0
30900,2,0
30901,0,0
30902,1,0
30903,2,0
30904,0,0
30905,1,0
30906,2,0
30907,0,0
30908,1,0
30909,2,0
30910,0,0
30911,1,0
30912,2,0
30913,0,0
30914,1,0
30915,2,0
30916,0,0
30917,1,0
30918,2,0
30919,0,0
30920,1,0
30921,2,0
30922,0,0
30923,1,0
30924,2,0
30925,0,0
30926,1,0
30927,2,0
30928,0,0
30929,1,0
30930,2,0
30931,0,0
30932,1,0
30933,2,0
30934,0,0
30935,1,0
30936,2,0
30937,0,0
30938,1,0
30939,2,0
30940,0,0
30941,1,0
30942,2,0
30943,0,0
30944,1,0
30945,2,0
30946,0,0
30947,1,0
30948,2,0
30949,0,0
30950,1,0
30951,2,0
30952,0,0
30953,1,0
30954,2,0
30955,0,0
30956,1,0
30957,2,0
30958,0,0
30959,1,0
30960,2,0
30961,0,0
30962,1,0
30963,2,0
30964,0,0
30965,1,0
30966,2,0
30967,0,0
30968,1,0
30969,2,0
30970,0,0
30971,1,0
30972,2,0
30973,0,0
30974,1,0
30975,2,0
30976,0,0
30977,1,0
30978,2,0
30979,0,0
30980,1,0
30981,2,0
30982,0,0
30983,1,0
30984,2,0
30985,0,0
30986,1,0
30987,2,0
30988,0,0
30989,1,0
30990,2,0
30991,0,0
30992,1,0
30993,2,0
30994,0,0
30995,1,0
30996,2,0
30997,0,0
30998,1,0
30999,2,0
31000,0,0
31001,1,0
31002,2,0
31003,0,0
31004,1,0
31005,2,0
31006,0,0
31007,1,0
31008,2,0
31009,0,0
31010,1,0
31011,2,0
31012,0,0
31013,1,0
31014,2,0
31015,0,0
31016,1,0
31017,2,0
31018,0,0
31019,1,0
31020,2,0
31021,0,0
31022,1,0
31023,2,0
31024,0,0
31025,1,0
31026,2,0
31027,0,0
31028,1,0
31029,2,0
31030,0,0
31031,1,0
31032,2,0
31033,0,0
31034,1,0
31035,2,0
31036,0,0
31037,1,0
31038,2,0
31039,0,0
31040,1,0
31041,2,0
31042,0,0
31043,1,0
31044,2,0
31045,0,0
31046,1,0
31047,2,0
31048,0,0
31049,1,0
31050,2,0
31051,0,0
31052,1,0
31053,2,0
31054,0,0
31055,1,0
31056,2,0
31057,0,0
31058,1,0
31059,2,0
31060,0,0
31061,1,0
31062,2,0
31063,0,0
31064,1,0
31065,2,0
31066,0,0
31067,1,0
31068,2,0
31069,0,0
31070,1,0
31071,2,0
31072,0,0
31073,1,0
31074,2,0
31075,0,0
31076,1,0
31077,2,0
31078,0,0
31079,1,0
31080,2,0
31081,0,0
31082,1,0
31083,2,0
31084,0,0
31085,1,0
31086,2,0
31087,0,0
31088,1,0
31089,2,0
31090,0,0
31091,1,0
31092,2,0
31093,0,0
31094,1,0
31095,2,0
31096,0,0
31097,1,0
31098,2,0
31099,0,0
31100,1,0
31101,2,0
31102,0,0
31103,1,0
31104,2,0
31105,0,0
31106,1,0
31107,2,0
31108,0,0
31109,1,0
31110,2,0
31111,0,0
31112,1,0
31113,2,0
31114,0,0
31115,1,0
31116,2,0
31117,0,0
31118,1,0
31119,2,0
31120,0,0
31121,1,0
31122,2,0
31123,0,0
31124,1,0
31125,2,0
31126,0,0
31127,1,0
31128,2,0
31129,0,0
31130,1,0
31131,2,0
31132,0,0
31133,1,0
31134,2,0
31135,0,0
31136,1,0
31137,2,0
31138,0,0
31139,1,0
31140,2,0
31141,0,0
31142,1,0
31143,2,0
31144,0,0
31145,1,0
31146,2,0
31147,0,0
31148,1,0
31149,2,0
31150,0,0
31151,1,0
31152,2,0
31153,0,0
31154,1,0
31155,2,0
31156,0,0
31157,1,0
31158,2,0
31159,0,0
31160,1,0
31161,2,0
31162,0,0
31163,1,0
31164,2,0
31165,0,0
31166,1,0
31167,2,0
31168,0,0
31169,1,0
31170,2,0
31171,0,0
31172,1,0
31173,2,0
31174,0,0
31175,1,0
31176,2,0
31177,0,0
31178,1,0
31179,2,0
31180,0,0
31181,1,0
31182,2,0
31183,0,0
31184,1,0
31185,2,0
31186,0,0
31187,1,0
31188,2,0
31189,0,0
31190,1,0
31191,2,0
31192,0,0
31193,1,0
31194,2,0
31195,0,0
31196,1,0
31197,2,0
31198,0,0
31199,1,0
31200,2,0
31201,0,0
31202,1,0
31203,2,0
31204,0,0
31205,1,0
31206,2,0
31207,0,0
31208,1,0
31209,2,0
31210,0,0
31211,1,0
31212,2,0
31213,0,0
31214,1,0
31215,2,0
31216,0,0
31217,1,0
31218,2,0
31219,0,0
31220,1,0
31221,2,0
31222,0,0
31223,1,0
31224,2,0
31225,0,0
31226,1,0
31227,2,0
31228,0,0
31229,1,0
31230,2,0
31231,0,0
31232,1,0
31233,2,0
31234,0,0
31235,1,0
31236,2,0
31237,0,0
31238,1,0
31239,2,0
31240,0,0
31241,1,0
31242,2,0
31243,0,0
31244,1,0
31245,2,0
31246,0,0
31247,1,0
31248,2,0
31249,0,0
31250,1,0
31251,2,0
31252,0,0
31253,1,0
31254,2,0
31255,0,0
31256,1,0
31257,2,0
31258,0,0
31259,1,0
31260,2,0
31261,0,0
31262,1,0
31263,2,0
31264,0,0
31265,1,0
31266,2,0
31267,0,0
31268,1,0
31269,2,0
31270,0,0
31271,1,0
31272,2,0
31273,0,0
31274,1,0
31275,2,0
31276,0,0
31277,1,0
31278,2,0
31279,0,0
31280,1,0
31281,2,0
31282,0,0
31283,1,0
31284,2,0
31285,0,0
31286,1,0
31287,2,0
31288,0,0
31289,1,0
31290,2,0
31291,0,0
31292,1,0
31293,2,0
31294,0,0
31295,1,0
31296,2,0
31297,0,0
31298,1,0
31299,2,0
31300,0,0
31301,1,0
31302,2,0
31303,0,0
31304,1,0
31305,2,0
31306,0,0
31307,1,0
31308,2,0
31309,0,0
31310,1,0
31311,2,0
31312,0,0
31313,1,0
31314,2,0
31315,0,0
31316,1,0
31317,2,0
31318,0,0
31319,1,0
31320,2,0
31321,0,0
31322,1,0
31323,2,0
31324,0,0
31325,1,0
31326,2,0
31327,0,0
31328,1,0
31329,2,0
31330,0,0
31331,1,0
31332,2,0
31333,0,0
31334,1,0
31335,2,0
31336,0,0
31337,1,0
31338,2,0
31339,0,0
31340,1,0
31341,2,0
31342,0,0
31343,1,0
31344,2,0
31345,0,0
31346,1,0
31347,2,0
31348,0,0
31349,1,0
31350,2,0
31351,0,0
31352,1,0
31353,2,0
31354,0,0
31355,1,0
31356,2,0
31357,0,0
31358,1,0
31359,2,0
31360,0,0
31361,1,0
31362,2,0
31363,0,0
31364,1,0
31365,2,0
31366,0,0
31367,1,0
31368,2,0
31369,0,0
31370,1,0
31371,2,0
31372,0,0
31373,1,0
31374,2,0
31375,0,0
31376,1,0
31377,2,0
31378,0,0
31379,1,0
31380,2,0
31381,0,0
31382,1,0
31383,2,0
31384,0,0
31385,1,0
31386,2,0
31387,0,0
31388,1,0
31389,2,0
31390,0,0
31391,1,0
31392,2,0
31393,0,0
31394,1,0
31395,2,0
31396,0,0
31397,1,0
31398,2,0
31399,0,0
31400,1,0
31401,2,0
31402,0,0
31403,1,0
31404,2,0
31405,0,0
31406,1,0
31407,2,0
31408,0,0
31409,1,0
31410,2,0
31411,0,0
31412,1,0
31413,2,0
31414,0,0
31415,1,0
31416,2,0
31417,0,0
31418,1,0
31419,2,0
31420,0,0
31421,1,0
31422,2,0
31423,0,0
31424,1,0
31425,2,0
31426,0,0
31427,1,0
31428,2,0
31429,0,0
31430,1,0
31431,2,0
31432,0,0
31433,1,0
31434,2,0
31435,0,0
31436,1,0
31437,2,0
31438,0,0
31439,1,0
31440,2,0
31441,0,0
31442,1,0
31443,2,0
31444,0,0
31445,1,0
31446,2,0
31447,0,0
31448,1,0
31449,2,0
31450,0,0
31451,1,0
31452,2,0
31453,0,0
31454,1,0
31455,2,0
31456,0,0
31457,1,0
31458,2,0
31459,0,0
31460,1,0
31461,2,0
31462,0,0
31463,1,0
31464,2,0
31465,0,0
31466,1,0
31467,2,0
31468,0,0
31469,1,0
31470,2,0
31471,0,0
31472,1,0
31473,2,0
31474,0,0
31475,1,0
31476,2,0
31477,0,0
31478,1,0
31479,2,0
31480,0,0
31481,1,0
31482,2,0
31483,0,0
31484,1,0
31485,2,0
31486,0,0
31487,1,0
31488,2,0
31489,0,0
31490,1,0
31491,2,0
31492,0,0
31493,1,0
31494,2,0
31495,0,0
31496,1,0
31497,2,0
31498,0,0
31499,1,0
31500,2,0
31501,0,0
31502,1,0
31503,2,0
31504,0,0
31505,1,0
31506,2,0
31507,0,0
31508,1,0
31509,2,0
31510,0,0
31511,1,0
31512,2,0
31513,0,0
31514,1,0
31515,2,0
31516,0,0
31517,1,0
31518,2,0
31519,0,0
31520,1,0
31521,2,0
31522,0,0
31523,1,0
31524,2,0
31525,0,0
31526,1,0
31527,2,0
31528,0,0
31529,1,0
31530,2,0
31531,0,0
31532,1,0
31533,2,0
31534,0,0
31535,1,0
31536,2,0
31537,0,0
31538,1,0
31539,2,0
31540,0,0
31541,1,0
31542,2,0
31543,0,0
31544,1,0
31545,2,0
31546,0,0
31547,1,0
31548,2,0
31549,0,0
31550,1,0
31551,2,0
31552,0,0
31553,1,0
31554,2,0
31555,0,0
31556,1,0
31557,2,0
31558,0,0
31559,1,0
31560,2,0
31561,0,0
31562,1,0
31563,2,0
31564,0,0
31565,1,0
31566,2,0
31567,0,0
31568,1,0
31569,2,0
31570,0,0
31571,1,0
31572,2,0
31573,0,0
31574,1,0
31575,2,0
31576,0,0
31577,1,0
31578,2,0
31579,0,0
31580,1,0
31581,2,0
31582,0,0
31583,1,0
31584,2,0
31585,0,0
31586,1,0
31587,2,0
31588,0,0
31589,1,0
31590,2,0
31591,0,0
31592,1,0
31593,2,0
31594,0,0
31595,1,0
31596,2,0
31597,0,0
31598,1,0
31599,2,0
31600,0,0
31601,1,0
31602,2,0
31603,0,0
31604,1,0
31605,2,0
31606,0,0
31607,1,0
31608,2,0
31609,0,0
31610,1,0
31611,2,0
31612,0,0
31613,1,0
31614,2,0
31615,0,0
31616,1,0
31617,2,0
31618,0,0
31619,1,0
31620,2,0
31621,0,0
31622,1,0
31623,2,0
31624,0,0
31625,1,0
31626,2,0
31627,0,0
31628,1,0
31629,2,0
31630,0,0
31631,1,0
31632,2,0
31633,0,0
31634,1,0
31635,2,0
31636,0,0
31637,1,0
31638,2,0
31639,0,0
31640,1,0
31641,2,0
31642,0,0
31643,1,0
31644,2,0
31645,0,0
31646,1,0
31647,2,0
31648,0,0
31649,1,0
31650,2,0
31651,0,0
31652,1,0
31653,2,0
31654,0,0
31655,1,0
31656,2,0
31657,0,0
31658,1,0
31659,2,0
31660,0,0
31661,1,0
31662,2,0
31663,0,0
31664,1,0
31665,2,0
31666,0,0
31667,1,0
31668,2,0
31669,0,0
31670,1,0
31671,2,0
31672,0,0
31673,1,0
31674,2,0
31675,0,0
31676,1,0
31677,2,0
31678,0,0
31679,1,0
31680,2,0
31681,0,0
31682,1,0
31683,2,0
31684,0,0
31685,1,0
31686,2,0
31687,0,0
31688,1,0
31689,2,0
31690,0,0
31691,1,0
31692,2,0
31693,0,0
31694,1,0
31695,2,0
31696,0,0
31697,1,0
31698,2,0
31699,0,0
31700,1,0
31701,2,0
31702,0,0
31703,1,0
31704,2,0
31705,0,0
31706,1,0
31707,2,0
31708,0,0
31709,1,0
31710,2,0
31711,0,0
31712,1,0
31713,2,0
31714,0,0
31715,1,0
31716,2,0
31717,0,0
31718,1,0
31719,2,0
31720,0,0
31721,1,0
31722,2,0
31723,0,0
31724,1,0
31725,2,0
31726,0,0
31727,1,0
31728,2,0
31729,0,0
31730,1,0
31731,2,0
31732,0,0
31733,1,0
31734,2,0
31735,0,0
31736,1,0
31737,2,0
31738,0,0
31739,1,0
31740,2,0
31741,0,0
31742,1,0
31743,2,0
31744,0,0
31745,1,0
31746,2,0
31747,0,0
31748,1,0
31749,2,0
31750,0,0
31751,1,0
31752,2,0
31753,0,0
31754,1,0
31755,2,0
31756,0,0
31757,1,0
31758,2,0
31759,0,0
31760,1,0
31761,2,0
31762,0,0
31763,1,0
31764,2,0
31765,0,0
31766,1,0
31767,2,0
31768,0,0
31769,1,0
31770,2,0
31771,0,0
31772,1,0
31773,2,0
31774,0,0
31775,1,0
31776,2,0
31777,0,0
31778,1,0
31779,2,0
31780,0,0
31781,1,0
31782,2,0
31783,0,0
31784,1,0
31785,2,0
31786,0,0
31787,1,0
31788,2,0
31789,0,0
31790,1,0
31791,2,0
31792,0,0
31793,1,0
31794,2,0
31795,0,0
31796,1,0
31797,2,0
31798,0,0
31799,1,0
31800,2,0
31801,0,0
31802,1,0
31803,2,0
31804,0,0
31805,1,0
31806,2,0
31807,0,0
31808,1,0
31809,2,0
31810,0,0
31811,1,0
31812,2,0
31813,0,0
31814,1,0
31815,2,0
31816,0,0
31817,1,0
31818,2,0
31819,0,0
31820,1,0
31821,2,0
31822,0,0
31823,1,0
31824,2,0
31825,0,0
31826,1,0
31827,2,0
31828,0,0
31829,1,0
31830,2,0
31831,0,0
31832,1,0
31833,2,0
31834,0,0
31835,1,0
31836,2,0
31837,0,0
31838,1,0
31839,2,0
31840,0,0
31841,1,0
31842,2,0
31843,0,0
31844,1,0
31845,2,0
31846,0,0
31847,1,0
31848,2,0
31849,0,0
31850,1,0
31851,2,0
31852,0,0
31853,1,0
31854,2,0
31855,0,0
31856,1,0
31857,2,0
31858,0,0
31859,1,0
31860,2,0
31861,0,0
31862,1,0
31863,2,0
31864,0,0
31865,1,0
31866,2,0
31867,0,0
31868,1,0
31869,2,0
31870,0,0
31871,1,0
31872,2,0
31873,0,0
31874,1,0
31875,2,0
31876,0,0
31877,1,0
31878,2,0
31879,0,0
31880,1,0
31881,2,0
31882,0,0
31883,1,0
31884,2,0
31885,0,0
31886,1,0
31887,2,0
31888,0,0
31889,1,0
31890,2,0
31891,0,0
31892,1,0
31893,2,0
31894,0,0
31895,1,0
31896,2,0
31897,0,0
31898,1,0
31899,2,0
31900,0,0
31901,1,0
31902,2,0
31903,0,0
31904,1,0
31905,2,0
31906,0,0
31907,1,0
31908,2,0
31909,0,0
31910,1,0
31911,2,0
31912,0,0
31913,1,0
31914,2,0
31915,0,0
31916,1,0
31917,2,0
31918,0,0
31919,1,0
31920,2,0
31921,0,0
31922,1,0
31923,2,0
31924,0,0
31925,1,0
31926,2,0
31927,0,0
31928,1,0
31929,2,0
31930,0,0
31931,1,0
31932,2,0
31933,0,0
31934,1,0
31935,2,0
31936,0,0
31937,1,0
31938,2,0
31939,0,0
31940,1,0
31941,2,0
31942,0,0
31943,1,0
31944,2,0
31945,0,0
31946,1,0
31947,2,0
31948,0,0
31949,1,0
31950,2,0
31951,0,0
31952,1,0
31953,2,0
31954,0,0
31955,1,0
31956,2,0
31957,0,0
31958,1,0
31959,2,0
31960,0,0
31961,1,0
31962,2,0
31963,0,0
31964,1,0
31965,2,0
31966,0,0
31967,1,0
31968,2,0
31969,0,0
31970,1,0
31971,2,0
31972,0,0
31973,1,0
31974,2,0
31975,0,0
31976,1,0
31977,2,0
31978,0,0
31979,1,0
31980,2,0
31981,0,0
31982,1,0
31983,2,0
31984,0,0
31985,1,0
31986,2,0
31987,0,0
31988,1,0
31989,2,0
31990,0,0
31991,1,0
31992,2,0
31993,0,0
31994,1,0
31995,2,0
31996,0,0
31997,1,0
31998,2,0
31999,0,0
32000,1,0
32001,2,0
32002,0,0
32003,1,0
32004,2,0
32005,0,0
32006,1,0
32007,2,0
32008,0,0
32009,1,0
32010,2,0
32011,0,0
32012,1,0
32013,2,0
32014,0,0
32015,1,0
32016,2,0
32017,0,0
32018,1,0
32019,2,0
32020,0,0
32021,1,0
32022,2,0
32023,0,0
32024,1,0
32025,2,0
32026,0,0
32027,1,0
32028,2,0
32029,0,0
32030,1,0
32031,2,0
32032,0,0
32033,1,0
32034,2,0
32035,0,0
32036,1,0
32037,2,0
32038,0,0
32039,1,0
32040,2,0
32041,0,0
32042,1,0
32043,2,0
32044,0,0
32045,1,0
32046,2,0
32047,0,0
32048,1,0
32049,2,0
32050,0,0
32051,1,0
32052,2,0
32053,0,0
32054,1,0
32055,2,0
32056,0,0
32057,1,0
32058,2,0
32059,0,0
32060,1,0
32061,2,0
32062,0,0
32063,1,0
32064,2,0
32065,0,0
32066,1,0
32067,2,0
32068,0,0
32069,1,0
32070,2,0
32071,0,0
32072,1,0
32073,2,0
32074,0,0
32075,1,0
32076,2,0
32077,0,0
32078,1,0
32079,2,0
32080,0,0
32081,1,0
32082,2,0
32083,0,0
32084,1,0
32085,2,0
32086,0,0
32087,1,0
32088,2,0
32089,0,0
32090,1,0
32091,2,0
32092,0,0
32093,1,0
32094,2,0
32095,0,0
32096,1,0
32097,2,0
32098,0,0
32099,1,0
32100,2,0
32101,0,0
32102,1,0
32103,2,0
32104,0,0
32105,1,0
32106,2,0
32107,0,0
32108,1,0
32109,2,0
32110,0,0
32111,1,0
32112,2,0
32113,0,0
32114,1,0
32115,2,0
32116,0,0
32117,1,0
32118,2,0
32119,0,0
32120,1,0
32121,2,0
32122,0,0
32123,1,0
32124,2,0
32125,0,0
32126,1,0
32127,2,0
32128,0,0
32129,1,0
32130,2,0
32131,0,0
32132,1,0
32133,2,0
32134,0,0
32135,1,0
32136,2,0
32137,0,0
32138,1,0
32139,2,0
32140,0,0
32141,1,0
32142,2,0
32143,0,0
32144,1,0
32145,2,0
32146,0,0
32147,1,0
32148,2,0
32149,0,0
32150,1,0
32151,2,0
32152,0,0
32153,1,0
32154,2,0
32155,0,0
32156,1,0
32157,2,0
32158,0,0
32159,1,0
32160,2,0
32161,0,0
32162,1,0
32163,2,0
32164,0,0
32165,1,0
32166,2,0
32167,0,0
32168,1,0
32169,2,0
32170,0,0
32171,1,0
32172,2,0
32173,0,0
32174,1,0
32175,2,0
32176,0,0
32177,1,0
32178,2,0
32179,0,0
32180,1,0
32181,2,0
32182,0,0
32183,1,0
32184,2,0
32185,0,0
32186,1,0
32187,2,0
32188,0,0
32189,1,0
32190,2,0
32191,0,0
32192,1,0
32193,2,0
32194,0,0
32195,1,0
32196,2,0
32197,0,0
32198,1,0
32199,2,0
32200,0,0
32201,1,0
32202,2,0
32203,0,0
32204,1,0
32205,2,0
32206,0,0
32207,1,0
32208,2,0
32209,0,0
32210,1,0
32211,2,0
32212,0,0
32213,1,0
32214,2,0
32215,0,0
32216,1,0
32217,2,0
32218,0,0
32219,1,0
32220,2,0
32221,0,0
32222,1,0
32223,2,0
32224,0,0
32225,1,0
32226,2,0
32227,0,0
32228,1,0
32229,2,0
32230,0,0
32231,1,0
32232,2,0
32233,0,0
32234,1,0
32235,2,0
32236,0,0
32237,1,0
32238,2,0
32239,0,0
32240,1,0
32241,2,0
32242,0,0
32243,1,0
32244,2,0
32245,0,0
32246,1,0
32247,2,0
32248,0,0
32249,1,0
32250,2,0
32251,0,0
32252,1,0
32253,2,0
32254,0,0
32255,1,0
32256,2,0
32257,0,0
32258,1,0
32259,2,0
32260,0,0
32261,1,0
32262,2,0
32263,0,0
32264,1,0
32265,2,0
32266,0,0
32267,1,0
32268,2,0
32269,0,0
32270,1,0
32271,2,0
32272,0,0
32273,1,0
32274,2,0
32275,0,0
32276,1,0
32277,2,0
32278,0,0
32279,1,0
32280,2,0
32281,0,0
32282,1,0
32283,2,0
32284,0,0
32285,1,0
32286,2,0
32287,0,0
32288,1,0
32289,2,0
32290,0,0
32291,1,0
32292,2,0
32293,0,0
32294,1,0
32295,2,0
32296,0,0
32297,1,0
32298,2,0
32299,0,0
32300,1,0
32301,2,0
32302,0,0
32303,1,0
32304,2,0
32305,0,0
32306,1,0
32307,2,0
32308,0,0
32309,1,0
32310,2,0
32311,0,0
32312,1,0
32313,2,0
32314,0,0
32315,1,0
32316,2,0
32317,0,0
32318,1,0
32319,2,0
32320,0,0
32321,1,0
32322,2,0
32323,0,0
32324,1,0
32325,2,0
32326,0,0
32327,1,0
32328,2,0
32329,0,0
32330,1,0
32331,2,0
32332,0,0
32333,1,0
32334,2,0
32335,0,0
32336,1,0
32337,2,0
32338,0,0
32339,1,0
32340,2,0
32341,0,0
32342,1,0
32343,2,0
32344,0,0
32345,1,0
32346,2,0
32347,0,0
32348,1,0
32349,2,0
32350,0,0
32351,1,0
32352,2,0
32353,0,0
32354,1,0
32355,2,0
32356,0,0
32357,1,0
32358,2,0
32359,0,0
32360,1,0
32361,2,0
32362,0,0
32363,1,0
32364,2,0
32365,0,0
32366,1,0
32367,2,0
32368,0,0
32369,1,0
32370,2,0
32371,0,0
32372,1,0
32373,2,0
32374,0,0
32375,1,0
32376,2,0
32377,0,0
32378,1,0
32379,2,0
32380,0,0
32381,1,0
32382,2,0
32383,0,0
32384,1,0
32385,2,0
32386,0,0
32387,1,0
32388,2,0
32389,0,0
32390,1,0
32391,2,0
32392,0,0
32393,1,0
32394,2,0
32395,0,0
32396,1,0
32397,2,0
32398,0,0
32399,1,0
32400,2,0
32401,0,0
32402,1,0
32403,2,0
32404,0,0
32405,1,0
32406,2,0
32407,0,0
32408,1,0
32409,2,0
32410,0,0
32411,1,0
32412,2,0
32413,0,0
32414,1,0
32415,2,0
32416,0,0
32417,1,0
32418,2,0
32419,0,0
32420,1,0
32421,2,0
32422,0,0
32423,1,0
32424,2,0
32425,0,0
32426,1,0
32427,2,0
32428,0,0
32429,1,0
32430,2,0
32431,0,0
32432,1,0
32433,2,0
32434,0,0
32435,1,0
32436,2,0
32437,0,0
32438,1,0
32439,2,0
32440,0,0
32441,1,0
32442,2,0
32443,0,0
32444,1,0
32445,2,0
32446,0,0
32447,1,0
32448,2,0
32449,0,0
32450,1,0
32451,2,0
32452,0,0
32453,1,0
32454,2,0
32455,0,0
32456,1,0
32457,2,0
32458,0,0
32459,1,0
32460,2,0
32461,0,0
32462,1,0
32463,2,0
32464,0,0
32465,1,0
32466,2,0
32467,0,0
32468,1,0
32469,2,0
32470,0,0
32471,1,0
32472,2,0
32473,0,0
32474,1,0
32475,2,0
32476,0,0
32477,1,0
32478,2,0
32479,0,0
32480,1,0
32481,2,0
32482,0,0
32483,1,0
32484,2,0
32485,0,0
32486,1,0
32487,2,0
32488,0,0
32489,1,0
32490,2,0
32491,0,0
32492,1,0
32493,2,0
32494,0,0
32495,1,0
32496,2,0
32497,0,0
32498,1,0
32499,2,0
32500,0,0
32501,1,0
32502,2,0
32503,0,0
32504,1,0
32505,2,0
32506,0,0
32507,1,0
32508,2,0
32509,0,0
32510,1,0
32511,2,0
32512,0,0
32513,1,0
32514,2,0
32515,0,0
32516,1,0
32517,2,0
32518,0,0
32519,1,0
32520,2,0
32521,0,0
32522,1,0
32523,2,0
32524,0,0
32525,1,0
32526,2,0
32527,0,0
32528,1,0
32529,2,0
32530,0,0
32531,1,0
32532,2,0
32533,0,0
32534,1,0
32535,2,0
32536,0,0
32537,1,0
32538,2,0
32539,0,0
32540,1,0
32541,2,0
32542,0,0
32543,1,0
32544,2,0
32545,0,0
32546,1,0
32547,2,0
32548,0,0
32549,1,0
32550,2,0
32551,0,0
32552,1,0
32553,2,0
32554,0,0
32555,1,0
32556,2,0
32557,0,0
32558,1,0
32559,2,0
32560,0,0
32561,1,0
32562,2,0
32563,0,0
32564,1,0
32565,2,0
32566,0,0
32567,1,0
32568,2,0
32569,0,0
32570,1,0
32571,2,0
32572,0,0
32573,1,0
32574,2,0
32575,0,0
32576,1,0
32577,2,0
32578,0,0
32579,1,0
32580,2,0
32581,0,0
32582,1,0
32583,2,0
32584,0,0
32585,1,0
32586,2,0
32587,0,0
32588,1,0
32589,2,0
32590,0,0
32591,1,0
32592,2,0
32593,0,0
32594,1,0
32595,2,0
32596,0,0
32597,1,0
32598,2,0
32599,0,0
32600,1,0
32601,2,0
32602,0,0
32603,1,0
32604,2,0
32605,0,0
32606,1,0
32607,2,0
32608,0,0
32609,1,0
32610,2,0
32611,0,0
32612,1,0
32613,2,0
32614,0,0
32615,1,0
32616,2,0
32617,0,0
32618,1,0
32619,2,0
32620,0,0
32621,1,0
32622,2,0
32623,0,0
32624,1,0
32625,2,0
32626,0,0
32627,1,0
32628,2,0
32629,0,0
32630,1,0
32631,2,0
32632,0,0
32633,1,0
32634,2,0
32635,0,0
32636,1,0
32637,2,0
32638,0,0
32639,1,0
32640,2,0
32641,0,0
32642,1,0
32643,2,0
32644,0,0
32645,1,0
32646,2,0
32647,0,0
32648,1,0
32649,2,0
32650,0,0
32651,1,0
32652,2,0
32653,0,0
32654,1,0
32655,2,0
32656,0,0
32657,1,0
32658,2,0
32659,0,0
32660,1,0
32661,2,0
32662,0,0
32663,1,0
32664,2,0
32665,0,0
32666,1,0
32667,2,0
32668,0,0
32669,1,0
32670,2,0
32671,0,0
32672,1,0
32673,2,0
32674,0,0
32675,1,0
32676,2,0
32677,0,0
32678,1,0
32679,2,0
32680,0,0
32681,1,0
32682,2,0
32683,0,0
32684,1,0
32685,2,0
32686,0,0
32687,1,0
32688,2,0
32689,0,0
32690,1,0
32691,2,0
32692,0,0
32693,1,0
32694,2,0
32695,0,0
32696,1,0
32697,2,0
32698,0,0
32699,1,0
32700,2,0
32701,0,0
32702,1,0
32703,2,0
32704,0,0
32705,1,0
32706,2,0
32707,0,0
32708,1,0
32709,2,0
32710,0,0
32711,1,0
32712,2,0
32713,0,0
32714,1,0
32715,2,0
32716,0,0
32717,1,0
32718,2,0
32719,0,0
32720,1,0
32721,2,0
32722,0,0
32723,1,0
32724,2,0
32725,0,0
32726,1,0
32727,2,0
32728,0,0
32729,1,0
32730,2,0
32731,0,0
32732,1,0
32733,2,0
32734,0,0
32735,1,0
32736,2,0
32737,0,0
32738,1,0
32739,2,0
32740,0,0
32741,1,0
32742,2,0
32743,0,0
32744,1,0
32745,2,0
32746,0,0
32747,1,0
32748,2,0
32749,0,0
32750,1,0
32751,2,0
32752,0,0
32753,1,0
32754,2,0
32755,0,0
32756,1,0
32757,2,0
32758,0,0
32759,1,0
32760,2,0
32761,0,0
32762,1,0
32763,2,0
32764,0,0
32765,1,0
32766,2,0
32767,0,0
32768,1,0
32769,2,0
32770,0,0
32771,1,0
32772,2,0
32773,0,0
32774,1,0
32775,2,0
32776,0,0
32777,1,0
32778,2,0
32779,0,0
32780,1,0
32781,2,0
32782,0,0
32783,1,0
32784,2,0
32785,0,0
32786,1,0
32787,2,0
32788,0,0
32789,1,0
32790,2,0
32791,0,0
32792,1,0
32793,2,0
32794,0,0
32795,1,0
32796,2,0
32797,0,0
32798,1,0
32799,2,0
32800,0,0
32801,1,0
32802,2,0
32803,0,0
32804,1,0
32805,2,0
32806,0,0
32807,1,0
32808,2,0
32809,0,0
32810,1,0
32811,2,0
32812,0,0
32813,1,0
32814,2,0
32815,0,0
32816,1,0
32817,2,0
32818,0,0
32819,1,0
32820,2,0
32821,0,0
32822,1,0
32823,2,0
32824,0,0
32825,1,0
32826,2,0
32827,0,0
32828,1,0
32829,2,0
32830,0,0
32831,1,0
32832,2,0
32833,0,0
32834,1,0
32835,2,0
32836,0,0
32837,1,0
32838,2,0
32839,0,0
32840,1,0
32841,2,0
32842,0,0
32843,1,0
32844,2,0
32845,0,0
32846,1,0
32847,2,0
32848,0,0
32849,1,0
32850,2,0
32851,0,0
32852,1,0
32853,2,0
32854,0,0
32855,1,0
32856,2,0
32857,0,0
32858,1,0
32859,2,0
32860,0,0
32861,1,0
32862,2,0
32863,0,0
32864,1,0
32865,2,0
32866,0,0
32867,1,0
32868,2,0
32869,0,0
32870,1,0
32871,2,0
32872,0,0
32873,1,0
32874,2,0
32875,0,0
32876,1,0
32877,2,0
32878,0,0
32879,1,0
32880,2,0
32881,0,0
32882,1,0
32883,2,0
32884,0,0
32885,1,0
32886,2,0
32887,0,0
32888,1,0
32889,2,0
32890,0,0
32891,1,0
32892,2,0
32893,0,0
32894,1,0
32895,2,0
32896,0,0
32897,1,0
32898,2,0
32899,0,0
32900,1,0
32901,2,0
32902,0,0
32903,1,0
32904,2,0
32905,0,0
32906,1,0
32907,2,0
32908,0,0
32909,1,0
32910,2,0
32911,0,0
32912,1,0
32913,2,0
32914,0,0
32915,1,0
32916,2,0
32917,0,0
32918,1,0
32919,2,0
32920,0,0
32921,1,0
32922,2,0
32923,0,0
32924,1,0
32925,2,0
32926,0,0
32927,1,0
32928,2,0
32929,0,0
32930,1,0
32931,2,0
32932,0,0
32933,1,0
32934,2,0
32935,0,0
32936,1,0
32937,2,0
32938,0,0
32939,1,0
32940,2,0
32941,0,0
32942,1,0
32943,2,0
32944,0,0
32945,1,0
32946,2,0
32947,0,0
32948,1,0
32949,2,0
32950,0,0
32951,1,0
32952,2,0
32953,0,0
32954,1,0
32955,2,0
32956,0,0
32957,1,0
32958,2,0
32959,0,0
32960,1,0
32961,2,0
32962,0,0
32963,1,0
32964,2,0
32965,0,0
32966,1,0
32967,2,0
32968,0,0
32969,1,0
32970,2,0
32971,0,0
32972,1,0
32973,2,0
32974,0,0
32975,1,0
32976,2,0
32977,0,0
32978,1,0
32979,2,0
32980,0,0
32981,1,0
32982,2,0
32983,0,0
32984,1,0
32985,2,0
32986,0,0
32987,1,0
32988,2,0
32989,0,0
32990,1,0
32991,2,0
32992,0,0
32993,1,0
32994,2,0
32995,0,0
32996,1,0
32997,2,0
32998,0,0
32999,1,0
33000,2,0
33001,0,0
33002,1,0
33003,2,0
33004,0,0
33005,1,0
33006,2,0
33007,0,0
33008,1,0
33009,2,0
33010,0,0
33011,1,0
33012,2,0
33013,0,0
33014,1,0
33015,2,0
33016,0,0
33017,1,0
33018,2,0
33019,0,0
33020,1,0
33021,2,0
33022,0,0
33023,1,0
33024,2,0
33025,0,0
33026,1,0
33027,2,0
33028,0,0
33029,1,0
33030,2,0
33031,0,0
33032,1,0
33033,2,0
33034,0,0
33035,1,0
33036,2,0
33037,0,0
33038,1,0
33039,2,0
33040,0,0
33041,1,0
33042,2,0
33043,0,0
33044,1,0
33045,2,0
33046,0,0
33047,1,0
33048,2,0
33049,0,0
33050,1,0
33051,2,0
33052,0,0
33053,1,0
33054,2,0
33055,0,0
33056,1,0
33057,2,0
33058,0,0
33059,1,0
33060,2,0
33061,0,0
33062,1,0
33063,2,0
33064,0,0
33065,1,0
33066,2,0
33067,0,0
33068,1,0
33069,2,0
33070,0,0
33071,1,0
33072,2,0
33073,0,0
33074,1,0
33075,2,0
33076,0,0
33077,1,0
33078,2,0
33079,0,0
33080,1,0
33081,2,0
33082,0,0
33083,1,0
33084,2,0
33085,0,0
33086,1,0
33087,2,0
33088,0,0
33089,1,0
33090,2,0
33091,0,0
33092,1,0
33093,2,0
33094,0,0
33095,1,0
33096,2,0
33097,0,0
33098,1,0
33099,2,0
33100,0,0
33101,1,0
33102,2,0
33103,0,0
33104,1,0
33105,2,0
33106,0,0
33107,1,0
33108,2,0
33109,0,0
33110,1,0
33111,2,0
33112,0,0
33113,1,0
33114,2,0
33115,0,0
33116,1,0
33117,2,0
33118,0,0
33119,1,0
33120,2,0
33121,0,0
33122,1,0
33123,2,0
33124,0,0
33125,1,0
33126,2,0
33127,0,0
33128,1,0
33129,2,0
33130,0,0
33131,1,0
33132,2,0
33133,0,0
33134,1,0
33135,2,0
33136,0,0
33137,1,0
33138,2,0
33139,0,0
33140,1,0
33141,2,0
33142,0,0
33143,1,0
33144,2,0
33145,0,0
33146,1,0
33147,2,0
33148,0,0
33149,1,0
33150,2,0
33151,0,0
33152,1,0
33153,2,0
33154,0,0
33155,1,0
33156,2,0
33157,0,0
33158,1,0
33159,2,0
33160,0,0
33161,1,0
33162,2,0
33163,0,0
33164,1,0
33165,2,0
33166,0,0
33167,1,0
33168,2,0
33169,0,0
33170,1,0
33171,2,0
33172,0,0
33173,1,0
33174,2,0
33175,0,0
33176,1,0
33177,2,0
33178,0,0
33179,1,0
33180,2,0
33181,0,0
33182,1,0
33183,2,0
33184,0,0
33185,1,0
33186,2,0
33187,0,0
33188,1,0
33189,2,0
33190,0,0
33191,1,0
33192,2,0
33193,0,0
33194,1,0
33195,2,0
33196,0,0
33197,1,0
33198,2,0
33199,0,0
33200,1,0
33201,2,0
33202,0,0
33203,1,0
33204,2,0
33205,0,0
33206,1,0
33207,2,0
33208,0,0
33209,1,0
33210,2,0
33211,0,0
33212,1,0
33213,2,0
33214,0,0
33215,1,0
33216,2,0
33217,0,0
33218,1,0
33219,2,0
33220,0,0
33221,1,0
33222,2,0
33223,0,0
33224,1,0
33225,2,0
33226,0,0
33227,1,0
33228,2,0
33229,0,0
33230,1,0
33231,2,0
33232,0,0
33233,1,0
33234,2,0
33235,0,0
33236,1,0
33237,2,0
33238,0,0
33239,1,0
33240,2,0
33241,0,0
33242,1,0
33243,2,0
33244,0,0
33245,1,0
33246,2,0
33247,0,0
33248,1,0
33249,2,0
33250,0,0
33251,1,0
33252,2,0
33253,0,0
33254,1,0
33255,2,0
33256,0,0
33257,1,0
33258,2,0
33259,0,0
33260,1,0
33261,2,0
33262,0,0
33263,1,0
33264,2,0
33265,0,0
33266,1,0
33267,2,0
33268,0,0
33269,1,0
33270,2,0
33271,0,0
33272,1,0
33273,2,0
33274,0,0
33275,1,0
33276,2,0
33277,0,0
33278,1,0
33279,2,0
33280,0,0
33281,1,0
33282,2,0
33283,0,0
33284,1,0
33285,2,0
33286,0,0
33287,1,0
33288,2,0
33289,0,0
33290,1,0
33291,2,0
33292,0,0
33293,1,0
33294,2,0
33295,0,0
33296,1,0
33297,2,0
33298,0,0
33299,1,0
33300,2,0
33301,0,0
33302,1,0
33303,2,0
33304,0,0
33305,1,0
33306,2,0
33307,0,0
33308,1,0
33309,2,0
33310,0,0
33311,1,0
33312,2,0
33313,0,0
33314,1,0
33315,2,0
33316,0,0
33317,1,0
33318,2,0
33319,0,0
33320,1,0
33321,2,0
33322,0,0
33323,1,0
33324,2,0
33325,0,0
33326,1,0
33327,2,0
33328,0,0
33329,1,0
33330,2,0
33331,0,0
33332,1,0
33333,2,0
33334,0,0
33335,1,0
33336,2,0
33337,0,0
33338,1,0
33339,2,0
33340,0,0
33341,1,0
33342,2,0
33343,0,0
33344,1,0
33345,2,0
33346,0,0
33347,1,0
33348,2,0
33349,0,0
33350,1,0
33351,2,0
33352,0,0
33353,1,0
33354,2,0
33355,0,0
33356,1,0
33357,2,0
33358,0,0
33359,1,0
33360,2,0
33361,0,0
33362,1,0
33363,2,0
33364,0,0
33365,1,0
33366,2,0
33367,0,0
33368,1,0
33369,2,0
33370,0,0
33371,1,0
33372,2,0
33373,0,0
33374,1,0
33375,2,0
33376,0,0
33377,1,0
33378,2,0
33379,0,0
33380,1,0
33381,2,0
33382,0,0
33383,1,0
33384,2,0
33385,0,0
33386,1,0
33387,2,0
33388,0,0
33389,1,0
33390,2,0
33391,0,0
33392,1,0
33393,2,0
33394,0,0
33395,1,0
33396,2,0
33397,0,0
33398,1,0
33399,2,0
33400,0,0
33401,1,0
33402,2,0
33403,0,0
33404,1,0
33405,2,0
33406,0,0
33407,1,0
33408,2,0
33409,0,0
33410,1,0
33411,2,0
33412,0,0
33413,1,0
33414,2,0
33415,0,0
33416,1,0
33417,2,0
33418,0,0
33419,1,0
33420,2,0
33421,0,0
33422,1,0
33423,2,0
33424,0,0
33425,1,0
33426,2,0
33427,0,0
33428,1,0
33429,2,0
33430,0,0
33431,1,0
33432,2,0
33433,0,0
33434,1,0
33435,2,0
33436,0,0
33437,1,0
33438,2,0
33439,0,0
33440,1,0
33441,2,0
33442,0,0
33443,1,0
33444,2,0
33445,0,0
33446,1,0
33447,2,0
33448,0,0
33449,1,0
33450,2,0
33451,0,0
33452,1,0
33453,2,0
33454,0,0
33455,1,0
33456,2,0
33457,0,0
33458,1,0
33459,2,0
33460,0,0
33461,1,0
33462,2,0
33463,0,0
33464,1,0
33465,2,0
33466,0,0
33467,1,0
33468,2,0
33469,0,0
33470,1,0
33471,2,0
33472,0,0
33473,1,0
33474,2,0
33475,0,0
33476,1,0
33477,2,0
33478,0,0
33479,1,0
33480,2,0
33481,0,0
33482,1,0
33483,2,0
33484,0,0
33485,1,0
33486,2,0
33487,0,0
33488,1,0
33489,2,0
33490,0,0
33491,1,0
33492,2,0
33493,0,0
33494,1,0
33495,2,0
33496,0,0
33497,1,0
33498,2,0
33499,0,0
33500,1,0
33501,2,0
33502,0,0
33503,1,0
33504,2,0
33505,0,0
33506,1,0
33507,2,0
33508,0,0
33509,1,0
33510,2,0
33511,0,0
33512,1,0
33513,2,0
33514,0,0
33515,1,0
33516,2,0
33517,0,0
33518,1,0
33519,2,0
33520,0,0
33521,1,0
33522,2,0
33523,0,0
33524,1,0
33525,2,0
33526,0,0
33527,1,0
33528,2,0
33529,0,0
33530,1,0
33531,2,0
33532,0,0
33533,1,0
33534,2,0
33535,0,0
33536,1,0
33537,2,0
33538,0,0
33539,1,0
33540,2,0
33541,0,0
33542,1,0
33543,2,0
33544,0,0
33545,1,0
33546,2,0
33547,0,0
33548,1,0
33549,2,0
33550,0,0
33551,1,0
33552,2,0
33553,0,0
33554,1,0
33555,2,0
33556,0,0
33557,1,0
33558,2,0
33559,0,0
33560,1,0
33561,2,0
33562,0,0
33563,1,0
33564,2,0
33565,0,0
33566,1,0
33567,2,0
33568,0,0
33569,1,0
33570,2,0
33571,0,0
33572,1,0
33573,2,0
33574,0,0
33575,1,0
33576,2,0
33577,0,0
33578,1,0
33579,2,0
33580,0,0
33581,1,0
33582,2,0
33583,0,0
33584,1,0
33585,2,0
33586,0,0
33587,1,0
33588,2,0
33589,0,0
33590,1,0
33591,2,0
33592,0,0
33593,1,0
33594,2,0
33595,0,0
33596,1,0
33597,2,0
33598,0,0
33599,1,0
33600,2,0
33601,0,0
33602,1,0
33603,2,0
33604,0,0
33605,1,0
33606,2,0
33607,0,0
33608,1,0
33609,2,0
33610,0,0
33611,1,0
33612,2,0
33613,0,0
33614,1,0
33615,2,0
33616,0,0
33617,1,0
33618,2,0
33619,0,0
33620,1,0
33621,2,0
33622,0,0
33623,1,0
33624,2,0
33625,0,0
33626,1,0
33627,2,0
33628,0,0
33629,1,0
33630,2,0
33631,0,0
33632,1,0
33633,2,0
33634,0,0
33635,1,0
33636,2,0
33637,0,0
33638,1,0
33639,2,0
33640,0,0
33641,1,0
33642,2,0
33643,0,0
33644,1,0
33645,2,0
33646,0,0
33647,1,0
33648,2,0
33649,0,0
33650,1,0
33651,2,0
33652,0,0
33653,1,0
33654,2,0
33655,0,0
33656,1,0
33657,2,0
33658,0,0
33659,1,0
33660,2,0
33661,0,0
33662,1,0
33663,2,0
33664,0,0
33665,1,0
33666,2,0
33667,0,0
33668,1,0
33669,2,0
33670,0,0
33671,1,0
33672,2,0
33673,0,0
33674,1,0
33675,2,0
33676,0,0
33677,1,0
33678,2,0
33679,0,0
33680,1,0
33681,2,0
33682,0,0
33683,1,0
33684,2,0
33685,0,0
33686,1,0
33687,2,0
33688,0,0
33689,1,0
33690,2,0
33691,0,0
33692,1,0
33693,2,0
33694,0,0
33695,1,0
33696,2,0
33697,0,0
33698,1,0
33699,2,0
33700,0,0
33701,1,0
33702,2,0
33703,0,0
33704,1,0
33705,2,0
33706,0,0
33707,1,0
33708,2,0
33709,0,0
33710,1,0
33711,2,0
33712,0,0
33713,1,0
33714,2,0
33715,0,0
33716,1,0
33717,2,0
33718,0,0
33719,1,0
33720,2,0
33721,0,0
33722,1,0
33723,2,0
33724,0,0
33725,1,0
33726,2,0
33727,0,0
33728,1,0
33729,2,0
33730,0,0
33731,1,0
33732,2,0
33733,0,0
33734,1,0
33735,2,0
33736,0,0
33737,1,0
33738,2,0
33739,0,0
33740,1,0
33741,2,0
33742,0,0
33743,1,0
33744,2,0
33745,0,0
33746,1,0
33747,2,0
33748,0,0
33749,1,0
33750,2,0
33751,0,0
33752,1,0
33753,2,0
33754,0,0
33755,1,0
33756,2,0
33757,0,0
33758,1,0
33759,2,0
33760,0,0
33761,1,0
33762,2,0
33763,0,0
33764,1,0
33765,2,0
33766,0,0
33767,1,0
33768,2,0
33769,0,0
33770,1,0
33771,2,0
33772,0,0
33773,1,0
33774,2,0
33775,0,0
33776,1,0
33777,2,0
33778,0,0
33779,1,0
33780,2,0
33781,0,0
33782,1,0
33783,2,0
33784,0,0
33785,1,0
33786,2,0
33787,0,0
33788,1,0
33789,2,0
33790,0,0
33791,1,0
33792,2,0
33793,0,0
33794,1,0
33795,2,0
33796,0,0
33797,1,0
33798,2,0
33799,0,0
33800,1,0
33801,2,0
33802,0,0
33803,1,0
33804,2,0
33805,0,0
33806,1,0
33807,2,0
33808,0,0
33809,1,0
33810,2,0
33811,0,0
33812,1,0
33813,2,0
33814,0,0
33815,1,0
33816,2,0
33817,0,0
33818,1,0
33819,2,0
33820,0,0
33821,1,0
33822,2,0
33823,0,0
33824,1,0
33825,2,0
33826,0,0
33827,1,0
33828,2,0
33829,0,0
33830,1,0
33831,2,0
33832,0,0
33833,1,0
33834,2,0
33835,0,0
33836,1,0
33837,2,0
33838,0,0
33839,1,0
33840,2,0
33841,0,0
33842,1,0
33843,2,0
33844,0,0
33845,1,0
33846,2,0
33847,0,0
33848,1,0
33849,2,0
33850,0,0
33851,1,0
33852,2,0
33853,0,0
33854,1,0
33855,2,0
33856,0,0
33857,1,0
33858,2,0
33859,0,0
33860,1,0
33861,2,0
33862,0,0
33863,1,0
33864,2,0
33865,0,0
33866,1,0
33867,2,0
33868,0,0
33869,1,0
33870,2,0
33871,0,0
33872,1,0
33873,2,0
33874,0,0
33875,1,0
33876,2,0
33877,0,0
33878,1,0
33879,2,0
33880,0,0
33881,1,0
33882,2,0
33883,0,0
33884,1,0
33885,2,0
33886,0,0
33887,1,0
33888,2,0
33889,0,0
33890,1,0
33891,2,0
33892,0,0
33893,1,0
33894,2,0
33895,0,0
33896,1,0
33897,2,0
33898,0,0
33899,1,0
33900,2,0
33901,0,0
33902,1,0
33903,2,0
33904,0,0
33905,1,0
33906,2,0
33907,0,0
33908,1,0
33909,2,0
33910,0,0
33911,1,0
33912,2,0
33913,0,0
33914,1,0
33915,2,0
33916,0,0
33917,1,0
33918,2,0
33919,0,0
33920,1,0
33921,2,0
33922,0,0
33923,1,0
33924,2,0
33925,0,0
33926,1,0
33927,2,0
33928,0,0
33929,1,0
33930,2,0
33931,0,0
33932,1,0
33933,2,0
33934,0,0
33935,1,0
33936,2,0
33937,0,0
33938,1,0
33939,2,0
33940,0,0
33941,1,0
33942,2,0
33943,0,0
33944,1,0
33945,2,0
33946,0,0
33947,1,0
33948,2,0
33949,0,0
33950,1,0
33951,2,0
33952,0,0
33953,1,0
33954,2,0
33955,0,0
33956,1,0
33957,2,0
33958,0,0
33959,1,0
33960,2,0
33961,0,0
33962,1,0
33963,2,0
33964,0,0
33965,1,0
33966,2,0
33967,0,0
33968,1,0
33969,2,0
33970,0,0
33971,1,0
33972,2,0
33973,0,0
33974,1,0
33975,2,0
33976,0,0
33977,1,0
33978,2,0
33979,0,0
33980,1,0
33981,2,0
33982,0,0
33983,1,0
33984,2,0
33985,0,0
33986,1,0
33987,2,0
33988,0,0
33989,1,0
33990,2,0
33991,0,0
33992,1,0
33993,2,0
33994,0,0
33995,1,0
33996,2,0
33997,0,0
33998,1,0
33999,2,0
34000,0,0
34001,1,0
34002,2,0
34003,0,0
34004,1,0
34005,2,0
34006,0,0
34007,1,0
34008,2,0
34009,0,0
34010,1,0
34011,2,0
34012,0,0
34013,1,0
34014,2,0
34015,0,0
34016,1,0
34017,2,0
34018,0,0
34019,1,0
34020,2,0
34021,0,0
34022,1,0
34023,2,0
34024,0,0
34025,1,0
34026,2,0
34027,0,0
34028,1,0
34029,2,0
34030,0,0
34031,1,0
34032,2,0
34033,0,0
34034,1,0
34035,2,0
34036,0,0
34037,1,0
34038,2,0
34039,0,0
34040,1,0
34041,2,0
34042,0,0
34043,1,0
34044,2,0
34045,0,0
34046,1,0
34047,2,0
34048,0,0
34049,1,0
34050,2,0
34051,0,0
34052,1,0
34053,2,0
34054,0,0
34055,1,0
34056,2,0
34057,0,0
34058,1,0
34059,2,0
34060,0,0
34061,1,0
34062,2,0
34063,0,0
34064,1,0
34065,2,0
34066,0,0
34067,1,0
34068,2,0
34069,0,0
34070,1,0
34071,2,0
34072,0,0
34073,1,0
34074,2,0
34075,0,0
34076,1,0
34077,2,0
34078,0,0
34079,1,0
34080,2,0
34081,0,0
34082,1,0
34083,2,0
34084,0,0
34085,1,0
34086,2,0
34087,0,0
34088,1,0
34089,2,0
34090,0,0
34091,1,0
34092,2,0
34093,0,0
34094,1,0
34095,2,0
34096,0,0
34097,1,0
34098,2,0
34099,0,0
34100,1,0
34101,2,0
34102,0,0
34103,1,0
34104,2,0
34105,0,0
34106,1,0
34107,2,0
34108,0,0
34109,1,0
34110,2,0
34111,0,0
34112,1,0
34113,2,0
34114,0,0
34115,1,0
34116,2,0
34117,0,0
34118,1,0
34119,2,0
34120,0,0
34121,1,0
34122,2,0
34123,0,0
34124,1,0
34125,2,0
34126,0,0
34127,1,0
34128,2,0
34129,0,0
34130,1,0
34131,2,0
34132,0,0
34133,1,0
34134,2,0
34135,0,0
34136,1,0
34137,2,0
34138,0,0
34139,1,0
34140,2,0
34141,0,0
34142,1,0
34143,2,0
34144,0,0
34145,1,0
34146,2,0
34147,0,0
34148,1,0
34149,2,0
34150,0,0
34151,1,0
34152,2,0
34153,0,0
34154,1,0
34155,2,0
34156,0,0
34157,1,0
34158,2,0
34159,0,0
34160,1,0
34161,2,0
34162,0,0
34163,1,0
34164,2,0
34165,0,0
34166,1,0
34167,2,0
34168,0,0
34169,1,0
34170,2,0
34171,0,0
34172,1,0
34173,2,0
34174,0,0
34175,1,0
34176,2,0
34177,0,0
34178,1,0
34179,2,0
34180,0,0
34181,1,0
34182,2,0
34183,0,0
34184,1,0
34185,2,0
34186,0,0
34187,1,0
34188,2,0
34189,0,0
34190,1,0
34191,2,0
34192,0,0
34193,1,0
34194,2,0
34195,0,0
34196,1,0
34197,2,0
34198,0,0
34199,1,0
34200,2,0
34201,0,0
34202,1,0
34203,2,0
34204,0,0
34205,1,0
34206,2,0
34207,0,0
34208,1,0
34209,2,0
34210,0,0
34211,1,0
34212,2,0
34213,0,0
34214,1,0
34215,2,0
34216,0,0
34217,1,0
34218,2,0
34219,0,0
34220,1,0
34221,2,0
34222,0,0
34223,1,0
34224,2,0
34225,0,0
34226,1,0
34227,2,0
34228,0,0
34229,1,0
34230,2,0
34231,0,0
34232,1,0
34233,2,0
34234,0,0
34235,1,0
34236,2,0
34237,0,0
34238,1,0
34239,2,0
34240,0,0
34241,1,0
34242,2,0
34243,0,0
34244,1,0
34245,2,0
34246,0,0
34247,1,0
34248,2,0
34249,0,0
34250,1,0
34251,2,0
34252,0,0
34253,1,0
34254,2,0
34255,0,0
34256,1,0
34257,2,0
34258,0,0
34259,1,0
34260,2,0
34261,0,0
34262,1,0
34263,2,0
34264,0,0
34265,1,0
34266,2,0
34267,0,0
34268,1,0
34269,2,0
34270,0,0
34271,1,0
34272,2,0
34273,0,0
34274,1,0
34275,2,0
34276,0,0
34277,1,0
34278,2,0
34279,0,0
34280,1,0
34281,2,0
34282,0,0
34283,1,0
34284,2,0
34285,0,0
34286,1,0
34287,2,0
34288,0,0
34289,1,0
34290,2,0
34291,0,0
34292,1,0
34293,2,0
34294,0,0
34295,1,0
34296,2,0
34297,0,0
34298,1,0
34299,2,0
34300,0,0
34301,1,0
34302,2,0
34303,0,0
34304,1,0
34305,2,0
34306,0,0
34307,1,0
34308,2,0
34309,0,0
34310,1,0
34311,2,0
34312,0,0
34313,1,0
34314,2,0
34315,0,0
34316,1,0
34317,2,0
34318,0,0
34319,1,0
34320,2,0
34321,0,0
34322,1,0
34323,2,0
34324,0,0
34325,1,0
34326,2,0
34327,0,0
34328,1,0
34329,2,0
34330,0,0
34331,1,0
34332,2,0
34333,0,0
34334,1,0
34335,2,0
34336,0,0
34337,1,0
34338,2,0
34339,0,0
34340,1,0
34341,2,0
34342,0,0
34343,1,0
34344,2,0
34345,0,0
34346,1,0
34347,2,0
34348,0,0
34349,1,0
34350,2,0
34351,0,0
34352,1,0
34353,2,0
34354,0,0
34355,1,0
34356,2,0
34357,0,0
34358,1,0
34359,2,0
34360,0,0
34361,1,0
34362,2,0
34363,0,0
34364,1,0
34365,2,0
34366,0,0
34367,1,0
34368,2,0
34369,0,0
34370,1,0
34371,2,0
34372,0,0
34373,1,0
34374,2,0
34375,0,0
34376,1,0
34377,2,0
34378,0,0
34379,1,0
34380,2,0
34381,0,0
34382,1,0
34383,2,0
34384,0,0
34385,1,0
34386,2,0
34387,0,0
34388,1,0
34389,2,0
34390,0,0
34391,1,0
34392,2,0
34393,0,0
34394,1,0
34395,2,0
34396,0,0
34397,1,0
34398,2,0
34399,0,0
34400,1,0
34401,2,0
34402,0,0
34403,1,0
34404,2,0
34405,0,0
34406,1,0
34407,2,0
34408,0,0
34409,1,0
34410,2,0
34411,0,0
34412,1,0
34413,2,0
34414,0,0
34415,1,0
34416,2,0
34417,0,0
34418,1,0
34419,2,0
34420,0,0
34421,1,0
34422,2,0
34423,0,0
34424,1,0
34425,2,0
34426,0,0
34427,1,0
34428,2,0
34429,0,0
34430,1,0
34431,2,0
34432,0,0
34433,1,0
34434,2,0
34435,0,0
34436,1,0
34437,2,0
34438,0,0
34439,1,0
34440,2,0
34441,0,0
34442,1,0
34443,2,0
34444,0,0
34445,1,0
34446,2,0
34447,0,0
34448,1,0
34449,2,0
34450,0,0
34451,1,0
34452,2,0
34453,0,0
34454,1,0
34455,2,0
34456,0,0
34457,1,0
34458,2,0
34459,0,0
34460,1,0
34461,2,0
34462,0,0
34463,1,0
34464,2,0
34465,0,0
34466,1,0
34467,2,0
34468,0,0
34469,1,0
34470,2,0
34471,0,0
34472,1,0
34473,2,0
34474,0,0
34475,1,0
34476,2,0
34477,0,0
34478,1,0
34479,2,0
34480,0,0
34481,1,0
34482,2,0
34483,0,0
34484,1,0
34485,2,0
34486,0,0
34487,1,0
34488,2,0
34489,0,0
34490,1,0
34491,2,0
34492,0,0
34493,1,0
34494,2,0
34495,0,0
34496,1,0
34497,2,0
34498,0,0
34499,1,0
34500,2,0
34501,0,0
34502,1,0
34503,2,0
34504,0,0
34505,1,0
34506,2,0
34507,0,0
34508,1,0
34509,2,0
34510,0,0
34511,1,0
34512,2,0
34513,0,0
34514,1,0
34515,2,0
34516,0,0
34517,1,0
34518,2,0
34519,0,0
34520,1,0
34521,2,0
34522,0,0
34523,1,0
34524,2,0
34525,0,0
34526,1,0
34527,2,0
34528,0,0
34529,1,0
34530,2,0
34531,0,0
34532,1,0
34533,2,0
34534,0,0
34535,1,0
34536,2,0
34537,0,0
34538,1,0
34539,2,0
34540,0,0
34541,1,0
34542,2,0
34543,0,0
34544,1,0
34545,2,0
34546,0,0
34547,1,0
34548,2,0
34549,0,0
34550,1,0
34551,2,0
34552,0,0
34553,1,0
34554,2,0
34555,0,0
34556,1,0
34557,2,0
34558,0,0
34559,1,0
34560,2,0
34561,0,0
34562,1,0
34563,2,0
34564,0,0
34565,1,0
34566,2,0
34567,0,0
34568,1,0
34569,2,0
34570,0,0
34571,1,0
34572,2,0
34573,0,0
34574,1,0
34575,2,0
34576,0,0
34577,1,0
34578,2,0
34579,0,0
34580,1,0
34581,2,0
34582,0,0
34583,1,0
34584,2,0
34585,0,0
34586,1,0
34587,2,0
34588,0,0
34589,1,0
34590,2,0
34591,0,0
34592,1,0
34593,2,0
34594,0,0
34595,1,0
34596,2,0
34597,0,0
34598,1,0
34599,2,0
34600,0,0
34601,1,0
34602,2,0
34603,0,0
34604,1,0
34605,2,0
34606,0,0
34607,1,0
34608,2,0
34609,0,0
34610,1,0
34611,2,0
34612,0,0
34613,1,0
34614,2,0
34615,0,0
34616,1,0
34617,2,0
34618,0,0
34619,1,0
34620,2,0
34621,0,0
34622,1,0
34623,2,0
34624,0,0
34625,1,0
34626,2,0
34627,0,0
34628,1,0
34629,2,0
34630,0,0
34631,1,0
34632,2,0
34633,0,0
34634,1,0
34635,2,0
34636,0,0
34637,1,0
34638,2,0
34639,0,0
34640,1,0
34641,2,0
34642,0,0
34643,1,0
34644,2,0
34645,0,0
34646,1,0
34647,2,0
34648,0,0
34649,1,0
34650,2,0
34651,0,0
34652,1,0
34653,2,0
34654,0,0
34655,1,0
34656,2,0
34657,0,0
34658,1,0
34659,2,0
34660,0,0
34661,1,0
34662,2,0
34663,0,0
34664,1,0
34665,2,0
34666,0,0
34667,1,0
34668,2,0
34669,0,0
34670,1,0
34671,2,0
34672,0,0
34673,1,0
34674,2,0
34675,0,0
34676,1,0
34677,2,0
34678,0,0
34679,1,0
34680,2,0
34681,0,0
34682,1,0
34683,2,0
34684,0,0
34685,1,0
34686,2,0
34687,0,0
34688,1,0
34689,2,0
34690,0,0
34691,1,0
34692,2,0
34693,0,0
34694,1,0
34695,2,0
34696,0,0
34697,1,0
34698,2,0
34699,0,0
34700,1,0
34701,2,0
34702,0,0
34703,1,0
34704,2,0
34705,0,0
34706,1,0
34707,2,0
34708,0,0
34709,1,0
34710,2,0
34711,0,0
34712,1,0
34713,2,0
34714,0,0
34715,1,0
34716,2,0
34717,0,0
34718,1,0
34719,2,0
34720,0,0
34721,1,0
34722,2,0
34723,0,0
34724,1,0
34725,2,0
34726,0,0
34727,1,0
34728,2,0
34729,0,0
34730,1,0
34731,2,0
34732,0,0
34733,1,0
34734,2,0
34735,0,0
34736,1,0
34737,2,0
34738,0,0
34739,1,0
34740,2,0
34741,0,0
34742,1,0
34743,2,0
34744,0,0
34745,1,0
34746,2,0
34747,0,0
34748,1,0
34749,2,0
34750,0,0
34751,1,0
34752,2,0
34753,0,0
34754,1,0
34755,2,0
34756,0,0
34757,1,0
34758,2,0
34759,0,0
34760,1,0
34761,2,0
34762,0,0
34763,1,0
34764,2,0
34765,0,0
34766,1,0
34767,2,0
34768,0,0
34769,1,0
34770,2,0
34771,0,0
34772,1,0
34773,2,0
34774,0,0
34775,1,0
34776,2,0
34777,0,0
34778,1,0
34779,2,0
34780,0,0
34781,1,0
34782,2,0
34783,0,0
34784,1,0
34785,2,0
34786,0,0
34787,1,0
34788,2,0
34789,0,0
34790,1,0
34791,2,0
34792,0,0
34793,1,0
34794,2,0
34795,0,0
34796,1,0
34797,2,0
34798,0,0
34799,1,0
34800,2,0
34801,0,0
34802,1,0
34803,2,0
34804,0,0
34805,1,0
34806,2,0
34807,0,0
34808,1,0
34809,2,0
34810,0,0
34811,1,0
34812,2,0
34813,0,0
34814,1,0
34815,2,0
34816,0,0
34817,1,0
34818,2,0
34819,0,0
34820,1,0
34821,2,0
34822,0,0
34823,1,0
34824,2,0
34825,0,0
34826,1,0
34827,2,0
34828,0,0
34829,1,0
34830,2,0
34831,0,0
34832,1,0
34833,2,0
34834,0,0
34835,1,0
34836,2,0
34837,0,0
34838,1,0
34839,2,0
34840,0,0
34841,1,0
34842,2,0
34843,0,0
34844,1,0
34845,2,0
34846,0,0
34847,1,0
34848,2,0
34849,0,0
34850,1,0
34851,2,0
34852,0,0
34853,1,0
34854,2,0
34855,0,0
34856,1,0
34857,2,0
34858,0,0
34859,1,0
34860,2,0
34861,0,0
34862,1,0
34863,2,0
34864,0,0
34865,1,0
34866,2,0
34867,0,0
34868,1,0
34869,2,0
34870,0,0
34871,1,0
34872,2,0
34873,0,0
34874,1,0
34875,2,0
34876,0,0
34877,1,0
34878,2,0
34879,0,0
34880,1,0
34881,2,0
34882,0,0
34883,1,0
34884,2,0
34885,0,0
34886,1,0
34887,2,0
34888,0,0
34889,1,0
34890,2,0
34891,0,0
34892,1,0
34893,2,0
34894,0,0
34895,1,0
34896,2,0
34897,0,0
34898,1,0
34899,2,0
34900,0,0
34901,1,0
34902,2,0
34903,0,0
34904,1,0
34905,2,0
34906,0,0
34907,1,0
34908,2,0
34909,0,0
34910,1,0
34911,2,0
34912,0,0
34913,1,0
34914,2,0
34915,0,0
34916,1,0
34917,2,0
34918,0,0
34919,1,0
34920,2,0
34921,0,0
34922,1,0
34923,2,0
34924,0,0
34925,1,0
34926,2,0
34927,0,0
34928,1,0
34929,2,0
34930,0,0
34931,1,0
34932,2,0
34933,0,0
34934,1,0
34935,2,0
34936,0,0
34937,1,0
34938,2,0
34939,0,0
34940,1,0
34941,2,0
34942,0,0
34943,1,0
34944,2,0
34945,0,0
34946,1,0
34947,2,0
34948,0,0
34949,1,0
34950,2,0
34951,0,0
34952,1,0
34953,2,0
34954,0,0
34955,1,0
34956,2,0
34957,0,0
34958,1,0
34959,2,0
34960,0,0
34961,1,0
34962,2,0
34963,0,0
34964,1,0
34965,2,0
34966,0,0
34967,1,0
34968,2,0
34969,0,0
34970,1,0
34971,2,0
34972,0,0
34973,1,0
34974,2,0
34975,0,0
34976,1,0
34977,2,0
34978,0,0
34979,1,0
34980,2,0
34981,0,0
34982,1,0
34983,2,0
34984,0,0
34985,1,0
34986,2,0
34987,0,0
34988,1,0
34989,2,0
34990,0,0
34991,1,0
34992,2,0
34993,0,0
34994,1,0
34995,2,0
34996,0,0
34997,1,0
34998,2,0
34999,0,0
35000,1,0
35001,2,0
35002,0,0
35003,1,0
35004,2,0
35005,0,0
35006,1,0
35007,2,0
35008,0,0
35009,1,0
35010,2,0
35011,0,0
35012,1,0
35013,2,0
35014,0,0
35015,1,0
35016,2,0
35017,0,0
35018,1,0
35019,2,0
35020,0,0
35021,1,0
35022,2,0
35023,0,0
35024,1,0
35025,2,0
35026,0,0
35027,1,0
35028,2,0
35029,0,0
35030,1,0
35031,2,0
35032,0,0
35033,1,0
35034,2,0
35035,0,0
35036,1,0
35037,2,0
35038,0,0
35039,1,0
35040,2,0
35041,0,0
35042,1,0
35043,2,0
35044,0,0
35045,1,0
35046,2,0
35047,0,0
35048,1,0
35049,2,0
35050,0,0
35051,1,0
35052,2,0
35053,0,0
35054,1,0
35055,2,0
35056,0,0
35057,1,0
35058,2,0
35059,0,0
35060,1,0
35061,2,0
35062,0,0
35063,1,0
35064,2,0
35065,0,0
35066,1,0
35067,2,0
35068,0,0
35069,1,0
35070,2,0
35071,0,0
35072,1,0
35073,2,0
35074,0,0
35075,1,0
35076,2,0
35077,0,0
35078,1,0
35079,2,0
35080,0,0
35081,1,0
35082,2,0
35083,0,0
35084,1,0
35085,2,0
35086,0,0
35087,1,0
35088,2,0
35089,0,0
35090,1,0
35091,2,0
35092,0,0
35093,1,0
35094,2,0
35095,0,0
35096,1,0
35097,2,0
35098,0,0
35099,1,0
35100,2,0
35101,0,0
35102,1,0
35103,2,0
35104,0,0
35105,1,0
35106,2,0
35107,0,0
35108,1,0
35109,2,0
35110,0,0
35111,1,0
35112,2,0
35113,0,0
35114,1,0
35115,2,0
35116,0,0
35117,1,0
35118,2,0
35119,0,0
35120,1,0
35121,2,0
35122,0,0
35123,1,0
35124,2,0
35125,0,0
35126,1,0
35127,2,0
35128,0,0
35129,1,0
35130,2,0
35131,0,0
35132,1,0
35133,2,0
35134,0,0
35135,1,0
35136,2,0
35137,0,0
35138,1,0
35139,2,0
35140,0,0
35141,1,0
35142,2,0
35143,0,0
35144,1,0
35145,2,0
35146,0,0
35147,1,0
35148,2,0
35149,0,0
35150,1,0
35151,2,0
35152,0,0
35153,1,0
35154,2,0
35155,0,0
35156,1,0
35157,2,0
35158,0,0
35159,1,0
35160,2,0
35161,0,0
35162,1,0
35163,2,0
35164,0,0
35165,1,0
35166,2,0
35167,0,0
35168,1,0
35169,2,0
35170,0,0
35171,1,0
35172,2,0
35173,0,0
35174,1,0
35175,2,0
35176,0,0
35177,1,0
35178,2,0
35179,0,0
35180,1,0
35181,2,0
35182,0,0
35183,1,0
35184,2,0
35185,0,0
35186,1,0
35187,2,0
35188,0,0
35189,1,0
35190,2,0
35191,0,0
35192,1,0
35193,2,0
35194,0,0
35195,1,0
35196,2,0
35197,0,0
35198,1,0
35199,2,0
35200,0,0
35201,1,0
35202,2,0
35203,0,0
35204,1,0
35205,2,0
35206,0,0
35207,1,0
35208,2,0
35209,0,0
35210,1,0
35211,2,0
35212,0,0
35213,1,0
35214,2,0
35215,0,0
35216,1,0
35217,2,0
35218,0,0
35219,1,0
35220,2,0
35221,0,0
35222,1,0
35223,2,0
35224,0,0
35225,1,0
35226,2,0
35227,0,0
35228,1,0
35229,2,0
35230,0,0
35231,1,0
35232,2,0
35233,0,0
35234,1,0
35235,2,0
35236,0,0
35237,1,0
35238,2,0
35239,0,0
35240,1,0
35241,2,0
35242,0,0
35243,1,0
35244,2,0
35245,0,0
35246,1,0
35247,2,0
35248,0,0
35249,1,0
35250,2,0
35251,0,0
35252,1,0
35253,2,0
35254,0,0
35255,1,0
35256,2,0
35257,0,0
35258,1,0
35259,2,0
35260,0,0
35261,1,0
35262,2,0
35263,0,0
35264,1,0
35265,2,0
35266,0,0
35267,1,0
35268,2,0
35269,0,0
35270,1,0
35271,2,0
35272,0,0
35273,1,0
35274,2,0
35275,0,0
35276,1,0
35277,2,0
35278,0,0
35279,1,0
35280,2,0
35281,0,0
35282,1,0
35283,2,0
35284,0,0
35285,1,0
35286,2,0
35287,0,0
35288,1,0
35289,2,0
35290,0,0
35291,1,0
35292,2,0
35293,0,0
35294,1,0
35295,2,0
35296,0,0
35297,1,0
35298,2,0
35299,0,0
35300,1,0
35301,2,0
35302,0,0
35303,1,0
35304,2,0
35305,0,0
35306,1,0
35307,2,0
35308,0,0
35309,1,0
35310,2,0
35311,0,0
35312,1,0
35313,2,0
35314,0,0
35315,1,0
35316,2,0
35317,0,0
35318,1,0
35319,2,0
35320,0,0
35321,1,0
35322,2,0
35323,0,0
35324,1,0
35325,2,0
35326,0,0
35327,1,0
35328,2,0
35329,0,0
35330,1,0
35331,2,0
35332,0,0
35333,1,0
35334,2,0
35335,0,0
35336,1,0
35337,2,0
35338,0,0
35339,1,0
35340,2,0
35341,0,0
35342,1,0
35343,2,0
35344,0,0
35345,1,0
35346,2,0
35347,0,0
35348,1,0
35349,2,0
35350,0,0
35351,1,0
35352,2,0
35353,0,0
35354,1,0
35355,2,0
35356,0,0
35357,1,0
35358,2,0
35359,0,0
35360,1,0
35361,2,0
35362,0,0
35363,1,0
35364,2,0
35365,0,0
35366,1,0
35367,2,0
35368,0,0
35369,1,0
35370,2,0
35371,0,0
35372,1,0
35373,2,0
35374,0,0
35375,1,0
35376,2,0
35377,0,0
35378,1,0
35379,2,0
35380,0,0
35381,1,0
35382,2,0
35383,0,0
35384,1,0
35385,2,0
35386,0,0
35387,1,0
35388,2,0
35389,0,0
35390,1,0
35391,2,0
35392,0,0
35393,1,0
35394,2,0
35395,0,0
35396,1,0
35397,2,0
35398,0,0
35399,1,0
35400,2,0
35401,0,0
35402,1,0
35403,2,0
35404,0,0
35405,1,0
35406,2,0
35407,0,0
35408,1,0
35409,2,0
35410,0,0
35411,1,0
35412,2,0
35413,0,0
35414,1,0
35415,2,0
35416,0,0
35417,1,0
35418,2,0
35419,0,0
35420,1,0
35421,2,0
35422,0,0
35423,1,0
35424,2,0
35425,0,0
35426,1,0
35427,2,0
35428,0,0
35429,1,0
35430,2,0
35431,0,0
35432,1,0
35433,2,0
35434,0,0
35435,1,0
35436,2,0
35437,0,0
35438,1,0
35439,2,0
35440,0,0
35441,1,0
35442,2,0
35443,0,0
35444,1,0
35445,2,0
35446,0,0
35447,1,0
35448,2,0
35449,0,0
35450,1,0
35451,2,0
35452,0,0
35453,1,0
35454,2,0
35455,0,0
35456,1,0
35457,2,0
35458,0,0
35459,1,0
35460,2,0
35461,0,0
35462,1,0
35463,2,0
35464,0,0
35465,1,0
35466,2,0
35467,0,0
35468,1,0
35469,2,0
35470,0,0
35471,1,0
35472,2,0
35473,0,0
35474,1,0
35475,2,0
35476,0,0
35477,1,0
35478,2,0
35479,0,0
35480,1,0
35481,2,0
35482,0,0
35483,1,0
35484,2,0
35485,0,0
35486,1,0
35487,2,0
35488,0,0
35489,1,0
35490,2,0
35491,0,0
35492,1,0
35493,2,0
35494,0,0
35495,1,0
35496,2,0
35497,0,0
35498,1,0
35499,2,0
35500,0,0
35501,1,0
35502,2,0
35503,0,0
35504,1,0
35505,2,0
35506,0,0
35507,1,0
35508,2,0
35509,0,0
35510,1,0
35511,2,0
35512,0,0
35513,1,0
35514,2,0
35515,0,0
35516,1,0
35517,2,0
35518,0,0
35519,1,0
35520,2,0
35521,0,0
35522,1,0
35523,2,0
35524,0,0
35525,1,0
35526,2,0
35527,0,0
35528,1,0
35529,2,0
35530,0,0
35531,1,0
35532,2,0
35533,0,0
35534,1,0
35535,2,0
35536,0,0
35537,1,0
35538,2,0
35539,0,0
35540,1,0
35541,2,0
35542,0,0
35543,1,0
35544,2,0
35545,0,0
35546,1,0
35547,2,0
35548,0,0
35549,1,0
35550,2,0
35551,0,0
35552,1,0
35553,2,0
35554,0,0
35555,1,0
35556,2,0
35557,0,0
35558,1,0
35559,2,0
35560,0,0
35561,1,0
35562,2,0
35563,0,0
35564,1,0
35565,2,0
35566,0,0
35567,1,0
35568,2,0
35569,0,0
35570,1,0
35571,2,0
35572,0,0
35573,1,0
35574,2,0
35575,0,0
35576,1,0
35577,2,0
35578,0,0
35579,1,0
35580,2,0
35581,0,0
35582,1,0
35583,2,0
35584,0,0
35585,1,0
35586,2,0
35587,0,0
35588,1,0
35589,2,0
35590,0,0
35591,1,0
35592,2,0
35593,0,0
35594,1,0
35595,2,0
35596,0,0
35597,1,0
35598,2,0
35599,0,0
35600,1,0
35601,2,0
35602,0,0
35603,1,0
35604,2,0
35605,0,0
35606,1,0
35607,2,0
35608,0,0
35609,1,0
35610,2,0
35611,0,0
35612,1,0
35613,2,0
35614,0,0
35615,1,0
35616,2,0
35617,0,0
35618,1,0
35619,2,0
35620,0,0
35621,1,0
35622,2,0
35623,0,0
35624,1,0
35625,2,0
35626,0,0
35627,1,0
35628,2,0
35629,0,0
35630,1,0
35631,2,0
35632,0,0
35633,1,0
35634,2,0
35635,0,0
35636,1,0
35637,2,0
35638,0,0
35639,1,0
35640,2,0
35641,0,0
35642,1,0
35643,2,0
35644,0,0
35645,1,0
35646,2,0
35647,0,0
35648,1,0
35649,2,0
35650,0,0
35651,1,0
35652,2,0
35653,0,0
35654,1,0
35655,2,0
35656,0,0
35657,1,0
35658,2,0
35659,0,0
35660,1,0
35661,2,0
35662,0,0
35663,1,0
35664,2,0
35665,0,0
35666,1,0
35667,2,0
35668,0,0
35669,1,0
35670,2,0
35671,0,0
35672,1,0
35673,2,0
35674,0,0
35675,1,0
35676,2,0
35677,0,0
35678,1,0
35679,2,0
35680,0,0
35681,1,0
35682,2,0
35683,0,0
35684,1,0
35685,2,0
35686,0,0
35687,1,0
35688,2,0
35689,0,0
35690,1,0
35691,2,0
35692,0,0
35693,1,0
35694,2,0
35695,0,0
35696,1,0
35697,2,0
35698,0,0
35699,1,0
35700,2,0
35701,0,0
35702,1,0
35703,2,0
35704,0,0
35705,1,0
35706,2,0
35707,0,0
35708,1,0
35709,2,0
35710,0,0
35711,1,0
35712,2,0
35713,0,0
35714,1,0
35715,2,0
35716,0,0
35717,1,0
35718,2,0
35719,0,0
35720,1,0
35721,2,0
35722,0,0
35723,1,0
35724,2,0
35725,0,0
35726,1,0
35727,2,0
35728,0,0
35729,1,0
35730,2,0
35731,0,0
35732,1,0
35733,2,0
35734,0,0
35735,1,0
35736,2,0
35737,0,0
35738,1,0
35739,2,0
35740,0,0
35741,1,0
35742,2,0
35743,0,0
35744,1,0
35745,2,0
35746,0,0
35747,1,0
35748,2,0
35749,0,0
35750,1,0
35751,2,0
35752,0,0
35753,1,0
35754,2,0
35755,0,0
35756,1,0
35757,2,0
35758,0,0
35759,1,0
35760,2,0
35761,0,0
35762,1,0
35763,2,0
35764,0,0
35765,1,0
35766,2,0
35767,0,0
35768,1,0
35769,2,0
35770,0,0
35771,1,0
35772,2,0
35773,0,0
35774,1,0
35775,2,0
35776,0,0
35777,1,0
35778,2,0
35779,0,0
35780,1,0
35781,2,0
35782,0,0
35783,1,0
35784,2,0
35785,0,0
35786,1,0
35787,2,0
35788,0,0
35789,1,0
35790,2,0
35791,0,0
35792,1,0
35793,2,0
35794,0,0
35795,1,0
35796,2,0
35797,0,0
35798,1,0
35799,2,0
35800,0,0
35801,1,0
35802,2,0
35803,0,0
35804,1,0
35805,2,0
35806,0,0
35807,1,0
35808,2,0
35809,0,0
35810,1,0
35811,2,0
35812,0,0
35813,1,0
35814,2,0
35815,0,0
35816,1,0
35817,2,0
35818,0,0
35819,1,0
35820,2,0
35821,0,0
35822,1,0
35823,2,0
35824,0,0
35825,1,0
35826,2,0
35827,0,0
35828,1,0
35829,2,0
35830,0,0
35831,1,0
35832,2,0
35833,0,0
35834,1,0
35835,2,0
35836,0,0
35837,1,0
35838,2,0
35839,0,0
35840,1,0
35841,2,0
35842,0,0
35843,1,0
35844,2,0
35845,0,0
35846,1,0
35847,2,0
35848,0,0
35849,1,0
35850,2,0
35851,0,0
35852,1,0
35853,2,0
35854,0,0
35855,1,0
35856,2,0
35857,0,0
35858,1,0
35859,2,0
35860,0,0
35861,1,0
35862,2,0
35863,0,0
35864,1,0
35865,2,0
35866,0,0
35867,1,0
35868,2,0
35869,0,0
35870,1,0
35871,2,0
35872,0,0
35873,1,0
35874,2,0
35875,0,0
35876,1,0
35877,2,0
35878,0,0
35879,1,0
35880,2,0
35881,0,0
35882,1,0
35883,2,0
35884,0,0
35885,1,0
35886,2,0
35887,0,0
35888,1,0
35889,2,0
35890,0,0
35891,1,0
35892,2,0
35893,0,0
35894,1,0
35895,2,0
35896,0,0
35897,1,0
35898,2,0
35899,0,0
35900,1,0
35901,2,0
35902,0,0
35903,1,0
35904,2,0
35905,0,0
35906,1,0
35907,2,0
35908,0,0
35909,1,0
35910,2,0
35911,0,0
35912,1,0
35913,2,0
35914,0,0
35915,1,0
35916,2,0
35917,0,0
35918,1,0
35919,2,0
35920,0,0
35921,1,0
35922,2,0
35923,0,0
35924,1,0
35925,2,0
35926,0,0
35927,1,0
35928,2,0
35929,0,0
35930,1,0
35931,2,0
35932,0,0
35933,1,0
35934,2,0
35935,0,0
35936,1,0
35937,2,0
35938,0,0
35939,1,0
35940,2,0
35941,0,0
35942,1,0
35943,2,0
35944,0,0
35945,1,0
35946,2,0
35947,0,0
35948,1,0
35949,2,0
35950,0,0
35951,1,0
35952,2,0
35953,0,0
35954,1,0
35955,2,0
35956,0,0
35957,1,0
35958,2,0
35959,0,0
35960,1,0
35961,2,0
35962,0,0
35963,1,0
35964,2,0
35965,0,0
35966,1,0
35967,2,0
35968,0,0
35969,1,0
35970,2,0
35971,0,0
35972,1,0
35973,2,0
35974,0,0
35975,1,0
35976,2,0
35977,0,0
35978,1,0
35979,2,0
35980,0,0
35981,1,0
35982,2,0
35983,0,0
35984,1,0
35985,2,0
35986,0,0
35987,1,0
35988,2,0
35989,0,0
35990,1,0
35991,2,0
35992,0,0
35993,1,0
35994,2,0
35995,0,0
35996,1,0
35997,2,0
35998,0,0
35999,1,0
36000,2,0
36001,0,0
36002,1,0
36003,2,0
36004,0,0
36005,1,0
36006,2,0
36007,0,0
36008,1,0
36009,2,0
36010,0,0
36011,1,0
36012,2,0
36013,0,0
36014,1,0
36015,2,0
36016,0,0
36017,1,0
36018,2,0
36019,0,0
36020,1,0
36021,2,0
36022,0,0
36023,1,0
36024,2,0
36025,0,0
36026,1,0
36027,2,0
36028,0,0
36029,1,0
36030,2,0
36031,0,0
36032,1,0
36033,2,0
36034,0,0
36035,1,0
36036,2,0
36037,0,0
36038,1,0
36039,2,0
36040,0,0
36041,1,0
36042,2,0
36043,0,0
36044,1,0
36045,2,0
36046,0,0
36047,1,0
36048,2,0
36049,0,0
36050,1,0
36051,2,0
36052,0,0
36053,1,0
36054,2,0
36055,0,0
36056,1,0
36057,2,0
36058,0,0
36059,1,0
36060,2,0
36061,0,0
36062,1,0
36063,2,0
36064,0,0
36065,1,0
36066,2,0
36067,0,0
36068,1,0
36069,2,0
36070,0,0
36071,1,0
36072,2,0
36073,0,0
36074,1,0
36075,2,0
36076,0,0
36077,1,0
36078,2,0
36079,0,0
36080,1,0
36081,2,0
36082,0,0
36083,1,0
36084,2,0
36085,0,0
36086,1,0
36087,2,0
36088,0,0
36089,1,0
36090,2,0
36091,0,0
36092,1,0
36093,2,0
36094,0,0
36095,1,0
36096,2,0
36097,0,0
36098,1,0
36099,2,0
36100,0,0
36101,1,0
36102,2,0
36103,0,0
36104,1,0
36105,2,0
36106,0,0
36107,1,0
36108,2,0
36109,0,0
36110,1,0
36111,2,0
36112,0,0
36113,1,0
36114,2,0
36115,0,0
36116,1,0
36117,2,0
36118,0,0
36119,1,0
36120,2,0
36121,0,0
36122,1,0
36123,2,0
36124,0,0
36125,1,0
36126,2,0
36127,0,0
36128,1,0
36129,2,0
36130,0,0
36131,1,0
36132,2,0
36133,0,0
36134,1,0
36135,2,0
36136,0,0
36137,1,0
36138,2,0
36139,0,0
36140,1,0
36141,2,0
36142,0,0
36143,1,0
36144,2,0
36145,0,0
36146,1,0
36147,2,0
36148,0,0
36149,1,0
36150,2,0
36151,0,0
36152,1,0
36153,2,0
36154,0,0
36155,1,0
36156,2,0
36157,0,0
36158,1,0
36159,2,0
36160,0,0
36161,1,0
36162,2,0
36163,0,0
36164,1,0
36165,2,0
36166,0,0
36167,1,0
36168,2,0
36169,0,0
36170,1,0
36171,2,0
36172,0,0
36173,1,0
36174,2,0
36175,0,0
36176,1,0
36177,2,0
36178,0,0
36179,1,0
36180,2,0
36181,0,0
36182,1,0
36183,2,0
36184,0,0
36185,1,0
36186,2,0
36187,0,0
36188,1,0
36189,2,0
36190,0,0
36191,1,0
36192,2,0
36193,0,0
36194,1,0
36195,2,0
36196,0,0
36197,1,0
36198,2,0
36199,0,0
36200,1,0
36201,2,0
36202,0,0
36203,1,0
36204,2,0
36205,0,0
36206,1,0
36207,2,0
36208,0,0
36209,1,0
36210,2,0
36211,0,0
36212,1,0
36213,2,0
36214,0,0
36215,1,0
36216,2,0
36217,0,0
36218,1,0
36219,2,0
36220,0,0
36221,1,0
36222,2,0
36223,0,0
36224,1,0
36225,2,0
36226,0,0
36227,1,0
36228,2,0
36229,0,0
36230,1,0
36231,2,0
36232,0,0
36233,1,0
36234,2,0
36235,0,0
36236,1,0
36237,2,0
36238,0,0
36239,1,0
36240,2,0
36241,0,0
36242,1,0
36243,2,0
36244,0,0
36245,1,0
36246,2,0
36247,0,0
36248,1,0
36249,2,0
36250,0,0
36251,1,0
36252,2,0
36253,0,0
36254,1,0
36255,2,0
36256,0,0
36257,1,0
36258,2,0
36259,0,0
36260,1,0
36261,2,0
36262,0,0
36263,1,0
36264,2,0
36265,0,0
36266,1,0
36267,2,0
36268,0,0
36269,1,0
36270,2,0
36271,0,0
36272,1,0
36273,2,0
36274,0,0
36275,1,0
36276,2,0
36277,0,0
36278,1,0
36279,2,0
36280,0,0
36281,1,0
36282,2,0
36283,0,0
36284,1,0
36285,2,0
36286,0,0
36287,1,0
36288,2,0
36289,0,0
36290,1,0
36291,2,0
36292,0,0
36293,1,0
36294,2,0
36295,0,0
36296,1,0
36297,2,0
36298,0,0
36299,1,0
36300,2,0
36301,0,0
36302,1,0
36303,2,0
36304,0,0
36305,1,0
36306,2,0
36307,0,0
36308,1,0
36309,2,0
36310,0,0
36311,1,0
36312,2,0
36313,0,0
36314,1,0
36315,2,0
36316,0,0
36317,1,0
36318,2,0
36319,0,0
36320,1,0
36321,2,0
36322,0,0
36323,1,0
36324,2,0
36325,0,0
36326,1,0
36327,2,0
36328,0,0
36329,1,0
36330,2,0
36331,0,0
36332,1,0
36333,2,0
36334,0,0
36335,1,0
36336,2,0
36337,0,0
36338,1,0
36339,2,0
36340,0,0
36341,1,0
36342,2,0
36343,0,0
36344,1,0
36345,2,0
36346,0,0
36347,1,0
36348,2,0
36349,0,0
36350,1,0
36351,2,0
36352,0,0
36353,1,0
36354,2,0
36355,0,0
36356,1,0
36357,2,0
36358,0,0
36359,1,0
36360,2,0
36361,0,0
36362,1,0
36363,2,0
36364,0,0
36365,1,0
36366,2,0
36367,0,0
36368,1,0
36369,2,0
36370,0,0
36371,1,0
36372,2,0
36373,0,0
36374,1,0
36375,2,0
36376,0,0
36377,1,0
36378,2,0
36379,0,0
36380,1,0
36381,2,0
36382,0,0
36383,1,0
36384,2,0
36385,0,0
36386,1,0
36387,2,0
36388,0,0
36389,1,0
36390,2,0
36391,0,0
36392,1,0
36393,2,0
36394,0,0
36395,1,0
36396,2,0
36397,0,0
36398,1,0
36399,2,0
36400,0,0
36401,1,0
36402,2,0
36403,0,0
36404,1,0
36405,2,0
36406,0,0
36407,1,0
36408,2,0
36409,0,0
36410,1,0
36411,2,0
36412,0,0
36413,1,0
36414,2,0
36415,0,0
36416,1,0
36417,2,0
36418,0,0
36419,1,0
36420,2,0
36421,0,0
36422,1,0
36423,2,0
36424,0,0
36425,1,0
36426,2,0
36427,0,0
36428,1,0
36429,2,0
36430,0,0
36431,1,0
36432,2,0
36433,0,0
36434,1,0
36435,2,0
36436,0,0
36437,1,0
36438,2,0
36439,0,0
36440,1,0
36441,2,0
36442,0,0
36443,1,0
36444,2,0
36445,0,0
36446,1,0
36447,2,0
36448,0,0
36449,1,0
36450,2,0
36451,0,0
36452,1,0
36453,2,0
36454,0,0
36455,1,0
36456,2,0
36457,0,0
36458,1,0
36459,2,0
36460,0,0
36461,1,0
36462,2,0
36463,0,0
36464,1,0
36465,2,0
36466,0,0
36467,1,0
36468,2,0
36469,0,0
36470,1,0
36471,2,0
36472,0,0
36473,1,0
36474,2,0
36475,0,0
36476,1,0
36477,2,0
36478,0,0
36479,1,0
36480,2,0
36481,0,0
36482,1,0
36483,2,0
36484,0,0
36485,1,0
36486,2,0
36487,0,0
36488,1,0
36489,2,0
36490,0,0
36491,1,0
36492,2,0
36493,0,0
36494,1,0
36495,2,0
36496,0,0
36497,1,0
36498,2,0
36499,0,0
36500,1,0
36501,2,0
36502,0,0
36503,1,0
36504,2,0
36505,0,0
36506,1,0
36507,2,0
36508,0,0
36509,1,0
36510,2,0
36511,0,0
36512,1,0
36513,2,0
36514,0,0
36515,1,0
36516,2,0
36517,0,0
36518,1,0
36519,2,0
36520,0,0
36521,1,0
36522,2,0
36523,0,0
36524,1,0
36525,2,0
36526,0,0
36527,1,0
36528,2,0
36529,0,0
36530,1,0
36531,2,0
36532,0,0
36533,1,0
36534,2,0
36535,0,0
36536,1,0
36537,2,0
36538,0,0
36539,1,0
36540,2,0
36541,0,0
36542,1,0
36543,2,0
36544,0,0
36545,1,0
36546,2,0
36547,0,0
36548,1,0
36549,2,0
36550,0,0
36551,1,0
36552,2,0
36553,0,0
36554,1,0
36555,2,0
36556,0,0
36557,1,0
36558,2,0
36559,0,0
36560,1,0
36561,2,0
36562,0,0
36563,1,0
36564,2,0
36565,0,0
36566,1,0
36567,2,0
36568,0,0
36569,1,0
36570,2,0
36571,0,0
36572,1,0
36573,2,0
36574,0,0
36575,1,0
36576,2,0
36577,0,0
36578,1,0
36579,2,0
36580,0,0
36581,1,0
36582,2,0
36583,0,0
36584,1,0
36585,2,0
36586,0,0
36587,1,0
36588,2,0
36589,0,0
36590,1,0
36591,2,0
36592,0,0
36593,1,0
36594,2,0
36595,0,0
36596,1,0
36597,2,0
36598,0,0
36599,1,0
36600,2,0
36601,0,0
36602,1,0
36603,2,0
36604,0,0
36605,1,0
36606,2,0
36607,0,0
36608,1,0
36609,2,0
36610,0,0
36611,1,0
36612,2,0
36613,0,0
36614,1,0
36615,2,0
36616,0,0
36617,1,0
36618,2,0
36619,0,0
36620,1,0
36621,2,0
36622,0,0
36623,1,0
36624,2,0
36625,0,0
36626,1,0
36627,2,0
36628,0,0
36629,1,0
36630,2,0
36631,0,0
36632,1,0
36633,2,0
36634,0,0
36635,1,0
36636,2,0
36637,0,0
36638,1,0
36639,2,0
36640,0,0
36641,1,0
36642,2,0
36643,0,0
36644,1,0
36645,2,0
36646,0,0
36647,1,0
36648,2,0
36649,0,0
36650,1,0
36651,2,0
36652,0,0
36653,1,0
36654,2,0
36655,0,0
36656,1,0
36657,2,0
36658,0,0
36659,1,0
36660,2,0
36661,0,0
36662,1,0
36663,2,0
36664,0,0
36665,1,0
36666,2,0
36667,0,0
36668,1,0
36669,2,0
36670,0,0
36671,1,0
36672,2,0
36673,0,0
36674,1,0
36675,2,0
36676,0,0
36677,1,0
36678,2,0
36679,0,0
36680,1,0
36681,2,0
36682,0,0
36683,1,0
36684,2,0
36685,0,0
36686,1,0
36687,2,0
36688,0,0
36689,1,0
36690,2,0
36691,0,0
36692,1,0
36693,2,0
36694,0,0
36695,1,0
36696,2,0
36697,0,0
36698,1,0
36699,2,0
36700,0,0
36701,1,0
36702,2,0
36703,0,0
36704,1,0
36705,2,0
36706,0,0
36707,1,0
36708,2,0
36709,0,0
36710,1,0
36711,2,0
36712,0,0
36713,1,0
36714,2,0
36715,0,0
36716,1,0
36717,2,0
36718,0,0
36719,1,0
36720,2,0
36721,0,0
36722,1,0
36723,2,0
36724,0,0
36725,1,0
36726,2,0
36727,0,0
36728,1,0
36729,2,0
36730,0,0
36731,1,0
36732,2,0
36733,0,0
36734,1,0
36735,2,0
36736,0,0
36737,1,0
36738,2,0
36739,0,0
36740,1,0
36741,2,0
36742,0,0
36743,1,0
36744,2,0
36745,0,0
36746,1,0
36747,2,0
36748,0,0
36749,1,0
36750,2,0
36751,0,0
36752,1,0
36753,2,0
36754,0,0
36755,1,0
36756,2,0
36757,0,0
36758,1,0
36759,2,0
36760,0,0
36761,1,0
36762,2,0
36763,0,0
36764,1,0
36765,2,0
36766,0,0
36767,1,0
36768,2,0
36769,0,0
36770,1,0
36771,2,0
36772,0,0
36773,1,0
36774,2,0
36775,0,0
36776,1,0
36777,2,0
36778,0,0
36779,1,0
36780,2,0
36781,0,0
36782,1,0
36783,2,0
36784,0,0
36785,1,0
36786,2,0
36787,0,0
36788,1,0
36789,2,0
36790,0,0
36791,1,0
36792,2,0
36793,0,0
36794,1,0
36795,2,0
36796,0,0
36797,1,0
36798,2,0
36799,0,0
36800,1,0
36801,2,0
36802,0,0
36803,1,0
36804,2,0
36805,0,0
36806,1,0
36807,2,0
36808,0,0
36809,1,0
36810,2,0
36811,0,0
36812,1,0
36813,2,0
36814,0,0
36815,1,0
36816,2,0
36817,0,0
36818,1,0
36819,2,0
36820,0,0
36821,1,0
36822,2,0
36823,0,0
36824,1,0
36825,2,0
36826,0,0
36827,1,0
36828,2,0
36829,0,0
36830,1,0
36831,2,0
36832,0,0
36833,1,0
36834,2,0
36835,0,0
36836,1,0
36837,2,0
36838,0,0
36839,1,0
36840,2,0
36841,0,0
36842,1,0
36843,2,0
36844,0,0
36845,1,0
36846,2,0
36847,0,0
36848,1,0
36849,2,0
36850,0,0
36851,1,0
36852,2,0
36853,0,0
36854,1,0
36855,2,0
36856,0,0
36857,1,0
36858,2,0
36859,0,0
36860,1,0
36861,2,0
36862,0,0
36863,1,0
36864,2,0
36865,0,0
36866,1,0
36867,2,0
36868,0,0
36869,1,0
36870,2,0
36871,0,0
36872,1,0
36873,2,0
36874,0,0
36875,1,0
36876,2,0
36877,0,0
36878,1,0
36879,2,0
36880,0,0
36881,1,0
36882,2,0
36883,0,0
36884,1,0
36885,2,0
36886,0,0
36887,1,0
36888,2,0
36889,0,0
36890,1,0
36891,2,0
36892,0,0
36893,1,0
36894,2,0
36895,0,0
36896,1,0
36897,2,0
36898,0,0
36899,1,0
36900,2,0
36901,0,0
36902,1,0
36903,2,0
36904,0,0
36905,1,0
36906,2,0
36907,0,0
36908,1,0
36909,2,0
36910,0,0
36911,1,0
36912,2,0
36913,0,0
36914,1,0
36915,2,0
36916,0,0
36917,1,0
36918,2,0
36919,0,0
36920,1,0
36921,2,0
36922,0,0
36923,1,0
36924,2,0
36925,0,0
36926,1,0
36927,2,0
36928,0,0
36929,1,0
36930,2,0
36931,0,0
36932,1,0
36933,2,0
36934,0,0
36935,1,0
36936,2,0
36937,0,0
36938,1,0
36939,2,0
36940,0,0
36941,1,0
36942,2,0
36943,0,0
36944,1,0
36945,2,0
36946,0,0
36947,1,0
36948,2,0
36949,0,0
36950,1,0
36951,2,0
36952,0,0
36953,1,0
36954,2,0
36955,0,0
36956,1,0
36957,2,0
36958,0,0
36959,1,0
36960,2,0
36961,0,0
36962,1,0
36963,2,0
36964,0,0
36965,1,0
36966,2,0
36967,0,0
36968,1,0
36969,2,0
36970,0,0
36971,1,0
36972,2,0
36973,0,0
36974,1,0
36975,2,0
36976,0,0
36977,1,0
36978,2,0
36979,0,0
36980,1,0
36981,2,0
36982,0,0
36983,1,0
36984,2,0
36985,0,0
36986,1,0
36987,2,0
36988,0,0
36989,1,0
36990,2,0
36991,0,0
36992,1,0
36993,2,0
36994,0,0
36995,1,0
36996,2,0
36997,0,0
36998,1,0
36999,2,0
37000,0,0
37001,1,0
37002,2,0
37003,0,0
37004,1,0
37005,2,0
37006,0,0
37007,1,0
37008,2,0
37009,0,0
37010,1,0
37011,2,0
37012,0,0
37013,1,0
37014,2,0
37015,0,0
37016,1,0
37017,2,0
37018,0,0
37019,1,0
37020,2,0
37021,0,0
37022,1,0
37023,2,0
37024,0,0
37025,1,0
37026,2,0
37027,0,0
37028,1,0
37029,2,0
37030,0,0
37031,1,0
37032,2,0
37033,0,0
37034,1,0
37035,2,0
37036,0,0
37037,1,0
37038,2,0
37039,0,0
37040,1,0
37041,2,0
37042,0,0
37043,1,0
37044,2,0
37045,0,0
37046,1,0
37047,2,0
37048,0,0
37049,1,0
37050,2,0
37051,0,0
37052,1,0
37053,2,0
37054,0,0
37055,1,0
37056,2,0
37057,0,0
37058,1,0
37059,2,0
37060,0,0
37061,1,0
37062,2,0
37063,0,0
37064,1,0
37065,2,0
37066,0,0
37067,1,0
37068,2,0
37069,0,0
37070,1,0
37071,2,0
37072,0,0
37073,1,0
37074,2,0
37075,0,0
37076,1,0
37077,2,0
37078,0,0
37079,1,0
37080,2,0
37081,0,0
37082,1,0
37083,2,0
37084,0,0
37085,1,0
37086,2,0
37087,0,0
37088,1,0
37089,2,0
37090,0,0
37091,1,0
37092,2,0
37093,0,0
37094,1,0
37095,2,0
37096,0,0
37097,1,0
37098,2,0
37099,0,0
37100,1,0
37101,2,0
37102,0,0
37103,1,0
37104,2,0
37105,0,0
37106,1,0
37107,2,0
37108,0,0
37109,1,0
37110,2,0
37111,0,0
37112,1,0
37113,2,0
37114,0,0
37115,1,0
37116,2,0
37117,0,0
37118,1,0
37119,2,0
37120,0,0
37121,1,0
37122,2,0
37123,0,0
37124,1,0
37125,2,0
37126,0,0
37127,1,0
37128,2,0
37129,0,0
37130,1,0
37131,2,0
37132,0,0
37133,1,0
37134,2,0
37135,0,0
37136,1,0
37137,2,0
37138,0,0
37139,1,0
37140,2,0
37141,0,0
37142,1,0
37143,2,0
37144,0,0
37145,1,0
37146,2,0
37147,0,0
37148,1,0
37149,2,0
37150,0,0
37151,1,0
37152,2,0
37153,0,0
37154,1,0
37155,2,0
37156,0,0
37157,1,0
37158,2,0
37159,0,0
37160,1,0
37161,2,0
37162,0,0
37163,1,0
37164,2,0
37165,0,0
37166,1,0
37167,2,0
37168,0,0
37169,1,0
37170,2,0
37171,0,0
37172,1,0
37173,2,0
37174,0,0
37175,1,0
37176,2,0
37177,0,0
37178,1,0
37179,2,0
37180,0,0
37181,1,0
37182,2,0
37183,0,0
37184,1,0
37185,2,0
37186,0,0
37187,1,0
37188,2,0
37189,0,0
37190,1,0
37191,2,0
37192,0,0
37193,1,0
37194,2,0
37195,0,0
37196,1,0
37197,2,0
37198,0,0
37199,1,0
37200,2,0
37201,0,0
37202,1,0
37203,2,0
37204,0,0
37205,1,0
37206,2,0
37207,0,0
37208,1,0
37209,2,0
37210,0,0
37211,1,0
37212,2,0
37213,0,0
37214,1,0
37215,2,0
37216,0,0
37217,1,0
37218,2,0
37219,0,0
37220,1,0
37221,2,0
37222,0,0
37223,1,0
37224,2,0
37225,0,0
37226,1,0
37227,2,0
37228,0,0
37229,1,0
37230,2,0
37231,0,0
37232,1,0
37233,2,0
37234,0,0
37235,1,0
37236,2,0
37237,0,0
37238,1,0
37239,2,0
37240,0,0
37241,1,0
37242,2,0
37243,0,0
37244,1,0
37245,2,0
37246,0,0
37247,1,0
37248,2,0
37249,0,0
37250,1,0
37251,2,0
37252,0,0
37253,1,0
37254,2,0
37255,0,0
37256,1,0
37257,2,0
37258,0,0
37259,1,0
37260,2,0
37261,0,0
37262,1,0
37263,2,0
37264,0,0
37265,1,0
37266,2,0
37267,0,0
37268,1,0
37269,2,0
37270,0,0
37271,1,0
37272,2,0
37273,0,0
37274,1,0
37275,2,0
37276,0,0
37277,1,0
37278,2,0
37279,0,0
37280,1,0
37281,2,0
37282,0,0
37283,1,0
37284,2,0
37285,0,0
37286,1,0
37287,2,0
37288,0,0
37289,1,0
37290,2,0
37291,0,0
37292,1,0
37293,2,0
37294,0,0
37295,1,0
37296,2,0
37297,0,0
37298,1,0
37299,2,0
37300,0,0
37301,1,0
37302,2,0
37303,0,0
37304,1,0
37305,2,0
37306,0,0
37307,1,0
37308,2,0
37309,0,0
37310,1,0
37311,2,0
37312,0,0
37313,1,0
37314,2,0
37315,0,0
37316,1,0
37317,2,0
37318,0,0
37319,1,0
37320,2,0
37321,0,0
37322,1,0
37323,2,0
37324,0,0
37325,1,0
37326,2,0
37327,0,0
37328,1,0
37329,2,0
37330,0,0
37331,1,0
37332,2,0
37333,0,0
37334,1,0
37335,2,0
37336,0,0
37337,1,0
37338,2,0
37339,0,0
37340,1,0
37341,2,0
37342,0,0
37343,1,0
37344,2,0
37345,0,0
37346,1,0
37347,2,0
37348,0,0
37349,1,0
37350,2,0
37351,0,0
37352,1,0
37353,2,0
37354,0,0
37355,1,0
37356,2,0
37357,0,0
37358,1,0
37359,2,0
37360,0,0
37361,1,0
37362,2,0
37363,0,0
37364,1,0
37365,2,0
37366,0,0
37367,1,0
37368,2,0
37369,0,0
37370,1,0
37371,2,0
37372,0,0
37373,1,0
37374,2,0
37375,0,0
37376,1,0
37377,2,0
37378,0,0
37379,1,0
37380,2,0
37381,0,0
37382,1,0
37383,2,0
37384,0,0
37385,1,0
37386,2,0
37387,0,0
37388,1,0
37389,2,0
37390,0,0
37391,1,0
37392,2,0
37393,0,0
37394,1,0
37395,2,0
37396,0,0
37397,1,0
37398,2,0
37399,0,0
37400,1,0
37401,2,0
37402,0,0
37403,1,0
37404,2,0
37405,0,0
37406,1,0
37407,2,0
37408,0,0
37409,1,0
37410,2,0
37411,0,0
37412,1,0
37413,2,0
37414,0,0
37415,1,0
37416,2,0
37417,0,0
37418,1,0
37419,2,0
37420,0,0
37421,1,0
37422,2,0
37423,0,0
37424,1,0
37425,2,0
37426,0,0
37427,1,0
37428,2,0
37429,0,0
37430,1,0
37431,2,0
37432,0,0
37433,1,0
37434,2,0
37435,0,0
37436,1,0
37437,2,0
37438,0,0
37439,1,0
37440,2,0
37441,0,0
37442,1,0
37443,2,0
37444,0,0
37445,1,0
37446,2,0
37447,0,0
37448,1,0
37449,2,0
37450,0,0
37451,1,0
37452,2,0
37453,0,0
37454,1,0
37455,2,0
37456,0,0
37457,1,0
37458,2,0
37459,0,0
37460,1,0
37461,2,0
37462,0,0
37463,1,0
37464,2,0
37465,0,0
37466,1,0
37467,2,0
37468,0,0
37469,1,0
37470,2,0
37471,0,0
37472,1,0
37473,2,0
37474,0,0
37475,1,0
37476,2,0
37477,0,0
37478,1,0
37479,2,0
37480,0,0
37481,1,0
37482,2,0
37483,0,0
37484,1,0
37485,2,0
37486,0,0
37487,1,0
37488,2,0
37489,0,0
37490,1,0
37491,2,0
37492,0,0
37493,1,0
37494,2,0
37495,0,0
37496,1,0
37497,2,0
37498,0,0
37499,1,0
37500,2,0
37501,0,0
37502,1,0
37503,2,0
37504,0,0
37505,1,0
37506,2,0
37507,0,0
37508,1,0
37509,2,0
37510,0,0
37511,1,0
37512,2,0
37513,0,0
37514,1,0
37515,2,0
37516,0,0
37517,1,0
37518,2,0
37519,0,0
37520,1,0
37521,2,0
37522,0,0
37523,1,0
37524,2,0
37525,0,0
37526,1,0
37527,2,0
37528,0,0
37529,1,0
37530,2,0
37531,0,0
37532,1,0
37533,2,0
37534,0,0
37535,1,0
37536,2,0
37537,0,0
37538,1,0
37539,2,0
37540,0,0
37541,1,0
37542,2,0
37543,0,0
37544,1,0
37545,2,0
37546,0,0
37547,1,0
37548,2,0
37549,0,0
37550,1,0
37551,2,0
37552,0,0
37553,1,0
37554,2,0
37555,0,0
37556,1,0
37557,2,0
37558,0,0
37559,1,0
37560,2,0
37561,0,0
37562,1,0
37563,2,0
37564,0,0
37565,1,0
37566,2,0
37567,0,0
37568,1,0
37569,2,0
37570,0,0
37571,1,0
37572,2,0
37573,0,0
37574,1,0
37575,2,0
37576,0,0
37577,1,0
37578,2,0
37579,0,0
37580,1,0
37581,2,0
37582,0,0
37583,1,0
37584,2,0
37585,0,0
37586,1,0
37587,2,0
37588,0,0
37589,1,0
37590,2,0
37591,0,0
37592,1,0
37593,2,0
37594,0,0
37595,1,0
37596,2,0
37597,0,0
37598,1,0
37599,2,0
37600,0,0
37601,1,0
37602,2,0
37603,0,0
37604,1,0
37605,2,0
37606,0,0
37607,1,0
37608,2,0
37609,0,0
37610,1,0
37611,2,0
37612,0,0
37613,1,0
37614,2,0
37615,0,0
37616,1,0
37617,2,0
37618,0,0
37619,1,0
37620,2,0
37621,0,0
37622,1,0
37623,2,0
37624,0,0
37625,1,0
37626,2,0
37627,0,0
37628,1,0
37629,2,0
37630,0,0
37631,1,0
37632,2,0
37633,0,0
37634,1,0
37635,2,0
37636,0,0
37637,1,0
37638,2,0
37639,0,0
37640,1,0
37641,2,0
37642,0,0
37643,1,0
37644,2,0
37645,0,0
37646,1,0
37647,2,0
37648,0,0
37649,1,0
37650,2,0
37651,0,0
37652,1,0
37653,2,0
37654,0,0
37655,1,0
37656,2,0
37657,0,0
37658,1,0
37659,2,0
37660,0,0
37661,1,0
37662,2,0
37663,0,0
37664,1,0
37665,2,0
37666,0,0
37667,1,0
37668,2,0
37669,0,0
37670,1,0
37671,2,0
37672,0,0
37673,1,0
37674,2,0
37675,0,0
37676,1,0
37677,2,0
37678,0,0
37679,1,0
37680,2,0
37681,0,0
37682,1,0
37683,2,0
37684,0,0
37685,1,0
37686,2,0
37687,0,0
37688,1,0
37689,2,0
37690,0,0
37691,1,0
37692,2,0
37693,0,0
37694,1,0
37695,2,0
37696,0,0
37697,1,0
37698,2,0
37699,0,0
37700,1,0
37701,2,0
37702,0,0
37703,1,0
37704,2,0
37705,0,0
37706,1,0
37707,2,0
37708,0,0
37709,1,0
37710,2,0
37711,0,0
37712,1,0
37713,2,0
37714,0,0
37715,1,0
37716,2,0
37717,0,0
37718,1,0
37719,2,0
37720,0,0
37721,1,0
37722,2,0
37723,0,0
37724,1,0
37725,2,0
37726,0,0
37727,1,0
37728,2,0
37729,0,0
37730,1,0
37731,2,0
37732,0,0
37733,1,0
37734,2,0
37735,0,0
37736,1,0
37737,2,0
37738,0,0
37739,1,0
37740,2,0
37741,0,0
37742,1,0
37743,2,0
37744,0,0
37745,1,0
37746,2,0
37747,0,0
37748,1,0
37749,2,0
37750,0,0
37751,1,0
37752,2,0
37753,0,0
37754,1,0
37755,2,0
37756,0,0
37757,1,0
37758,2,0
37759,0,0
37760,1,0
37761,2,0
37762,0,0
37763,1,0
37764,2,0
37765,0,0
37766,1,0
37767,2,0
37768,0,0
37769,1,0
37770,2,0
37771,0,0
37772,1,0
37773,2,0
37774,0,0
37775,1,0
37776,2,0
37777,0,0
37778,1,0
37779,2,0
37780,0,0
37781,1,0
37782,2,0
37783,0,0
37784,1,0
37785,2,0
37786,0,0
37787,1,0
37788,2,0
37789,0,0
37790,1,0
37791,2,0
37792,0,0
37793,1,0
37794,2,0
37795,0,0
37796,1,0
37797,2,0
37798,0,0
37799,1,0
37800,2,0
37801,0,0
37802,1,0
37803,2,0
37804,0,0
37805,1,0
37806,2,0
37807,0,0
37808,1,0
37809,2,0
37810,0,0
37811,1,0
37812,2,0
37813,0,0
37814,1,0
37815,2,0
37816,0,0
37817,1,0
37818,2,0
37819,0,0
37820,1,0
37821,2,0
37822,0,0
37823,1,0
37824,2,0
37825,0,0
37826,1,0
37827,2,0
37828,0,0
37829,1,0
37830,2,0
37831,0,0
37832,1,0
37833,2,0
37834,0,0
37835,1,0
37836,2,0
37837,0,0
37838,1,0
37839,2,0
37840,0,0
37841,1,0
37842,2,0
37843,0,0
37844,1,0
37845,2,0
37846,0,0
37847,1,0
37848,2,0
37849,0,0
37850,1,0
37851,2,0
37852,0,0
37853,1,0
37854,2,0
37855,0,0
37856,1,0
37857,2,0
37858,0,0
37859,1,0
37860,2,0
37861,0,0
37862,1,0
37863,2,0
37864,0,0
37865,1,0
37866,2,0
37867,0,0
37868,1,0
37869,2,0
37870,0,0
37871,1,0
37872,2,0
37873,0,0
37874,1,0
37875,2,0
37876,0,0
37877,1,0
37878,2,0
37879,0,0
37880,1,0
37881,2,0
37882,0,0
37883,1,0
37884,2,0
37885,0,0
37886,1,0
37887,2,0
37888,0,0
37889,1,0
37890,2,0
37891,0,0
37892,1,0
37893,2,0
37894,0,0
37895,1,0
37896,2,0
37897,0,0
37898,1,0
37899,2,0
37900,0,0
37901,1,0
37902,2,0
37903,0,0
37904,1,0
37905,2,0
37906,0,0
37907,1,0
37908,2,0
37909,0,0
37910,1,0
37911,2,0
37912,0,0
37913,1,0
37914,2,0
37915,0,0
37916,1,0
37917,2,0
37918,0,0
37919,1,0
37920,2,0
37921,0,0
37922,1,0
37923,2,0
37924,0,0
37925,1,0
37926,2,0
37927,0,0
37928,1,0
37929,2,0
37930,0,0
37931,1,0
37932,2,0
37933,0,0
37934,1,0
37935,2,0
37936,0,0
37937,1,0
37938,2,0
37939,0,0
37940,1,0
37941,2,0
37942,0,0
37943,1,0
37944,2,0
37945,0,0
37946,1,0
37947,2,0
37948,0,0
37949,1,0
37950,2,0
37951,0,0
37952,1,0
37953,2,0
37954,0,0
37955,1,0
37956,2,0
37957,0,0
37958,1,0
37959,2,0
37960,0,0
37961,1,0
37962,2,0
37963,0,0
37964,1,0
37965,2,0
37966,0,0
37967,1,0
37968,2,0
37969,0,0
37970,1,0
37971,2,0
37972,0,0
37973,1,0
37974,2,0
37975,0,0
37976,1,0
37977,2,0
37978,0,0
37979,1,0
37980,2,0
37981,0,0
37982,1,0
37983,2,0
37984,0,0
37985,1,0
37986,2,0
37987,0,0
37988,1,0
37989,2,0
37990,0,0
37991,1,0
37992,2,0
37993,0,0
37994,1,0
37995,2,0
37996,0,0
37997,1,0
37998,2,0
37999,0,0
38000,1,0
38001,2,0
38002,0,0
38003,1,0
38004,2,0
38005,0,0
38006,1,0
38007,2,0
38008,0,0
38009,1,0
38010,2,0
38011,0,0
38012,1,0
38013,2,0
38014,0,0
38015,1,0
38016,2,0
38017,0,0
38018,1,0
38019,2,0
38020,0,0
38021,1,0
38022,2,0
38023,0,0
38024,1,0
38025,2,0
38026,0,0
38027,1,0
38028,2,0
38029,0,0
38030,1,0
38031,2,0
38032,0,0
38033,1,0
38034,2,0
38035,0,0
38036,1,0
38037,2,0
38038,0,0
38039,1,0
38040,2,0
38041,0,0
38042,1,0
38043,2,0
38044,0,0
38045,1,0
38046,2,0
38047,0,0
38048,1,0
38049,2,0
38050,0,0
38051,1,0
38052,2,0
38053,0,0
38054,1,0
38055,2,0
38056,0,0
38057,1,0
38058,2,0
38059,0,0
38060,1,0
38061,2,0
38062,0,0
38063,1,0
38064,2,0
38065,0,0
38066,1,0
38067,2,0
38068,0,0
38069,1,0
38070,2,0
38071,0,0
38072,1,0
38073,2,0
38074,0,0
38075,1,0
38076,2,0
38077,0,0
38078,1,0
38079,2,0
38080,0,0
38081,1,0
38082,2,0
38083,0,0
38084,1,0
38085,2,0
38086,0,0
38087,1,0
38088,2,0
38089,0,0
38090,1,0
38091,2,0
38092,0,0
38093,1,0
38094,2,0
38095,0,0
38096,1,0
38097,2,0
38098,0,0
38099,1,0
38100,2,0
38101,0,0
38102,1,0
38103,2,0
38104,0,0
38105,1,0
38106,2,0
38107,0,0
38108,1,0
38109,2,0
38110,0,0
38111,1,0
38112,2,0
38113,0,0
38114,1,0
38115,2,0
38116,0,0
38117,1,0
38118,2,0
38119,0,0
38120,1,0
38121,2,0
38122,0,0
38123,1,0
38124,2,0
38125,0,0
38126,1,0
38127,2,0
38128,0,0
38129,1,0
38130,2,0
38131,0,0
38132,1,0
38133,2,0
38134,0,0
38135,1,0
38136,2,0
38137,0,0
38138,1,0
38139,2,0
38140,0,0
38141,1,0
38142,2,0
38143,0,0
38144,1,0
38145,2,0
38146,0,0
38147,1,0
38148,2,0
38149,0,0
38150,1,0
38151,2,0
38152,0,0
38153,1,0
38154,2,0
38155,0,0
38156,1,0
38157,2,0
38158,0,0
38159,1,0
38160,2,0
38161,0,0
38162,1,0
38163,2,0
38164,0,0
38165,1,0
38166,2,0
38167,0,0
38168,1,0
38169,2,0
38170,0,0
38171,1,0
38172,2,0
38173,0,0
38174,1,0
38175,2,0
38176,0,0
38177,1,0
38178,2,0
38179,0,0
38180,1,0
38181,2,0
38182,0,0
38183,1,0
38184,2,0
38185,0,0
38186,1,0
38187,2,0
38188,0,0
38189,1,0
38190,2,0
38191,0,0
38192,1,0
38193,2,0
38194,0,0
38195,1,0
38196,2,0
38197,0,0
38198,1,0
38199,2,0
38200,0,0
38201,1,0
38202,2,0
38203,0,0
38204,1,0
38205,2,0
38206,0,0
38207,1,0
38208,2,0
38209,0,0
38210,1,0
38211,2,0
38212,0,0
38213,1,0
38214,2,0
38215,0,0
38216,1,0
38217,2,0
38218,0,0
38219,1,0
38220,2,0
38221,0,0
38222,1,0
38223,2,0
38224,0,0
38225,1,0
38226,2,0
38227,0,0
38228,1,0
38229,2,0
38230,0,0
38231,1,0
38232,2,0
38233,0,0
38234,1,0
38235,2,0
38236,0,0
38237,1,0
38238,2,0
38239,0,0
38240,1,0
38241,2,0
38242,0,0
38243,1,0
38244,2,0
38245,0,0
38246,1,0
38247,2,0
38248,0,0
38249,1,0
38250,2,0
38251,0,0
38252,1,0
38253,2,0
38254,0,0
38255,1,0
38256,2,0
38257,0,0
38258,1,0
38259,2,0
38260,0,0
38261,1,0
38262,2,0
38263,0,0
38264,1,0
38265,2,0
38266,0,0
38267,1,0
38268,2,0
38269,0,0
38270,1,0
38271,2,0
38272,0,0
38273,1,0
38274,2,0
38275,0,0
38276,1,0
38277,2,0
38278,0,0
38279,1,0
38280,2,0
38281,0,0
38282,1,0
38283,2,0
38284,0,0
38285,1,0
38286,2,0
38287,0,0
38288,1,0
38289,2,0
38290,0,0
38291,1,0
38292,2,0
38293,0,0
38294,1,0
38295,2,0
38296,0,0
38297,1,0
38298,2,0
38299,0,0
38300,1,0
38301,2,0
38302,0,0
38303,1,0
38304,2,0
38305,0,0
38306,1,0
38307,2,0
38308,0,0
38309,1,0
38310,2,0
38311,0,0
38312,1,0
38313,2,0
38314,0,0
38315,1,0
38316,2,0
38317,0,0
38318,1,0
38319,2,0
38320,0,0
38321,1,0
38322,2,0
38323,0,0
38324,1,0
38325,2,0
38326,0,0
38327,1,0
38328,2,0
38329,0,0
38330,1,0
38331,2,0
38332,0,0
38333,1,0
38334,2,0
38335,0,0
38336,1,0
38337,2,0
38338,0,0
38339,1,0
38340,2,0
38341,0,0
38342,1,0
38343,2,0
38344,0,0
38345,1,0
38346,2,0
38347,0,0
38348,1,0
38349,2,0
38350,0,0
38351,1,0
38352,2,0
38353,0,0
38354,1,0
38355,2,0
38356,0,0
38357,1,0
38358,2,0
38359,0,0
38360,1,0
38361,2,0
38362,0,0
38363,1,0
38364,2,0
38365,0,0
38366,1,0
38367,2,0
38368,0,0
38369,1,0
38370,2,0
38371,0,0
38372,1,0
38373,2,0
38374,0,0
38375,1,0
38376,2,0
38377,0,0
38378,1,0
38379,2,0
38380,0,0
38381,1,0
38382,2,0
38383,0,0
38384,1,0
38385,2,0
38386,0,0
38387,1,0
38388,2,0
38389,0,0
38390,1,0
38391,2,0
38392,0,0
38393,1,0
38394,2,0
38395,0,0
38396,1,0
38397,2,0
38398,0,0
38399,1,0
38400,2,0
38401,0,0
38402,1,0
38403,2,0
38404,0,0
38405,1,0
38406,2,0
38407,0,0
38408,1,0
38409,2,0
38410,0,0
38411,1,0
38412,2,0
38413,0,0
38414,1,0
38415,2,0
38416,0,0
38417,1,0
38418,2,0
38419,0,0
38420,1,0
38421,2,0
38422,0,0
38423,1,0
38424,2,0
38425,0,0
38426,1,0
38427,2,0
38428,0,0
38429,1,0
38430,2,0
38431,0,0
38432,1,0
38433,2,0
38434,0,0
38435,1,0
38436,2,0
38437,0,0
38438,1,0
38439,2,0
38440,0,0
38441,1,0
38442,2,0
38443,0,0
38444,1,0
38445,2,0
38446,0,0
38447,1,0
38448,2,0
38449,0,0
38450,1,0
38451,2,0
38452,0,0
38453,1,0
38454,2,0
38455,0,0
38456,1,0
38457,2,0
38458,0,0
38459,1,0
38460,2,0
38461,0,0
38462,1,0
38463,2,0
38464,0,0
38465,1,0
38466,2,0
38467,0,0
38468,1,0
38469,2,0
38470,0,0
38471,1,0
38472,2,0
38473,0,0
38474,1,0
38475,2,0
38476,0,0
38477,1,0
38478,2,0
38479,0,0
38480,1,0
38481,2,0
38482,0,0
38483,1,0
38484,2,0
38485,0,0
38486,1,0
38487,2,0
38488,0,0
38489,1,0
38490,2,0
38491,0,0
38492,1,0
38493,2,0
38494,0,0
38495,1,0
38496,2,0
38497,0,0
38498,1,0
38499,2,0
38500,0,0
38501,1,0
38502,2,0
38503,0,0
38504,1,0
38505,2,0
38506,0,0
38507,1,0
38508,2,0
38509,0,0
38510,1,0
38511,2,0
38512,0,0
38513,1,0
38514,2,0
38515,0,0
38516,1,0
38517,2,0
38518,0,0
38519,1,0
38520,2,0
38521,0,0
38522,1,0
38523,2,0
38524,0,0
38525,1,0
38526,2,0
38527,0,0
38528,1,0
38529,2,0
38530,0,0
38531,1,0
38532,2,0
38533,0,0
38534,1,0
38535,2,0
38536,0,0
38537,1,0
38538,2,0
38539,0,0
38540,1,0
38541,2,0
38542,0,0
38543,1,0
38544,2,0
38545,0,0
38546,1,0
38547,2,0
38548,0,0
38549,1,0
38550,2,0
38551,0,0
38552,1,0
38553,2,0
38554,0,0
38555,1,0
38556,2,0
38557,0,0
38558,1,0
38559,2,0
38560,0,0
38561,1,0
38562,2,0
38563,0,0
38564,1,0
38565,2,0
38566,0,0
38567,1,0
38568,2,0
38569,0,0
38570,1,0
38571,2,0
38572,0,0
38573,1,0
38574,2,0
38575,0,0
38576,1,0
38577,2,0
38578,0,0
38579,1,0
38580,2,0
38581,0,0
38582,1,0
38583,2,0
38584,0,0
38585,1,0
38586,2,0
38587,0,0
38588,1,0
38589,2,0
38590,0,0
38591,1,0
38592,2,0
38593,0,0
38594,1,0
38595,2,0
38596,0,0
38597,1,0
38598,2,0
38599,0,0
38600,1,0
38601,2,0
38602,0,0
38603,1,0
38604,2,0
38605,0,0
38606,1,0
38607,2,0
38608,0,0
38609,1,0
38610,2,0
38611,0,0
38612,1,0
38613,2,0
38614,0,0
38615,1,0
38616,2,0
38617,0,0
38618,1,0
38619,2,0
38620,0,0
38621,1,0
38622,2,0
38623,0,0
38624,1,0
38625,2,0
38626,0,0
38627,1,0
38628,2,0
38629,0,0
38630,1,0
38631,2,0
38632,0,0
38633,1,0
38634,2,0
38635,0,0
38636,1,0
38637,2,0
38638,0,0
38639,1,0
38640,2,0
38641,0,0
38642,1,0
38643,2,0
38644,0,0
38645,1,0
38646,2,0
38647,0,0
38648,1,0
38649,2,0
38650,0,0
38651,1,0
38652,2,0
38653,0,0
38654,1,0
38655,2,0
38656,0,0
38657,1,0
38658,2,0
38659,0,0
38660,1,0
38661,2,0
38662,0,0
38663,1,0
38664,2,0
38665,0,0
38666,1,0
38667,2,0
38668,0,0
38669,1,0
38670,2,0
38671,0,0
38672,1,0
38673,2,0
38674,0,0
38675,1,0
38676,2,0
38677,0,0
38678,1,0
38679,2,0
38680,0,0
38681,1,0
38682,2,0
38683,0,0
38684,1,0
38685,2,0
38686,0,0
38687,1,0
38688,2,0
38689,0,0
38690,1,0
38691,2,0
38692,0,0
38693,1,0
38694,2,0
38695,0,0
38696,1,0
38697,2,0
38698,0,0
38699,1,0
38700,2,0
38701,0,0
38702,1,0
38703,2,0
38704,0,0
38705,1,0
38706,2,0
38707,0,0
38708,1,0
38709,2,0
38710,0,0
38711,1,0
38712,2,0
38713,0,0
38714,1,0
38715,2,0
38716,0,0
38717,1,0
38718,2,0
38719,0,0
38720,1,0
38721,2,0
38722,0,0
38723,1,0
38724,2,0
38725,0,0
38726,1,0
38727,2,0
38728,0,0
38729,1,0
38730,2,0
38731,0,0
38732,1,0
38733,2,0
38734,0,0
38735,1,0
38736,2,0
38737,0,0
38738,1,0
38739,2,0
38740,0,0
38741,1,0
38742,2,0
38743,0,0
38744,1,0
38745,2,0
38746,0,0
38747,1,0
38748,2,0
38749,0,0
38750,1,0
38751,2,0
38752,0,0
38753,1,0
38754,2,0
38755,0,0
38756,1,0
38757,2,0
38758,0,0
38759,1,0
38760,2,0
38761,0,0
38762,1,0
38763,2,0
38764,0,0
38765,1,0
38766,2,0
38767,0,0
38768,1,0
38769,2,0
38770,0,0
38771,1,0
38772,2,0
38773,0,0
38774,1,0
38775,2,0
38776,0,0
38777,1,0
38778,2,0
38779,0,0
38780,1,0
38781,2,0
38782,0,0
38783,1,0
38784,2,0
38785,0,0
38786,1,0
38787,2,0
38788,0,0
38789,1,0
38790,2,0
38791,0,0
38792,1,0
38793,2,0
38794,0,0
38795,1,0
38796,2,0
38797,0,0
38798,1,0
38799,2,0
38800,0,0
38801,1,0
38802,2,0
38803,0,0
38804,1,0
38805,2,0
38806,0,0
38807,1,0
38808,2,0
38809,0,0
38810,1,0
38811,2,0
38812,0,0
38813,1,0
38814,2,0
38815,0,0
38816,1,0
38817,2,0
38818,0,0
38819,1,0
38820,2,0
38821,0,0
38822,1,0
38823,2,0
38824,0,0
38825,1,0
38826,2,0
38827,0,0
38828,1,0
38829,2,0
38830,0,0
38831,1,0
38832,2,0
38833,0,0
38834,1,0
38835,2,0
38836,0,0
38837,1,0
38838,2,0
38839,0,0
38840,1,0
38841,2,0
38842,0,0
38843,1,0
38844,2,0
38845,0,0
38846,1,0
38847,2,0
38848,0,0
38849,1,0
38850,2,0
38851,0,0
38852,1,0
38853,2,0
38854,0,0
38855,1,0
38856,2,0
38857,0,0
38858,1,0
38859,2,0
38860,0,0
38861,1,0
38862,2,0
38863,0,0
38864,1,0
38865,2,0
38866,0,0
38867,1,0
38868,2,0
38869,0,0
38870,1,0
38871,2,0
38872,0,0
38873,1,0
38874,2,0
38875,0,0
38876,1,0
38877,2,0
38878,0,0
38879,1,0
38880,2,0
38881,0,0
38882,1,0
38883,2,0
38884,0,0
38885,1,0
38886,2,0
38887,0,0
38888,1,0
38889,2,0
38890,0,0
38891,1,0
38892,2,0
38893,0,0
38894,1,0
38895,2,0
38896,0,0
38897,1,0
38898,2,0
38899,0,0
38900,1,0
38901,2,0
38902,0,0
38903,1,0
38904,2,0
38905,0,0
38906,1,0
38907,2,0
38908,0,0
38909,1,0
38910,2,0
38911,0,0
38912,1,0
38913,2,0
38914,0,0
38915,1,0
38916,2,0
38917,0,0
38918,1,0
38919,2,0
38920,0,0
38921,1,0
38922,2,0
38923,0,0
38924,1,0
38925,2,0
38926,0,0
38927,1,0
38928,2,0
38929,0,0
38930,1,0
38931,2,0
38932,0,0
38933,1,0
38934,2,0
38935,0,0
38936,1,0
38937,2,0
38938,0,0
38939,1,0
38940,2,0
38941,0,0
38942,1,0
38943,2,0
38944,0,0
38945,1,0
38946,2,0
38947,0,0
38948,1,0
38949,2,0
38950,0,0
38951,1,0
38952,2,0
38953,0,0
38954,1,0
38955,2,0
38956,0,0
38957,1,0
38958,2,0
38959,0,0
38960,1,0
38961,2,0
38962,0,0
38963,1,0
38964,2,0
38965,0,0
38966,1,0
38967,2,0
38968,0,0
38969,1,0
38970,2,0
38971,0,0
38972,1,0
38973,2,0
38974,0,0
38975,1,0
38976,2,0
38977,0,0
38978,1,0
38979,2,0
38980,0,0
38981,1,0
38982,2,0
38983,0,0
38984,1,0
38985,2,0
38986,0,0
38987,1,0
38988,2,0
38989,0,0
38990,1,0
38991,2,0
38992,0,0
38993,1,0
38994,2,0
38995,0,0
38996,1,0
38997,2,0
38998,0,0
38999,1,0
39000,2,0
39001,0,0
39002,1,0
39003,2,0
39004,0,0
39005,1,0
39006,2,0
39007,0,0
39008,1,0
39009,2,0
39010,0,0
39011,1,0
39012,2,0
39013,0,0
39014,1,0
39015,2,0
39016,0,0
39017,1,0
39018,2,0
39019,0,0
39020,1,0
39021,2,0
39022,0,0
39023,1,0
39024,2,0
39025,0,0
39026,1,0
39027,2,0
39028,0,0
39029,1,0
39030,2,0
39031,0,0
39032,1,0
39033,2,0
39034,0,0
39035,1,0
39036,2,0
39037,0,0
39038,1,0
39039,2,0
39040,0,0
39041,1,0
39042,2,0
39043,0,0
39044,1,0
39045,2,0
39046,0,0
39047,1,0
39048,2,0
39049,0,0
39050,1,0
39051,2,0
39052,0,0
39053,1,0
39054,2,0
39055,0,0
39056,1,0
39057,2,0
39058,0,0
39059,1,0
39060,2,0
39061,0,0
39062,1,0
39063,2,0
39064,0,0
39065,1,0
39066,2,0
39067,0,0
39068,1,0
39069,2,0
39070,0,0
39071,1,0
39072,2,0
39073,0,0
39074,1,0
39075,2,0
39076,0,0
39077,1,0
39078,2,0
39079,0,0
39080,1,0
39081,2,0
39082,0,0
39083,1,0
39084,2,0
39085,0,0
39086,1,0
39087,2,0
39088,0,0
39089,1,0
39090,2,0
39091,0,0
39092,1,0
39093,2,0
39094,0,0
39095,1,0
39096,2,0
39097,0,0
39098,1,0
39099,2,0
39100,0,0
39101,1,0
39102,2,0
39103,0,0
39104,1,0
39105,2,0
39106,0,0
39107,1,0
39108,2,0
39109,0,0
39110,1,0
39111,2,0
39112,0,0
39113,1,0
39114,2,0
39115,0,0
39116,1,0
39117,2,0
39118,0,0
39119,1,0
39120,2,0
39121,0,0
39122,1,0
39123,2,0
39124,0,0
39125,1,0
39126,2,0
39127,0,0
39128,1,0
39129,2,0
39130,0,0
39131,1,0
39132,2,0
39133,0,0
39134,1,0
39135,2,0
39136,0,0
39137,1,0
39138,2,0
39139,0,0
39140,1,0
39141,2,0
39142,0,0
39143,1,0
39144,2,0
39145,0,0
39146,1,0
39147,2,0
39148,0,0
39149,1,0
39150,2,0
39151,0,0
39152,1,0
39153,2,0
39154,0,0
39155,1,0
39156,2,0
39157,0,0
39158,1,0
39159,2,0
39160,0,0
39161,1,0
39162,2,0
39163,0,0
39164,1,0
39165,2,0
39166,0,0
39167,1,0
39168,2,0
39169,0,0
39170,1,0
39171,2,0
39172,0,0
39173,1,0
39174,2,0
39175,0,0
39176,1,0
39177,2,0
39178,0,0
39179,1,0
39180,2,0
39181,0,0
39182,1,0
39183,2,0
39184,0,0
39185,1,0
39186,2,0
39187,0,0
39188,1,0
39189,2,0
39190,0,0
39191,1,0
39192,2,0
39193,0,0
39194,1,0
39195,2,0
39196,0,0
39197,1,0
39198,2,0
39199,0,0
39200,1,0
39201,2,0
39202,0,0
39203,1,0
39204,2,0
39205,0,0
39206,1,0
39207,2,0
39208,0,0
39209,1,0
39210,2,0
39211,0,0
39212,1,0
39213,2,0
39214,0,0
39215,1,0
39216,2,0
39217,0,0
39218,1,0
39219,2,0
39220,0,0
39221,1,0
39222,2,0
39223,0,0
39224,1,0
39225,2,0
39226,0,0
39227,1,0
39228,2,0
39229,0,0
39230,1,0
39231,2,0
39232,0,0
39233,1,0
39234,2,0
39235,0,0
39236,1,0
39237,2,0
39238,0,0
39239,1,0
39240,2,0
39241,0,0
39242,1,0
39243,2,0
39244,0,0
39245,1,0
39246,2,0
39247,0,0
39248,1,0
39249,2,0
39250,0,0
39251,1,0
39252,2,0
39253,0,0
39254,1,0
39255,2,0
39256,0,0
39257,1,0
39258,2,0
39259,0,0
39260,1,0
39261,2,0
39262,0,0
39263,1,0
39264,2,0
39265,0,0
39266,1,0
39267,2,0
39268,0,0
39269,1,0
39270,2,0
39271,0,0
39272,1,0
39273,2,0
39274,0,0
39275,1,0
39276,2,0
39277,0,0
39278,1,0
39279,2,0
39280,0,0
39281,1,0
39282,2,0
39283,0,0
39284,1,0
39285,2,0
39286,0,0
39287,1,0
39288,2,0
39289,0,0
39290,1,0
39291,2,0
39292,0,0
39293,1,0
39294,2,0
39295,0,0
39296,1,0
39297,2,0
39298,0,0
39299,1,0
39300,2,0
39301,0,0
39302,1,0
39303,2,0
39304,0,0
39305,1,0
39306,2,0
39307,0,0
39308,1,0
39309,2,0
39310,0,0
39311,1,0
39312,2,0
39313,0,0
39314,1,0
39315,2,0
39316,0,0
39317,1,0
39318,2,0
39319,0,0
39320,1,0
39321,2,0
39322,0,0
39323,1,0
39324,2,0
39325,0,0
39326,1,0
39327,2,0
39328,0,0
39329,1,0
39330,2,0
39331,0,0
39332,1,0
39333,2,0
39334,0,0
39335,1,0
39336,2,0
39337,0,0
39338,1,0
39339,2,0
39340,0,0
39341,1,0
39342,2,0
39343,0,0
39344,1,0
39345,2,0
39346,0,0
39347,1,0
39348,2,0
39349,0,0
39350,1,0
39351,2,0
39352,0,0
39353,1,0
39354,2,0
39355,0,0
39356,1,0
39357,2,0
39358,0,0
39359,1,0
39360,2,0
39361,0,0
39362,1,0
39363,2,0
39364,0,0
39365,1,0
39366,2,0
39367,0,0
39368,1,0
39369,2,0
39370,0,0
39371,1,0
39372,2,0
39373,0,0
39374,1,0
39375,2,0
39376,0,0
39377,1,0
39378,2,0
39379,0,0
39380,1,0
39381,2,0
39382,0,0
39383,1,0
39384,2,0
39385,0,0
39386,1,0
39387,2,0
39388,0,0
39389,1,0
39390,2,0
39391,0,0
39392,1,0
39393,2,0
39394,0,0
39395,1,0
39396,2,0
39397,0,0
39398,1,0
39399,2,0
39400,0,0
39401,1,0
39402,2,0
39403,0,0
39404,1,0
39405,2,0
39406,0,0
39407,1,0
39408,2,0
39409,0,0
39410,1,0
39411,2,0
39412,0,0
39413,1,0
39414,2,0
39415,0,0
39416,1,0
39417,2,0
39418,0,0
39419,1,0
39420,2,0
39421,0,0
39422,1,0
39423,2,0
39424,0,0
39425,1,0
39426,2,0
39427,0,0
39428,1,0
39429,2,0
39430,0,0
39431,1,0
39432,2,0
39433,0,0
39434,1,0
39435,2,0
39436,0,0
39437,1,0
39438,2,0
39439,0,0
39440,1,0
39441,2,0
39442,0,0
39443,1,0
39444,2,0
39445,0,0
39446,1,0
39447,2,0
39448,0,0
39449,1,0
39450,2,0
39451,0,0
39452,1,0
39453,2,0
39454,0,0
39455,1,0
39456,2,0
39457,0,0
39458,1,0
39459,2,0
39460,0,0
39461,1,0
39462,2,0
39463,0,0
39464,1,0
39465,2,0
39466,0,0
39467,1,0
39468,2,0
39469,0,0
39470,1,0
39471,2,0
39472,0,0
39473,1,0
39474,2,0
39475,0,0
39476,1,0
39477,2,0
39478,0,0
39479,1,0
39480,2,0
39481,0,0
39482,1,0
39483,2,0
39484,0,0
39485,1,0
39486,2,0
39487,0,0
39488,1,0
39489,2,0
39490,0,0
39491,1,0
39492,2,0
39493,0,0
39494,1,0
39495,2,0
39496,0,0
39497,1,0
39498,2,0
39499,0,0
39500,1,0
39501,2,0
39502,0,0
39503,1,0
39504,2,0
39505,0,0
39506,1,0
39507,2,0
39508,0,0
39509,1,0
39510,2,0
39511,0,0
39512,1,0
39513,2,0
39514,0,0
39515,1,0
39516,2,0
39517,0,0
39518,1,0
39519,2,0
39520,0,0
39521,1,0
39522,2,0
39523,0,0
39524,1,0
39525,2,0
39526,0,0
39527,1,0
39528,2,0
39529,0,0
39530,1,0
39531,2,0
39532,0,0
39533,1,0
39534,2,0
39535,0,0
39536,1,0
39537,2,0
39538,0,0
39539,1,0
39540,2,0
39541,0,0
39542,1,0
39543,2,0
39544,0,0
39545,1,0
39546,2,0
39547,0,0
39548,1,0
39549,2,0
39550,0,0
39551,1,0
39552,2,0
39553,0,0
39554,1,0
39555,2,0
39556,0,0
39557,1,0
39558,2,0
39559,0,0
39560,1,0
39561,2,0
39562,0,0
39563,1,0
39564,2,0
39565,0,0
39566,1,0
39567,2,0
39568,0,0
39569,1,0
39570,2,0
39571,0,0
39572,1,0
39573,2,0
39574,0,0
39575,1,0
39576,2,0
39577,0,0
39578,1,0
39579,2,0
39580,0,0
39581,1,0
39582,2,0
39583,0,0
39584,1,0
39585,2,0
39586,0,0
39587,1,0
39588,2,0
39589,0,0
39590,1,0
39591,2,0
39592,0,0
39593,1,0
39594,2,0
39595,0,0
39596,1,0
39597,2,0
39598,0,0
39599,1,0
39600,2,0
39601,0,0
39602,1,0
39603,2,0
39604,0,0
39605,1,0
39606,2,0
39607,0,0
39608,1,0
39609,2,0
39610,0,0
39611,1,0
39612,2,0
39613,0,0
39614,1,0
39615,2,0
39616,0,0
39617,1,0
39618,2,0
39619,0,0
39620,1,0
39621,2,0
39622,0,0
39623,1,0
39624,2,0
39625,0,0
39626,1,0
39627,2,0
39628,0,0
39629,1,0
39630,2,0
39631,0,0
39632,1,0
39633,2,0
39634,0,0
39635,1,0
39636,2,0
39637,0,0
39638,1,0
39639,2,0
39640,0,0
39641,1,0
39642,2,0
39643,0,0
39644,1,0
39645,2,0
39646,0,0
39647,1,0
39648,2,0
39649,0,0
39650,1,0
39651,2,0
39652,0,0
39653,1,0
39654,2,0
39655,0,0
39656,1,0
39657,2,0
39658,0,0
39659,1,0
39660,2,0
39661,0,0
39662,1,0
39663,2,0
39664,0,0
39665,1,0
39666,2,0
39667,0,0
39668,1,0
39669,2,0
39670,0,0
39671,1,0
39672,2,0
39673,0,0
39674,1,0
39675,2,0
39676,0,0
39677,1,0
39678,2,0
39679,0,0
39680,1,0
39681,2,0
39682,0,0
39683,1,0
39684,2,0
39685,0,0
39686,1,0
39687,2,0
39688,0,0
39689,1,0
39690,2,0
39691,0,0
39692,1,0
39693,2,0
39694,0,0
39695,1,0
39696,2,0
39697,0,0
39698,1,0
39699,2,0
39700,0,0
39701,1,0
39702,2,0
39703,0,0
39704,1,0
39705,2,0
39706,0,0
39707,1,0
39708,2,0
39709,0,0
39710,1,0
39711,2,0
39712,0,0
39713,1,0
39714,2,0
39715,0,0
39716,1,0
39717,2,0
39718,0,0
39719,1,0
39720,2,0
39721,0,0
39722,1,0
39723,2,0
39724,0,0
39725,1,0
39726,2,0
39727,0,0
39728,1,0
39729,2,0
39730,0,0
39731,1,0
39732,2,0
39733,0,0
39734,1,0
39735,2,0
39736,0,0
39737,1,0
39738,2,0
39739,0,0
39740,1,0
39741,2,0
39742,0,0
39743,1,0
39744,2,0
39745,0,0
39746,1,0
39747,2,0
39748,0,0
39749,1,0
39750,2,0
39751,0,0
39752,1,0
39753,2,0
39754,0,0
39755,1,0
39756,2,0
39757,0,0
39758,1,0
39759,2,0
39760,0,0
39761,1,0
39762,2,0
39763,0,0
39764,1,0
39765,2,0
39766,0,0
39767,1,0
39768,2,0
39769,0,0
39770,1,0
39771,2,0
39772,0,0
39773,1,0
39774,2,0
39775,0,0
39776,1,0
39777,2,0
39778,0,0
39779,1,0
39780,2,0
39781,0,0
39782,1,0
39783,2,0
39784,0,0
39785,1,0
39786,2,0
39787,0,0
39788,1,0
39789,2,0
39790,0,0
39791,1,0
39792,2,0
39793,0,0
39794,1,0
39795,2,0
39796,0,0
39797,1,0
39798,2,0
39799,0,0
39800,1,0
39801,2,0
39802,0,0
39803,1,0
39804,2,0
39805,0,0
39806,1,0
39807,2,0
39808,0,0
39809,1,0
39810,2,0
39811,0,0
39812,1,0
39813,2,0
39814,0,0
39815,1,0
39816,2,0
39817,0,0
39818,1,0
39819,2,0
39820,0,0
39821,1,0
39822,2,0
39823,0,0
39824,1,0
39825,2,0
39826,0,0
39827,1,0
39828,2,0
39829,0,0
39830,1,0
39831,2,0
39832,0,0
39833,1,0
39834,2,0
39835,0,0
39836,1,0
39837,2,0
39838,0,0
39839,1,0
39840,2,0
39841,0,0
39842,1,0
39843,2,0
39844,0,0
39845,1,0
39846,2,0
39847,0,0
39848,1,0
39849,2,0
39850,0,0
39851,1,0
39852,2,0
39853,0,0
39854,1,0
39855,2,0
39856,0,0
39857,1,0
39858,2,0
39859,0,0
39860,1,0
39861,2,0
39862,0,0
39863,1,0
39864,2,0
39865,0,0
39866,1,0
39867,2,0
39868,0,0
39869,1,0
39870,2,0
39871,0,0
39872,1,0
39873,2,0
39874,0,0
39875,1,0
39876,2,0
39877,0,0
39878,1,0
39879,2,0
39880,0,0
39881,1,0
39882,2,0
39883,0,0
39884,1,0
39885,2,0
39886,0,0
39887,1,0
39888,2,0
39889,0,0
39890,1,0
39891,2,0
39892,0,0
39893,1,0
39894,2,0
39895,0,0
39896,1,0
39897,2,0
39898,0,0
39899,1,0
39900,2,0
39901,0,0
39902,1,0
39903,2,0
39904,0,0
39905,1,0
39906,2,0
39907,0,0
39908,1,0
39909,2,0
39910,0,0
39911,1,0
39912,2,0
39913,0,0
39914,1,0
39915,2,0
39916,0,0
39917,1,0
39918,2,0
39919,0,0
39920,1,0
39921,2,0
39922,0,0
39923,1,0
39924,2,0
39925,0,0
39926,1,0
39927,2,0
39928,0,0
39929,1,0
39930,2,0
39931,0,0
39932,1,0
39933,2,0
39934,0,0
39935,1,0
39936,2,0
39937,0,0
39938,1,0
39939,2,0
39940,0,0
39941,1,0
39942,2,0
39943,0,0
39944,1,0
39945,2,0
39946,0,0
39947,1,0
39948,2,0
39949,0,0
39950,1,0
39951,2,0
39952,0,0
39953,1,0
39954,2,0
39955,0,0
39956,1,0
39957,2,0
39958,0,0
39959,1,0
39960,2,0
39961,0,0
39962,1,0
39963,2,0
39964,0,0
39965,1,0
39966,2,0
39967,0,0
39968,1,0
39969,2,0
39970,0,0
39971,1,0
39972,2,0
39973,0,0
39974,1,0
39975,2,0
39976,0,0
39977,1,0
39978,2,0
39979,0,0
39980,1,0
39981,2,0
39982,0,0
39983,1,0
39984,2,0
39985,0,0
39986,1,0
39987,2,0
39988,0,0
39989,1,0
39990,2,0
39991,0,0
39992,1,0
39993,2,0
39994,0,0
39995,1,0
39996,2,0
39997,0,0
39998,1,0
39999,2,0
40000,0,0
40001,1,0
40002,2,0
40003,0,0
40004,1,0
40005,2,0
40006,0,0
40007,1,0
40008,2,0
40009,0,0
40010,1,0
40011,2,0
40012,0,0
40013,1,0
40014,2,0
40015,0,0
40016,1,0
40017,2,0
40018,0,0
40019,1,0
40020,2,0
40021,0,0
40022,1,0
40023,2,0
40024,0,0
40025,1,0
40026,2,0
40027,0,0
40028,1,0
40029,2,0
40030,0,0
40031,1,0
40032,2,0
40033,0,0
40034,1,0
40035,2,0
40036,0,0
40037,1,0
40038,2,0
40039,0,0
40040,1,0
40041,2,0
40042,0,0
40043,1,0
40044,2,0
40045,0,0
40046,1,0
40047,2,0
40048,0,0
40049,1,0
40050,2,0
40051,0,0
40052,1,0
40053,2,0
40054,0,0
40055,1,0
40056,2,0
40057,0,0
40058,1,0
40059,2,0
40060,0,0
40061,1,0
40062,2,0
40063,0,0
40064,1,0
40065,2,0
40066,0,0
40067,1,0
40068,2,0
40069,0,0
40070,1,0
40071,2,0
40072,0,0
40073,1,0
40074,2,0
40075,0,0
40076,1,0
40077,2,0
40078,0,0
40079,1,0
40080,2,0
40081,0,0
40082,1,0
40083,2,0
40084,0,0
40085,1,0
40086,2,0
40087,0,0
40088,1,0
40089,2,0
40090,0,0
40091,1,0
40092,2,0
40093,0,0
40094,1,0
40095,2,0
40096,0,0
40097,1,0
40098,2,0
40099,0,0
40100,1,0
40101,2,0
40102,0,0
40103,1,0
40104,2,0
40105,0,0
40106,1,0
40107,2,0
40108,0,0
40109,1,0
40110,2,0
40111,0,0
40112,1,0
40113,2,0
40114,0,0
40115,1,0
40116,2,0
40117,0,0
40118,1,0
40119,2,0
40120,0,0
40121,1,0
40122,2,0
40123,0,0
40124,1,0
40125,2,0
40126,0,0
40127,1,0
40128,2,0
40129,0,0
40130,1,0
40131,2,0
40132,0,0
40133,1,0
40134,2,0
40135,0,0
40136,1,0
40137,2,0
40138,0,0
40139,1,0
40140,2,0
40141,0,0
40142,1,0
40143,2,0
40144,0,0
40145,1,0
40146,2,0
40147,0,0
40148,1,0
40149,2,0
40150,0,0
40151,1,0
40152,2,0
40153,0,0
40154,1,0
40155,2,0
40156,0,0
40157,1,0
40158,2,0
40159,0,0
40160,1,0
40161,2,0
40162,0,0
40163,1,0
40164,2,0
40165,0,0
40166,1,0
40167,2,0
40168,0,0
40169,1,0
40170,2,0
40171,0,0
40172,1,0
40173,2,0
40174,0,0
40175,1,0
40176,2,0
40177,0,0
40178,1,0
40179,2,0
40180,0,0
40181,1,0
40182,2,0
