Step,Agent_ID,Action
1,0,56
1,1,12
1,2,45
2,0,54
2,1,67
2,2,77
3,0,91
3,1,67
3,2,16
4,0,55
4,1,100
4,2,11
5,0,87
5,1,45
5,2,30
6,0,1
6,1,90
6,2,4
7,0,95
7,1,35
7,2,78
8,0,60
8,1,28
8,2,41
9,0,92
9,1,31
9,2,68
10,0,90
10,1,8
10,2,42
11,0,62
11,1,48
11,2,98
12,0,70
12,1,98
12,2,22
13,0,92
13,1,61
13,2,58
14,0,97
14,1,49
14,2,99
15,0,41
15,1,28
15,2,80
16,0,0
16,1,38
16,2,60
17,0,12
17,1,98
17,2,71
18,0,73
18,1,65
18,2,34
19,0,15
19,1,24
19,2,86
20,0,28
20,1,80
20,2,57
21,0,45
21,1,3
21,2,29
22,0,73
22,1,12
22,2,54
23,0,41
23,1,11
23,2,92
24,0,76
24,1,46
24,2,15
25,0,91
25,1,12
25,2,39
26,0,30
26,1,7
26,2,73
27,0,71
27,1,80
27,2,13
28,0,11
28,1,55
28,2,64
29,0,63
29,1,10
29,2,64
30,0,28
30,1,5
30,2,65
31,0,90
31,1,71
31,2,92
32,0,46
32,1,11
32,2,59
33,0,9
33,1,49
33,2,100
34,0,24
34,1,37
34,2,13
35,0,2
35,1,10
35,2,33
36,0,42
36,1,50
36,2,15
37,0,36
37,1,36
37,2,92
38,0,30
38,1,80
38,2,1
39,0,33
39,1,61
39,2,69
40,0,92
40,1,29
40,2,79
41,0,28
41,1,56
41,2,82
42,0,95
42,1,71
42,2,82
43,0,5
43,1,20
43,2,75
44,0,42
44,1,73
44,2,11
45,0,89
45,1,9
45,2,43
46,0,85
46,1,47
46,2,91
47,0,23
47,1,51
47,2,43
48,0,84
48,1,62
48,2,68
49,0,38
49,1,64
49,2,42
50,0,18
50,1,71
50,2,24
51,0,27
51,1,63
51,2,50
52,0,21
52,1,1
52,2,28
53,0,22
53,1,92
53,2,86
54,0,85
54,1,51
54,2,52
55,0,14
55,1,13
55,2,19
56,0,71
56,1,77
56,2,65
57,0,100
57,1,57
57,2,6
58,0,41
58,1,16
58,2,6
59,0,9
59,1,67
59,2,83
60,0,76
60,1,87
60,2,77
61,0,29
61,1,17
61,2,89
62,0,2
62,1,20
62,2,17
63,0,77
63,1,95
63,2,8
64,0,91
64,1,19
64,2,32
65,0,4
65,1,14
65,2,56
66,0,31
66,1,64
66,2,9
67,0,80
67,1,34
67,2,92
68,0,55
68,1,100
68,2,97
69,0,95
69,1,35
69,2,46
70,0,9
70,1,7
70,2,64
71,0,61
71,1,83
71,2,66
72,0,16
72,1,17
72,2,79
73,0,78
73,1,34
73,2,62
74,0,6
74,1,34
74,2,17
75,0,96
75,1,17
75,2,20
76,0,86
76,1,96
76,2,94
77,0,30
77,1,53
77,2,8
78,0,5
78,1,46
78,2,100
79,0,17
79,1,73
79,2,41
80,0,93
80,1,53
80,2,33
81,0,49
81,1,64
81,2,57
82,0,23
82,1,66
82,2,66
83,0,16
83,1,96
83,2,71
84,0,94
84,1,64
84,2,0
85,0,40
85,1,36
85,2,99
86,0,11
86,1,32
86,2,43
87,0,25
87,1,34
87,2,75
88,0,58
88,1,33
88,2,82
89,0,45
89,1,51
89,2,25
90,0,37
90,1,90
90,2,58
91,0,52
91,1,35
91,2,47
92,0,80
92,1,3
92,2,11
93,0,75
93,1,24
93,2,51
94,0,80
94,1,85
94,2,84
95,0,51
95,1,65
95,2,0
96,0,70
96,1,45
96,2,44
97,0,74
97,1,7
97,2,3
98,0,53
98,1,12
98,2,31
99,0,89
99,1,33
99,2,62
100,0,79
100,1,15
100,2,58
101,0,59
101,1,8
101,2,37
102,0,94
102,1,50
102,2,31
103,0,3
103,1,38
103,2,98
104,0,47
104,1,35
104,2,42
105,0,68
105,1,88
105,2,12
106,0,83
106,1,36
106,2,75
107,0,45
107,1,36
107,2,61
108,0,44
108,1,17
108,2,76
109,0,44
109,1,0
109,2,99
110,0,89
110,1,52
110,2,4
111,0,6
111,1,18
111,2,6
112,0,48
112,1,31
112,2,24
113,0,57
113,1,18
113,2,61
114,0,70
114,1,91
114,2,33
115,0,93
115,1,65
115,2,92
116,0,62
116,1,69
116,2,87
117,0,67
117,1,22
117,2,38
118,0,85
118,1,23
118,2,6
119,0,72
119,1,18
119,2,15
120,0,22
120,1,87
120,2,64
121,0,30
121,1,40
121,2,28
122,0,46
122,1,76
122,2,83
123,0,57
123,1,10
123,2,21
124,0,92
124,1,70
124,2,84
125,0,42
125,1,47
125,2,78
126,0,47
126,1,92
126,2,6
127,0,26
127,1,59
127,2,66
128,0,56
128,1,98
128,2,45
129,0,50
129,1,2
129,2,45
130,0,35
130,1,69
130,2,68
131,0,64
131,1,29
131,2,45
132,0,36
132,1,59
132,2,9
133,0,14
133,1,51
133,2,44
134,0,44
134,1,40
134,2,13
135,0,51
135,1,86
135,2,20
136,0,21
136,1,21
136,2,17
137,0,100
137,1,9
137,2,62
138,0,40
138,1,1
138,2,3
139,0,21
139,1,49
139,2,59
140,0,38
140,1,63
140,2,19
141,0,41
141,1,25
141,2,33
142,0,79
142,1,36
142,2,5
143,0,9
143,1,87
143,2,80
144,0,20
144,1,61
144,2,71
145,0,56
145,1,72
145,2,21
146,0,86
146,1,24
146,2,74
147,0,49
147,1,42
147,2,87
148,0,79
148,1,76
148,2,22
149,0,26
149,1,96
149,2,49
150,0,97
150,1,39
150,2,82
151,0,65
151,1,24
151,2,54
152,0,11
152,1,81
152,2,77
153,0,19
153,1,29
153,2,20
154,0,42
154,1,100
154,2,46
155,0,47
155,1,80
155,2,7
156,0,59
156,1,39
156,2,71
157,0,95
157,1,97
157,2,72
158,0,94
158,1,71
158,2,17
159,0,70
159,1,4
159,2,18
160,0,24
160,1,30
160,2,5
161,0,43
161,1,58
161,2,66
162,0,54
162,1,55
162,2,36
163,0,87
163,1,34
163,2,87
164,0,85
164,1,45
164,2,41
165,0,48
165,1,21
165,2,65
166,0,23
166,1,39
166,2,40
167,0,4
167,1,39
167,2,86
168,0,60
168,1,22
168,2,25
169,0,0
169,1,22
169,2,84
170,0,49
170,1,66
170,2,28
171,0,24
171,1,40
171,2,43
172,0,3
172,1,56
172,2,11
173,0,78
173,1,15
173,2,7
174,0,50
174,1,56
174,2,77
175,0,77
175,1,23
175,2,16
176,0,20
176,1,69
176,2,6
177,0,48
177,1,98
177,2,58
178,0,52
178,1,58
178,2,98
179,0,23
179,1,90
179,2,12
180,0,24
180,1,61
180,2,27
181,0,78
181,1,7
181,2,35
182,0,36
182,1,84
182,2,51
183,0,71
183,1,0
183,2,93
184,0,88
184,1,92
184,2,85
185,0,0
185,1,90
185,2,35
186,0,23
186,1,35
186,2,61
187,0,47
187,1,46
187,2,54
188,0,30
188,1,0
188,2,98
189,0,39
189,1,88
189,2,34
190,0,30
190,1,24
190,2,94
191,0,27
191,1,15
191,2,3
192,0,96
192,1,46
192,2,95
193,0,4
193,1,0
193,2,0
194,0,83
194,1,62
194,2,45
195,0,67
195,1,64
195,2,42
196,0,30
196,1,41
196,2,73
197,0,15
197,1,58
197,2,33
198,0,93
198,1,81
198,2,38
199,0,80
199,1,65
199,2,67
200,0,36
200,1,63
200,2,91
201,0,1
201,1,54
201,2,23
202,0,42
202,1,10
202,2,33
203,0,38
203,1,70
203,2,77
204,0,42
204,1,18
204,2,20
205,0,88
205,1,53
205,2,93
206,0,14
206,1,62
206,2,69
207,0,53
207,1,17
207,2,44
208,0,59
208,1,29
208,2,72
209,0,19
209,1,83
209,2,62
210,0,3
210,1,15
210,2,37
211,0,100
211,1,68
211,2,41
212,0,41
212,1,86
212,2,33
213,0,11
213,1,9
213,2,2
214,0,44
214,1,16
214,2,71
215,0,16
215,1,41
215,2,80
216,0,44
216,1,4
216,2,20
217,0,66
217,1,40
217,2,46
218,0,51
218,1,41
218,2,73
219,0,14
219,1,34
219,2,41
220,0,55
220,1,4
220,2,83
221,0,92
221,1,31
221,2,65
222,0,12
222,1,91
222,2,100
223,0,49
223,1,83
223,2,82
224,0,28
224,1,40
224,2,33
225,0,24
225,1,48
225,2,40
226,0,91
226,1,77
226,2,88
227,0,80
227,1,32
227,2,62
228,0,72
228,1,8
228,2,75
229,0,74
229,1,96
229,2,98
230,0,23
230,1,10
230,2,43
231,0,40
231,1,58
231,2,85
232,0,54
232,1,27
232,2,99
233,0,48
233,1,19
233,2,100
234,0,58
234,1,21
234,2,53
235,0,89
235,1,19
235,2,60
236,0,97
236,1,36
236,2,78
237,0,99
237,1,68
237,2,50
238,0,88
238,1,72
238,2,18
239,0,20
239,1,97
239,2,72
240,0,23
240,1,96
240,2,22
241,0,95
241,1,29
241,2,78
242,0,91
242,1,34
242,2,76
243,0,94
243,1,5
243,2,82
244,0,3
244,1,80
244,2,84
245,0,31
245,1,18
245,2,12
246,0,96
246,1,56
246,2,67
247,0,22
247,1,93
247,2,66
248,0,0
248,1,50
248,2,0
249,0,34
249,1,43
249,2,25
250,0,72
250,1,15
250,2,94
251,0,95
251,1,45
251,2,4
252,0,90
252,1,38
252,2,26
253,0,39
253,1,90
253,2,25
254,0,67
254,1,69
254,2,90
255,0,18
255,1,12
255,2,57
256,0,78
256,1,48
256,2,59
257,0,60
257,1,14
257,2,87
258,0,4
258,1,29
258,2,95
259,0,77
259,1,13
259,2,66
260,0,50
260,1,66
260,2,15
261,0,47
261,1,32
261,2,95
262,0,94
262,1,74
262,2,78
263,0,45
263,1,15
263,2,73
264,0,65
264,1,28
264,2,54
265,0,94
265,1,15
265,2,26
266,0,25
266,1,88
266,2,2
267,0,42
267,1,80
267,2,67
268,0,25
268,1,36
268,2,13
269,0,88
269,1,28
269,2,16
270,0,28
270,1,54
270,2,10
271,0,13
271,1,55
271,2,14
272,0,67
272,1,51
272,2,91
273,0,84
273,1,66
273,2,77
274,0,93
274,1,31
274,2,2
275,0,11
275,1,49
275,2,59
276,0,70
276,1,16
276,2,58
277,0,54
277,1,21
277,2,50
278,0,48
278,1,17
278,2,18
279,0,35
279,1,62
279,2,79
280,0,97
280,1,39
280,2,97
281,0,98
281,1,36
281,2,68
282,0,92
282,1,82
282,2,100
283,0,34
283,1,56
283,2,42
284,0,0
284,1,98
284,2,34
285,0,59
285,1,81
285,2,44
286,0,42
286,1,13
286,2,73
287,0,67
287,1,22
287,2,70
288,0,23
288,1,96
288,2,70
289,0,79
289,1,18
289,2,54
290,0,82
290,1,17
290,2,17
291,0,67
291,1,2
291,2,21
292,0,53
292,1,16
292,2,94
293,0,35
293,1,81
293,2,25
294,0,72
294,1,48
294,2,62
295,0,45
295,1,31
295,2,60
296,0,29
296,1,82
296,2,73
297,0,60
297,1,30
297,2,93
298,0,36
298,1,71
298,2,60
299,0,71
299,1,79
299,2,47
300,0,38
300,1,48
300,2,64
301,0,49
301,1,91
301,2,38
302,0,80
302,1,55
302,2,39
303,0,12
303,1,57
303,2,42
304,0,45
304,1,24
304,2,15
305,0,29
305,1,10
305,2,17
306,0,30
306,1,33
306,2,98
307,0,22
307,1,6
307,2,47
308,0,9
308,1,89
308,2,17
309,0,67
309,1,74
309,2,44
310,0,29
310,1,76
310,2,44
311,0,39
311,1,73
311,2,39
312,0,78
312,1,38
312,2,1
313,0,75
313,1,8
313,2,42
314,0,54
314,1,89
314,2,58
315,0,80
315,1,17
315,2,59
316,0,47
316,1,98
316,2,54
317,0,52
317,1,50
317,2,44
318,0,91
318,1,10
318,2,63
319,0,45
319,1,16
319,2,85
320,0,6
320,1,92
320,2,92
321,0,5
321,1,98
321,2,42
322,0,99
322,1,53
322,2,14
323,0,8
323,1,18
323,2,54
324,0,40
324,1,76
324,2,8
325,0,24
325,1,91
325,2,44
326,0,18
326,1,23
326,2,12
327,0,87
327,1,74
327,2,91
328,0,36
328,1,91
328,2,72
329,0,33
329,1,11
329,2,54
330,0,89
330,1,92
330,2,63
331,0,36
331,1,58
331,2,88
332,0,7
332,1,11
332,2,57
333,0,89
333,1,61
333,2,87
334,0,48
334,1,5
334,2,45
335,0,3
335,1,58
335,2,70
336,0,89
336,1,67
336,2,77
337,0,43
337,1,1
337,2,10
338,0,79
338,1,96
338,2,12
339,0,50
339,1,60
339,2,45
340,0,89
340,1,41
340,2,68
341,0,10
341,1,14
341,2,85
342,0,39
342,1,34
342,2,60
343,0,32
343,1,36
343,2,4
344,0,46
344,1,70
344,2,67
345,0,18
345,1,99
345,2,25
346,0,27
346,1,49
346,2,32
347,0,5
347,1,29
347,2,40
348,0,66
348,1,32
348,2,29
349,0,33
349,1,41
349,2,65
350,0,38
350,1,93
350,2,67
351,0,63
351,1,86
351,2,92
352,0,9
352,1,6
352,2,52
353,0,35
353,1,95
353,2,44
354,0,14
354,1,44
354,2,35
355,0,96
355,1,81
355,2,92
356,0,25
356,1,45
356,2,36
357,0,97
357,1,62
357,2,86
358,0,20
358,1,30
358,2,83
359,0,33
359,1,63
359,2,45
360,0,13
360,1,59
360,2,67
361,0,12
361,1,34
361,2,68
362,0,17
362,1,3
362,2,62
363,0,8
363,1,48
363,2,55
364,0,83
364,1,73
364,2,74
365,0,32
365,1,63
365,2,88
366,0,100
366,1,97
366,2,10
367,0,69
367,1,23
367,2,3
368,0,62
368,1,43
368,2,3
369,0,34
369,1,85
369,2,29
370,0,71
370,1,37
370,2,89
371,0,7
371,1,10
371,2,91
372,0,53
372,1,62
372,2,1
373,0,5
373,1,8
373,2,11
374,0,84
374,1,37
374,2,76
375,0,60
375,1,48
375,2,57
376,0,0
376,1,70
376,2,100
377,0,85
377,1,27
377,2,46
378,0,73
378,1,57
378,2,73
379,0,26
379,1,71
379,2,9
380,0,58
380,1,88
380,2,63
381,0,33
381,1,0
381,2,60
382,0,32
382,1,32
382,2,100
383,0,66
383,1,6
383,2,96
384,0,81
384,1,87
384,2,27
385,0,89
385,1,10
385,2,43
386,0,22
386,1,33
386,2,31
387,0,61
387,1,75
387,2,23
388,0,46
388,1,44
388,2,5
389,0,93
389,1,48
389,2,15
390,0,75
390,1,96
390,2,54
391,0,81
391,1,99
391,2,62
392,0,7
392,1,88
392,2,21
393,0,43
393,1,99
393,2,81
394,0,73
394,1,98
394,2,24
395,0,32
395,1,84
395,2,78
396,0,53
396,1,41
396,2,72
397,0,51
397,1,94
397,2,61
398,0,12
398,1,28
398,2,48
399,0,5
399,1,59
399,2,39
400,0,12
400,1,79
400,2,92
401,0,18
401,1,96
401,2,23
402,0,41
402,1,91
402,2,26
403,0,32
403,1,31
403,2,100
404,0,88
404,1,54
404,2,24
405,0,65
405,1,86
405,2,29
406,0,78
406,1,63
406,2,32
407,0,58
407,1,40
407,2,11
408,0,68
408,1,13
408,2,20
409,0,65
409,1,90
409,2,80
410,0,88
410,1,50
410,2,19
411,0,42
411,1,24
411,2,34
412,0,33
412,1,86
412,2,72
413,0,89
413,1,60
413,2,67
414,0,75
414,1,32
414,2,70
415,0,1
415,1,53
415,2,70
416,0,16
416,1,58
416,2,75
417,0,19
417,1,12
417,2,66
418,0,42
418,1,67
418,2,36
419,0,91
419,1,33
419,2,53
420,0,9
420,1,79
420,2,4
421,0,0
421,1,66
421,2,33
422,0,87
422,1,56
422,2,75
423,0,12
423,1,90
423,2,84
424,0,70
424,1,52
424,2,100
425,0,77
425,1,14
425,2,57
426,0,89
426,1,15
426,2,15
427,0,34
427,1,21
427,2,65
428,0,36
428,1,98
428,2,14
429,0,11
429,1,28
429,2,13
430,0,4
430,1,71
430,2,74
431,0,12
431,1,90
431,2,82
432,0,25
432,1,63
432,2,81
433,0,10
433,1,82
433,2,0
434,0,90
434,1,22
434,2,50
435,0,19
435,1,18
435,2,60
436,0,67
436,1,41
436,2,2
437,0,23
437,1,21
437,2,6
438,0,30
438,1,69
438,2,75
439,0,40
439,1,55
439,2,79
440,0,99
440,1,56
440,2,12
441,0,93
441,1,25
441,2,99
442,0,91
442,1,1
442,2,39
443,0,24
443,1,60
443,2,46
444,0,83
444,1,54
444,2,12
445,0,56
445,1,61
445,2,63
446,0,65
446,1,47
446,2,13
447,0,49
447,1,50
447,2,77
448,0,5
448,1,25
448,2,65
449,0,78
449,1,53
449,2,33
450,0,64
450,1,42
450,2,4
451,0,20
451,1,64
451,2,6
452,0,65
452,1,36
452,2,76
453,0,28
453,1,18
453,2,3
454,0,77
454,1,4
454,2,61
455,0,83
455,1,90
455,2,97
456,0,76
456,1,62
456,2,57
457,0,88
457,1,33
457,2,63
458,0,57
458,1,29
458,2,47
459,0,22
459,1,49
459,2,39
460,0,17
460,1,99
460,2,0
461,0,82
461,1,81
461,2,4
462,0,78
462,1,38
462,2,77
463,0,23
463,1,5
463,2,74
464,0,85
464,1,28
464,2,6
465,0,26
465,1,60
465,2,84
466,0,78
466,1,44
466,2,48
467,0,34
467,1,71
467,2,38
468,0,17
468,1,60
468,2,75
469,0,34
469,1,51
469,2,12
470,0,71
470,1,25
470,2,46
471,0,60
471,1,6
471,2,41
472,0,83
472,1,99
472,2,22
473,0,94
473,1,3
473,2,83
474,0,7
474,1,44
474,2,18
475,0,51
475,1,91
475,2,95
476,0,96
476,1,69
476,2,84
477,0,22
477,1,21
477,2,55
478,0,97
478,1,6
478,2,1
479,0,49
479,1,34
479,2,47
480,0,47
480,1,84
480,2,75
481,0,68
481,1,9
481,2,40
482,0,47
482,1,78
482,2,86
483,0,61
483,1,9
483,2,83
484,0,14
484,1,68
484,2,4
485,0,7
485,1,14
485,2,80
486,0,97
486,1,8
486,2,10
487,0,28
487,1,97
487,2,88
488,0,10
488,1,60
488,2,68
489,0,85
489,1,51
489,2,69
490,0,40
490,1,32
490,2,52
491,0,21
491,1,56
491,2,74
492,0,0
492,1,79
492,2,68
493,0,92
493,1,37
493,2,56
494,0,20
494,1,2
494,2,74
495,0,30
495,1,48
495,2,71
496,0,36
496,1,92
496,2,47
497,0,6
497,1,20
497,2,23
498,0,64
498,1,25
498,2,11
499,0,75
499,1,99
499,2,6
500,0,79
500,1,42
500,2,37
501,0,94
501,1,69
501,2,34
502,0,74
502,1,10
502,2,54
503,0,4
503,1,77
503,2,25
504,0,23
504,1,51
504,2,49
505,0,62
505,1,59
505,2,91
506,0,43
506,1,53
506,2,3
507,0,68
507,1,36
507,2,71
508,0,55
508,1,23
508,2,61
509,0,52
509,1,84
509,2,95
510,0,75
510,1,68
510,2,3
511,0,51
511,1,3
511,2,11
512,0,35
512,1,0
512,2,23
513,0,58
513,1,55
513,2,39
514,0,95
514,1,77
514,2,10
515,0,49
515,1,86
515,2,94
516,0,73
516,1,93
516,2,83
517,0,87
517,1,5
517,2,57
518,0,40
518,1,17
518,2,56
519,0,45
519,1,7
519,2,79
520,0,25
520,1,92
520,2,89
521,0,1
521,1,57
521,2,43
522,0,96
522,1,45
522,2,86
523,0,75
523,1,10
523,2,29
524,0,21
524,1,98
524,2,7
525,0,6
525,1,91
525,2,25
526,0,27
526,1,79
526,2,89
527,0,90
527,1,2
527,2,57
528,0,82
528,1,27
528,2,44
529,0,33
529,1,40
529,2,58
530,0,33
530,1,25
530,2,56
531,0,27
531,1,82
531,2,18
532,0,4
532,1,10
532,2,27
533,0,21
533,1,74
533,2,96
534,0,24
534,1,75
534,2,90
535,0,12
535,1,20
535,2,55
536,0,43
536,1,56
536,2,83
537,0,14
537,1,42
537,2,98
538,0,12
538,1,9
538,2,17
539,0,19
539,1,40
539,2,9
540,0,64
540,1,53
540,2,34
541,0,28
541,1,50
541,2,11
542,0,28
542,1,80
542,2,18
543,0,12
543,1,78
543,2,64
544,0,31
544,1,22
544,2,38
545,0,47
545,1,6
545,2,83
546,0,94
546,1,73
546,2,89
547,0,19
547,1,50
547,2,54
548,0,30
548,1,57
548,2,48
549,0,44
549,1,8
549,2,98
550,0,70
550,1,81
550,2,76
551,0,69
551,1,89
551,2,33
552,0,10
552,1,36
552,2,19
553,0,6
553,1,85
553,2,14
554,0,24
554,1,27
554,2,84
555,0,55
555,1,31
555,2,92
556,0,55
556,1,27
556,2,36
557,0,17
557,1,26
557,2,45
558,0,14
558,1,51
558,2,80
559,0,93
559,1,27
559,2,1
560,0,62
560,1,15
560,2,43
561,0,41
561,1,16
561,2,53
562,0,68
562,1,7
562,2,46
563,0,7
563,1,8
563,2,1
564,0,81
564,1,25
564,2,16
565,0,69
565,1,97
565,2,17
566,0,28
566,1,14
566,2,39
567,0,93
567,1,62
567,2,26
568,0,4
568,1,14
568,2,20
569,0,1
569,1,13
569,2,4
570,0,75
570,1,26
570,2,91
571,0,38
571,1,67
571,2,79
572,0,32
572,1,85
572,2,69
573,0,46
573,1,4
573,2,41
574,0,98
574,1,39
574,2,85
575,0,44
575,1,88
575,2,96
576,0,75
576,1,10
576,2,21
577,0,57
577,1,68
577,2,61
578,0,40
578,1,7
578,2,67
579,0,79
579,1,95
579,2,85
580,0,68
580,1,10
580,2,68
581,0,73
581,1,88
581,2,33
582,0,51
582,1,73
582,2,95
583,0,98
583,1,54
583,2,84
584,0,20
584,1,10
584,2,80
585,0,33
585,1,67
585,2,53
586,0,59
586,1,20
586,2,58
587,0,37
587,1,41
587,2,57
588,0,10
588,1,31
588,2,59
589,0,65
589,1,3
589,2,27
590,0,5
590,1,86
590,2,31
591,0,31
591,1,14
591,2,72
592,0,10
592,1,61
592,2,18
593,0,37
593,1,46
593,2,12
594,0,84
594,1,13
594,2,67
595,0,100
595,1,47
595,2,53
596,0,7
596,1,82
596,2,41
597,0,13
597,1,23
597,2,23
598,0,83
598,1,94
598,2,17
599,0,23
599,1,89
599,2,57
600,0,50
600,1,79
600,2,43
601,0,53
601,1,67
601,2,42
602,0,51
602,1,25
602,2,42
603,0,67
603,1,36
603,2,82
604,0,28
604,1,55
604,2,8
605,0,59
605,1,53
605,2,29
606,0,86
606,1,87
606,2,92
607,0,39
607,1,52
607,2,82
608,0,22
608,1,70
608,2,27
609,0,85
609,1,98
609,2,28
610,0,42
610,1,72
610,2,99
611,0,28
611,1,35
611,2,75
612,0,42
612,1,8
612,2,58
613,0,84
613,1,76
613,2,64
614,0,88
614,1,27
614,2,38
615,0,13
615,1,38
615,2,95
616,0,40
616,1,96
616,2,77
617,0,23
617,1,70
617,2,68
618,0,26
618,1,84
618,2,78
619,0,92
619,1,94
619,2,80
620,0,89
620,1,11
620,2,8
621,0,93
621,1,20
621,2,43
622,0,52
622,1,55
622,2,24
623,0,47
623,1,100
623,2,24
624,0,13
624,1,55
624,2,18
625,0,4
625,1,93
625,2,65
626,0,20
626,1,48
626,2,97
627,0,51
627,1,86
627,2,40
628,0,52
628,1,67
628,2,57
629,0,33
629,1,56
629,2,45
630,0,97
630,1,68
630,2,97
631,0,48
631,1,93
631,2,82
632,0,56
632,1,11
632,2,13
633,0,58
633,1,1
633,2,25
634,0,22
634,1,24
634,2,2
635,0,8
635,1,66
635,2,34
636,0,55
636,1,92
636,2,32
637,0,94
637,1,96
637,2,54
638,0,18
638,1,26
638,2,64
639,0,45
639,1,19
639,2,82
640,0,98
640,1,18
640,2,100
641,0,32
641,1,95
641,2,18
642,0,78
642,1,38
642,2,35
643,0,66
643,1,21
643,2,24
644,0,62
644,1,49
644,2,60
645,0,63
645,1,99
645,2,42
646,0,99
646,1,13
646,2,75
647,0,7
647,1,57
647,2,11
648,0,37
648,1,30
648,2,37
649,0,55
649,1,8
649,2,47
650,0,19
650,1,49
650,2,10
651,0,50
651,1,34
651,2,52
652,0,60
652,1,22
652,2,70
653,0,12
653,1,76
653,2,83
654,0,71
654,1,84
654,2,76
655,0,51
655,1,88
655,2,11
656,0,25
656,1,39
656,2,9
657,0,24
657,1,59
657,2,28
658,0,44
658,1,27
658,2,25
659,0,79
659,1,52
659,2,98
660,0,80
660,1,31
660,2,33
661,0,46
661,1,85
661,2,63
662,0,72
662,1,2
662,2,65
663,0,54
663,1,87
663,2,32
664,0,41
664,1,58
664,2,57
665,0,89
665,1,4
665,2,36
666,0,83
666,1,65
666,2,63
667,0,59
667,1,18
667,2,50
668,0,2
668,1,62
668,2,30
669,0,68
669,1,79
669,2,70
670,0,99
670,1,67
670,2,5
671,0,29
671,1,22
671,2,78
672,0,68
672,1,66
672,2,48
673,0,49
673,1,65
673,2,43
674,0,86
674,1,39
674,2,44
675,0,38
675,1,100
675,2,31
676,0,1
676,1,73
676,2,60
677,0,84
677,1,96
677,2,80
678,0,74
678,1,95
678,2,25
679,0,28
679,1,0
679,2,19
680,0,50
680,1,11
680,2,18
681,0,46
681,1,58
681,2,11
682,0,84
682,1,80
682,2,45
683,0,86
683,1,39
683,2,93
684,0,64
684,1,72
684,2,68
685,0,79
685,1,76
685,2,76
686,0,44
686,1,15
686,2,63
687,0,85
687,1,41
687,2,75
688,0,68
688,1,15
688,2,5
689,0,42
689,1,68
689,2,66
690,0,68
690,1,23
690,2,78
691,0,45
691,1,46
691,2,79
692,0,87
692,1,45
692,2,38
693,0,98
693,1,80
693,2,56
694,0,24
694,1,5
694,2,62
695,0,17
695,1,70
695,2,72
696,0,51
696,1,22
696,2,18
697,0,21
697,1,46
697,2,20
698,0,29
698,1,63
698,2,52
699,0,78
699,1,70
699,2,44
700,0,100
700,1,69
700,2,69
701,0,89
701,1,57
701,2,57
702,0,63
702,1,30
702,2,90
703,0,66
703,1,67
703,2,76
704,0,90
704,1,34
704,2,55
705,0,49
705,1,6
705,2,40
706,0,87
706,1,70
706,2,50
707,0,81
707,1,89
707,2,29
708,0,95
708,1,42
708,2,100
709,0,20
709,1,90
709,2,83
710,0,74
710,1,66
710,2,42
711,0,12
711,1,99
711,2,10
712,0,23
712,1,51
712,2,18
713,0,43
713,1,88
713,2,76
714,0,35
714,1,78
714,2,81
715,0,96
715,1,32
715,2,20
716,0,44
716,1,53
716,2,21
717,0,60
717,1,12
717,2,16
718,0,35
718,1,52
718,2,56
719,0,86
719,1,52
719,2,23
720,0,15
720,1,82
720,2,4
721,0,68
721,1,98
721,2,74
722,0,19
722,1,2
722,2,77
723,0,14
723,1,76
723,2,82
724,0,32
724,1,55
724,2,11
725,0,97
725,1,71
725,2,18
726,0,64
726,1,81
726,2,40
727,0,28
727,1,70
727,2,9
728,0,24
728,1,58
728,2,79
729,0,91
729,1,33
729,2,78
730,0,94
730,1,58
730,2,40
731,0,71
731,1,73
731,2,61
732,0,51
732,1,59
732,2,50
733,0,59
733,1,49
733,2,52
734,0,54
734,1,59
734,2,15
735,0,80
735,1,20
735,2,33
736,0,75
736,1,13
736,2,68
737,0,33
737,1,29
737,2,84
738,0,55
738,1,81
738,2,49
739,0,19
739,1,26
739,2,52
740,0,29
740,1,72
740,2,53
741,0,62
741,1,2
741,2,57
742,0,100
742,1,92
742,2,73
743,0,13
743,1,90
743,2,57
744,0,44
744,1,12
744,2,49
745,0,0
745,1,46
745,2,88
746,0,70
746,1,43
746,2,0
747,0,3
747,1,29
747,2,7
748,0,8
748,1,8
748,2,95
749,0,62
749,1,43
749,2,2
750,0,76
750,1,97
750,2,68
751,0,77
751,1,62
751,2,59
752,0,95
752,1,30
752,2,26
753,0,14
753,1,19
753,2,25
754,0,56
754,1,78
754,2,37
755,0,65
755,1,51
755,2,17
756,0,65
756,1,7
756,2,5
757,0,64
757,1,82
757,2,70
758,0,14
758,1,5
758,2,85
759,0,21
759,1,5
759,2,30
760,0,9
760,1,82
760,2,66
761,0,21
761,1,16
761,2,89
762,0,26
762,1,13
762,2,65
763,0,16
763,1,31
763,2,81
764,0,27
764,1,51
764,2,43
765,0,57
765,1,95
765,2,93
766,0,65
766,1,19
766,2,68
767,0,89
767,1,47
767,2,18
768,0,72
768,1,62
768,2,42
769,0,84
769,1,25
769,2,12
770,0,13
770,1,67
770,2,36
771,0,31
771,1,99
771,2,72
772,0,93
772,1,74
772,2,44
773,0,17
773,1,30
773,2,100
774,0,50
774,1,87
774,2,1
775,0,73
775,1,9
775,2,80
776,0,48
776,1,28
776,2,1
777,0,9
777,1,83
777,2,21
778,0,4
778,1,41
778,2,34
779,0,97
779,1,95
779,2,64
780,0,83
780,1,18
780,2,87
781,0,22
781,1,44
781,2,50
782,0,16
782,1,4
782,2,77
783,0,47
783,1,52
783,2,35
784,0,99
784,1,51
784,2,61
785,0,15
785,1,31
785,2,28
786,0,74
786,1,70
786,2,1
787,0,28
787,1,40
787,2,32
788,0,65
788,1,89
788,2,16
789,0,96
789,1,92
789,2,5
790,0,9
790,1,75
790,2,36
791,0,74
791,1,21
791,2,22
792,0,33
792,1,8
792,2,26
793,0,58
793,1,32
793,2,51
794,0,35
794,1,23
794,2,17
795,0,4
795,1,93
795,2,38
796,0,26
796,1,95
796,2,62
797,0,54
797,1,4
797,2,14
798,0,91
798,1,71
798,2,57
799,0,56
799,1,97
799,2,11
800,0,32
800,1,83
800,2,28
801,0,65
801,1,21
801,2,19
802,0,93
802,1,45
802,2,8
803,0,82
803,1,21
803,2,60
804,0,42
804,1,85
804,2,46
805,0,80
805,1,7
805,2,91
806,0,92
806,1,83
806,2,90
807,0,30
807,1,87
807,2,88
808,0,66
808,1,23
808,2,26
809,0,74
809,1,79
809,2,7
810,0,46
810,1,94
810,2,90
811,0,77
811,1,20
811,2,69
812,0,46
812,1,20
812,2,69
813,0,13
813,1,16
813,2,61
814,0,38
814,1,100
814,2,2
815,0,61
815,1,72
815,2,90
816,0,17
816,1,99
816,2,7
817,0,97
817,1,54
817,2,66
818,0,5
818,1,50
818,2,84
819,0,86
819,1,8
819,2,90
820,0,11
820,1,12
820,2,47
821,0,75
821,1,37
821,2,14
822,0,56
822,1,98
822,2,98
823,0,93
823,1,48
823,2,41
824,0,52
824,1,61
824,2,49
825,0,32
825,1,86
825,2,64
826,0,73
826,1,38
826,2,2
827,0,78
827,1,63
827,2,19
828,0,14
828,1,5
828,2,2
829,0,52
829,1,65
829,2,77
830,0,71
830,1,20
830,2,74
831,0,86
831,1,63
831,2,13
832,0,60
832,1,11
832,2,3
833,0,34
833,1,33
833,2,90
834,0,100
834,1,20
834,2,27
835,0,68
835,1,83
835,2,79
836,0,80
836,1,84
836,2,88
837,0,79
837,1,73
837,2,69
838,0,39
838,1,74
838,2,45
839,0,37
839,1,5
839,2,85
840,0,90
840,1,60
840,2,68
841,0,64
841,1,16
841,2,53
842,0,100
842,1,99
842,2,56
843,0,42
843,1,17
843,2,46
844,0,48
844,1,10
844,2,98
845,0,100
845,1,38
845,2,74
846,0,47
846,1,1
846,2,79
847,0,81
847,1,33
847,2,37
848,0,59
848,1,71
848,2,12
849,0,45
849,1,66
849,2,100
850,0,69
850,1,75
850,2,0
851,0,68
851,1,26
851,2,54
852,0,71
852,1,32
852,2,63
853,0,46
853,1,45
853,2,31
854,0,33
854,1,52
854,2,11
855,0,32
855,1,30
855,2,32
856,0,53
856,1,13
856,2,74
857,0,90
857,1,3
857,2,82
858,0,82
858,1,68
858,2,35
859,0,72
859,1,50
859,2,81
860,0,17
860,1,85
860,2,93
861,0,92
861,1,52
861,2,41
862,0,25
862,1,26
862,2,26
863,0,84
863,1,53
863,2,16
864,0,30
864,1,82
864,2,40
865,0,57
865,1,68
865,2,9
866,0,60
866,1,46
866,2,74
867,0,82
867,1,35
867,2,71
868,0,83
868,1,83
868,2,0
869,0,93
869,1,27
869,2,1
870,0,78
870,1,9
870,2,58
871,0,63
871,1,15
871,2,43
872,0,35
872,1,43
872,2,9
873,0,93
873,1,15
873,2,63
874,0,4
874,1,25
874,2,89
875,0,52
875,1,39
875,2,45
876,0,11
876,1,81
876,2,68
877,0,82
877,1,69
877,2,11
878,0,10
878,1,10
878,2,99
879,0,22
879,1,71
879,2,32
880,0,46
880,1,41
880,2,65
881,0,0
881,1,37
881,2,56
882,0,88
882,1,49
882,2,77
883,0,44
883,1,82
883,2,62
884,0,28
884,1,88
884,2,87
885,0,82
885,1,10
885,2,46
886,0,57
886,1,57
886,2,56
887,0,91
887,1,6
887,2,34
888,0,62
888,1,76
888,2,62
889,0,43
889,1,100
889,2,64
890,0,50
890,1,23
890,2,21
891,0,95
891,1,20
891,2,54
892,0,75
892,1,5
892,2,24
893,0,49
893,1,37
893,2,84
894,0,34
894,1,47
894,2,10
895,0,48
895,1,8
895,2,99
896,0,53
896,1,86
896,2,16
897,0,13
897,1,32
897,2,37
898,0,80
898,1,70
898,2,2
899,0,31
899,1,2
899,2,46
900,0,13
900,1,79
900,2,53
901,0,82
901,1,42
901,2,18
902,0,31
902,1,54
902,2,25
903,0,72
903,1,85
903,2,7
904,0,76
904,1,37
904,2,14
905,0,56
905,1,52
905,2,64
906,0,81
906,1,1
906,2,34
907,0,88
907,1,19
907,2,11
908,0,39
908,1,66
908,2,32
909,0,86
909,1,49
909,2,48
910,0,62
910,1,52
910,2,30
911,0,41
911,1,2
911,2,57
912,0,55
912,1,83
912,2,89
913,0,74
913,1,42
913,2,89
914,0,17
914,1,65
914,2,3
915,0,81
915,1,9
915,2,38
916,0,17
916,1,6
916,2,58
917,0,67
917,1,84
917,2,55
918,0,18
918,1,0
918,2,6
919,0,80
919,1,7
919,2,37
920,0,11
920,1,58
920,2,35
921,0,30
921,1,23
921,2,13
922,0,53
922,1,23
922,2,94
923,0,65
923,1,97
923,2,26
924,0,31
924,1,64
924,2,77
925,0,0
925,1,82
925,2,62
926,0,22
926,1,7
926,2,65
927,0,56
927,1,91
927,2,59
928,0,4
928,1,60
928,2,77
929,0,27
929,1,31
929,2,47
930,0,80
930,1,50
930,2,44
931,0,29
931,1,49
931,2,63
932,0,41
932,1,39
932,2,39
933,0,31
933,1,91
933,2,64
934,0,67
934,1,18
934,2,96
935,0,59
935,1,76
935,2,26
936,0,95
936,1,79
936,2,89
937,0,55
937,1,39
937,2,31
938,0,13
938,1,95
938,2,69
939,0,54
939,1,59
939,2,62
940,0,12
940,1,55
940,2,18
941,0,52
941,1,28
941,2,86
942,0,69
942,1,93
942,2,2
943,0,3
943,1,58
943,2,43
944,0,49
944,1,77
944,2,79
945,0,10
945,1,73
945,2,60
946,0,85
946,1,90
946,2,66
947,0,74
947,1,63
947,2,83
948,0,54
948,1,46
948,2,81
949,0,69
949,1,22
949,2,89
950,0,3
950,1,16
950,2,14
951,0,96
951,1,62
951,2,23
952,0,43
952,1,29
952,2,32
953,0,48
953,1,75
953,2,49
954,0,98
954,1,53
954,2,5
955,0,23
955,1,32
955,2,97
956,0,37
956,1,91
956,2,54
957,0,34
957,1,49
957,2,60
958,0,37
958,1,62
958,2,35
959,0,21
959,1,59
959,2,51
960,0,10
960,1,64
960,2,67
961,0,8
961,1,7
961,2,58
962,0,59
962,1,14
962,2,8
963,0,93
963,1,54
963,2,70
964,0,79
964,1,74
964,2,48
965,0,18
965,1,36
965,2,1
966,0,23
966,1,0
966,2,82
967,0,26
967,1,29
967,2,77
968,0,5
968,1,98
968,2,96
969,0,81
969,1,75
969,2,93
970,0,42
970,1,33
970,2,26
971,0,71
971,1,62
971,2,15
972,0,68
972,1,12
972,2,71
973,0,38
973,1,17
973,2,89
974,0,98
974,1,22
974,2,32
975,0,65
975,1,24
975,2,42
976,0,95
976,1,12
976,2,86
977,0,6
977,1,14
977,2,23
978,0,33
978,1,9
978,2,77
979,0,50
979,1,51
979,2,89
980,0,61
980,1,14
980,2,69
981,0,53
981,1,13
981,2,87
982,0,54
982,1,98
982,2,74
983,0,63
983,1,19
983,2,15
984,0,56
984,1,29
984,2,3
985,0,43
985,1,80
985,2,51
986,0,95
986,1,1
986,2,22
987,0,61
987,1,46
987,2,29
988,0,96
988,1,88
988,2,35
989,0,61
989,1,18
989,2,31
990,0,34
990,1,67
990,2,41
991,0,27
991,1,39
991,2,80
992,0,6
992,1,73
992,2,88
993,0,71
993,1,34
993,2,89
994,0,88
994,1,51
994,2,0
995,0,43
995,1,0
995,2,90
996,0,100
996,1,64
996,2,0
997,0,65
997,1,96
997,2,86
998,0,15
998,1,24
998,2,81
999,0,4
999,1,68
999,2,12
1000,0,40
1000,1,42
1000,2,31
1001,0,79
1001,1,54
1001,2,6
1002,0,32
1002,1,51
1002,2,100
1003,0,40
1003,1,77
1003,2,45
1004,0,58
1004,1,29
1004,2,15
1005,0,61
1005,1,92
1005,2,46
1006,0,19
1006,1,14
1006,2,80
1007,0,74
1007,1,31
1007,2,29
1008,0,32
1008,1,96
1008,2,55
1009,0,78
1009,1,39
1009,2,38
1010,0,51
1010,1,67
1010,2,45
1011,0,29
1011,1,88
1011,2,6
1012,0,50
1012,1,55
1012,2,36
1013,0,86
1013,1,34
1013,2,61
1014,0,100
1014,1,20
1014,2,91
1015,0,49
1015,1,8
1015,2,68
1016,0,42
1016,1,14
1016,2,8
1017,0,95
1017,1,32
1017,2,82
1018,0,1
1018,1,73
1018,2,24
1019,0,10
1019,1,49
1019,2,29
1020,0,27
1020,1,35
1020,2,16
1021,0,0
1021,1,75
1021,2,34
1022,0,57
1022,1,80
1022,2,55
1023,0,63
1023,1,67
1023,2,7
1024,0,76
1024,1,16
1024,2,22
1025,0,8
1025,1,25
1025,2,25
1026,0,23
1026,1,7
1026,2,44
1027,0,68
1027,1,81
1027,2,85
1028,0,87
1028,1,43
1028,2,91
1029,0,49
1029,1,81
1029,2,49
1030,0,88
1030,1,24
1030,2,71
1031,0,60
1031,1,84
1031,2,53
1032,0,91
1032,1,25
1032,2,80
1033,0,93
1033,1,99
1033,2,45
1034,0,7
1034,1,35
1034,2,73
1035,0,34
1035,1,44
1035,2,0
1036,0,28
1036,1,21
1036,2,25
1037,0,41
1037,1,81
1037,2,13
1038,0,77
1038,1,70
1038,2,0
1039,0,52
1039,1,62
1039,2,14
1040,0,76
1040,1,15
1040,2,77
1041,0,14
1041,1,83
1041,2,29
1042,0,1
1042,1,45
1042,2,89
1043,0,47
1043,1,73
1043,2,31
1044,0,29
1044,1,86
1044,2,80
1045,0,12
1045,1,0
1045,2,13
1046,0,67
1046,1,37
1046,2,74
1047,0,91
1047,1,54
1047,2,44
1048,0,26
1048,1,53
1048,2,95
1049,0,10
1049,1,20
1049,2,62
1050,0,29
1050,1,50
1050,2,99
1051,0,74
1051,1,58
1051,2,35
1052,0,85
1052,1,36
1052,2,83
1053,0,51
1053,1,74
1053,2,65
1054,0,59
1054,1,89
1054,2,44
1055,0,34
1055,1,80
1055,2,6
1056,0,29
1056,1,83
1056,2,24
1057,0,24
1057,1,42
1057,2,96
1058,0,12
1058,1,1
1058,2,3
1059,0,72
1059,1,32
1059,2,35
1060,0,69
1060,1,3
1060,2,70
1061,0,44
1061,1,91
1061,2,12
1062,0,13
1062,1,98
1062,2,95
1063,0,95
1063,1,80
1063,2,98
1064,0,76
1064,1,62
1064,2,74
1065,0,36
1065,1,24
1065,2,22
1066,0,96
1066,1,50
1066,2,57
1067,0,79
1067,1,74
1067,2,19
1068,0,77
1068,1,95
1068,2,30
1069,0,86
1069,1,6
1069,2,65
1070,0,54
1070,1,35
1070,2,56
1071,0,92
1071,1,91
1071,2,4
1072,0,89
1072,1,73
1072,2,10
1073,0,69
1073,1,0
1073,2,96
1074,0,97
1074,1,18
1074,2,12
1075,0,4
1075,1,58
1075,2,9
1076,0,39
1076,1,84
1076,2,33
1077,0,64
1077,1,74
1077,2,44
1078,0,48
1078,1,18
1078,2,16
1079,0,69
1079,1,26
1079,2,21
1080,0,57
1080,1,18
1080,2,65
1081,0,95
1081,1,1
1081,2,83
1082,0,90
1082,1,32
1082,2,100
1083,0,44
1083,1,32
1083,2,78
1084,0,80
1084,1,83
1084,2,25
1085,0,58
1085,1,54
1085,2,66
1086,0,62
1086,1,31
1086,2,27
1087,0,39
1087,1,91
1087,2,73
1088,0,68
1088,1,12
1088,2,89
1089,0,24
1089,1,57
1089,2,34
1090,0,88
1090,1,63
1090,2,36
1091,0,26
1091,1,31
1091,2,58
1092,0,66
1092,1,40
1092,2,43
1093,0,74
1093,1,98
1093,2,43
1094,0,4
1094,1,0
1094,2,72
1095,0,33
1095,1,19
1095,2,57
1096,0,48
1096,1,5
1096,2,3
1097,0,59
1097,1,15
1097,2,100
1098,0,25
1098,1,98
1098,2,78
1099,0,73
1099,1,75
1099,2,12
1100,0,11
1100,1,16
1100,2,85
1101,0,38
1101,1,40
1101,2,65
1102,0,8
1102,1,56
1102,2,62
1103,0,49
1103,1,34
1103,2,88
1104,0,11
1104,1,4
1104,2,67
1105,0,61
1105,1,30
1105,2,79
1106,0,34
1106,1,12
1106,2,73
1107,0,99
1107,1,28
1107,2,52
1108,0,32
1108,1,81
1108,2,16
1109,0,2
1109,1,87
1109,2,74
1110,0,12
1110,1,62
1110,2,7
1111,0,38
1111,1,15
1111,2,97
1112,0,100
1112,1,49
1112,2,39
1113,0,36
1113,1,70
1113,2,36
1114,0,39
1114,1,75
1114,2,97
1115,0,9
1115,1,91
1115,2,87
1116,0,75
1116,1,82
1116,2,48
1117,0,69
1117,1,4
1117,2,76
1118,0,61
1118,1,71
1118,2,93
1119,0,3
1119,1,88
1119,2,36
1120,0,32
1120,1,15
1120,2,86
1121,0,37
1121,1,60
1121,2,35
1122,0,43
1122,1,74
1122,2,61
1123,0,31
1123,1,31
1123,2,81
1124,0,37
1124,1,66
1124,2,8
1125,0,66
1125,1,26
1125,2,95
1126,0,47
1126,1,42
1126,2,82
1127,0,54
1127,1,28
1127,2,17
1128,0,4
1128,1,38
1128,2,40
1129,0,87
1129,1,67
1129,2,100
1130,0,76
1130,1,60
1130,2,74
1131,0,58
1131,1,20
1131,2,86
1132,0,91
1132,1,73
1132,2,100
1133,0,35
1133,1,17
1133,2,36
1134,0,15
1134,1,73
1134,2,73
1135,0,42
1135,1,46
1135,2,84
1136,0,52
1136,1,4
1136,2,47
1137,0,51
1137,1,39
1137,2,78
1138,0,56
1138,1,18
1138,2,56
1139,0,16
1139,1,56
1139,2,43
1140,0,73
1140,1,24
1140,2,49
1141,0,58
1141,1,87
1141,2,64
1142,0,39
1142,1,53
1142,2,94
1143,0,12
1143,1,53
1143,2,24
1144,0,72
1144,1,11
1144,2,8
1145,0,6
1145,1,51
1145,2,33
1146,0,87
1146,1,23
1146,2,5
1147,0,90
1147,1,85
1147,2,59
1148,0,72
1148,1,99
1148,2,25
1149,0,32
1149,1,47
1149,2,97
1150,0,26
1150,1,95
1150,2,43
1151,0,15
1151,1,65
1151,2,39
1152,0,16
1152,1,17
1152,2,11
1153,0,21
1153,1,90
1153,2,52
1154,0,50
1154,1,64
1154,2,68
1155,0,2
1155,1,25
1155,2,50
1156,0,16
1156,1,20
1156,2,18
1157,0,39
1157,1,31
1157,2,86
1158,0,19
1158,1,70
1158,2,39
1159,0,2
1159,1,62
1159,2,81
1160,0,64
1160,1,36
1160,2,74
1161,0,60
1161,1,0
1161,2,47
1162,0,4
1162,1,27
1162,2,29
1163,0,0
1163,1,88
1163,2,54
1164,0,72
1164,1,73
1164,2,51
1165,0,63
1165,1,70
1165,2,94
1166,0,94
1166,1,86
1166,2,63
1167,0,10
1167,1,51
1167,2,96
1168,0,7
1168,1,81
1168,2,70
1169,0,32
1169,1,51
1169,2,14
1170,0,16
1170,1,64
1170,2,58
1171,0,41
1171,1,21
1171,2,87
1172,0,18
1172,1,29
1172,2,96
1173,0,1
1173,1,35
1173,2,97
1174,0,49
1174,1,50
1174,2,73
1175,0,26
1175,1,50
1175,2,12
1176,0,45
1176,1,94
1176,2,68
1177,0,25
1177,1,41
1177,2,48
1178,0,91
1178,1,54
1178,2,35
1179,0,90
1179,1,17
1179,2,10
1180,0,29
1180,1,23
1180,2,20
1181,0,81
1181,1,88
1181,2,77
1182,0,48
1182,1,98
1182,2,53
1183,0,64
1183,1,51
1183,2,42
1184,0,76
1184,1,52
1184,2,37
1185,0,63
1185,1,3
1185,2,81
1186,0,96
1186,1,62
1186,2,98
1187,0,45
1187,1,79
1187,2,54
1188,0,8
1188,1,10
1188,2,74
1189,0,85
1189,1,52
1189,2,8
1190,0,24
1190,1,87
1190,2,58
1191,0,65
1191,1,85
1191,2,33
1192,0,3
1192,1,93
1192,2,80
1193,0,68
1193,1,40
1193,2,81
1194,0,27
1194,1,56
1194,2,13
1195,0,8
1195,1,81
1195,2,7
1196,0,64
1196,1,12
1196,2,55
1197,0,10
1197,1,72
1197,2,89
1198,0,42
1198,1,32
1198,2,76
1199,0,87
1199,1,4
1199,2,45
1200,0,95
1200,1,30
1200,2,85
1201,0,10
1201,1,97
1201,2,4
1202,0,11
1202,1,83
1202,2,75
1203,0,23
1203,1,62
1203,2,5
1204,0,5
1204,1,87
1204,2,19
1205,0,24
1205,1,94
1205,2,12
1206,0,79
1206,1,35
1206,2,67
1207,0,80
1207,1,53
1207,2,25
1208,0,62
1208,1,34
1208,2,35
1209,0,45
1209,1,44
1209,2,82
1210,0,46
1210,1,79
1210,2,5
1211,0,12
1211,1,68
1211,2,45
1212,0,86
1212,1,48
1212,2,41
1213,0,69
1213,1,58
1213,2,87
1214,0,99
1214,1,98
1214,2,37
1215,0,94
1215,1,20
1215,2,40
1216,0,61
1216,1,9
1216,2,54
1217,0,48
1217,1,22
1217,2,21
1218,0,70
1218,1,77
1218,2,43
1219,0,64
1219,1,73
1219,2,8
1220,0,67
1220,1,17
1220,2,42
1221,0,15
1221,1,13
1221,2,80
1222,0,52
1222,1,38
1222,2,20
1223,0,8
1223,1,32
1223,2,7
1224,0,26
1224,1,60
1224,2,62
1225,0,9
1225,1,0
1225,2,100
1226,0,5
1226,1,87
1226,2,17
1227,0,92
1227,1,2
1227,2,61
1228,0,38
1228,1,36
1228,2,98
1229,0,56
1229,1,81
1229,2,89
1230,0,75
1230,1,16
1230,2,47
1231,0,55
1231,1,93
1231,2,73
1232,0,58
1232,1,65
1232,2,52
1233,0,69
1233,1,48
1233,2,30
1234,0,59
1234,1,26
1234,2,39
1235,0,61
1235,1,73
1235,2,91
1236,0,11
1236,1,18
1236,2,3
1237,0,38
1237,1,36
1237,2,54
1238,0,2
1238,1,21
1238,2,89
1239,0,96
1239,1,34
1239,2,19
1240,0,21
1240,1,53
1240,2,85
1241,0,100
1241,1,69
1241,2,79
1242,0,54
1242,1,14
1242,2,47
1243,0,71
1243,1,94
1243,2,46
1244,0,18
1244,1,76
1244,2,72
1245,0,29
1245,1,46
1245,2,77
1246,0,76
1246,1,43
1246,2,55
1247,0,95
1247,1,44
1247,2,67
1248,0,57
1248,1,4
1248,2,62
1249,0,58
1249,1,67
1249,2,66
1250,0,37
1250,1,14
1250,2,60
1251,0,42
1251,1,11
1251,2,49
1252,0,69
1252,1,12
1252,2,60
1253,0,25
1253,1,70
1253,2,13
1254,0,25
1254,1,94
1254,2,71
1255,0,37
1255,1,42
1255,2,66
1256,0,33
1256,1,74
1256,2,31
1257,0,37
1257,1,17
1257,2,78
1258,0,99
1258,1,35
1258,2,90
1259,0,80
1259,1,78
1259,2,90
1260,0,5
1260,1,59
1260,2,20
1261,0,50
1261,1,84
1261,2,20
1262,0,25
1262,1,67
1262,2,9
1263,0,24
1263,1,71
1263,2,82
1264,0,49
1264,1,19
1264,2,32
1265,0,86
1265,1,34
1265,2,18
1266,0,19
1266,1,17
1266,2,98
1267,0,69
1267,1,64
1267,2,16
1268,0,58
1268,1,79
1268,2,50
1269,0,24
1269,1,50
1269,2,78
1270,0,73
1270,1,19
1270,2,84
1271,0,23
1271,1,77
1271,2,11
1272,0,34
1272,1,73
1272,2,40
1273,0,85
1273,1,73
1273,2,32
1274,0,67
1274,1,50
1274,2,15
1275,0,84
1275,1,61
1275,2,24
1276,0,16
1276,1,64
1276,2,92
1277,0,68
1277,1,29
1277,2,2
1278,0,20
1278,1,8
1278,2,34
1279,0,11
1279,1,71
1279,2,74
1280,0,11
1280,1,35
1280,2,46
1281,0,3
1281,1,98
1281,2,76
1282,0,58
1282,1,85
1282,2,48
1283,0,27
1283,1,31
1283,2,18
1284,0,78
1284,1,69
1284,2,42
1285,0,94
1285,1,93
1285,2,36
1286,0,7
1286,1,94
1286,2,29
1287,0,67
1287,1,46
1287,2,75
1288,0,90
1288,1,16
1288,2,67
1289,0,25
1289,1,20
1289,2,90
1290,0,55
1290,1,50
1290,2,45
1291,0,21
1291,1,79
1291,2,88
1292,0,14
1292,1,72
1292,2,32
1293,0,71
1293,1,32
1293,2,96
1294,0,6
1294,1,94
1294,2,28
1295,0,7
1295,1,63
1295,2,98
1296,0,84
1296,1,32
1296,2,33
1297,0,31
1297,1,56
1297,2,30
1298,0,44
1298,1,58
1298,2,66
1299,0,97
1299,1,4
1299,2,15
1300,0,96
1300,1,74
1300,2,72
1301,0,15
1301,1,49
1301,2,43
1302,0,33
1302,1,43
1302,2,50
1303,0,46
1303,1,64
1303,2,25
1304,0,59
1304,1,26
1304,2,62
1305,0,63
1305,1,34
1305,2,40
1306,0,28
1306,1,34
1306,2,5
1307,0,48
1307,1,57
1307,2,28
1308,0,31
1308,1,79
1308,2,68
1309,0,68
1309,1,30
1309,2,23
1310,0,66
1310,1,94
1310,2,17
1311,0,97
1311,1,72
1311,2,64
1312,0,50
1312,1,4
1312,2,69
1313,0,12
1313,1,8
1313,2,85
1314,0,57
1314,1,7
1314,2,93
1315,0,96
1315,1,89
1315,2,10
1316,0,10
1316,1,80
1316,2,41
1317,0,59
1317,1,63
1317,2,79
1318,0,27
1318,1,3
1318,2,59
1319,0,30
1319,1,83
1319,2,9
1320,0,52
1320,1,40
1320,2,38
1321,0,34
1321,1,34
1321,2,91
1322,0,94
1322,1,96
1322,2,95
1323,0,84
1323,1,89
1323,2,68
1324,0,75
1324,1,5
1324,2,76
1325,0,4
1325,1,84
1325,2,42
1326,0,26
1326,1,50
1326,2,47
1327,0,5
1327,1,12
1327,2,37
1328,0,86
1328,1,53
1328,2,89
1329,0,27
1329,1,55
1329,2,48
1330,0,74
1330,1,0
1330,2,75
1331,0,5
1331,1,5
1331,2,45
1332,0,4
1332,1,85
1332,2,60
1333,0,4
1333,1,37
1333,2,34
1334,0,73
1334,1,26
1334,2,76
1335,0,13
1335,1,6
1335,2,76
1336,0,38
1336,1,37
1336,2,17
1337,0,58
1337,1,69
1337,2,95
1338,0,41
1338,1,7
1338,2,33
1339,0,25
1339,1,63
1339,2,97
1340,0,47
1340,1,78
1340,2,72
1341,0,64
1341,1,0
1341,2,58
1342,0,56
1342,1,30
1342,2,21
1343,0,84
1343,1,23
1343,2,48
1344,0,78
1344,1,40
1344,2,90
1345,0,47
1345,1,25
1345,2,21
1346,0,75
1346,1,9
1346,2,57
1347,0,99
1347,1,93
1347,2,37
1348,0,81
1348,1,18
1348,2,79
1349,0,82
1349,1,99
1349,2,48
1350,0,68
1350,1,28
1350,2,55
1351,0,64
1351,1,27
1351,2,79
1352,0,93
1352,1,42
1352,2,64
1353,0,66
1353,1,37
1353,2,92
1354,0,55
1354,1,84
1354,2,73
1355,0,54
1355,1,99
1355,2,19
1356,0,3
1356,1,58
1356,2,19
1357,0,30
1357,1,76
1357,2,85
1358,0,53
1358,1,61
1358,2,14
1359,0,60
1359,1,64
1359,2,34
1360,0,22
1360,1,73
1360,2,68
1361,0,49
1361,1,75
1361,2,77
1362,0,58
1362,1,36
1362,2,10
1363,0,89
1363,1,92
1363,2,100
1364,0,74
1364,1,99
1364,2,81
1365,0,84
1365,1,33
1365,2,80
1366,0,31
1366,1,1
1366,2,76
1367,0,11
1367,1,79
1367,2,14
1368,0,4
1368,1,97
1368,2,17
1369,0,13
1369,1,57
1369,2,73
1370,0,31
1370,1,79
1370,2,45
1371,0,70
1371,1,3
1371,2,91
1372,0,59
1372,1,84
1372,2,33
1373,0,10
1373,1,39
1373,2,25
1374,0,72
1374,1,72
1374,2,67
1375,0,92
1375,1,0
1375,2,32
1376,0,43
1376,1,38
1376,2,24
1377,0,17
1377,1,47
1377,2,3
1378,0,50
1378,1,42
1378,2,28
1379,0,66
1379,1,33
1379,2,80
1380,0,14
1380,1,17
1380,2,48
1381,0,42
1381,1,43
1381,2,66
1382,0,5
1382,1,40
1382,2,36
1383,0,58
1383,1,60
1383,2,28
1384,0,35
1384,1,56
1384,2,95
1385,0,90
1385,1,15
1385,2,11
1386,0,53
1386,1,58
1386,2,31
1387,0,61
1387,1,25
1387,2,79
1388,0,56
1388,1,29
1388,2,12
1389,0,62
1389,1,91
1389,2,89
1390,0,80
1390,1,92
1390,2,50
1391,0,38
1391,1,52
1391,2,39
1392,0,22
1392,1,57
1392,2,40
1393,0,28
1393,1,30
1393,2,33
1394,0,54
1394,1,69
1394,2,53
1395,0,26
1395,1,29
1395,2,27
1396,0,52
1396,1,87
1396,2,19
1397,0,99
1397,1,48
1397,2,14
1398,0,15
1398,1,37
1398,2,11
1399,0,33
1399,1,19
1399,2,79
1400,0,73
1400,1,10
1400,2,20
1401,0,86
1401,1,77
1401,2,53
1402,0,57
1402,1,1
1402,2,18
1403,0,11
1403,1,3
1403,2,43
1404,0,47
1404,1,2
1404,2,81
1405,0,22
1405,1,42
1405,2,18
1406,0,6
1406,1,10
1406,2,51
1407,0,1
1407,1,36
1407,2,76
1408,0,81
1408,1,72
1408,2,19
1409,0,34
1409,1,4
1409,2,72
1410,0,67
1410,1,30
1410,2,16
1411,0,25
1411,1,51
1411,2,31
1412,0,71
1412,1,17
1412,2,44
1413,0,64
1413,1,79
1413,2,3
1414,0,28
1414,1,15
1414,2,35
1415,0,33
1415,1,69
1415,2,33
1416,0,79
1416,1,67
1416,2,94
1417,0,52
1417,1,82
1417,2,81
1418,0,31
1418,1,81
1418,2,4
1419,0,56
1419,1,73
1419,2,19
1420,0,75
1420,1,51
1420,2,83
1421,0,98
1421,1,88
1421,2,73
1422,0,10
1422,1,27
1422,2,32
1423,0,91
1423,1,1
1423,2,56
1424,0,23
1424,1,46
1424,2,47
1425,0,15
1425,1,58
1425,2,40
1426,0,37
1426,1,7
1426,2,36
1427,0,71
1427,1,99
1427,2,77
1428,0,14
1428,1,77
1428,2,65
1429,0,11
1429,1,69
1429,2,14
1430,0,2
1430,1,66
1430,2,89
1431,0,93
1431,1,66
1431,2,64
1432,0,49
1432,1,61
1432,2,42
1433,0,20
1433,1,28
1433,2,54
1434,0,5
1434,1,43
1434,2,67
1435,0,72
1435,1,69
1435,2,63
1436,0,9
1436,1,18
1436,2,20
1437,0,66
1437,1,28
1437,2,37
1438,0,22
1438,1,7
1438,2,28
1439,0,64
1439,1,31
1439,2,66
1440,0,50
1440,1,72
1440,2,66
1441,0,49
1441,1,88
1441,2,12
1442,0,20
1442,1,60
1442,2,90
1443,0,16
1443,1,44
1443,2,63
1444,0,95
1444,1,73
1444,2,28
1445,0,16
1445,1,75
1445,2,88
1446,0,11
1446,1,59
1446,2,94
1447,0,83
1447,1,81
1447,2,53
1448,0,23
1448,1,65
1448,2,72
1449,0,68
1449,1,92
1449,2,72
1450,0,1
1450,1,75
1450,2,61
1451,0,70
1451,1,6
1451,2,77
1452,0,39
1452,1,28
1452,2,44
1453,0,81
1453,1,64
1453,2,47
1454,0,36
1454,1,90
1454,2,92
1455,0,4
1455,1,18
1455,2,7
1456,0,33
1456,1,56
1456,2,86
1457,0,43
1457,1,51
1457,2,63
1458,0,12
1458,1,91
1458,2,29
1459,0,66
1459,1,49
1459,2,71
1460,0,62
1460,1,72
1460,2,16
1461,0,86
1461,1,92
1461,2,98
1462,0,47
1462,1,24
1462,2,11
1463,0,9
1463,1,98
1463,2,55
1464,0,24
1464,1,23
1464,2,24
1465,0,91
1465,1,50
1465,2,24
1466,0,48
1466,1,6
1466,2,62
1467,0,32
1467,1,95
1467,2,64
1468,0,11
1468,1,8
1468,2,35
1469,0,17
1469,1,34
1469,2,18
1470,0,15
1470,1,100
1470,2,55
1471,0,36
1471,1,69
1471,2,91
1472,0,31
1472,1,28
1472,2,50
1473,0,25
1473,1,86
1473,2,86
1474,0,81
1474,1,95
1474,2,59
1475,0,28
1475,1,72
1475,2,46
1476,0,11
1476,1,47
1476,2,96
1477,0,23
1477,1,41
1477,2,0
1478,0,88
1478,1,97
1478,2,32
1479,0,92
1479,1,3
1479,2,97
1480,0,95
1480,1,68
1480,2,11
1481,0,74
1481,1,21
1481,2,0
1482,0,58
1482,1,98
1482,2,87
1483,0,40
1483,1,86
1483,2,4
1484,0,74
1484,1,77
1484,2,71
1485,0,99
1485,1,32
1485,2,46
1486,0,11
1486,1,68
1486,2,10
1487,0,75
1487,1,100
1487,2,87
1488,0,56
1488,1,43
1488,2,87
1489,0,76
1489,1,95
1489,2,71
1490,0,44
1490,1,13
1490,2,21
1491,0,37
1491,1,92
1491,2,85
1492,0,62
1492,1,25
1492,2,27
1493,0,54
1493,1,7
1493,2,57
1494,0,41
1494,1,18
1494,2,63
1495,0,1
1495,1,35
1495,2,78
1496,0,88
1496,1,56
1496,2,81
1497,0,15
1497,1,93
1497,2,3
1498,0,28
1498,1,70
1498,2,39
1499,0,45
1499,1,43
1499,2,72
1500,0,25
1500,1,85
1500,2,11
1501,0,64
1501,1,70
1501,2,45
1502,0,92
1502,1,4
1502,2,20
1503,0,7
1503,1,79
1503,2,33
1504,0,50
1504,1,88
1504,2,44
1505,0,50
1505,1,19
1505,2,95
1506,0,1
1506,1,26
1506,2,51
1507,0,9
1507,1,36
1507,2,60
1508,0,87
1508,1,83
1508,2,4
1509,0,7
1509,1,23
1509,2,29
1510,0,64
1510,1,63
1510,2,61
1511,0,16
1511,1,98
1511,2,59
1512,0,50
1512,1,78
1512,2,12
1513,0,19
1513,1,39
1513,2,2
1514,0,58
1514,1,63
1514,2,20
1515,0,52
1515,1,13
1515,2,7
1516,0,1
1516,1,35
1516,2,41
1517,0,29
1517,1,39
1517,2,40
1518,0,39
1518,1,74
1518,2,98
1519,0,32
1519,1,82
1519,2,88
1520,0,32
1520,1,21
1520,2,34
1521,0,24
1521,1,90
1521,2,18
1522,0,3
1522,1,50
1522,2,46
1523,0,63
1523,1,68
1523,2,72
1524,0,8
1524,1,54
1524,2,54
1525,0,43
1525,1,44
1525,2,79
1526,0,79
1526,1,3
1526,2,86
1527,0,95
1527,1,66
1527,2,30
1528,0,2
1528,1,0
1528,2,35
1529,0,58
1529,1,24
1529,2,51
1530,0,13
1530,1,67
1530,2,69
1531,0,22
1531,1,21
1531,2,3
1532,0,43
1532,1,87
1532,2,56
1533,0,40
1533,1,34
1533,2,73
1534,0,98
1534,1,62
1534,2,88
1535,0,23
1535,1,12
1535,2,47
1536,0,30
1536,1,68
1536,2,40
1537,0,19
1537,1,24
1537,2,24
1538,0,68
1538,1,49
1538,2,59
1539,0,77
1539,1,56
1539,2,63
1540,0,53
1540,1,35
1540,2,37
1541,0,45
1541,1,42
1541,2,66
1542,0,97
1542,1,35
1542,2,40
1543,0,92
1543,1,16
1543,2,88
1544,0,45
1544,1,87
1544,2,87
1545,0,47
1545,1,42
1545,2,90
1546,0,98
1546,1,81
1546,2,32
1547,0,79
1547,1,67
1547,2,42
1548,0,43
1548,1,48
1548,2,52
1549,0,39
1549,1,10
1549,2,2
1550,0,63
1550,1,39
1550,2,38
1551,0,69
1551,1,61
1551,2,89
1552,0,84
1552,1,100
1552,2,86
1553,0,31
1553,1,89
1553,2,87
1554,0,23
1554,1,73
1554,2,54
1555,0,5
1555,1,57
1555,2,16
1556,0,23
1556,1,98
1556,2,80
1557,0,65
1557,1,35
1557,2,14
1558,0,65
1558,1,76
1558,2,88
1559,0,87
1559,1,40
1559,2,13
1560,0,65
1560,1,10
1560,2,65
1561,0,20
1561,1,59
1561,2,17
1562,0,5
1562,1,60
1562,2,61
1563,0,41
1563,1,84
1563,2,97
1564,0,78
1564,1,25
1564,2,12
1565,0,68
1565,1,94
1565,2,65
1566,0,73
1566,1,63
1566,2,18
1567,0,20
1567,1,55
1567,2,26
1568,0,16
1568,1,93
1568,2,3
1569,0,64
1569,1,73
1569,2,6
1570,0,72
1570,1,27
1570,2,17
1571,0,14
1571,1,49
1571,2,75
1572,0,22
1572,1,13
1572,2,24
1573,0,36
1573,1,66
1573,2,52
1574,0,70
1574,1,3
1574,2,35
1575,0,21
1575,1,92
1575,2,75
1576,0,82
1576,1,73
1576,2,70
1577,0,24
1577,1,62
1577,2,84
1578,0,91
1578,1,11
1578,2,18
1579,0,44
1579,1,88
1579,2,69
1580,0,44
1580,1,73
1580,2,0
1581,0,71
1581,1,94
1581,2,90
1582,0,91
1582,1,66
1582,2,90
1583,0,68
1583,1,46
1583,2,57
1584,0,23
1584,1,84
1584,2,75
1585,0,91
1585,1,56
1585,2,3
1586,0,83
1586,1,2
1586,2,84
1587,0,45
1587,1,43
1587,2,51
1588,0,92
1588,1,28
1588,2,58
1589,0,62
1589,1,86
1589,2,82
1590,0,99
1590,1,61
1590,2,43
1591,0,17
1591,1,85
1591,2,10
1592,0,0
1592,1,37
1592,2,78
1593,0,4
1593,1,40
1593,2,24
1594,0,55
1594,1,3
1594,2,60
1595,0,4
1595,1,48
1595,2,81
1596,0,88
1596,1,59
1596,2,69
1597,0,40
1597,1,13
1597,2,55
1598,0,74
1598,1,18
1598,2,11
1599,0,91
1599,1,23
1599,2,13
1600,0,14
1600,1,52
1600,2,75
1601,0,64
1601,1,100
1601,2,30
1602,0,44
1602,1,3
1602,2,0
1603,0,13
1603,1,18
1603,2,64
1604,0,9
1604,1,43
1604,2,9
1605,0,13
1605,1,1
1605,2,82
1606,0,31
1606,1,54
1606,2,32
1607,0,8
1607,1,41
1607,2,90
1608,0,36
1608,1,65
1608,2,98
1609,0,25
1609,1,92
1609,2,94
1610,0,71
1610,1,58
1610,2,43
1611,0,81
1611,1,77
1611,2,45
1612,0,92
1612,1,60
1612,2,14
1613,0,60
1613,1,77
1613,2,95
1614,0,70
1614,1,32
1614,2,74
1615,0,73
1615,1,20
1615,2,11
1616,0,13
1616,1,70
1616,2,52
1617,0,31
1617,1,3
1617,2,20
1618,0,49
1618,1,59
1618,2,39
1619,0,65
1619,1,8
1619,2,14
1620,0,16
1620,1,0
1620,2,19
1621,0,91
1621,1,38
1621,2,24
1622,0,80
1622,1,72
1622,2,11
1623,0,67
1623,1,20
1623,2,90
1624,0,0
1624,1,82
1624,2,42
1625,0,100
1625,1,51
1625,2,91
1626,0,30
1626,1,20
1626,2,67
1627,0,72
1627,1,39
1627,2,88
1628,0,61
1628,1,29
1628,2,2
1629,0,87
1629,1,25
1629,2,86
1630,0,0
1630,1,53
1630,2,74
1631,0,94
1631,1,16
1631,2,50
1632,0,58
1632,1,93
1632,2,82
1633,0,75
1633,1,70
1633,2,32
1634,0,98
1634,1,54
1634,2,17
1635,0,86
1635,1,43
1635,2,41
1636,0,6
1636,1,67
1636,2,93
1637,0,36
1637,1,68
1637,2,26
1638,0,4
1638,1,56
1638,2,51
1639,0,65
1639,1,50
1639,2,83
1640,0,34
1640,1,54
1640,2,49
1641,0,1
1641,1,83
1641,2,10
1642,0,70
1642,1,37
1642,2,10
1643,0,73
1643,1,2
1643,2,62
1644,0,16
1644,1,57
1644,2,28
1645,0,77
1645,1,52
1645,2,86
1646,0,53
1646,1,82
1646,2,89
1647,0,74
1647,1,70
1647,2,20
1648,0,52
1648,1,83
1648,2,7
1649,0,56
1649,1,93
1649,2,98
1650,0,46
1650,1,10
1650,2,28
1651,0,54
1651,1,68
1651,2,71
1652,0,76
1652,1,18
1652,2,93
1653,0,20
1653,1,47
1653,2,45
1654,0,74
1654,1,89
1654,2,3
1655,0,25
1655,1,18
1655,2,94
1656,0,56
1656,1,41
1656,2,14
1657,0,47
1657,1,61
1657,2,4
1658,0,15
1658,1,0
1658,2,95
1659,0,21
1659,1,92
1659,2,19
1660,0,90
1660,1,66
1660,2,67
1661,0,57
1661,1,53
1661,2,39
1662,0,97
1662,1,69
1662,2,8
1663,0,49
1663,1,3
1663,2,32
1664,0,64
1664,1,88
1664,2,83
1665,0,76
1665,1,15
1665,2,100
1666,0,32
1666,1,13
1666,2,32
1667,0,4
1667,1,9
1667,2,63
1668,0,68
1668,1,12
1668,2,70
1669,0,97
1669,1,24
1669,2,36
1670,0,30
1670,1,20
1670,2,37
1671,0,46
1671,1,89
1671,2,31
1672,0,1
1672,1,98
1672,2,71
1673,0,55
1673,1,69
1673,2,86
1674,0,72
1674,1,55
1674,2,26
1675,0,31
1675,1,14
1675,2,23
1676,0,40
1676,1,46
1676,2,5
1677,0,92
1677,1,83
1677,2,46
1678,0,71
1678,1,86
1678,2,15
1679,0,68
1679,1,95
1679,2,36
1680,0,90
1680,1,92
1680,2,3
1681,0,43
1681,1,24
1681,2,34
1682,0,9
1682,1,69
1682,2,23
1683,0,63
1683,1,72
1683,2,68
1684,0,7
1684,1,79
1684,2,67
1685,0,71
1685,1,59
1685,2,59
1686,0,51
1686,1,32
1686,2,82
1687,0,34
1687,1,36
1687,2,53
1688,0,77
1688,1,41
1688,2,91
1689,0,74
1689,1,98
1689,2,50
1690,0,77
1690,1,8
1690,2,66
1691,0,45
1691,1,53
1691,2,57
1692,0,32
1692,1,26
1692,2,36
1693,0,54
1693,1,69
1693,2,35
1694,0,8
1694,1,53
1694,2,64
1695,0,32
1695,1,4
1695,2,41
1696,0,23
1696,1,70
1696,2,23
1697,0,43
1697,1,19
1697,2,96
1698,0,16
1698,1,43
1698,2,89
1699,0,99
1699,1,87
1699,2,79
1700,0,8
1700,1,100
1700,2,60
1701,0,33
1701,1,32
1701,2,75
1702,0,54
1702,1,94
1702,2,63
1703,0,72
1703,1,29
1703,2,47
1704,0,64
1704,1,49
1704,2,62
1705,0,37
1705,1,21
1705,2,73
1706,0,36
1706,1,29
1706,2,65
1707,0,26
1707,1,58
1707,2,54
1708,0,19
1708,1,19
1708,2,86
1709,0,17
1709,1,2
1709,2,89
1710,0,78
1710,1,71
1710,2,77
1711,0,86
1711,1,3
1711,2,83
1712,0,94
1712,1,5
1712,2,88
1713,0,60
1713,1,43
1713,2,69
1714,0,48
1714,1,36
1714,2,3
1715,0,22
1715,1,68
1715,2,19
1716,0,51
1716,1,30
1716,2,67
1717,0,83
1717,1,37
1717,2,39
1718,0,88
1718,1,38
1718,2,77
1719,0,67
1719,1,82
1719,2,67
1720,0,72
1720,1,21
1720,2,93
1721,0,12
1721,1,3
1721,2,64
1722,0,0
1722,1,53
1722,2,57
1723,0,27
1723,1,98
1723,2,97
1724,0,63
1724,1,57
1724,2,89
1725,0,66
1725,1,20
1725,2,43
1726,0,36
1726,1,79
1726,2,56
1727,0,68
1727,1,30
1727,2,36
1728,0,60
1728,1,69
1728,2,23
1729,0,65
1729,1,78
1729,2,85
1730,0,93
1730,1,1
1730,2,17
1731,0,99
1731,1,39
1731,2,13
1732,0,62
1732,1,14
1732,2,91
1733,0,77
1733,1,46
1733,2,67
1734,0,34
1734,1,92
1734,2,42
1735,0,78
1735,1,67
1735,2,43
1736,0,1
1736,1,39
1736,2,12
1737,0,39
1737,1,37
1737,2,48
1738,0,65
1738,1,70
1738,2,66
1739,0,72
1739,1,25
1739,2,19
1740,0,1
1740,1,23
1740,2,16
1741,0,69
1741,1,8
1741,2,83
1742,0,84
1742,1,23
1742,2,83
1743,0,90
1743,1,41
1743,2,60
1744,0,96
1744,1,22
1744,2,41
1745,0,93
1745,1,7
1745,2,95
1746,0,98
1746,1,65
1746,2,44
1747,0,84
1747,1,57
1747,2,35
1748,0,79
1748,1,18
1748,2,75
1749,0,2
1749,1,92
1749,2,22
1750,0,41
1750,1,54
1750,2,80
1751,0,36
1751,1,67
1751,2,35
1752,0,25
1752,1,16
1752,2,13
1753,0,9
1753,1,93
1753,2,15
1754,0,27
1754,1,36
1754,2,87
1755,0,76
1755,1,23
1755,2,38
1756,0,76
1756,1,62
1756,2,87
1757,0,7
1757,1,77
1757,2,1
1758,0,93
1758,1,72
1758,2,40
1759,0,3
1759,1,14
1759,2,41
1760,0,70
1760,1,43
1760,2,9
1761,0,69
1761,1,46
1761,2,78
1762,0,60
1762,1,28
1762,2,26
1763,0,8
1763,1,0
1763,2,63
1764,0,26
1764,1,61
1764,2,75
1765,0,81
1765,1,44
1765,2,39
1766,0,19
1766,1,88
1766,2,0
1767,0,93
1767,1,92
1767,2,46
1768,0,95
1768,1,43
1768,2,50
1769,0,84
1769,1,84
1769,2,5
1770,0,53
1770,1,14
1770,2,52
1771,0,5
1771,1,73
1771,2,71
1772,0,96
1772,1,74
1772,2,51
1773,0,80
1773,1,51
1773,2,4
1774,0,8
1774,1,41
1774,2,74
1775,0,49
1775,1,42
1775,2,32
1776,0,85
1776,1,74
1776,2,16
1777,0,16
1777,1,26
1777,2,10
1778,0,17
1778,1,93
1778,2,63
1779,0,46
1779,1,94
1779,2,73
1780,0,0
1780,1,6
1780,2,95
1781,0,1
1781,1,49
1781,2,59
1782,0,32
1782,1,56
1782,2,60
1783,0,61
1783,1,90
1783,2,28
1784,0,19
1784,1,36
1784,2,2
1785,0,100
1785,1,30
1785,2,64
1786,0,39
1786,1,79
1786,2,2
1787,0,94
1787,1,96
1787,2,92
1788,0,38
1788,1,10
1788,2,12
1789,0,47
1789,1,93
1789,2,65
1790,0,78
1790,1,99
1790,2,65
1791,0,80
1791,1,57
1791,2,52
1792,0,19
1792,1,3
1792,2,3
1793,0,37
1793,1,100
1793,2,47
1794,0,54
1794,1,60
1794,2,73
1795,0,86
1795,1,78
1795,2,57
1796,0,54
1796,1,51
1796,2,83
1797,0,5
1797,1,88
1797,2,33
1798,0,29
1798,1,44
1798,2,6
1799,0,34
1799,1,97
1799,2,1
1800,0,11
1800,1,13
1800,2,30
1801,0,60
1801,1,18
1801,2,6
1802,0,88
1802,1,65
1802,2,55
1803,0,100
1803,1,36
1803,2,38
1804,0,48
1804,1,97
1804,2,64
1805,0,92
1805,1,42
1805,2,100
1806,0,20
1806,1,72
1806,2,5
1807,0,2
1807,1,5
1807,2,73
1808,0,55
1808,1,10
1808,2,28
1809,0,12
1809,1,33
1809,2,52
1810,0,40
1810,1,94
1810,2,64
1811,0,94
1811,1,9
1811,2,68
1812,0,23
1812,1,39
1812,2,89
1813,0,62
1813,1,53
1813,2,20
1814,0,36
1814,1,10
1814,2,89
1815,0,30
1815,1,73
1815,2,15
1816,0,50
1816,1,17
1816,2,67
1817,0,99
1817,1,64
1817,2,0
1818,0,4
1818,1,2
1818,2,48
1819,0,78
1819,1,40
1819,2,53
1820,0,76
1820,1,46
1820,2,91
1821,0,48
1821,1,1
1821,2,50
1822,0,78
1822,1,19
1822,2,5
1823,0,63
1823,1,72
1823,2,45
1824,0,55
1824,1,71
1824,2,58
1825,0,36
1825,1,69
1825,2,40
1826,0,21
1826,1,8
1826,2,91
1827,0,95
1827,1,97
1827,2,78
1828,0,28
1828,1,52
1828,2,92
1829,0,66
1829,1,12
1829,2,52
1830,0,29
1830,1,29
1830,2,96
1831,0,25
1831,1,79
1831,2,87
1832,0,0
1832,1,3
1832,2,84
1833,0,82
1833,1,60
1833,2,1
1834,0,4
1834,1,97
1834,2,84
1835,0,48
1835,1,87
1835,2,19
1836,0,4
1836,1,39
1836,2,80
1837,0,57
1837,1,95
1837,2,55
1838,0,89
1838,1,1
1838,2,93
1839,0,85
1839,1,16
1839,2,52
1840,0,84
1840,1,56
1840,2,27
1841,0,63
1841,1,23
1841,2,43
1842,0,98
1842,1,72
1842,2,79
1843,0,84
1843,1,13
1843,2,70
1844,0,9
1844,1,20
1844,2,88
1845,0,5
1845,1,43
1845,2,37
1846,0,84
1846,1,70
1846,2,33
1847,0,32
1847,1,80
1847,2,39
1848,0,97
1848,1,85
1848,2,98
1849,0,99
1849,1,33
1849,2,36
1850,0,50
1850,1,55
1850,2,78
1851,0,96
1851,1,82
1851,2,17
1852,0,80
1852,1,67
1852,2,67
1853,0,45
1853,1,83
1853,2,92
1854,0,82
1854,1,84
1854,2,12
1855,0,43
1855,1,53
1855,2,54
1856,0,80
1856,1,57
1856,2,13
1857,0,38
1857,1,56
1857,2,38
1858,0,75
1858,1,73
1858,2,34
1859,0,89
1859,1,69
1859,2,41
1860,0,89
1860,1,30
1860,2,77
1861,0,19
1861,1,61
1861,2,73
1862,0,89
1862,1,70
1862,2,81
1863,0,49
1863,1,20
1863,2,66
1864,0,32
1864,1,65
1864,2,76
1865,0,95
1865,1,12
1865,2,44
1866,0,48
1866,1,24
1866,2,78
1867,0,93
1867,1,27
1867,2,77
1868,0,42
1868,1,48
1868,2,44
1869,0,16
1869,1,69
1869,2,51
1870,0,27
1870,1,78
1870,2,78
1871,0,2
1871,1,75
1871,2,83
1872,0,6
1872,1,29
1872,2,76
1873,0,17
1873,1,14
1873,2,88
1874,0,66
1874,1,26
1874,2,7
1875,0,23
1875,1,80
1875,2,81
1876,0,5
1876,1,32
1876,2,8
1877,0,40
1877,1,4
1877,2,44
1878,0,19
1878,1,78
1878,2,61
1879,0,72
1879,1,10
1879,2,50
1880,0,5
1880,1,35
1880,2,50
1881,0,57
1881,1,47
1881,2,98
1882,0,56
1882,1,28
1882,2,98
1883,0,1
1883,1,19
1883,2,16
1884,0,68
1884,1,50
1884,2,27
1885,0,99
1885,1,89
1885,2,0
1886,0,98
1886,1,92
1886,2,33
1887,0,75
1887,1,15
1887,2,30
1888,0,10
1888,1,94
1888,2,16
1889,0,66
1889,1,83
1889,2,62
1890,0,77
1890,1,91
1890,2,22
1891,0,11
1891,1,25
1891,2,49
1892,0,46
1892,1,24
1892,2,48
1893,0,62
1893,1,8
1893,2,50
1894,0,99
1894,1,77
1894,2,70
1895,0,24
1895,1,6
1895,2,73
1896,0,55
1896,1,48
1896,2,46
1897,0,40
1897,1,46
1897,2,19
1898,0,74
1898,1,91
1898,2,68
1899,0,47
1899,1,88
1899,2,75
1900,0,3
1900,1,63
1900,2,49
1901,0,6
1901,1,61
1901,2,1
1902,0,28
1902,1,15
1902,2,41
1903,0,94
1903,1,4
1903,2,55
1904,0,35
1904,1,41
1904,2,55
1905,0,44
1905,1,10
1905,2,93
1906,0,32
1906,1,47
1906,2,63
1907,0,53
1907,1,51
1907,2,60
1908,0,31
1908,1,22
1908,2,36
1909,0,30
1909,1,42
1909,2,90
1910,0,89
1910,1,37
1910,2,17
1911,0,79
1911,1,40
1911,2,93
1912,0,48
1912,1,38
1912,2,31
1913,0,89
1913,1,82
1913,2,90
1914,0,76
1914,1,44
1914,2,26
1915,0,66
1915,1,33
1915,2,86
1916,0,91
1916,1,64
1916,2,95
1917,0,70
1917,1,92
1917,2,91
1918,0,75
1918,1,35
1918,2,37
1919,0,93
1919,1,21
1919,2,18
1920,0,23
1920,1,55
1920,2,4
1921,0,40
1921,1,31
1921,2,100
1922,0,71
1922,1,93
1922,2,88
1923,0,39
1923,1,85
1923,2,19
1924,0,1
1924,1,34
1924,2,39
1925,0,1
1925,1,3
1925,2,58
1926,0,66
1926,1,39
1926,2,15
1927,0,45
1927,1,90
1927,2,87
1928,0,62
1928,1,83
1928,2,88
1929,0,15
1929,1,93
1929,2,39
1930,0,66
1930,1,42
1930,2,79
1931,0,68
1931,1,68
1931,2,98
1932,0,93
1932,1,23
1932,2,9
1933,0,42
1933,1,8
1933,2,62
1934,0,36
1934,1,34
1934,2,76
1935,0,18
1935,1,73
1935,2,61
1936,0,30
1936,1,68
1936,2,85
1937,0,100
1937,1,2
1937,2,100
1938,0,18
1938,1,32
1938,2,18
1939,0,76
1939,1,59
1939,2,98
1940,0,26
1940,1,96
1940,2,36
1941,0,32
1941,1,21
1941,2,3
1942,0,79
1942,1,51
1942,2,43
1943,0,64
1943,1,25
1943,2,72
1944,0,20
1944,1,10
1944,2,84
1945,0,74
1945,1,94
1945,2,87
1946,0,72
1946,1,30
1946,2,41
1947,0,80
1947,1,94
1947,2,88
1948,0,1
1948,1,45
1948,2,28
1949,0,0
1949,1,18
1949,2,78
1950,0,85
1950,1,22
1950,2,76
1951,0,78
1951,1,90
1951,2,33
1952,0,58
1952,1,85
1952,2,79
1953,0,34
1953,1,14
1953,2,80
1954,0,63
1954,1,43
1954,2,78
1955,0,87
1955,1,59
1955,2,18
1956,0,62
1956,1,36
1956,2,4
1957,0,0
1957,1,67
1957,2,12
1958,0,97
1958,1,9
1958,2,74
1959,0,54
1959,1,25
1959,2,38
1960,0,80
1960,1,63
1960,2,94
1961,0,6
1961,1,76
1961,2,38
1962,0,91
1962,1,5
1962,2,1
1963,0,76
1963,1,47
1963,2,24
1964,0,84
1964,1,8
1964,2,39
1965,0,12
1965,1,91
1965,2,22
1966,0,22
1966,1,95
1966,2,76
1967,0,86
1967,1,14
1967,2,30
1968,0,9
1968,1,37
1968,2,84
1969,0,9
1969,1,93
1969,2,86
1970,0,22
1970,1,86
1970,2,49
1971,0,36
1971,1,95
1971,2,64
1972,0,42
1972,1,75
1972,2,13
1973,0,87
1973,1,26
1973,2,76
1974,0,99
1974,1,9
1974,2,92
1975,0,32
1975,1,88
1975,2,31
1976,0,23
1976,1,93
1976,2,7
1977,0,67
1977,1,95
1977,2,25
1978,0,66
1978,1,47
1978,2,90
1979,0,0
1979,1,69
1979,2,32
1980,0,46
1980,1,40
1980,2,23
1981,0,46
1981,1,69
1981,2,67
1982,0,99
1982,1,96
1982,2,49
1983,0,50
1983,1,5
1983,2,22
1984,0,38
1984,1,70
1984,2,89
1985,0,87
1985,1,34
1985,2,73
1986,0,74
1986,1,69
1986,2,48
1987,0,55
1987,1,100
1987,2,6
1988,0,63
1988,1,12
1988,2,48
1989,0,42
1989,1,57
1989,2,17
1990,0,7
1990,1,73
1990,2,55
1991,0,66
1991,1,59
1991,2,28
1992,0,66
1992,1,62
1992,2,21
1993,0,96
1993,1,36
1993,2,67
1994,0,27
1994,1,80
1994,2,92
1995,0,96
1995,1,7
1995,2,83
1996,0,6
1996,1,29
1996,2,51
1997,0,56
1997,1,75
1997,2,52
1998,0,20
1998,1,78
1998,2,2
1999,0,52
1999,1,99
1999,2,28
2000,0,12
2000,1,80
2000,2,4
2001,0,65
2001,1,34
2001,2,54
2002,0,77
2002,1,91
2002,2,35
2003,0,74
2003,1,57
2003,2,27
2004,0,89
2004,1,24
2004,2,21
2005,0,85
2005,1,62
2005,2,9
2006,0,63
2006,1,86
2006,2,74
2007,0,26
2007,1,51
2007,2,25
2008,0,18
2008,1,33
2008,2,61
2009,0,72
2009,1,13
2009,2,36
2010,0,14
2010,1,62
2010,2,69
2011,0,97
2011,1,3
2011,2,82
2012,0,15
2012,1,86
2012,2,31
2013,0,26
2013,1,99
2013,2,19
2014,0,19
2014,1,60
2014,2,25
2015,0,63
2015,1,9
2015,2,90
2016,0,7
2016,1,93
2016,2,70
2017,0,66
2017,1,5
2017,2,52
2018,0,79
2018,1,9
2018,2,58
2019,0,8
2019,1,1
2019,2,49
2020,0,67
2020,1,75
2020,2,46
2021,0,81
2021,1,46
2021,2,24
2022,0,91
2022,1,40
2022,2,58
2023,0,92
2023,1,35
2023,2,50
2024,0,17
2024,1,13
2024,2,7
2025,0,74
2025,1,44
2025,2,72
2026,0,13
2026,1,44
2026,2,51
2027,0,21
2027,1,29
2027,2,72
2028,0,49
2028,1,96
2028,2,0
2029,0,51
2029,1,91
2029,2,21
2030,0,97
2030,1,59
2030,2,22
2031,0,99
2031,1,40
2031,2,87
2032,0,51
2032,1,51
2032,2,97
2033,0,67
2033,1,62
2033,2,94
2034,0,83
2034,1,87
2034,2,4
2035,0,29
2035,1,4
2035,2,1
2036,0,21
2036,1,89
2036,2,85
2037,0,13
2037,1,31
2037,2,38
2038,0,32
2038,1,5
2038,2,52
2039,0,66
2039,1,64
2039,2,82
2040,0,63
2040,1,45
2040,2,82
2041,0,71
2041,1,30
2041,2,88
2042,0,90
2042,1,1
2042,2,5
2043,0,46
2043,1,76
2043,2,55
2044,0,70
2044,1,70
2044,2,88
2045,0,3
2045,1,17
2045,2,30
2046,0,37
2046,1,59
2046,2,81
2047,0,65
2047,1,98
2047,2,36
2048,0,70
2048,1,45
2048,2,12
2049,0,52
2049,1,16
2049,2,61
2050,0,65
2050,1,85
2050,2,68
2051,0,50
2051,1,48
2051,2,61
2052,0,50
2052,1,6
2052,2,82
2053,0,49
2053,1,82
2053,2,59
2054,0,53
2054,1,97
2054,2,89
2055,0,18
2055,1,98
2055,2,14
2056,0,96
2056,1,15
2056,2,70
2057,0,55
2057,1,21
2057,2,39
2058,0,97
2058,1,97
2058,2,43
2059,0,31
2059,1,71
2059,2,31
2060,0,23
2060,1,52
2060,2,4
2061,0,26
2061,1,32
2061,2,70
2062,0,58
2062,1,61
2062,2,87
2063,0,12
2063,1,29
2063,2,65
2064,0,62
2064,1,90
2064,2,62
2065,0,90
2065,1,65
2065,2,85
2066,0,30
2066,1,71
2066,2,74
2067,0,24
2067,1,33
2067,2,99
2068,0,8
2068,1,29
2068,2,34
2069,0,3
2069,1,5
2069,2,74
2070,0,22
2070,1,62
2070,2,31
2071,0,3
2071,1,60
2071,2,13
2072,0,75
2072,1,79
2072,2,51
2073,0,34
2073,1,45
2073,2,97
2074,0,30
2074,1,41
2074,2,41
2075,0,78
2075,1,2
2075,2,70
2076,0,66
2076,1,12
2076,2,60
2077,0,83
2077,1,38
2077,2,76
2078,0,80
2078,1,38
2078,2,1
2079,0,49
2079,1,3
2079,2,25
2080,0,46
2080,1,21
2080,2,36
2081,0,47
2081,1,38
2081,2,89
2082,0,65
2082,1,69
2082,2,53
2083,0,41
2083,1,47
2083,2,87
2084,0,39
2084,1,55
2084,2,10
2085,0,54
2085,1,55
2085,2,60
2086,0,30
2086,1,14
2086,2,64
2087,0,11
2087,1,44
2087,2,81
2088,0,14
2088,1,17
2088,2,7
2089,0,57
2089,1,97
2089,2,13
2090,0,34
2090,1,4
2090,2,6
2091,0,40
2091,1,28
2091,2,22
2092,0,9
2092,1,66
2092,2,13
2093,0,86
2093,1,34
2093,2,47
2094,0,31
2094,1,20
2094,2,83
2095,0,64
2095,1,24
2095,2,95
2096,0,63
2096,1,78
2096,2,89
2097,0,86
2097,1,21
2097,2,54
2098,0,68
2098,1,100
2098,2,28
2099,0,63
2099,1,11
2099,2,0
2100,0,30
2100,1,97
2100,2,80
2101,0,17
2101,1,28
2101,2,73
2102,0,98
2102,1,50
2102,2,94
2103,0,32
2103,1,47
2103,2,65
2104,0,81
2104,1,2
2104,2,3
2105,0,7
2105,1,83
2105,2,88
2106,0,27
2106,1,34
2106,2,100
2107,0,8
2107,1,91
2107,2,88
2108,0,58
2108,1,86
2108,2,50
2109,0,43
2109,1,62
2109,2,50
2110,0,21
2110,1,34
2110,2,0
2111,0,76
2111,1,49
2111,2,42
2112,0,98
2112,1,74
2112,2,80
2113,0,26
2113,1,80
2113,2,57
2114,0,30
2114,1,61
2114,2,24
2115,0,78
2115,1,98
2115,2,54
2116,0,2
2116,1,12
2116,2,82
2117,0,39
2117,1,19
2117,2,9
2118,0,85
2118,1,68
2118,2,81
2119,0,82
2119,1,94
2119,2,15
2120,0,49
2120,1,85
2120,2,71
2121,0,30
2121,1,15
2121,2,72
2122,0,94
2122,1,17
2122,2,25
2123,0,61
2123,1,63
2123,2,13
2124,0,47
2124,1,32
2124,2,43
2125,0,32
2125,1,28
2125,2,38
2126,0,25
2126,1,5
2126,2,6
2127,0,66
2127,1,70
2127,2,94
2128,0,69
2128,1,74
2128,2,38
2129,0,0
2129,1,50
2129,2,100
2130,0,15
2130,1,64
2130,2,74
2131,0,72
2131,1,13
2131,2,94
2132,0,0
2132,1,79
2132,2,4
2133,0,88
2133,1,69
2133,2,60
2134,0,32
2134,1,22
2134,2,60
2135,0,53
2135,1,94
2135,2,98
2136,0,93
2136,1,66
2136,2,68
2137,0,72
2137,1,95
2137,2,61
2138,0,93
2138,1,29
2138,2,96
2139,0,97
2139,1,85
2139,2,3
2140,0,54
2140,1,99
2140,2,88
2141,0,77
2141,1,9
2141,2,34
2142,0,68
2142,1,40
2142,2,13
2143,0,78
2143,1,53
2143,2,15
2144,0,18
2144,1,20
2144,2,88
2145,0,70
2145,1,82
2145,2,76
2146,0,92
2146,1,66
2146,2,49
2147,0,88
2147,1,73
2147,2,98
2148,0,2
2148,1,63
2148,2,34
2149,0,8
2149,1,100
2149,2,96
2150,0,32
2150,1,69
2150,2,33
2151,0,62
2151,1,72
2151,2,18
2152,0,13
2152,1,6
2152,2,30
2153,0,55
2153,1,16
2153,2,25
2154,0,46
2154,1,10
2154,2,67
2155,0,31
2155,1,84
2155,2,56
2156,0,19
2156,1,23
2156,2,20
2157,0,73
2157,1,20
2157,2,67
2158,0,81
2158,1,25
2158,2,67
2159,0,70
2159,1,88
2159,2,15
2160,0,24
2160,1,60
2160,2,77
2161,0,45
2161,1,47
2161,2,13
2162,0,0
2162,1,85
2162,2,17
2163,0,94
2163,1,44
2163,2,73
2164,0,35
2164,1,98
2164,2,62
2165,0,44
2165,1,38
2165,2,62
2166,0,69
2166,1,17
2166,2,0
2167,0,62
2167,1,11
2167,2,20
2168,0,11
2168,1,58
2168,2,76
2169,0,9
2169,1,6
2169,2,44
2170,0,23
2170,1,64
2170,2,70
2171,0,74
2171,1,60
2171,2,97
2172,0,29
2172,1,28
2172,2,0
2173,0,60
2173,1,62
2173,2,75
2174,0,45
2174,1,2
2174,2,61
2175,0,57
2175,1,52
2175,2,5
2176,0,97
2176,1,83
2176,2,24
2177,0,47
2177,1,61
2177,2,64
2178,0,51
2178,1,99
2178,2,34
2179,0,22
2179,1,7
2179,2,13
2180,0,87
2180,1,100
2180,2,98
2181,0,25
2181,1,99
2181,2,74
2182,0,88
2182,1,15
2182,2,90
2183,0,17
2183,1,52
2183,2,59
2184,0,6
2184,1,21
2184,2,85
2185,0,27
2185,1,59
2185,2,13
2186,0,50
2186,1,27
2186,2,1
2187,0,66
2187,1,79
2187,2,86
2188,0,55
2188,1,38
2188,2,100
2189,0,72
2189,1,62
2189,2,96
2190,0,87
2190,1,93
2190,2,91
2191,0,73
2191,1,80
2191,2,19
2192,0,19
2192,1,59
2192,2,68
2193,0,73
2193,1,66
2193,2,99
2194,0,34
2194,1,36
2194,2,21
2195,0,87
2195,1,79
2195,2,76
2196,0,60
2196,1,24
2196,2,79
2197,0,88
2197,1,53
2197,2,32
2198,0,31
2198,1,79
2198,2,90
2199,0,22
2199,1,18
2199,2,62
2200,0,60
2200,1,85
2200,2,46
2201,0,83
2201,1,90
2201,2,62
2202,0,82
2202,1,7
2202,2,80
2203,0,83
2203,1,100
2203,2,75
2204,0,26
2204,1,43
2204,2,82
2205,0,76
2205,1,92
2205,2,21
2206,0,66
2206,1,46
2206,2,5
2207,0,13
2207,1,32
2207,2,10
2208,0,93
2208,1,96
2208,2,95
2209,0,59
2209,1,94
2209,2,28
2210,0,72
2210,1,60
2210,2,19
2211,0,59
2211,1,73
2211,2,47
2212,0,54
2212,1,57
2212,2,26
2213,0,78
2213,1,74
2213,2,68
2214,0,21
2214,1,25
2214,2,51
2215,0,86
2215,1,44
2215,2,87
2216,0,36
2216,1,57
2216,2,71
2217,0,23
2217,1,43
2217,2,61
2218,0,73
2218,1,22
2218,2,48
2219,0,88
2219,1,17
2219,2,88
2220,0,86
2220,1,42
2220,2,23
2221,0,37
2221,1,45
2221,2,54
2222,0,19
2222,1,34
2222,2,35
2223,0,94
2223,1,24
2223,2,57
2224,0,66
2224,1,69
2224,2,94
2225,0,35
2225,1,79
2225,2,56
2226,0,50
2226,1,6
2226,2,47
2227,0,45
2227,1,36
2227,2,27
2228,0,37
2228,1,27
2228,2,79
2229,0,61
2229,1,57
2229,2,43
2230,0,96
2230,1,69
2230,2,49
2231,0,31
2231,1,46
2231,2,73
2232,0,28
2232,1,14
2232,2,68
2233,0,34
2233,1,6
2233,2,47
2234,0,25
2234,1,0
2234,2,48
2235,0,55
2235,1,66
2235,2,55
2236,0,0
2236,1,100
2236,2,14
2237,0,45
2237,1,66
2237,2,28
2238,0,2
2238,1,24
2238,2,60
2239,0,57
2239,1,14
2239,2,17
2240,0,92
2240,1,98
2240,2,27
2241,0,14
2241,1,15
2241,2,30
2242,0,83
2242,1,74
2242,2,36
2243,0,32
2243,1,32
2243,2,20
2244,0,19
2244,1,8
2244,2,97
2245,0,78
2245,1,83
2245,2,27
2246,0,63
2246,1,35
2246,2,23
2247,0,17
2247,1,49
2247,2,62
2248,0,91
2248,1,83
2248,2,8
2249,0,67
2249,1,4
2249,2,53
2250,0,60
2250,1,95
2250,2,26
2251,0,43
2251,1,32
2251,2,97
2252,0,90
2252,1,65
2252,2,85
2253,0,66
2253,1,47
2253,2,93
2254,0,99
2254,1,33
2254,2,19
2255,0,48
2255,1,92
2255,2,6
2256,0,42
2256,1,6
2256,2,65
2257,0,6
2257,1,38
2257,2,32
2258,0,2
2258,1,17
2258,2,7
2259,0,84
2259,1,83
2259,2,57
2260,0,11
2260,1,37
2260,2,0
2261,0,40
2261,1,30
2261,2,47
2262,0,56
2262,1,45
2262,2,57
2263,0,92
2263,1,30
2263,2,95
2264,0,50
2264,1,91
2264,2,53
2265,0,47
2265,1,88
2265,2,65
2266,0,69
2266,1,53
2266,2,77
2267,0,4
2267,1,86
2267,2,57
2268,0,48
2268,1,52
2268,2,97
2269,0,37
2269,1,89
2269,2,72
2270,0,32
2270,1,23
2270,2,77
2271,0,20
2271,1,18
2271,2,79
2272,0,28
2272,1,82
2272,2,23
2273,0,53
2273,1,87
2273,2,48
2274,0,61
2274,1,93
2274,2,82
2275,0,62
2275,1,20
2275,2,7
2276,0,26
2276,1,61
2276,2,58
2277,0,2
2277,1,89
2277,2,30
2278,0,70
2278,1,54
2278,2,22
2279,0,28
2279,1,2
2279,2,4
2280,0,60
2280,1,21
2280,2,39
2281,0,7
2281,1,41
2281,2,47
2282,0,32
2282,1,54
2282,2,99
2283,0,34
2283,1,37
2283,2,45
2284,0,67
2284,1,92
2284,2,48
2285,0,23
2285,1,87
2285,2,70
2286,0,47
2286,1,65
2286,2,18
2287,0,56
2287,1,2
2287,2,69
2288,0,43
2288,1,16
2288,2,39
2289,0,83
2289,1,76
2289,2,26
2290,0,38
2290,1,83
2290,2,9
2291,0,24
2291,1,18
2291,2,93
2292,0,65
2292,1,98
2292,2,67
2293,0,17
2293,1,11
2293,2,75
2294,0,22
2294,1,95
2294,2,52
2295,0,79
2295,1,18
2295,2,76
2296,0,71
2296,1,72
2296,2,59
2297,0,1
2297,1,70
2297,2,69
2298,0,14
2298,1,13
2298,2,40
2299,0,73
2299,1,25
2299,2,96
2300,0,50
2300,1,92
2300,2,45
2301,0,2
2301,1,30
2301,2,18
2302,0,37
2302,1,39
2302,2,29
2303,0,3
2303,1,28
2303,2,80
2304,0,62
2304,1,52
2304,2,23
2305,0,11
2305,1,68
2305,2,81
2306,0,22
2306,1,6
2306,2,75
2307,0,13
2307,1,23
2307,2,1
2308,0,91
2308,1,59
2308,2,29
2309,0,35
2309,1,55
2309,2,49
2310,0,66
2310,1,20
2310,2,99
2311,0,55
2311,1,22
2311,2,39
2312,0,11
2312,1,5
2312,2,43
2313,0,52
2313,1,78
2313,2,33
2314,0,89
2314,1,51
2314,2,39
2315,0,38
2315,1,69
2315,2,71
2316,0,12
2316,1,3
2316,2,15
2317,0,99
2317,1,61
2317,2,82
2318,0,26
2318,1,72
2318,2,22
2319,0,30
2319,1,97
2319,2,8
2320,0,25
2320,1,0
2320,2,84
2321,0,11
2321,1,36
2321,2,35
2322,0,60
2322,1,12
2322,2,92
2323,0,40
2323,1,89
2323,2,52
2324,0,16
2324,1,62
2324,2,98
2325,0,97
2325,1,15
2325,2,54
2326,0,91
2326,1,59
2326,2,10
2327,0,30
2327,1,1
2327,2,33
2328,0,7
2328,1,66
2328,2,70
2329,0,72
2329,1,95
2329,2,1
2330,0,78
2330,1,86
2330,2,52
2331,0,38
2331,1,100
2331,2,27
2332,0,78
2332,1,97
2332,2,8
2333,0,93
2333,1,76
2333,2,13
2334,0,45
2334,1,79
2334,2,1
2335,0,56
2335,1,52
2335,2,73
2336,0,91
2336,1,35
2336,2,65
2337,0,50
2337,1,99
2337,2,66
2338,0,12
2338,1,95
2338,2,40
2339,0,10
2339,1,45
2339,2,61
2340,0,76
2340,1,92
2340,2,75
2341,0,84
2341,1,42
2341,2,68
2342,0,48
2342,1,54
2342,2,84
2343,0,99
2343,1,20
2343,2,37
2344,0,94
2344,1,15
2344,2,90
2345,0,34
2345,1,53
2345,2,39
2346,0,24
2346,1,41
2346,2,42
2347,0,80
2347,1,37
2347,2,90
2348,0,81
2348,1,91
2348,2,4
2349,0,1
2349,1,79
2349,2,88
2350,0,93
2350,1,3
2350,2,44
2351,0,51
2351,1,63
2351,2,23
2352,0,44
2352,1,23
2352,2,99
2353,0,95
2353,1,29
2353,2,38
2354,0,65
2354,1,45
2354,2,52
2355,0,58
2355,1,22
2355,2,95
2356,0,51
2356,1,29
2356,2,53
2357,0,15
2357,1,90
2357,2,85
2358,0,21
2358,1,11
2358,2,48
2359,0,86
2359,1,71
2359,2,8
2360,0,84
2360,1,31
2360,2,36
2361,0,18
2361,1,76
2361,2,33
2362,0,89
2362,1,89
2362,2,69
2363,0,24
2363,1,50
2363,2,29
2364,0,56
2364,1,11
2364,2,7
2365,0,86
2365,1,80
2365,2,81
2366,0,3
2366,1,20
2366,2,72
2367,0,32
2367,1,55
2367,2,55
2368,0,63
2368,1,46
2368,2,94
2369,0,7
2369,1,10
2369,2,50
2370,0,79
2370,1,27
2370,2,27
2371,0,99
2371,1,39
2371,2,98
2372,0,25
2372,1,11
2372,2,87
2373,0,88
2373,1,32
2373,2,81
2374,0,61
2374,1,57
2374,2,87
2375,0,81
2375,1,51
2375,2,87
2376,0,1
2376,1,36
2376,2,63
2377,0,3
2377,1,3
2377,2,69
2378,0,78
2378,1,34
2378,2,16
2379,0,69
2379,1,70
2379,2,60
2380,0,80
2380,1,65
2380,2,49
2381,0,2
2381,1,30
2381,2,51
2382,0,82
2382,1,4
2382,2,6
2383,0,96
2383,1,25
2383,2,10
2384,0,2
2384,1,88
2384,2,59
2385,0,47
2385,1,100
2385,2,35
2386,0,92
2386,1,96
2386,2,50
2387,0,84
2387,1,39
2387,2,19
2388,0,32
2388,1,74
2388,2,77
2389,0,64
2389,1,10
2389,2,66
2390,0,0
2390,1,95
2390,2,97
2391,0,62
2391,1,40
2391,2,51
2392,0,16
2392,1,8
2392,2,0
2393,0,33
2393,1,86
2393,2,22
2394,0,8
2394,1,99
2394,2,47
2395,0,75
2395,1,0
2395,2,30
2396,0,16
2396,1,5
2396,2,83
2397,0,94
2397,1,20
2397,2,70
2398,0,75
2398,1,54
2398,2,69
2399,0,23
2399,1,66
2399,2,23
2400,0,8
2400,1,40
2400,2,42
2401,0,18
2401,1,5
2401,2,54
2402,0,37
2402,1,90
2402,2,20
2403,0,10
2403,1,63
2403,2,28
2404,0,25
2404,1,39
2404,2,4
2405,0,17
2405,1,20
2405,2,51
2406,0,34
2406,1,30
2406,2,22
2407,0,99
2407,1,53
2407,2,18
2408,0,22
2408,1,79
2408,2,98
2409,0,64
2409,1,12
2409,2,7
2410,0,75
2410,1,55
2410,2,0
2411,0,79
2411,1,24
2411,2,38
2412,0,13
2412,1,45
2412,2,44
2413,0,3
2413,1,90
2413,2,66
2414,0,40
2414,1,39
2414,2,69
2415,0,88
2415,1,86
2415,2,20
2416,0,89
2416,1,99
2416,2,22
2417,0,65
2417,1,100
2417,2,36
2418,0,74
2418,1,8
2418,2,13
2419,0,73
2419,1,22
2419,2,31
2420,0,64
2420,1,95
2420,2,58
2421,0,16
2421,1,14
2421,2,21
2422,0,44
2422,1,29
2422,2,30
2423,0,48
2423,1,59
2423,2,93
2424,0,42
2424,1,5
2424,2,84
2425,0,64
2425,1,59
2425,2,24
2426,0,97
2426,1,84
2426,2,62
2427,0,41
2427,1,53
2427,2,3
2428,0,24
2428,1,72
2428,2,85
2429,0,33
2429,1,65
2429,2,100
2430,0,66
2430,1,43
2430,2,56
2431,0,72
2431,1,69
2431,2,37
2432,0,2
2432,1,77
2432,2,83
2433,0,10
2433,1,59
2433,2,71
2434,0,44
2434,1,19
2434,2,76
2435,0,91
2435,1,38
2435,2,53
2436,0,21
2436,1,10
2436,2,42
2437,0,90
2437,1,41
2437,2,20
2438,0,73
2438,1,56
2438,2,29
2439,0,44
2439,1,38
2439,2,29
2440,0,34
2440,1,52
2440,2,11
2441,0,78
2441,1,92
2441,2,14
2442,0,91
2442,1,90
2442,2,71
2443,0,32
2443,1,73
2443,2,50
2444,0,73
2444,1,92
2444,2,17
2445,0,18
2445,1,91
2445,2,61
2446,0,24
2446,1,25
2446,2,85
2447,0,9
2447,1,69
2447,2,36
2448,0,48
2448,1,86
2448,2,38
2449,0,54
2449,1,94
2449,2,15
2450,0,14
2450,1,41
2450,2,33
2451,0,65
2451,1,94
2451,2,33
2452,0,68
2452,1,88
2452,2,25
2453,0,51
2453,1,82
2453,2,54
2454,0,0
2454,1,29
2454,2,35
2455,0,84
2455,1,74
2455,2,99
2456,0,89
2456,1,0
2456,2,66
2457,0,63
2457,1,78
2457,2,76
2458,0,9
2458,1,98
2458,2,93
2459,0,77
2459,1,14
2459,2,88
2460,0,12
2460,1,90
2460,2,5
2461,0,27
2461,1,44
2461,2,47
2462,0,40
2462,1,61
2462,2,67
2463,0,89
2463,1,18
2463,2,93
2464,0,28
2464,1,41
2464,2,36
2465,0,38
2465,1,4
2465,2,28
2466,0,52
2466,1,36
2466,2,59
2467,0,40
2467,1,55
2467,2,3
2468,0,97
2468,1,24
2468,2,49
2469,0,59
2469,1,8
2469,2,23
2470,0,49
2470,1,14
2470,2,22
2471,0,3
2471,1,85
2471,2,54
2472,0,51
2472,1,87
2472,2,0
2473,0,63
2473,1,26
2473,2,13
2474,0,92
2474,1,75
2474,2,68
2475,0,75
2475,1,79
2475,2,54
2476,0,52
2476,1,60
2476,2,58
2477,0,57
2477,1,35
2477,2,90
2478,0,6
2478,1,71
2478,2,7
2479,0,8
2479,1,30
2479,2,49
2480,0,13
2480,1,93
2480,2,95
2481,0,65
2481,1,46
2481,2,84
2482,0,59
2482,1,48
2482,2,51
2483,0,20
2483,1,42
2483,2,35
2484,0,31
2484,1,11
2484,2,55
2485,0,33
2485,1,83
2485,2,44
2486,0,11
2486,1,15
2486,2,22
2487,0,39
2487,1,44
2487,2,3
2488,0,7
2488,1,60
2488,2,90
2489,0,16
2489,1,81
2489,2,84
2490,0,23
2490,1,39
2490,2,94
2491,0,40
2491,1,67
2491,2,38
2492,0,72
2492,1,58
2492,2,61
2493,0,23
2493,1,24
2493,2,2
2494,0,46
2494,1,86
2494,2,41
2495,0,88
2495,1,13
2495,2,80
2496,0,75
2496,1,87
2496,2,13
2497,0,71
2497,1,91
2497,2,86
2498,0,18
2498,1,13
2498,2,20
2499,0,48
2499,1,93
2499,2,60
2500,0,47
2500,1,83
2500,2,20
2501,0,46
2501,1,4
2501,2,88
2502,0,49
2502,1,39
2502,2,0
2503,0,95
2503,1,97
2503,2,14
2504,0,75
2504,1,48
2504,2,82
2505,0,77
2505,1,43
2505,2,74
2506,0,47
2506,1,26
2506,2,51
2507,0,36
2507,1,56
2507,2,20
2508,0,71
2508,1,16
2508,2,39
2509,0,27
2509,1,79
2509,2,27
2510,0,44
2510,1,18
2510,2,56
2511,0,54
2511,1,21
2511,2,0
2512,0,54
2512,1,43
2512,2,44
2513,0,16
2513,1,25
2513,2,7
2514,0,37
2514,1,6
2514,2,24
2515,0,93
2515,1,25
2515,2,83
2516,0,73
2516,1,56
2516,2,98
2517,0,5
2517,1,95
2517,2,24
2518,0,98
2518,1,65
2518,2,31
2519,0,23
2519,1,7
2519,2,20
2520,0,7
2520,1,89
2520,2,89
2521,0,60
2521,1,76
2521,2,6
2522,0,84
2522,1,15
2522,2,26
2523,0,18
2523,1,98
2523,2,61
2524,0,22
2524,1,77
2524,2,92
2525,0,98
2525,1,97
2525,2,63
2526,0,86
2526,1,85
2526,2,57
2527,0,68
2527,1,11
2527,2,80
2528,0,49
2528,1,56
2528,2,95
2529,0,25
2529,1,60
2529,2,22
2530,0,83
2530,1,47
2530,2,71
2531,0,89
2531,1,49
2531,2,10
2532,0,68
2532,1,85
2532,2,17
2533,0,80
2533,1,15
2533,2,46
2534,0,54
2534,1,57
2534,2,21
2535,0,43
2535,1,48
2535,2,66
2536,0,71
2536,1,80
2536,2,76
2537,0,49
2537,1,64
2537,2,78
2538,0,34
2538,1,77
2538,2,96
2539,0,45
2539,1,50
2539,2,22
2540,0,68
2540,1,23
2540,2,54
2541,0,91
2541,1,91
2541,2,100
2542,0,19
2542,1,36
2542,2,99
2543,0,20
2543,1,74
2543,2,47
2544,0,47
2544,1,26
2544,2,28
2545,0,97
2545,1,4
2545,2,58
2546,0,80
2546,1,49
2546,2,70
2547,0,50
2547,1,74
2547,2,85
2548,0,45
2548,1,66
2548,2,17
2549,0,7
2549,1,65
2549,2,42
2550,0,16
2550,1,21
2550,2,43
2551,0,78
2551,1,83
2551,2,91
2552,0,16
2552,1,50
2552,2,69
2553,0,79
2553,1,24
2553,2,38
2554,0,45
2554,1,58
2554,2,33
2555,0,40
2555,1,95
2555,2,57
2556,0,55
2556,1,86
2556,2,23
2557,0,79
2557,1,21
2557,2,81
2558,0,77
2558,1,54
2558,2,55
2559,0,74
2559,1,89
2559,2,36
2560,0,13
2560,1,93
2560,2,28
2561,0,56
2561,1,68
2561,2,87
2562,0,38
2562,1,83
2562,2,53
2563,0,45
2563,1,41
2563,2,86
2564,0,37
2564,1,21
2564,2,88
2565,0,1
2565,1,74
2565,2,25
2566,0,12
2566,1,78
2566,2,73
2567,0,57
2567,1,68
2567,2,91
2568,0,80
2568,1,51
2568,2,47
2569,0,17
2569,1,28
2569,2,75
2570,0,87
2570,1,8
2570,2,91
2571,0,37
2571,1,98
2571,2,45
2572,0,55
2572,1,30
2572,2,85
2573,0,61
2573,1,43
2573,2,46
2574,0,96
2574,1,38
2574,2,73
2575,0,71
2575,1,17
2575,2,66
2576,0,17
2576,1,63
2576,2,78
2577,0,56
2577,1,41
2577,2,81
2578,0,16
2578,1,84
2578,2,33
2579,0,40
2579,1,37
2579,2,43
2580,0,55
2580,1,99
2580,2,36
2581,0,65
2581,1,79
2581,2,9
2582,0,48
2582,1,100
2582,2,50
2583,0,6
2583,1,67
2583,2,83
2584,0,77
2584,1,78
2584,2,39
2585,0,93
2585,1,97
2585,2,59
2586,0,78
2586,1,57
2586,2,10
2587,0,11
2587,1,79
2587,2,10
2588,0,88
2588,1,10
2588,2,11
2589,0,26
2589,1,44
2589,2,16
2590,0,72
2590,1,24
2590,2,5
2591,0,24
2591,1,2
2591,2,83
2592,0,2
2592,1,36
2592,2,39
2593,0,10
2593,1,28
2593,2,45
2594,0,25
2594,1,39
2594,2,33
2595,0,50
2595,1,9
2595,2,8
2596,0,21
2596,1,41
2596,2,83
2597,0,18
2597,1,67
2597,2,67
2598,0,37
2598,1,96
2598,2,99
2599,0,90
2599,1,74
2599,2,99
2600,0,34
2600,1,81
2600,2,16
2601,0,33
2601,1,91
2601,2,61
2602,0,43
2602,1,59
2602,2,62
2603,0,93
2603,1,92
2603,2,8
2604,0,75
2604,1,85
2604,2,2
2605,0,7
2605,1,28
2605,2,65
2606,0,82
2606,1,17
2606,2,82
2607,0,13
2607,1,15
2607,2,49
2608,0,38
2608,1,2
2608,2,70
2609,0,13
2609,1,54
2609,2,68
2610,0,49
2610,1,44
2610,2,27
2611,0,46
2611,1,97
2611,2,69
2612,0,59
2612,1,14
2612,2,96
2613,0,76
2613,1,25
2613,2,46
2614,0,70
2614,1,84
2614,2,53
2615,0,18
2615,1,56
2615,2,46
2616,0,33
2616,1,19
2616,2,49
2617,0,99
2617,1,24
2617,2,86
2618,0,11
2618,1,36
2618,2,21
2619,0,21
2619,1,1
2619,2,86
2620,0,36
2620,1,30
2620,2,100
2621,0,73
2621,1,98
2621,2,27
2622,0,70
2622,1,61
2622,2,47
2623,0,19
2623,1,29
2623,2,65
2624,0,27
2624,1,84
2624,2,42
2625,0,8
2625,1,5
2625,2,60
2626,0,49
2626,1,14
2626,2,60
2627,0,37
2627,1,80
2627,2,86
2628,0,35
2628,1,81
2628,2,82
2629,0,61
2629,1,52
2629,2,46
2630,0,91
2630,1,60
2630,2,97
2631,0,9
2631,1,100
2631,2,66
2632,0,10
2632,1,25
2632,2,52
2633,0,99
2633,1,53
2633,2,95
2634,0,69
2634,1,88
2634,2,42
2635,0,81
2635,1,68
2635,2,42
2636,0,28
2636,1,46
2636,2,98
2637,0,19
2637,1,14
2637,2,57
2638,0,54
2638,1,53
2638,2,30
2639,0,8
2639,1,90
2639,2,46
2640,0,18
2640,1,23
2640,2,13
2641,0,5
2641,1,10
2641,2,50
2642,0,72
2642,1,46
2642,2,84
2643,0,19
2643,1,31
2643,2,40
2644,0,39
2644,1,31
2644,2,95
2645,0,35
2645,1,77
2645,2,57
2646,0,15
2646,1,79
2646,2,27
2647,0,23
2647,1,100
2647,2,61
2648,0,25
2648,1,98
2648,2,19
2649,0,61
2649,1,74
2649,2,56
2650,0,31
2650,1,63
2650,2,25
2651,0,1
2651,1,86
2651,2,86
2652,0,43
2652,1,27
2652,2,81
2653,0,5
2653,1,63
2653,2,23
2654,0,94
2654,1,6
2654,2,24
2655,0,23
2655,1,60
2655,2,95
2656,0,64
2656,1,1
2656,2,19
2657,0,92
2657,1,63
2657,2,58
2658,0,2
2658,1,100
2658,2,89
2659,0,90
2659,1,85
2659,2,23
2660,0,28
2660,1,24
2660,2,45
2661,0,53
2661,1,35
2661,2,68
2662,0,53
2662,1,84
2662,2,80
2663,0,45
2663,1,18
2663,2,5
2664,0,54
2664,1,22
2664,2,34
2665,0,65
2665,1,98
2665,2,33
2666,0,80
2666,1,24
2666,2,46
2667,0,59
2667,1,73
2667,2,20
2668,0,16
2668,1,42
2668,2,99
2669,0,84
2669,1,14
2669,2,2
2670,0,96
2670,1,55
2670,2,90
2671,0,21
2671,1,18
2671,2,29
2672,0,97
2672,1,34
2672,2,31
2673,0,32
2673,1,100
2673,2,10
2674,0,47
2674,1,79
2674,2,92
2675,0,61
2675,1,10
2675,2,50
2676,0,31
2676,1,68
2676,2,75
2677,0,35
2677,1,69
2677,2,47
2678,0,6
2678,1,42
2678,2,85
2679,0,50
2679,1,14
2679,2,24
2680,0,61
2680,1,96
2680,2,24
2681,0,54
2681,1,82
2681,2,62
2682,0,59
2682,1,79
2682,2,71
2683,0,40
2683,1,37
2683,2,33
2684,0,98
2684,1,39
2684,2,61
2685,0,100
2685,1,13
2685,2,70
2686,0,22
2686,1,24
2686,2,45
2687,0,8
2687,1,12
2687,2,28
2688,0,65
2688,1,48
2688,2,91
2689,0,17
2689,1,39
2689,2,17
2690,0,87
2690,1,78
2690,2,64
2691,0,68
2691,1,39
2691,2,72
2692,0,12
2692,1,0
2692,2,25
2693,0,75
2693,1,79
2693,2,66
2694,0,39
2694,1,6
2694,2,48
2695,0,1
2695,1,11
2695,2,36
2696,0,57
2696,1,25
2696,2,1
2697,0,26
2697,1,27
2697,2,28
2698,0,29
2698,1,97
2698,2,31
2699,0,62
2699,1,2
2699,2,55
2700,0,9
2700,1,81
2700,2,58
2701,0,67
2701,1,79
2701,2,96
2702,0,89
2702,1,57
2702,2,94
2703,0,95
2703,1,77
2703,2,8
2704,0,18
2704,1,95
2704,2,18
2705,0,7
2705,1,57
2705,2,56
2706,0,87
2706,1,85
2706,2,24
2707,0,81
2707,1,41
2707,2,28
2708,0,58
2708,1,86
2708,2,71
2709,0,52
2709,1,76
2709,2,6
2710,0,14
2710,1,100
2710,2,30
2711,0,54
2711,1,87
2711,2,63
2712,0,97
2712,1,73
2712,2,20
2713,0,21
2713,1,63
2713,2,30
2714,0,35
2714,1,24
2714,2,47
2715,0,37
2715,1,7
2715,2,79
2716,0,74
2716,1,66
2716,2,3
2717,0,32
2717,1,65
2717,2,43
2718,0,1
2718,1,10
2718,2,2
2719,0,24
2719,1,67
2719,2,81
2720,0,12
2720,1,92
2720,2,34
2721,0,47
2721,1,40
2721,2,95
2722,0,15
2722,1,17
2722,2,61
2723,0,71
2723,1,64
2723,2,36
2724,0,52
2724,1,4
2724,2,72
2725,0,45
2725,1,66
2725,2,80
2726,0,14
2726,1,24
2726,2,19
2727,0,92
2727,1,23
2727,2,28
2728,0,3
2728,1,4
2728,2,51
2729,0,30
2729,1,68
2729,2,56
2730,0,86
2730,1,49
2730,2,58
2731,0,13
2731,1,66
2731,2,1
2732,0,70
2732,1,50
2732,2,82
2733,0,46
2733,1,27
2733,2,58
2734,0,74
2734,1,10
2734,2,7
2735,0,40
2735,1,72
2735,2,67
2736,0,63
2736,1,40
2736,2,28
2737,0,51
2737,1,84
2737,2,67
2738,0,57
2738,1,84
2738,2,49
2739,0,18
2739,1,35
2739,2,26
2740,0,33
2740,1,70
2740,2,79
2741,0,63
2741,1,32
2741,2,67
2742,0,36
2742,1,66
2742,2,43
2743,0,77
2743,1,95
2743,2,32
2744,0,3
2744,1,99
2744,2,12
2745,0,38
2745,1,93
2745,2,53
2746,0,81
2746,1,31
2746,2,57
2747,0,30
2747,1,27
2747,2,86
2748,0,25
2748,1,98
2748,2,35
2749,0,87
2749,1,100
2749,2,52
2750,0,3
2750,1,58
2750,2,44
2751,0,73
2751,1,81
2751,2,84
2752,0,29
2752,1,40
2752,2,60
2753,0,90
2753,1,11
2753,2,5
2754,0,87
2754,1,38
2754,2,35
2755,0,62
2755,1,79
2755,2,64
2756,0,33
2756,1,43
2756,2,19
2757,0,73
2757,1,96
2757,2,54
2758,0,9
2758,1,71
2758,2,7
2759,0,88
2759,1,76
2759,2,35
2760,0,95
2760,1,51
2760,2,86
2761,0,21
2761,1,89
2761,2,31
2762,0,33
2762,1,58
2762,2,35
2763,0,51
2763,1,48
2763,2,1
2764,0,15
2764,1,98
2764,2,69
2765,0,53
2765,1,28
2765,2,29
2766,0,12
2766,1,86
2766,2,25
2767,0,6
2767,1,67
2767,2,52
2768,0,28
2768,1,67
2768,2,88
2769,0,12
2769,1,18
2769,2,5
2770,0,47
2770,1,2
2770,2,20
2771,0,35
2771,1,32
2771,2,15
2772,0,77
2772,1,49
2772,2,22
2773,0,72
2773,1,3
2773,2,71
2774,0,86
2774,1,52
2774,2,8
2775,0,65
2775,1,50
2775,2,24
2776,0,84
2776,1,83
2776,2,78
2777,0,74
2777,1,12
2777,2,99
2778,0,50
2778,1,95
2778,2,79
2779,0,57
2779,1,85
2779,2,60
2780,0,94
2780,1,86
2780,2,3
2781,0,25
2781,1,50
2781,2,100
2782,0,71
2782,1,41
2782,2,13
2783,0,4
2783,1,77
2783,2,35
2784,0,67
2784,1,43
2784,2,43
2785,0,94
2785,1,87
2785,2,41
2786,0,81
2786,1,2
2786,2,63
2787,0,41
2787,1,79
2787,2,6
2788,0,44
2788,1,68
2788,2,19
2789,0,69
2789,1,0
2789,2,2
2790,0,2
2790,1,54
2790,2,4
2791,0,56
2791,1,1
2791,2,87
2792,0,9
2792,1,24
2792,2,64
2793,0,68
2793,1,20
2793,2,30
2794,0,19
2794,1,38
2794,2,43
2795,0,13
2795,1,77
2795,2,45
2796,0,53
2796,1,95
2796,2,36
2797,0,98
2797,1,83
2797,2,90
2798,0,90
2798,1,88
2798,2,17
2799,0,16
2799,1,3
2799,2,53
2800,0,56
2800,1,100
2800,2,37
2801,0,19
2801,1,90
2801,2,58
2802,0,53
2802,1,25
2802,2,81
2803,0,78
2803,1,41
2803,2,52
2804,0,96
2804,1,17
2804,2,16
2805,0,97
2805,1,100
2805,2,54
2806,0,28
2806,1,88
2806,2,82
2807,0,18
2807,1,5
2807,2,61
2808,0,60
2808,1,23
2808,2,76
2809,0,25
2809,1,29
2809,2,75
2810,0,59
2810,1,99
2810,2,92
2811,0,93
2811,1,72
2811,2,9
2812,0,9
2812,1,36
2812,2,39
2813,0,43
2813,1,41
2813,2,5
2814,0,100
2814,1,1
2814,2,30
2815,0,18
2815,1,6
2815,2,79
2816,0,80
2816,1,24
2816,2,55
2817,0,69
2817,1,48
2817,2,83
2818,0,77
2818,1,83
2818,2,23
2819,0,11
2819,1,93
2819,2,72
2820,0,8
2820,1,5
2820,2,40
2821,0,2
2821,1,79
2821,2,3
2822,0,87
2822,1,3
2822,2,9
2823,0,79
2823,1,8
2823,2,60
2824,0,95
2824,1,17
2824,2,43
2825,0,84
2825,1,12
2825,2,21
2826,0,55
2826,1,6
2826,2,33
2827,0,16
2827,1,98
2827,2,12
2828,0,40
2828,1,58
2828,2,49
2829,0,40
2829,1,97
2829,2,63
2830,0,25
2830,1,15
2830,2,26
2831,0,55
2831,1,44
2831,2,8
2832,0,72
2832,1,21
2832,2,72
2833,0,72
2833,1,0
2833,2,22
2834,0,72
2834,1,20
2834,2,33
2835,0,46
2835,1,15
2835,2,46
2836,0,67
2836,1,98
2836,2,13
2837,0,72
2837,1,16
2837,2,94
2838,0,24
2838,1,34
2838,2,35
2839,0,64
2839,1,45
2839,2,49
2840,0,89
2840,1,98
2840,2,100
2841,0,93
2841,1,98
2841,2,9
2842,0,32
2842,1,4
2842,2,98
2843,0,69
2843,1,63
2843,2,18
2844,0,5
2844,1,97
2844,2,71
2845,0,25
2845,1,43
2845,2,10
2846,0,97
2846,1,90
2846,2,90
2847,0,78
2847,1,54
2847,2,65
2848,0,21
2848,1,96
2848,2,32
2849,0,19
2849,1,17
2849,2,58
2850,0,29
2850,1,26
2850,2,53
2851,0,47
2851,1,48
2851,2,29
2852,0,38
2852,1,63
2852,2,35
2853,0,21
2853,1,40
2853,2,13
2854,0,81
2854,1,82
2854,2,92
2855,0,7
2855,1,63
2855,2,13
2856,0,55
2856,1,40
2856,2,62
2857,0,50
2857,1,68
2857,2,8
2858,0,80
2858,1,26
2858,2,21
2859,0,35
2859,1,22
2859,2,40
2860,0,77
2860,1,62
2860,2,53
2861,0,4
2861,1,7
2861,2,83
2862,0,11
2862,1,32
2862,2,74
2863,0,30
2863,1,0
2863,2,3
2864,0,46
2864,1,20
2864,2,46
2865,0,88
2865,1,2
2865,2,47
2866,0,19
2866,1,57
2866,2,4
2867,0,49
2867,1,29
2867,2,46
2868,0,7
2868,1,53
2868,2,91
2869,0,98
2869,1,54
2869,2,16
2870,0,86
2870,1,24
2870,2,87
2871,0,89
2871,1,8
2871,2,84
2872,0,91
2872,1,39
2872,2,47
2873,0,3
2873,1,80
2873,2,55
2874,0,26
2874,1,50
2874,2,82
2875,0,65
2875,1,26
2875,2,52
2876,0,33
2876,1,35
2876,2,57
2877,0,92
2877,1,27
2877,2,44
2878,0,82
2878,1,21
2878,2,99
2879,0,14
2879,1,95
2879,2,67
2880,0,71
2880,1,85
2880,2,38
2881,0,27
2881,1,76
2881,2,10
2882,0,100
2882,1,0
2882,2,30
2883,0,14
2883,1,28
2883,2,57
2884,0,95
2884,1,89
2884,2,36
2885,0,74
2885,1,1
2885,2,91
2886,0,71
2886,1,61
2886,2,83
2887,0,16
2887,1,88
2887,2,14
2888,0,100
2888,1,30
2888,2,8
2889,0,22
2889,1,98
2889,2,92
2890,0,27
2890,1,80
2890,2,98
2891,0,30
2891,1,22
2891,2,56
2892,0,72
2892,1,85
2892,2,6
2893,0,62
2893,1,54
2893,2,71
2894,0,19
2894,1,3
2894,2,37
2895,0,35
2895,1,70
2895,2,8
2896,0,56
2896,1,11
2896,2,27
2897,0,73
2897,1,65
2897,2,4
2898,0,31
2898,1,13
2898,2,56
2899,0,3
2899,1,56
2899,2,88
2900,0,51
2900,1,66
2900,2,86
2901,0,47
2901,1,52
2901,2,11
2902,0,61
2902,1,70
2902,2,35
2903,0,84
2903,1,77
2903,2,92
2904,0,69
2904,1,21
2904,2,98
2905,0,86
2905,1,91
2905,2,82
2906,0,41
2906,1,54
2906,2,52
2907,0,20
2907,1,11
2907,2,5
2908,0,9
2908,1,46
2908,2,54
2909,0,15
2909,1,0
2909,2,71
2910,0,96
2910,1,94
2910,2,89
2911,0,68
2911,1,1
2911,2,54
2912,0,65
2912,1,46
2912,2,96
2913,0,12
2913,1,4
2913,2,46
2914,0,96
2914,1,7
2914,2,76
2915,0,31
2915,1,98
2915,2,59
2916,0,47
2916,1,17
2916,2,46
2917,0,90
2917,1,92
2917,2,83
2918,0,76
2918,1,61
2918,2,63
2919,0,23
2919,1,72
2919,2,73
2920,0,69
2920,1,37
2920,2,28
2921,0,34
2921,1,73
2921,2,22
2922,0,88
2922,1,85
2922,2,47
2923,0,58
2923,1,65
2923,2,96
2924,0,79
2924,1,62
2924,2,95
2925,0,19
2925,1,62
2925,2,19
2926,0,42
2926,1,94
2926,2,5
2927,0,23
2927,1,81
2927,2,19
2928,0,51
2928,1,68
2928,2,48
2929,0,16
2929,1,4
2929,2,49
2930,0,0
2930,1,58
2930,2,29
2931,0,33
2931,1,61
2931,2,64
2932,0,49
2932,1,22
2932,2,98
2933,0,23
2933,1,32
2933,2,98
2934,0,82
2934,1,52
2934,2,75
2935,0,43
2935,1,10
2935,2,95
2936,0,66
2936,1,99
2936,2,18
2937,0,16
2937,1,50
2937,2,23
2938,0,93
2938,1,59
2938,2,66
2939,0,67
2939,1,33
2939,2,8
2940,0,11
2940,1,50
2940,2,79
2941,0,35
2941,1,69
2941,2,29
2942,0,18
2942,1,97
2942,2,25
2943,0,1
2943,1,27
2943,2,27
2944,0,32
2944,1,98
2944,2,11
2945,0,88
2945,1,46
2945,2,49
2946,0,9
2946,1,23
2946,2,6
2947,0,56
2947,1,23
2947,2,57
2948,0,39
2948,1,58
2948,2,95
2949,0,81
2949,1,45
2949,2,8
2950,0,0
2950,1,99
2950,2,62
2951,0,58
2951,1,84
2951,2,100
2952,0,51
2952,1,28
2952,2,39
2953,0,16
2953,1,60
2953,2,6
2954,0,97
2954,1,62
2954,2,56
2955,0,89
2955,1,36
2955,2,70
2956,0,60
2956,1,68
2956,2,41
2957,0,10
2957,1,62
2957,2,35
2958,0,11
2958,1,73
2958,2,62
2959,0,68
2959,1,74
2959,2,7
2960,0,97
2960,1,99
2960,2,50
2961,0,78
2961,1,62
2961,2,36
2962,0,49
2962,1,36
2962,2,19
2963,0,100
2963,1,64
2963,2,49
2964,0,27
2964,1,72
2964,2,99
2965,0,0
2965,1,86
2965,2,65
2966,0,39
2966,1,83
2966,2,70
2967,0,89
2967,1,25
2967,2,46
2968,0,57
2968,1,52
2968,2,54
2969,0,12
2969,1,18
2969,2,58
2970,0,94
2970,1,63
2970,2,96
2971,0,14
2971,1,72
2971,2,13
2972,0,1
2972,1,91
2972,2,99
2973,0,40
2973,1,23
2973,2,49
2974,0,54
2974,1,87
2974,2,2
2975,0,39
2975,1,38
2975,2,79
2976,0,90
2976,1,92
2976,2,6
2977,0,84
2977,1,100
2977,2,23
2978,0,67
2978,1,61
2978,2,65
2979,0,74
2979,1,21
2979,2,45
2980,0,53
2980,1,90
2980,2,78
2981,0,61
2981,1,67
2981,2,67
2982,0,80
2982,1,61
2982,2,69
2983,0,44
2983,1,4
2983,2,97
2984,0,100
2984,1,48
2984,2,68
2985,0,7
2985,1,63
2985,2,27
2986,0,25
2986,1,92
2986,2,80
2987,0,47
2987,1,96
2987,2,54
2988,0,48
2988,1,89
2988,2,30
2989,0,98
2989,1,61
2989,2,78
2990,0,89
2990,1,68
2990,2,70
2991,0,7
2991,1,60
2991,2,98
2992,0,83
2992,1,39
2992,2,22
2993,0,97
2993,1,34
2993,2,100
2994,0,12
2994,1,11
2994,2,90
2995,0,87
2995,1,50
2995,2,10
2996,0,46
2996,1,57
2996,2,40
2997,0,92
2997,1,74
2997,2,73
2998,0,66
2998,1,87
2998,2,24
2999,0,15
2999,1,35
2999,2,97
3000,0,36
3000,1,83
3000,2,74
3001,0,62
3001,1,24
3001,2,45
3002,0,44
3002,1,53
3002,2,22
3003,0,75
3003,1,98
3003,2,28
3004,0,91
3004,1,73
3004,2,80
3005,0,8
3005,1,9
3005,2,2
3006,0,31
3006,1,4
3006,2,38
3007,0,62
3007,1,69
3007,2,63
3008,0,44
3008,1,71
3008,2,53
3009,0,57
3009,1,68
3009,2,17
3010,0,61
3010,1,9
3010,2,1
3011,0,34
3011,1,88
3011,2,89
3012,0,65
3012,1,15
3012,2,64
3013,0,86
3013,1,25
3013,2,36
3014,0,78
3014,1,1
3014,2,18
3015,0,54
3015,1,59
3015,2,98
3016,0,8
3016,1,78
3016,2,38
3017,0,8
3017,1,44
3017,2,33
3018,0,43
3018,1,47
3018,2,23
3019,0,32
3019,1,6
3019,2,80
3020,0,51
3020,1,67
3020,2,95
3021,0,92
3021,1,50
3021,2,4
3022,0,96
3022,1,22
3022,2,91
3023,0,12
3023,1,56
3023,2,94
3024,0,18
3024,1,52
3024,2,24
3025,0,72
3025,1,69
3025,2,70
3026,0,40
3026,1,3
3026,2,47
3027,0,4
3027,1,26
3027,2,36
3028,0,45
3028,1,3
3028,2,28
3029,0,29
3029,1,96
3029,2,98
3030,0,58
3030,1,85
3030,2,47
3031,0,11
3031,1,88
3031,2,31
3032,0,88
3032,1,49
3032,2,18
3033,0,88
3033,1,30
3033,2,58
3034,0,60
3034,1,17
3034,2,36
3035,0,75
3035,1,72
3035,2,48
3036,0,64
3036,1,91
3036,2,12
3037,0,74
3037,1,55
3037,2,41
3038,0,13
3038,1,86
3038,2,70
3039,0,66
3039,1,94
3039,2,1
3040,0,26
3040,1,88
3040,2,55
3041,0,30
3041,1,85
3041,2,72
3042,0,11
3042,1,77
3042,2,73
3043,0,28
3043,1,85
3043,2,1
3044,0,81
3044,1,92
3044,2,34
3045,0,72
3045,1,78
3045,2,84
3046,0,1
3046,1,99
3046,2,81
3047,0,77
3047,1,62
3047,2,88
3048,0,3
3048,1,38
3048,2,48
3049,0,48
3049,1,89
3049,2,16
3050,0,23
3050,1,87
3050,2,0
3051,0,40
3051,1,27
3051,2,17
3052,0,80
3052,1,89
3052,2,68
3053,0,64
3053,1,78
3053,2,64
3054,0,0
3054,1,14
3054,2,9
3055,0,52
3055,1,93
3055,2,83
3056,0,99
3056,1,11
3056,2,35
3057,0,0
3057,1,81
3057,2,13
3058,0,14
3058,1,93
3058,2,19
3059,0,60
3059,1,47
3059,2,48
3060,0,54
3060,1,1
3060,2,52
3061,0,92
3061,1,93
3061,2,62
3062,0,25
3062,1,64
3062,2,44
3063,0,66
3063,1,26
3063,2,52
3064,0,84
3064,1,38
3064,2,68
3065,0,22
3065,1,50
3065,2,85
3066,0,41
3066,1,90
3066,2,57
3067,0,17
3067,1,94
3067,2,35
3068,0,63
3068,1,60
3068,2,30
3069,0,10
3069,1,28
3069,2,3
3070,0,14
3070,1,49
3070,2,69
3071,0,56
3071,1,77
3071,2,82
3072,0,100
3072,1,22
3072,2,85
3073,0,30
3073,1,85
3073,2,23
3074,0,27
3074,1,0
3074,2,18
3075,0,10
3075,1,51
3075,2,62
3076,0,27
3076,1,55
3076,2,60
3077,0,62
3077,1,93
3077,2,76
3078,0,36
3078,1,24
3078,2,40
3079,0,86
3079,1,75
3079,2,82
3080,0,45
3080,1,92
3080,2,77
3081,0,12
3081,1,83
3081,2,68
3082,0,49
3082,1,13
3082,2,31
3083,0,19
3083,1,63
3083,2,94
3084,0,13
3084,1,84
3084,2,63
3085,0,87
3085,1,41
3085,2,64
3086,0,54
3086,1,32
3086,2,91
3087,0,8
3087,1,72
3087,2,88
3088,0,46
3088,1,33
3088,2,39
3089,0,78
3089,1,86
3089,2,8
3090,0,51
3090,1,63
3090,2,28
3091,0,15
3091,1,9
3091,2,24
3092,0,21
3092,1,29
3092,2,16
3093,0,39
3093,1,89
3093,2,5
3094,0,39
3094,1,89
3094,2,66
3095,0,62
3095,1,32
3095,2,68
3096,0,68
3096,1,95
3096,2,22
3097,0,48
3097,1,14
3097,2,21
3098,0,58
3098,1,42
3098,2,3
3099,0,89
3099,1,65
3099,2,19
3100,0,51
3100,1,2
3100,2,70
3101,0,45
3101,1,31
3101,2,35
3102,0,22
3102,1,34
3102,2,14
3103,0,88
3103,1,3
3103,2,51
3104,0,29
3104,1,90
3104,2,46
3105,0,77
3105,1,64
3105,2,12
3106,0,43
3106,1,91
3106,2,54
3107,0,71
3107,1,64
3107,2,8
3108,0,24
3108,1,69
3108,2,17
3109,0,63
3109,1,62
3109,2,41
3110,0,26
3110,1,45
3110,2,42
3111,0,44
3111,1,72
3111,2,78
3112,0,5
3112,1,68
3112,2,67
3113,0,85
3113,1,100
3113,2,31
3114,0,62
3114,1,5
3114,2,2
3115,0,16
3115,1,26
3115,2,93
3116,0,66
3116,1,28
3116,2,7
3117,0,18
3117,1,37
3117,2,32
3118,0,22
3118,1,32
3118,2,40
3119,0,86
3119,1,27
3119,2,52
3120,0,6
3120,1,41
3120,2,82
3121,0,12
3121,1,69
3121,2,6
3122,0,39
3122,1,26
3122,2,76
3123,0,70
3123,1,82
3123,2,22
3124,0,97
3124,1,64
3124,2,30
3125,0,76
3125,1,13
3125,2,17
3126,0,93
3126,1,27
3126,2,84
3127,0,39
3127,1,31
3127,2,44
3128,0,0
3128,1,99
3128,2,100
3129,0,27
3129,1,87
3129,2,16
3130,0,73
3130,1,36
3130,2,60
3131,0,11
3131,1,96
3131,2,15
3132,0,85
3132,1,87
3132,2,38
3133,0,86
3133,1,54
3133,2,98
3134,0,31
3134,1,5
3134,2,18
3135,0,88
3135,1,39
3135,2,13
3136,0,33
3136,1,63
3136,2,15
3137,0,28
3137,1,14
3137,2,58
3138,0,88
3138,1,69
3138,2,29
3139,0,41
3139,1,38
3139,2,21
3140,0,52
3140,1,28
3140,2,82
3141,0,22
3141,1,84
3141,2,47
3142,0,10
3142,1,2
3142,2,21
3143,0,18
3143,1,45
3143,2,48
3144,0,44
3144,1,77
3144,2,15
3145,0,42
3145,1,94
3145,2,0
3146,0,29
3146,1,9
3146,2,44
3147,0,44
3147,1,44
3147,2,47
3148,0,47
3148,1,69
3148,2,18
3149,0,100
3149,1,82
3149,2,27
3150,0,97
3150,1,39
3150,2,35
3151,0,94
3151,1,55
3151,2,83
3152,0,53
3152,1,9
3152,2,77
3153,0,9
3153,1,32
3153,2,32
3154,0,97
3154,1,55
3154,2,30
3155,0,93
3155,1,22
3155,2,49
3156,0,85
3156,1,81
3156,2,23
3157,0,67
3157,1,80
3157,2,54
3158,0,66
3158,1,21
3158,2,38
3159,0,75
3159,1,76
3159,2,65
3160,0,10
3160,1,72
3160,2,74
3161,0,1
3161,1,77
3161,2,18
3162,0,26
3162,1,29
3162,2,57
3163,0,70
3163,1,73
3163,2,42
3164,0,14
3164,1,21
3164,2,97
3165,0,12
3165,1,88
3165,2,73
3166,0,21
3166,1,58
3166,2,68
3167,0,31
3167,1,74
3167,2,28
3168,0,95
3168,1,36
3168,2,99
3169,0,58
3169,1,2
3169,2,3
3170,0,36
3170,1,70
3170,2,62
3171,0,48
3171,1,39
3171,2,61
3172,0,91
3172,1,38
3172,2,79
3173,0,42
3173,1,11
3173,2,100
3174,0,28
3174,1,65
3174,2,90
3175,0,94
3175,1,93
3175,2,52
3176,0,20
3176,1,39
3176,2,98
3177,0,88
3177,1,3
3177,2,42
3178,0,53
3178,1,6
3178,2,47
3179,0,28
3179,1,43
3179,2,4
3180,0,31
3180,1,20
3180,2,64
3181,0,6
3181,1,52
3181,2,69
3182,0,96
3182,1,33
3182,2,70
3183,0,54
3183,1,12
3183,2,8
3184,0,62
3184,1,94
3184,2,2
3185,0,94
3185,1,78
3185,2,34
3186,0,41
3186,1,6
3186,2,56
3187,0,28
3187,1,45
3187,2,43
3188,0,82
3188,1,71
3188,2,32
3189,0,58
3189,1,8
3189,2,38
3190,0,15
3190,1,79
3190,2,40
3191,0,38
3191,1,72
3191,2,75
3192,0,78
3192,1,71
3192,2,87
3193,0,36
3193,1,66
3193,2,81
3194,0,92
3194,1,17
3194,2,11
3195,0,96
3195,1,13
3195,2,30
3196,0,88
3196,1,40
3196,2,66
3197,0,43
3197,1,4
3197,2,15
3198,0,36
3198,1,88
3198,2,93
3199,0,26
3199,1,36
3199,2,49
3200,0,88
3200,1,38
3200,2,91
3201,0,84
3201,1,77
3201,2,51
3202,0,69
3202,1,56
3202,2,93
3203,0,36
3203,1,72
3203,2,47
3204,0,31
3204,1,74
3204,2,51
3205,0,21
3205,1,6
3205,2,5
3206,0,49
3206,1,64
3206,2,84
3207,0,27
3207,1,19
3207,2,74
3208,0,82
3208,1,70
3208,2,67
3209,0,16
3209,1,60
3209,2,11
3210,0,83
3210,1,78
3210,2,68
3211,0,6
3211,1,91
3211,2,72
3212,0,95
3212,1,33
3212,2,55
3213,0,17
3213,1,0
3213,2,81
3214,0,73
3214,1,87
3214,2,86
3215,0,26
3215,1,82
3215,2,36
3216,0,31
3216,1,100
3216,2,48
3217,0,100
3217,1,64
3217,2,55
3218,0,35
3218,1,73
3218,2,82
3219,0,29
3219,1,93
3219,2,95
3220,0,45
3220,1,60
3220,2,67
3221,0,15
3221,1,74
3221,2,7
3222,0,12
3222,1,11
3222,2,39
3223,0,26
3223,1,92
3223,2,87
3224,0,91
3224,1,0
3224,2,50
3225,0,90
3225,1,14
3225,2,96
3226,0,36
3226,1,2
3226,2,37
3227,0,26
3227,1,70
3227,2,68
3228,0,69
3228,1,75
3228,2,25
3229,0,21
3229,1,47
3229,2,44
3230,0,20
3230,1,85
3230,2,79
3231,0,46
3231,1,74
3231,2,99
3232,0,51
3232,1,45
3232,2,75
3233,0,55
3233,1,54
3233,2,10
3234,0,32
3234,1,8
3234,2,63
3235,0,31
3235,1,81
3235,2,19
3236,0,53
3236,1,39
3236,2,4
3237,0,89
3237,1,68
3237,2,59
3238,0,37
3238,1,42
3238,2,79
3239,0,71
3239,1,36
3239,2,28
3240,0,63
3240,1,59
3240,2,99
3241,0,55
3241,1,76
3241,2,28
3242,0,71
3242,1,57
3242,2,37
3243,0,53
3243,1,37
3243,2,0
3244,0,74
3244,1,76
3244,2,78
3245,0,57
3245,1,3
3245,2,17
3246,0,56
3246,1,51
3246,2,34
3247,0,93
3247,1,18
3247,2,60
3248,0,82
3248,1,97
3248,2,88
3249,0,77
3249,1,74
3249,2,8
3250,0,14
3250,1,52
3250,2,13
3251,0,48
3251,1,70
3251,2,26
3252,0,91
3252,1,59
3252,2,40
3253,0,92
3253,1,87
3253,2,95
3254,0,37
3254,1,49
3254,2,61
3255,0,11
3255,1,76
3255,2,25
3256,0,17
3256,1,68
3256,2,45
3257,0,75
3257,1,57
3257,2,15
3258,0,56
3258,1,34
3258,2,79
3259,0,1
3259,1,43
3259,2,84
3260,0,64
3260,1,96
3260,2,74
3261,0,33
3261,1,26
3261,2,30
3262,0,27
3262,1,71
3262,2,93
3263,0,71
3263,1,40
3263,2,78
3264,0,15
3264,1,68
3264,2,84
3265,0,11
3265,1,48
3265,2,23
3266,0,3
3266,1,5
3266,2,31
3267,0,79
3267,1,18
3267,2,9
3268,0,1
3268,1,52
3268,2,11
3269,0,64
3269,1,23
3269,2,84
3270,0,5
3270,1,87
3270,2,42
3271,0,93
3271,1,57
3271,2,25
3272,0,79
3272,1,62
3272,2,3
3273,0,9
3273,1,96
3273,2,4
3274,0,99
3274,1,39
3274,2,96
3275,0,64
3275,1,22
3275,2,69
3276,0,12
3276,1,89
3276,2,93
3277,0,65
3277,1,26
3277,2,43
3278,0,49
3278,1,95
3278,2,75
3279,0,32
3279,1,29
3279,2,10
3280,0,0
3280,1,98
3280,2,76
3281,0,73
3281,1,43
3281,2,75
3282,0,43
3282,1,5
3282,2,19
3283,0,48
3283,1,6
3283,2,52
3284,0,89
3284,1,35
3284,2,90
3285,0,100
3285,1,96
3285,2,85
3286,0,61
3286,1,37
3286,2,14
3287,0,6
3287,1,3
3287,2,81
3288,0,84
3288,1,99
3288,2,3
3289,0,71
3289,1,48
3289,2,83
3290,0,40
3290,1,46
3290,2,99
3291,0,41
3291,1,55
3291,2,71
3292,0,32
3292,1,13
3292,2,5
3293,0,81
3293,1,97
3293,2,73
3294,0,57
3294,1,49
3294,2,100
3295,0,32
3295,1,84
3295,2,71
3296,0,28
3296,1,40
3296,2,68
3297,0,53
3297,1,88
3297,2,40
3298,0,23
3298,1,95
3298,2,31
3299,0,99
3299,1,36
3299,2,34
3300,0,69
3300,1,99
3300,2,42
3301,0,42
3301,1,98
3301,2,34
3302,0,16
3302,1,67
3302,2,23
3303,0,58
3303,1,47
3303,2,5
3304,0,26
3304,1,40
3304,2,0
3305,0,74
3305,1,51
3305,2,30
3306,0,34
3306,1,84
3306,2,98
3307,0,9
3307,1,23
3307,2,37
3308,0,82
3308,1,30
3308,2,43
3309,0,40
3309,1,52
3309,2,85
3310,0,64
3310,1,87
3310,2,2
3311,0,44
3311,1,35
3311,2,75
3312,0,6
3312,1,98
3312,2,3
3313,0,30
3313,1,68
3313,2,1
3314,0,77
3314,1,32
3314,2,5
3315,0,12
3315,1,0
3315,2,86
3316,0,19
3316,1,34
3316,2,4
3317,0,41
3317,1,12
3317,2,43
3318,0,21
3318,1,98
3318,2,33
3319,0,85
3319,1,14
3319,2,66
3320,0,21
3320,1,67
3320,2,46
3321,0,43
3321,1,58
3321,2,62
3322,0,75
3322,1,96
3322,2,8
3323,0,59
3323,1,52
3323,2,53
3324,0,0
3324,1,44
3324,2,76
3325,0,62
3325,1,17
3325,2,80
3326,0,84
3326,1,39
3326,2,39
3327,0,54
3327,1,71
3327,2,67
3328,0,84
3328,1,96
3328,2,41
3329,0,87
3329,1,92
3329,2,39
3330,0,26
3330,1,67
3330,2,63
3331,0,65
3331,1,90
3331,2,65
3332,0,70
3332,1,15
3332,2,92
3333,0,64
3333,1,34
3333,2,89
3334,0,35
3334,1,20
3334,2,15
3335,0,32
3335,1,55
3335,2,36
3336,0,78
3336,1,22
3336,2,57
3337,0,80
3337,1,48
3337,2,9
3338,0,62
3338,1,99
3338,2,76
3339,0,34
3339,1,27
3339,2,91
3340,0,62
3340,1,32
3340,2,87
3341,0,9
3341,1,33
3341,2,17
3342,0,19
3342,1,10
3342,2,2
3343,0,62
3343,1,45
3343,2,61
3344,0,33
3344,1,64
3344,2,20
3345,0,43
3345,1,29
3345,2,71
3346,0,84
3346,1,38
3346,2,92
3347,0,81
3347,1,14
3347,2,21
3348,0,53
3348,1,97
3348,2,64
3349,0,93
3349,1,97
3349,2,87
3350,0,89
3350,1,30
3350,2,15
3351,0,66
3351,1,74
3351,2,80
3352,0,33
3352,1,77
3352,2,71
3353,0,98
3353,1,4
3353,2,58
3354,0,79
3354,1,89
3354,2,72
3355,0,63
3355,1,79
3355,2,61
3356,0,0
3356,1,77
3356,2,42
3357,0,85
3357,1,28
3357,2,36
3358,0,46
3358,1,92
3358,2,72
3359,0,40
3359,1,69
3359,2,19
3360,0,47
3360,1,87
3360,2,77
3361,0,92
3361,1,79
3361,2,81
3362,0,12
3362,1,81
3362,2,24
3363,0,8
3363,1,42
3363,2,12
3364,0,34
3364,1,54
3364,2,13
3365,0,63
3365,1,52
3365,2,95
3366,0,22
3366,1,72
3366,2,48
3367,0,20
3367,1,66
3367,2,9
3368,0,25
3368,1,33
3368,2,7
3369,0,99
3369,1,95
3369,2,90
3370,0,71
3370,1,1
3370,2,87
3371,0,10
3371,1,10
3371,2,59
3372,0,11
3372,1,26
3372,2,4
3373,0,0
3373,1,76
3373,2,78
3374,0,61
3374,1,22
3374,2,64
3375,0,38
3375,1,71
3375,2,78
3376,0,59
3376,1,44
3376,2,82
3377,0,71
3377,1,94
3377,2,75
3378,0,19
3378,1,55
3378,2,8
3379,0,57
3379,1,42
3379,2,96
3380,0,57
3380,1,16
3380,2,31
3381,0,54
3381,1,10
3381,2,11
3382,0,77
3382,1,36
3382,2,91
3383,0,19
3383,1,22
3383,2,39
3384,0,27
3384,1,83
3384,2,5
3385,0,60
3385,1,55
3385,2,20
3386,0,86
3386,1,20
3386,2,81
3387,0,26
3387,1,0
3387,2,52
3388,0,13
3388,1,81
3388,2,95
3389,0,95
3389,1,84
3389,2,15
3390,0,29
3390,1,11
3390,2,56
3391,0,10
3391,1,68
3391,2,90
3392,0,15
3392,1,12
3392,2,70
3393,0,15
3393,1,42
3393,2,50
3394,0,77
3394,1,94
3394,2,40
3395,0,2
3395,1,15
3395,2,89
3396,0,59
3396,1,12
3396,2,80
3397,0,87
3397,1,21
3397,2,84
3398,0,12
3398,1,73
3398,2,41
3399,0,74
3399,1,65
3399,2,85
3400,0,52
3400,1,22
3400,2,58
3401,0,93
3401,1,83
3401,2,31
3402,0,28
3402,1,8
3402,2,84
3403,0,60
3403,1,51
3403,2,34
3404,0,35
3404,1,59
3404,2,89
3405,0,32
3405,1,96
3405,2,16
3406,0,35
3406,1,76
3406,2,33
3407,0,74
3407,1,78
3407,2,58
3408,0,61
3408,1,24
3408,2,27
3409,0,78
3409,1,22
3409,2,19
3410,0,53
3410,1,80
3410,2,21
3411,0,13
3411,1,4
3411,2,74
3412,0,56
3412,1,29
3412,2,21
3413,0,51
3413,1,44
3413,2,48
3414,0,30
3414,1,15
3414,2,14
3415,0,14
3415,1,49
3415,2,60
3416,0,88
3416,1,34
3416,2,32
3417,0,50
3417,1,99
3417,2,92
3418,0,25
3418,1,58
3418,2,32
3419,0,19
3419,1,43
3419,2,76
3420,0,61
3420,1,32
3420,2,64
3421,0,72
3421,1,71
3421,2,44
3422,0,52
3422,1,92
3422,2,40
3423,0,78
3423,1,9
3423,2,30
3424,0,78
3424,1,90
3424,2,42
3425,0,30
3425,1,0
3425,2,55
3426,0,28
3426,1,16
3426,2,83
3427,0,3
3427,1,16
3427,2,54
3428,0,9
3428,1,1
3428,2,49
3429,0,43
3429,1,38
3429,2,50
3430,0,69
3430,1,99
3430,2,32
3431,0,41
3431,1,38
3431,2,45
3432,0,36
3432,1,24
3432,2,34
3433,0,29
3433,1,82
3433,2,68
3434,0,59
3434,1,34
3434,2,86
3435,0,77
3435,1,99
3435,2,21
3436,0,74
3436,1,95
3436,2,80
3437,0,35
3437,1,86
3437,2,59
3438,0,87
3438,1,99
3438,2,46
3439,0,94
3439,1,60
3439,2,73
3440,0,15
3440,1,28
3440,2,60
3441,0,24
3441,1,58
3441,2,99
3442,0,45
3442,1,57
3442,2,46
3443,0,41
3443,1,60
3443,2,7
3444,0,83
3444,1,24
3444,2,52
3445,0,66
3445,1,1
3445,2,90
3446,0,91
3446,1,94
3446,2,75
3447,0,94
3447,1,4
3447,2,5
3448,0,67
3448,1,54
3448,2,48
3449,0,61
3449,1,18
3449,2,62
3450,0,44
3450,1,62
3450,2,34
3451,0,53
3451,1,96
3451,2,93
3452,0,33
3452,1,90
3452,2,35
3453,0,73
3453,1,45
3453,2,82
3454,0,21
3454,1,44
3454,2,38
3455,0,20
3455,1,56
3455,2,34
3456,0,88
3456,1,44
3456,2,17
3457,0,56
3457,1,48
3457,2,41
3458,0,29
3458,1,62
3458,2,68
3459,0,36
3459,1,56
3459,2,26
3460,0,16
3460,1,17
3460,2,86
3461,0,86
3461,1,14
3461,2,66
3462,0,1
3462,1,17
3462,2,61
3463,0,81
3463,1,97
3463,2,63
3464,0,92
3464,1,48
3464,2,97
3465,0,74
3465,1,40
3465,2,2
3466,0,69
3466,1,1
3466,2,47
3467,0,97
3467,1,19
3467,2,39
3468,0,78
3468,1,4
3468,2,55
3469,0,41
3469,1,17
3469,2,41
3470,0,88
3470,1,54
3470,2,48
3471,0,16
3471,1,95
3471,2,30
3472,0,6
3472,1,15
3472,2,96
3473,0,76
3473,1,8
3473,2,69
3474,0,56
3474,1,82
3474,2,86
3475,0,76
3475,1,3
3475,2,54
3476,0,70
3476,1,90
3476,2,64
3477,0,48
3477,1,92
3477,2,50
3478,0,32
3478,1,14
3478,2,24
3479,0,47
3479,1,69
3479,2,43
3480,0,76
3480,1,67
3480,2,30
3481,0,3
3481,1,0
3481,2,43
3482,0,23
3482,1,8
3482,2,11
3483,0,32
3483,1,58
3483,2,25
3484,0,58
3484,1,47
3484,2,100
3485,0,50
3485,1,81
3485,2,72
3486,0,65
3486,1,40
3486,2,86
3487,0,24
3487,1,88
3487,2,60
3488,0,50
3488,1,65
3488,2,99
3489,0,37
3489,1,78
3489,2,99
3490,0,21
3490,1,25
3490,2,30
3491,0,100
3491,1,98
3491,2,41
3492,0,26
3492,1,64
3492,2,37
3493,0,89
3493,1,57
3493,2,92
3494,0,68
3494,1,46
3494,2,99
3495,0,98
3495,1,14
3495,2,100
3496,0,47
3496,1,70
3496,2,61
3497,0,12
3497,1,43
3497,2,84
3498,0,21
3498,1,73
3498,2,59
3499,0,1
3499,1,67
3499,2,37
3500,0,23
3500,1,91
3500,2,23
3501,0,95
3501,1,4
3501,2,98
3502,0,43
3502,1,75
3502,2,45
3503,0,20
3503,1,15
3503,2,97
3504,0,69
3504,1,54
3504,2,20
3505,0,84
3505,1,81
3505,2,35
3506,0,54
3506,1,36
3506,2,22
3507,0,36
3507,1,43
3507,2,60
3508,0,59
3508,1,81
3508,2,43
3509,0,59
3509,1,85
3509,2,93
3510,0,7
3510,1,66
3510,2,34
3511,0,81
3511,1,73
3511,2,49
3512,0,29
3512,1,62
3512,2,13
3513,0,1
3513,1,6
3513,2,97
3514,0,91
3514,1,40
3514,2,55
3515,0,68
3515,1,95
3515,2,48
3516,0,48
3516,1,92
3516,2,8
3517,0,76
3517,1,1
3517,2,50
3518,0,43
3518,1,70
3518,2,59
3519,0,41
3519,1,99
3519,2,0
3520,0,71
3520,1,7
3520,2,92
3521,0,95
3521,1,36
3521,2,6
3522,0,77
3522,1,76
3522,2,64
3523,0,49
3523,1,51
3523,2,41
3524,0,34
3524,1,12
3524,2,70
3525,0,29
3525,1,94
3525,2,31
3526,0,85
3526,1,14
3526,2,70
3527,0,89
3527,1,33
3527,2,10
3528,0,87
3528,1,87
3528,2,6
3529,0,39
3529,1,60
3529,2,23
3530,0,34
3530,1,83
3530,2,89
3531,0,40
3531,1,10
3531,2,54
3532,0,70
3532,1,37
3532,2,96
3533,0,11
3533,1,91
3533,2,24
3534,0,71
3534,1,94
3534,2,100
3535,0,42
3535,1,51
3535,2,97
3536,0,61
3536,1,60
3536,2,82
3537,0,32
3537,1,51
3537,2,90
3538,0,6
3538,1,19
3538,2,93
3539,0,64
3539,1,82
3539,2,47
3540,0,72
3540,1,97
3540,2,89
3541,0,58
3541,1,73
3541,2,77
3542,0,99
3542,1,22
3542,2,98
3543,0,51
3543,1,94
3543,2,56
3544,0,33
3544,1,1
3544,2,15
3545,0,36
3545,1,54
3545,2,42
3546,0,65
3546,1,8
3546,2,95
3547,0,65
3547,1,24
3547,2,17
3548,0,54
3548,1,19
3548,2,50
3549,0,16
3549,1,89
3549,2,24
3550,0,11
3550,1,62
3550,2,42
3551,0,71
3551,1,72
3551,2,27
3552,0,9
3552,1,85
3552,2,92
3553,0,86
3553,1,98
3553,2,10
3554,0,86
3554,1,18
3554,2,98
3555,0,63
3555,1,81
3555,2,96
3556,0,14
3556,1,41
3556,2,40
3557,0,95
3557,1,92
3557,2,76
3558,0,89
3558,1,13
3558,2,44
3559,0,9
3559,1,26
3559,2,90
3560,0,41
3560,1,84
3560,2,23
3561,0,51
3561,1,85
3561,2,25
3562,0,50
3562,1,15
3562,2,3
3563,0,33
3563,1,20
3563,2,94
3564,0,85
3564,1,53
3564,2,11
3565,0,82
3565,1,75
3565,2,70
3566,0,52
3566,1,46
3566,2,86
3567,0,60
3567,1,87
3567,2,100
3568,0,12
3568,1,62
3568,2,76
3569,0,77
3569,1,85
3569,2,32
3570,0,97
3570,1,82
3570,2,53
3571,0,40
3571,1,61
3571,2,1
3572,0,9
3572,1,93
3572,2,37
3573,0,23
3573,1,54
3573,2,55
3574,0,22
3574,1,87
3574,2,41
3575,0,10
3575,1,85
3575,2,90
3576,0,53
3576,1,46
3576,2,84
3577,0,89
3577,1,97
3577,2,38
3578,0,68
3578,1,22
3578,2,72
3579,0,67
3579,1,41
3579,2,65
3580,0,78
3580,1,63
3580,2,46
3581,0,18
3581,1,55
3581,2,66
3582,0,61
3582,1,45
3582,2,14
3583,0,29
3583,1,52
3583,2,44
3584,0,13
3584,1,44
3584,2,52
3585,0,49
3585,1,80
3585,2,79
3586,0,20
3586,1,34
3586,2,39
3587,0,30
3587,1,55
3587,2,36
3588,0,95
3588,1,20
3588,2,55
3589,0,97
3589,1,42
3589,2,33
3590,0,5
3590,1,92
3590,2,95
3591,0,35
3591,1,55
3591,2,61
3592,0,15
3592,1,22
3592,2,2
3593,0,14
3593,1,16
3593,2,52
3594,0,15
3594,1,58
3594,2,17
3595,0,66
3595,1,14
3595,2,65
3596,0,52
3596,1,91
3596,2,73
3597,0,3
3597,1,84
3597,2,91
3598,0,98
3598,1,46
3598,2,55
3599,0,57
3599,1,99
3599,2,17
3600,0,42
3600,1,61
3600,2,26
3601,0,72
3601,1,79
3601,2,91
3602,0,25
3602,1,35
3602,2,49
3603,0,44
3603,1,55
3603,2,78
3604,0,32
3604,1,88
3604,2,82
3605,0,35
3605,1,7
3605,2,76
3606,0,35
3606,1,76
3606,2,4
3607,0,96
3607,1,71
3607,2,46
3608,0,22
3608,1,77
3608,2,72
3609,0,50
3609,1,72
3609,2,79
3610,0,16
3610,1,96
3610,2,22
3611,0,36
3611,1,9
3611,2,84
3612,0,2
3612,1,46
3612,2,0
3613,0,94
3613,1,75
3613,2,1
3614,0,13
3614,1,94
3614,2,73
3615,0,24
3615,1,69
3615,2,90
3616,0,41
3616,1,49
3616,2,28
3617,0,67
3617,1,16
3617,2,43
3618,0,76
3618,1,79
3618,2,54
3619,0,96
3619,1,4
3619,2,62
3620,0,13
3620,1,90
3620,2,0
3621,0,79
3621,1,27
3621,2,82
3622,0,99
3622,1,45
3622,2,58
3623,0,31
3623,1,97
3623,2,13
3624,0,40
3624,1,55
3624,2,27
3625,0,59
3625,1,85
3625,2,56
3626,0,36
3626,1,58
3626,2,95
3627,0,61
3627,1,22
3627,2,84
3628,0,0
3628,1,39
3628,2,11
3629,0,84
3629,1,74
3629,2,73
3630,0,75
3630,1,37
3630,2,29
3631,0,31
3631,1,52
3631,2,77
3632,0,91
3632,1,50
3632,2,62
3633,0,90
3633,1,25
3633,2,100
3634,0,73
3634,1,11
3634,2,60
3635,0,42
3635,1,88
3635,2,49
3636,0,68
3636,1,11
3636,2,12
3637,0,43
3637,1,35
3637,2,55
3638,0,51
3638,1,0
3638,2,82
3639,0,79
3639,1,58
3639,2,57
3640,0,0
3640,1,80
3640,2,98
3641,0,67
3641,1,39
3641,2,33
3642,0,65
3642,1,37
3642,2,41
3643,0,74
3643,1,49
3643,2,34
3644,0,27
3644,1,34
3644,2,48
3645,0,11
3645,1,94
3645,2,55
3646,0,46
3646,1,90
3646,2,3
3647,0,73
3647,1,24
3647,2,33
3648,0,10
3648,1,42
3648,2,100
3649,0,63
3649,1,63
3649,2,48
3650,0,3
3650,1,71
3650,2,39
3651,0,41
3651,1,95
3651,2,97
3652,0,56
3652,1,18
3652,2,94
3653,0,32
3653,1,61
3653,2,58
3654,0,35
3654,1,39
3654,2,28
3655,0,96
3655,1,72
3655,2,23
3656,0,74
3656,1,47
3656,2,100
3657,0,16
3657,1,20
3657,2,98
3658,0,21
3658,1,60
3658,2,78
3659,0,78
3659,1,1
3659,2,6
3660,0,68
3660,1,3
3660,2,31
3661,0,82
3661,1,0
3661,2,65
3662,0,79
3662,1,44
3662,2,22
3663,0,15
3663,1,26
3663,2,14
3664,0,29
3664,1,6
3664,2,23
3665,0,78
3665,1,25
3665,2,90
3666,0,18
3666,1,58
3666,2,66
3667,0,94
3667,1,87
3667,2,44
3668,0,79
3668,1,79
3668,2,96
3669,0,88
3669,1,49
3669,2,56
3670,0,49
3670,1,33
3670,2,87
3671,0,21
3671,1,15
3671,2,22
3672,0,29
3672,1,14
3672,2,13
3673,0,73
3673,1,33
3673,2,100
3674,0,0
3674,1,53
3674,2,94
3675,0,82
3675,1,13
3675,2,83
3676,0,3
3676,1,65
3676,2,54
3677,0,19
3677,1,63
3677,2,1
3678,0,20
3678,1,31
3678,2,20
3679,0,69
3679,1,53
3679,2,42
3680,0,70
3680,1,16
3680,2,29
3681,0,91
3681,1,66
3681,2,50
3682,0,34
3682,1,45
3682,2,94
3683,0,37
3683,1,16
3683,2,96
3684,0,45
3684,1,100
3684,2,20
3685,0,30
3685,1,96
3685,2,95
3686,0,96
3686,1,41
3686,2,73
3687,0,41
3687,1,7
3687,2,1
3688,0,32
3688,1,77
3688,2,21
3689,0,56
3689,1,94
3689,2,19
3690,0,91
3690,1,33
3690,2,84
3691,0,7
3691,1,81
3691,2,12
3692,0,50
3692,1,76
3692,2,34
3693,0,99
3693,1,83
3693,2,64
3694,0,99
3694,1,5
3694,2,0
3695,0,53
3695,1,7
3695,2,81
3696,0,90
3696,1,81
3696,2,86
3697,0,30
3697,1,61
3697,2,54
3698,0,8
3698,1,23
3698,2,20
3699,0,6
3699,1,73
3699,2,57
3700,0,79
3700,1,40
3700,2,2
3701,0,79
3701,1,51
3701,2,42
3702,0,66
3702,1,44
3702,2,84
3703,0,35
3703,1,32
3703,2,58
3704,0,39
3704,1,57
3704,2,2
3705,0,60
3705,1,41
3705,2,94
3706,0,90
3706,1,19
3706,2,5
3707,0,63
3707,1,32
3707,2,45
3708,0,67
3708,1,83
3708,2,3
3709,0,71
3709,1,53
3709,2,38
3710,0,5
3710,1,3
3710,2,33
3711,0,95
3711,1,9
3711,2,21
3712,0,38
3712,1,10
3712,2,3
3713,0,50
3713,1,9
3713,2,48
3714,0,16
3714,1,11
3714,2,91
3715,0,63
3715,1,73
3715,2,79
3716,0,1
3716,1,60
3716,2,45
3717,0,22
3717,1,79
3717,2,58
3718,0,4
3718,1,88
3718,2,30
3719,0,77
3719,1,58
3719,2,46
3720,0,54
3720,1,16
3720,2,58
3721,0,16
3721,1,95
3721,2,39
3722,0,31
3722,1,68
3722,2,11
3723,0,89
3723,1,34
3723,2,45
3724,0,47
3724,1,100
3724,2,23
3725,0,71
3725,1,86
3725,2,94
3726,0,3
3726,1,2
3726,2,2
3727,0,58
3727,1,11
3727,2,16
3728,0,17
3728,1,16
3728,2,56
3729,0,68
3729,1,90
3729,2,72
3730,0,50
3730,1,74
3730,2,7
3731,0,51
3731,1,64
3731,2,78
3732,0,24
3732,1,40
3732,2,19
3733,0,87
3733,1,52
3733,2,21
3734,0,34
3734,1,59
3734,2,12
3735,0,12
3735,1,37
3735,2,69
3736,0,82
3736,1,90
3736,2,89
3737,0,51
3737,1,19
3737,2,75
3738,0,66
3738,1,74
3738,2,19
3739,0,22
3739,1,47
3739,2,6
3740,0,16
3740,1,62
3740,2,94
3741,0,54
3741,1,30
3741,2,35
3742,0,98
3742,1,87
3742,2,53
3743,0,91
3743,1,64
3743,2,9
3744,0,21
3744,1,13
3744,2,86
3745,0,51
3745,1,0
3745,2,65
3746,0,44
3746,1,82
3746,2,14
3747,0,85
3747,1,59
3747,2,78
3748,0,86
3748,1,2
3748,2,49
3749,0,75
3749,1,31
3749,2,8
3750,0,7
3750,1,99
3750,2,21
3751,0,65
3751,1,36
3751,2,42
3752,0,40
3752,1,53
3752,2,34
3753,0,10
3753,1,77
3753,2,3
3754,0,91
3754,1,99
3754,2,70
3755,0,86
3755,1,15
3755,2,24
3756,0,70
3756,1,30
3756,2,1
3757,0,90
3757,1,18
3757,2,12
3758,0,66
3758,1,81
3758,2,71
3759,0,71
3759,1,34
3759,2,50
3760,0,60
3760,1,28
3760,2,1
3761,0,10
3761,1,96
3761,2,51
3762,0,94
3762,1,38
3762,2,66
3763,0,71
3763,1,24
3763,2,35
3764,0,94
3764,1,62
3764,2,21
3765,0,1
3765,1,54
3765,2,39
3766,0,65
3766,1,25
3766,2,44
3767,0,90
3767,1,75
3767,2,67
3768,0,2
3768,1,100
3768,2,17
3769,0,67
3769,1,53
3769,2,36
3770,0,63
3770,1,68
3770,2,85
3771,0,80
3771,1,50
3771,2,37
3772,0,79
3772,1,30
3772,2,65
3773,0,55
3773,1,99
3773,2,11
3774,0,56
3774,1,29
3774,2,31
3775,0,17
3775,1,95
3775,2,43
3776,0,36
3776,1,46
3776,2,95
3777,0,31
3777,1,91
3777,2,61
3778,0,47
3778,1,71
3778,2,17
3779,0,82
3779,1,97
3779,2,10
3780,0,47
3780,1,27
3780,2,94
3781,0,13
3781,1,20
3781,2,17
3782,0,57
3782,1,32
3782,2,77
3783,0,53
3783,1,75
3783,2,74
3784,0,7
3784,1,35
3784,2,36
3785,0,94
3785,1,55
3785,2,39
3786,0,91
3786,1,18
3786,2,58
3787,0,64
3787,1,69
3787,2,23
3788,0,73
3788,1,85
3788,2,49
3789,0,44
3789,1,15
3789,2,84
3790,0,47
3790,1,10
3790,2,66
3791,0,100
3791,1,57
3791,2,12
3792,0,42
3792,1,34
3792,2,15
3793,0,45
3793,1,76
3793,2,30
3794,0,11
3794,1,58
3794,2,85
3795,0,65
3795,1,74
3795,2,53
3796,0,9
3796,1,10
3796,2,39
3797,0,34
3797,1,44
3797,2,85
3798,0,1
3798,1,60
3798,2,54
3799,0,24
3799,1,23
3799,2,80
3800,0,91
3800,1,90
3800,2,12
3801,0,38
3801,1,89
3801,2,36
3802,0,68
3802,1,14
3802,2,28
3803,0,24
3803,1,100
3803,2,77
3804,0,66
3804,1,31
3804,2,86
3805,0,68
3805,1,7
3805,2,90
3806,0,78
3806,1,76
3806,2,70
3807,0,81
3807,1,53
3807,2,17
3808,0,3
3808,1,57
3808,2,28
3809,0,97
3809,1,20
3809,2,83
3810,0,82
3810,1,55
3810,2,84
3811,0,94
3811,1,20
3811,2,39
3812,0,70
3812,1,83
3812,2,83
3813,0,80
3813,1,70
3813,2,66
3814,0,32
3814,1,27
3814,2,44
3815,0,100
3815,1,14
3815,2,38
3816,0,93
3816,1,61
3816,2,89
3817,0,6
3817,1,66
3817,2,91
3818,0,68
3818,1,50
3818,2,35
3819,0,1
3819,1,41
3819,2,50
3820,0,36
3820,1,98
3820,2,96
3821,0,50
3821,1,15
3821,2,9
3822,0,33
3822,1,72
3822,2,100
3823,0,0
3823,1,71
3823,2,11
3824,0,70
3824,1,18
3824,2,47
3825,0,49
3825,1,73
3825,2,51
3826,0,74
3826,1,49
3826,2,77
3827,0,82
3827,1,28
3827,2,55
3828,0,45
3828,1,21
3828,2,3
3829,0,99
3829,1,57
3829,2,64
3830,0,72
3830,1,2
3830,2,50
3831,0,20
3831,1,57
3831,2,22
3832,0,71
3832,1,44
3832,2,24
3833,0,67
3833,1,69
3833,2,77
3834,0,3
3834,1,65
3834,2,22
3835,0,44
3835,1,65
3835,2,55
3836,0,2
3836,1,84
3836,2,43
3837,0,10
3837,1,12
3837,2,70
3838,0,37
3838,1,86
3838,2,96
3839,0,88
3839,1,91
3839,2,8
3840,0,35
3840,1,87
3840,2,87
3841,0,76
3841,1,65
3841,2,63
3842,0,75
3842,1,88
3842,2,17
3843,0,28
3843,1,91
3843,2,37
3844,0,54
3844,1,9
3844,2,17
3845,0,24
3845,1,3
3845,2,95
3846,0,47
3846,1,49
3846,2,52
3847,0,92
3847,1,11
3847,2,19
3848,0,68
3848,1,95
3848,2,79
3849,0,91
3849,1,71
3849,2,86
3850,0,34
3850,1,94
3850,2,14
3851,0,62
3851,1,96
3851,2,93
3852,0,69
3852,1,29
3852,2,27
3853,0,36
3853,1,5
3853,2,16
3854,0,45
3854,1,73
3854,2,63
3855,0,64
3855,1,81
3855,2,71
3856,0,33
3856,1,11
3856,2,71
3857,0,72
3857,1,72
3857,2,100
3858,0,52
3858,1,40
3858,2,53
3859,0,1
3859,1,37
3859,2,24
3860,0,47
3860,1,36
3860,2,37
3861,0,16
3861,1,46
3861,2,49
3862,0,22
3862,1,13
3862,2,89
3863,0,81
3863,1,76
3863,2,92
3864,0,48
3864,1,31
3864,2,1
3865,0,32
3865,1,65
3865,2,35
3866,0,89
3866,1,9
3866,2,43
3867,0,45
3867,1,90
3867,2,24
3868,0,100
3868,1,88
3868,2,12
3869,0,96
3869,1,91
3869,2,13
3870,0,29
3870,1,95
3870,2,65
3871,0,100
3871,1,14
3871,2,74
3872,0,34
3872,1,25
3872,2,33
3873,0,81
3873,1,64
3873,2,51
3874,0,53
3874,1,28
3874,2,50
3875,0,26
3875,1,64
3875,2,16
3876,0,56
3876,1,4
3876,2,64
3877,0,51
3877,1,56
3877,2,12
3878,0,47
3878,1,83
3878,2,71
3879,0,42
3879,1,90
3879,2,77
3880,0,78
3880,1,37
3880,2,47
3881,0,98
3881,1,58
3881,2,10
3882,0,82
3882,1,64
3882,2,60
3883,0,14
3883,1,14
3883,2,1
3884,0,43
3884,1,96
3884,2,59
3885,0,88
3885,1,26
3885,2,84
3886,0,47
3886,1,9
3886,2,71
3887,0,93
3887,1,0
3887,2,48
3888,0,71
3888,1,82
3888,2,70
3889,0,57
3889,1,45
3889,2,83
3890,0,34
3890,1,13
3890,2,91
3891,0,1
3891,1,34
3891,2,91
3892,0,40
3892,1,56
3892,2,48
3893,0,43
3893,1,15
3893,2,53
3894,0,1
3894,1,42
3894,2,73
3895,0,99
3895,1,8
3895,2,80
3896,0,73
3896,1,41
3896,2,29
3897,0,64
3897,1,66
3897,2,48
3898,0,96
3898,1,21
3898,2,7
3899,0,67
3899,1,13
3899,2,50
3900,0,93
3900,1,20
3900,2,87
3901,0,25
3901,1,74
3901,2,49
3902,0,62
3902,1,43
3902,2,42
3903,0,100
3903,1,4
3903,2,8
3904,0,5
3904,1,8
3904,2,5
3905,0,68
3905,1,94
3905,2,74
3906,0,13
3906,1,53
3906,2,82
3907,0,66
3907,1,24
3907,2,57
3908,0,100
3908,1,9
3908,2,96
3909,0,56
3909,1,53
3909,2,7
3910,0,28
3910,1,98
3910,2,67
3911,0,68
3911,1,54
3911,2,100
3912,0,11
3912,1,19
3912,2,3
3913,0,65
3913,1,16
3913,2,53
3914,0,17
3914,1,89
3914,2,43
3915,0,85
3915,1,35
3915,2,20
3916,0,67
3916,1,36
3916,2,7
3917,0,18
3917,1,14
3917,2,77
3918,0,41
3918,1,13
3918,2,54
3919,0,32
3919,1,53
3919,2,91
3920,0,24
3920,1,7
3920,2,46
3921,0,31
3921,1,33
3921,2,17
3922,0,1
3922,1,45
3922,2,68
3923,0,8
3923,1,36
3923,2,86
3924,0,84
3924,1,21
3924,2,24
3925,0,68
3925,1,25
3925,2,74
3926,0,33
3926,1,2
3926,2,93
3927,0,78
3927,1,32
3927,2,52
3928,0,9
3928,1,50
3928,2,55
3929,0,55
3929,1,75
3929,2,52
3930,0,14
3930,1,0
3930,2,59
3931,0,39
3931,1,55
3931,2,26
3932,0,100
3932,1,69
3932,2,60
3933,0,51
3933,1,93
3933,2,30
3934,0,78
3934,1,57
3934,2,54
3935,0,94
3935,1,43
3935,2,7
3936,0,79
3936,1,17
3936,2,39
3937,0,4
3937,1,20
3937,2,67
3938,0,1
3938,1,38
3938,2,83
3939,0,53
3939,1,43
3939,2,73
3940,0,76
3940,1,72
3940,2,92
3941,0,88
3941,1,68
3941,2,66
3942,0,45
3942,1,81
3942,2,88
3943,0,48
3943,1,64
3943,2,63
3944,0,71
3944,1,81
3944,2,23
3945,0,20
3945,1,81
3945,2,63
3946,0,13
3946,1,42
3946,2,70
3947,0,3
3947,1,87
3947,2,73
3948,0,47
3948,1,76
3948,2,95
3949,0,19
3949,1,15
3949,2,50
3950,0,12
3950,1,60
3950,2,99
3951,0,19
3951,1,32
3951,2,17
3952,0,47
3952,1,59
3952,2,68
3953,0,18
3953,1,1
3953,2,37
3954,0,69
3954,1,63
3954,2,75
3955,0,44
3955,1,19
3955,2,66
3956,0,71
3956,1,30
3956,2,15
3957,0,88
3957,1,54
3957,2,71
3958,0,1
3958,1,15
3958,2,45
3959,0,5
3959,1,32
3959,2,28
3960,0,42
3960,1,66
3960,2,38
3961,0,38
3961,1,1
3961,2,2
3962,0,37
3962,1,0
3962,2,66
3963,0,87
3963,1,49
3963,2,54
3964,0,17
3964,1,70
3964,2,52
3965,0,65
3965,1,73
3965,2,77
3966,0,80
3966,1,20
3966,2,85
3967,0,5
3967,1,4
3967,2,0
3968,0,6
3968,1,67
3968,2,5
3969,0,67
3969,1,17
3969,2,77
3970,0,92
3970,1,64
3970,2,45
3971,0,59
3971,1,27
3971,2,42
3972,0,80
3972,1,42
3972,2,1
3973,0,51
3973,1,51
3973,2,87
3974,0,16
3974,1,52
3974,2,55
3975,0,61
3975,1,4
3975,2,94
3976,0,45
3976,1,49
3976,2,12
3977,0,53
3977,1,5
3977,2,8
3978,0,83
3978,1,20
3978,2,4
3979,0,60
3979,1,92
3979,2,26
3980,0,61
3980,1,74
3980,2,27
3981,0,19
3981,1,79
3981,2,3
3982,0,48
3982,1,79
3982,2,40
3983,0,21
3983,1,94
3983,2,28
3984,0,48
3984,1,97
3984,2,41
3985,0,53
3985,1,57
3985,2,4
3986,0,30
3986,1,22
3986,2,97
3987,0,22
3987,1,41
3987,2,74
3988,0,3
3988,1,33
3988,2,27
3989,0,91
3989,1,80
3989,2,61
3990,0,45
3990,1,66
3990,2,87
3991,0,72
3991,1,19
3991,2,93
3992,0,87
3992,1,77
3992,2,97
3993,0,50
3993,1,79
3993,2,93
3994,0,7
3994,1,5
3994,2,55
3995,0,8
3995,1,0
3995,2,42
3996,0,43
3996,1,12
3996,2,87
3997,0,71
3997,1,88
3997,2,88
3998,0,13
3998,1,12
3998,2,56
3999,0,79
3999,1,72
3999,2,84
4000,0,4
4000,1,65
4000,2,12
4001,0,58
4001,1,70
4001,2,1
4002,0,76
4002,1,91
4002,2,3
4003,0,75
4003,1,74
4003,2,8
4004,0,50
4004,1,32
4004,2,90
4005,0,88
4005,1,23
4005,2,55
4006,0,16
4006,1,59
4006,2,22
4007,0,39
4007,1,59
4007,2,23
4008,0,69
4008,1,51
4008,2,81
4009,0,39
4009,1,52
4009,2,49
4010,0,65
4010,1,30
4010,2,82
4011,0,16
4011,1,75
4011,2,34
4012,0,49
4012,1,94
4012,2,50
4013,0,13
4013,1,16
4013,2,52
4014,0,54
4014,1,71
4014,2,42
4015,0,67
4015,1,85
4015,2,29
4016,0,24
4016,1,71
4016,2,72
4017,0,12
4017,1,14
4017,2,38
4018,0,83
4018,1,16
4018,2,35
4019,0,93
4019,1,50
4019,2,48
4020,0,16
4020,1,30
4020,2,49
4021,0,71
4021,1,4
4021,2,79
4022,0,86
4022,1,15
4022,2,98
4023,0,40
4023,1,1
4023,2,3
4024,0,96
4024,1,49
4024,2,67
4025,0,31
4025,1,75
4025,2,2
4026,0,51
4026,1,79
4026,2,73
4027,0,21
4027,1,67
4027,2,65
4028,0,52
4028,1,67
4028,2,40
4029,0,40
4029,1,72
4029,2,8
4030,0,37
4030,1,17
4030,2,26
4031,0,73
4031,1,80
4031,2,62
4032,0,63
4032,1,63
4032,2,56
4033,0,31
4033,1,60
4033,2,1
4034,0,17
4034,1,86
4034,2,72
4035,0,37
4035,1,33
4035,2,73
4036,0,24
4036,1,9
4036,2,88
4037,0,86
4037,1,59
4037,2,93
4038,0,37
4038,1,37
4038,2,80
4039,0,17
4039,1,95
4039,2,78
4040,0,7
4040,1,4
4040,2,72
4041,0,44
4041,1,41
4041,2,76
4042,0,39
4042,1,21
4042,2,98
4043,0,63
4043,1,62
4043,2,27
4044,0,74
4044,1,15
4044,2,98
4045,0,67
4045,1,89
4045,2,58
4046,0,88
4046,1,60
4046,2,90
4047,0,73
4047,1,62
4047,2,98
4048,0,23
4048,1,29
4048,2,25
4049,0,33
4049,1,53
4049,2,26
4050,0,10
4050,1,44
4050,2,34
4051,0,91
4051,1,28
4051,2,80
4052,0,72
4052,1,97
4052,2,1
4053,0,57
4053,1,43
4053,2,41
4054,0,100
4054,1,8
4054,2,7
4055,0,69
4055,1,100
4055,2,22
4056,0,18
4056,1,40
4056,2,41
4057,0,57
4057,1,84
4057,2,15
4058,0,13
4058,1,20
4058,2,23
4059,0,4
4059,1,9
4059,2,23
4060,0,12
4060,1,60
4060,2,2
4061,0,78
4061,1,64
4061,2,74
4062,0,44
4062,1,28
4062,2,30
4063,0,13
4063,1,58
4063,2,32
4064,0,87
4064,1,3
4064,2,34
4065,0,4
4065,1,50
4065,2,52
4066,0,85
4066,1,0
4066,2,38
4067,0,76
4067,1,4
4067,2,32
4068,0,54
4068,1,62
4068,2,41
4069,0,11
4069,1,45
4069,2,96
4070,0,89
4070,1,73
4070,2,48
4071,0,18
4071,1,89
4071,2,4
4072,0,23
4072,1,82
4072,2,8
4073,0,73
4073,1,82
4073,2,14
4074,0,46
4074,1,24
4074,2,46
4075,0,95
4075,1,71
4075,2,47
4076,0,35
4076,1,93
4076,2,96
4077,0,4
4077,1,51
4077,2,10
4078,0,42
4078,1,40
4078,2,28
4079,0,12
4079,1,88
4079,2,66
4080,0,42
4080,1,92
4080,2,41
4081,0,36
4081,1,31
4081,2,62
4082,0,85
4082,1,90
4082,2,34
4083,0,33
4083,1,25
4083,2,5
4084,0,72
4084,1,82
4084,2,2
4085,0,2
4085,1,95
4085,2,81
4086,0,73
4086,1,48
4086,2,70
4087,0,50
4087,1,1
4087,2,21
4088,0,96
4088,1,8
4088,2,36
4089,0,0
4089,1,0
4089,2,21
4090,0,74
4090,1,34
4090,2,68
4091,0,69
4091,1,22
4091,2,41
4092,0,10
4092,1,30
4092,2,100
4093,0,94
4093,1,40
4093,2,38
4094,0,8
4094,1,7
4094,2,22
4095,0,12
4095,1,18
4095,2,78
4096,0,35
4096,1,50
4096,2,67
4097,0,43
4097,1,32
4097,2,20
4098,0,88
4098,1,14
4098,2,63
4099,0,6
4099,1,89
4099,2,7
4100,0,33
4100,1,23
4100,2,54
4101,0,27
4101,1,78
4101,2,52
4102,0,94
4102,1,39
4102,2,3
4103,0,75
4103,1,53
4103,2,1
4104,0,19
4104,1,47
4104,2,24
4105,0,33
4105,1,30
4105,2,54
4106,0,80
4106,1,21
4106,2,12
4107,0,40
4107,1,57
4107,2,49
4108,0,40
4108,1,59
4108,2,3
4109,0,28
4109,1,81
4109,2,45
4110,0,89
4110,1,77
4110,2,96
4111,0,31
4111,1,60
4111,2,11
4112,0,81
4112,1,60
4112,2,78
4113,0,57
4113,1,4
4113,2,46
4114,0,87
4114,1,59
4114,2,18
4115,0,9
4115,1,57
4115,2,47
4116,0,94
4116,1,27
4116,2,79
4117,0,79
4117,1,58
4117,2,2
4118,0,37
4118,1,79
4118,2,33
4119,0,8
4119,1,15
4119,2,14
4120,0,24
4120,1,52
4120,2,25
4121,0,69
4121,1,14
4121,2,34
4122,0,47
4122,1,4
4122,2,60
4123,0,92
4123,1,22
4123,2,63
4124,0,10
4124,1,46
4124,2,7
4125,0,83
4125,1,28
4125,2,45
4126,0,56
4126,1,95
4126,2,86
4127,0,23
4127,1,74
4127,2,91
4128,0,19
4128,1,26
4128,2,15
4129,0,62
4129,1,89
4129,2,13
4130,0,55
4130,1,98
4130,2,18
4131,0,34
4131,1,1
4131,2,18
4132,0,78
4132,1,9
4132,2,47
4133,0,66
4133,1,89
4133,2,75
4134,0,10
4134,1,4
4134,2,88
4135,0,44
4135,1,43
4135,2,78
4136,0,70
4136,1,59
4136,2,99
4137,0,37
4137,1,71
4137,2,82
4138,0,57
4138,1,77
4138,2,65
4139,0,100
4139,1,74
4139,2,83
4140,0,1
4140,1,52
4140,2,33
4141,0,39
4141,1,12
4141,2,42
4142,0,35
4142,1,92
4142,2,5
4143,0,94
4143,1,56
4143,2,63
4144,0,94
4144,1,22
4144,2,48
4145,0,16
4145,1,92
4145,2,83
4146,0,32
4146,1,7
4146,2,33
4147,0,58
4147,1,18
4147,2,50
4148,0,55
4148,1,79
4148,2,22
4149,0,64
4149,1,49
4149,2,92
4150,0,26
4150,1,96
4150,2,10
4151,0,38
4151,1,55
4151,2,24
4152,0,45
4152,1,13
4152,2,88
4153,0,60
4153,1,71
4153,2,100
4154,0,37
4154,1,53
4154,2,7
4155,0,12
4155,1,27
4155,2,58
4156,0,100
4156,1,13
4156,2,69
4157,0,99
4157,1,100
4157,2,31
4158,0,66
4158,1,55
4158,2,78
4159,0,35
4159,1,1
4159,2,14
4160,0,55
4160,1,64
4160,2,8
4161,0,59
4161,1,66
4161,2,6
4162,0,36
4162,1,39
4162,2,42
4163,0,19
4163,1,40
4163,2,28
4164,0,5
4164,1,71
4164,2,95
4165,0,4
4165,1,89
4165,2,5
4166,0,3
4166,1,10
4166,2,69
4167,0,58
4167,1,43
4167,2,43
4168,0,1
4168,1,58
4168,2,59
4169,0,60
4169,1,90
4169,2,14
4170,0,88
4170,1,22
4170,2,17
4171,0,8
4171,1,44
4171,2,67
4172,0,59
4172,1,20
4172,2,48
4173,0,10
4173,1,10
4173,2,83
4174,0,69
4174,1,43
4174,2,37
4175,0,12
4175,1,4
4175,2,30
4176,0,17
4176,1,54
4176,2,31
4177,0,38
4177,1,60
4177,2,2
4178,0,21
4178,1,79
4178,2,97
4179,0,81
4179,1,27
4179,2,57
4180,0,81
4180,1,51
4180,2,47
4181,0,12
4181,1,2
4181,2,67
4182,0,67
4182,1,100
4182,2,51
4183,0,69
4183,1,67
4183,2,98
4184,0,31
4184,1,22
4184,2,42
4185,0,50
4185,1,4
4185,2,51
4186,0,35
4186,1,22
4186,2,51
4187,0,8
4187,1,22
4187,2,72
4188,0,95
4188,1,81
4188,2,47
4189,0,55
4189,1,57
4189,2,89
4190,0,1
4190,1,88
4190,2,56
4191,0,44
4191,1,25
4191,2,7
4192,0,9
4192,1,30
4192,2,89
4193,0,42
4193,1,83
4193,2,25
4194,0,60
4194,1,11
4194,2,54
4195,0,34
4195,1,1
4195,2,90
4196,0,64
4196,1,76
4196,2,32
4197,0,26
4197,1,4
4197,2,28
4198,0,63
4198,1,36
4198,2,77
4199,0,38
4199,1,80
4199,2,50
4200,0,88
4200,1,24
4200,2,2
4201,0,52
4201,1,69
4201,2,28
4202,0,88
4202,1,70
4202,2,34
4203,0,49
4203,1,17
4203,2,22
4204,0,36
4204,1,75
4204,2,98
4205,0,91
4205,1,98
4205,2,19
4206,0,12
4206,1,99
4206,2,22
4207,0,11
4207,1,13
4207,2,87
4208,0,66
4208,1,94
4208,2,96
4209,0,70
4209,1,41
4209,2,68
4210,0,89
4210,1,43
4210,2,1
4211,0,81
4211,1,31
4211,2,42
4212,0,37
4212,1,57
4212,2,39
4213,0,13
4213,1,32
4213,2,65
4214,0,95
4214,1,68
4214,2,88
4215,0,70
4215,1,52
4215,2,86
4216,0,18
4216,1,60
4216,2,25
4217,0,13
4217,1,35
4217,2,50
4218,0,83
4218,1,58
4218,2,85
4219,0,89
4219,1,6
4219,2,3
4220,0,36
4220,1,51
4220,2,38
4221,0,89
4221,1,56
4221,2,3
4222,0,94
4222,1,72
4222,2,25
4223,0,21
4223,1,87
4223,2,25
4224,0,0
4224,1,53
4224,2,93
4225,0,31
4225,1,72
4225,2,38
4226,0,67
4226,1,42
4226,2,37
4227,0,11
4227,1,72
4227,2,5
4228,0,52
4228,1,20
4228,2,40
4229,0,46
4229,1,26
4229,2,8
4230,0,11
4230,1,30
4230,2,8
4231,0,96
4231,1,84
4231,2,3
4232,0,96
4232,1,39
4232,2,49
4233,0,91
4233,1,41
4233,2,50
4234,0,86
4234,1,46
4234,2,9
4235,0,28
4235,1,83
4235,2,66
4236,0,35
4236,1,15
4236,2,56
4237,0,29
4237,1,58
4237,2,11
4238,0,47
4238,1,64
4238,2,4
4239,0,20
4239,1,46
4239,2,71
4240,0,60
4240,1,92
4240,2,71
4241,0,75
4241,1,74
4241,2,85
4242,0,40
4242,1,92
4242,2,31
4243,0,27
4243,1,71
4243,2,22
4244,0,45
4244,1,96
4244,2,5
4245,0,66
4245,1,54
4245,2,44
4246,0,20
4246,1,33
4246,2,1
4247,0,33
4247,1,5
4247,2,34
4248,0,95
4248,1,33
4248,2,39
4249,0,14
4249,1,63
4249,2,50
4250,0,29
4250,1,96
4250,2,31
4251,0,30
4251,1,72
4251,2,46
4252,0,28
4252,1,22
4252,2,27
4253,0,36
4253,1,7
4253,2,82
4254,0,11
4254,1,78
4254,2,42
4255,0,73
4255,1,92
4255,2,21
4256,0,62
4256,1,76
4256,2,55
4257,0,56
4257,1,18
4257,2,50
4258,0,31
4258,1,84
4258,2,17
4259,0,1
4259,1,78
4259,2,75
4260,0,30
4260,1,77
4260,2,31
4261,0,82
4261,1,60
4261,2,40
4262,0,62
4262,1,64
4262,2,70
4263,0,44
4263,1,77
4263,2,17
4264,0,7
4264,1,48
4264,2,49
4265,0,31
4265,1,26
4265,2,27
4266,0,22
4266,1,43
4266,2,44
4267,0,0
4267,1,4
4267,2,3
4268,0,90
4268,1,3
4268,2,93
4269,0,25
4269,1,58
4269,2,84
4270,0,39
4270,1,30
4270,2,8
4271,0,10
4271,1,5
4271,2,17
4272,0,92
4272,1,73
4272,2,7
4273,0,96
4273,1,100
4273,2,26
4274,0,53
4274,1,84
4274,2,18
4275,0,34
4275,1,33
4275,2,31
4276,0,100
4276,1,97
4276,2,80
4277,0,39
4277,1,28
4277,2,12
4278,0,15
4278,1,30
4278,2,8
4279,0,50
4279,1,3
4279,2,85
4280,0,45
4280,1,56
4280,2,84
4281,0,69
4281,1,62
4281,2,46
4282,0,69
4282,1,22
4282,2,82
4283,0,22
4283,1,83
4283,2,15
4284,0,57
4284,1,79
4284,2,18
4285,0,87
4285,1,57
4285,2,15
4286,0,32
4286,1,2
4286,2,42
4287,0,9
4287,1,35
4287,2,85
4288,0,23
4288,1,99
4288,2,14
4289,0,33
4289,1,40
4289,2,34
4290,0,85
4290,1,23
4290,2,40
4291,0,88
4291,1,71
4291,2,76
4292,0,70
4292,1,49
4292,2,35
4293,0,3
4293,1,50
4293,2,38
4294,0,7
4294,1,97
4294,2,76
4295,0,82
4295,1,40
4295,2,18
4296,0,15
4296,1,95
4296,2,23
4297,0,94
4297,1,43
4297,2,61
4298,0,7
4298,1,26
4298,2,43
4299,0,69
4299,1,67
4299,2,86
4300,0,49
4300,1,1
4300,2,39
4301,0,91
4301,1,82
4301,2,30
4302,0,6
4302,1,99
4302,2,14
4303,0,38
4303,1,63
4303,2,59
4304,0,62
4304,1,52
4304,2,83
4305,0,87
4305,1,77
4305,2,97
4306,0,54
4306,1,73
4306,2,35
4307,0,28
4307,1,94
4307,2,92
4308,0,54
4308,1,46
4308,2,22
4309,0,20
4309,1,75
4309,2,71
4310,0,43
4310,1,79
4310,2,52
4311,0,35
4311,1,55
4311,2,81
4312,0,58
4312,1,65
4312,2,59
4313,0,65
4313,1,20
4313,2,47
4314,0,8
4314,1,59
4314,2,48
4315,0,91
4315,1,3
4315,2,48
4316,0,95
4316,1,54
4316,2,16
4317,0,33
4317,1,68
4317,2,51
4318,0,36
4318,1,15
4318,2,46
4319,0,81
4319,1,9
4319,2,58
4320,0,0
4320,1,26
4320,2,92
4321,0,83
4321,1,93
4321,2,93
4322,0,94
4322,1,86
4322,2,82
4323,0,77
4323,1,53
4323,2,81
4324,0,22
4324,1,25
4324,2,65
4325,0,30
4325,1,42
4325,2,98
4326,0,0
4326,1,94
4326,2,47
4327,0,50
4327,1,57
4327,2,29
4328,0,4
4328,1,42
4328,2,29
4329,0,97
4329,1,80
4329,2,71
4330,0,80
4330,1,37
4330,2,37
4331,0,71
4331,1,79
4331,2,31
4332,0,89
4332,1,53
4332,2,99
4333,0,17
4333,1,56
4333,2,45
4334,0,2
4334,1,1
4334,2,51
4335,0,10
4335,1,16
4335,2,15
4336,0,67
4336,1,98
4336,2,33
4337,0,37
4337,1,93
4337,2,34
4338,0,73
4338,1,42
4338,2,64
4339,0,1
4339,1,17
4339,2,13
4340,0,32
4340,1,33
4340,2,18
4341,0,16
4341,1,70
4341,2,83
4342,0,93
4342,1,81
4342,2,75
4343,0,43
4343,1,36
4343,2,88
4344,0,3
4344,1,12
4344,2,2
4345,0,20
4345,1,60
4345,2,6
4346,0,76
4346,1,14
4346,2,41
4347,0,14
4347,1,85
4347,2,89
4348,0,22
4348,1,37
4348,2,16
4349,0,21
4349,1,20
4349,2,83
4350,0,12
4350,1,39
4350,2,20
4351,0,46
4351,1,8
4351,2,53
4352,0,0
4352,1,31
4352,2,12
4353,0,3
4353,1,66
4353,2,34
4354,0,86
4354,1,69
4354,2,37
4355,0,4
4355,1,94
4355,2,11
4356,0,74
4356,1,11
4356,2,15
4357,0,15
4357,1,39
4357,2,22
4358,0,85
4358,1,41
4358,2,65
4359,0,33
4359,1,4
4359,2,61
4360,0,38
4360,1,12
4360,2,91
4361,0,45
4361,1,35
4361,2,90
4362,0,51
4362,1,81
4362,2,5
4363,0,64
4363,1,63
4363,2,99
4364,0,22
4364,1,33
4364,2,73
4365,0,42
4365,1,50
4365,2,57
4366,0,18
4366,1,6
4366,2,74
4367,0,82
4367,1,35
4367,2,89
4368,0,70
4368,1,95
4368,2,31
4369,0,18
4369,1,44
4369,2,14
4370,0,93
4370,1,13
4370,2,52
4371,0,67
4371,1,66
4371,2,90
4372,0,9
4372,1,59
4372,2,97
4373,0,91
4373,1,6
4373,2,46
4374,0,61
4374,1,17
4374,2,7
4375,0,1
4375,1,42
4375,2,13
4376,0,71
4376,1,73
4376,2,82
4377,0,19
4377,1,81
4377,2,25
4378,0,47
4378,1,21
4378,2,83
4379,0,65
4379,1,7
4379,2,20
4380,0,64
4380,1,31
4380,2,78
4381,0,10
4381,1,61
4381,2,14
4382,0,94
4382,1,91
4382,2,65
4383,0,13
4383,1,44
4383,2,31
4384,0,100
4384,1,59
4384,2,34
4385,0,32
4385,1,35
4385,2,38
4386,0,87
4386,1,9
4386,2,33
4387,0,18
4387,1,43
4387,2,22
4388,0,26
4388,1,5
4388,2,32
4389,0,61
4389,1,46
4389,2,3
4390,0,80
4390,1,60
4390,2,53
4391,0,26
4391,1,20
4391,2,17
4392,0,88
4392,1,63
4392,2,73
4393,0,100
4393,1,7
4393,2,40
4394,0,32
4394,1,31
4394,2,35
4395,0,5
4395,1,45
4395,2,10
4396,0,95
4396,1,49
4396,2,76
4397,0,78
4397,1,49
4397,2,68
4398,0,18
4398,1,38
4398,2,11
4399,0,43
4399,1,92
4399,2,85
4400,0,68
4400,1,87
4400,2,54
4401,0,89
4401,1,27
4401,2,25
4402,0,66
4402,1,80
4402,2,9
4403,0,90
4403,1,39
4403,2,31
4404,0,79
4404,1,40
4404,2,21
4405,0,36
4405,1,51
4405,2,21
4406,0,95
4406,1,63
4406,2,32
4407,0,84
4407,1,50
4407,2,94
4408,0,4
4408,1,13
4408,2,16
4409,0,1
4409,1,44
4409,2,69
4410,0,44
4410,1,99
4410,2,2
4411,0,27
4411,1,30
4411,2,30
4412,0,98
4412,1,37
4412,2,0
4413,0,8
4413,1,88
4413,2,25
4414,0,99
4414,1,15
4414,2,60
4415,0,50
4415,1,48
4415,2,1
4416,0,57
4416,1,5
4416,2,26
4417,0,67
4417,1,73
4417,2,75
4418,0,70
4418,1,57
4418,2,8
4419,0,75
4419,1,6
4419,2,6
4420,0,84
4420,1,70
4420,2,54
4421,0,18
4421,1,75
4421,2,80
4422,0,67
4422,1,19
4422,2,31
4423,0,37
4423,1,54
4423,2,6
4424,0,71
4424,1,37
4424,2,74
4425,0,27
4425,1,22
4425,2,67
4426,0,4
4426,1,46
4426,2,38
4427,0,64
4427,1,45
4427,2,31
4428,0,76
4428,1,71
4428,2,95
4429,0,54
4429,1,90
4429,2,80
4430,0,16
4430,1,8
4430,2,87
4431,0,48
4431,1,34
4431,2,30
4432,0,30
4432,1,43
4432,2,45
4433,0,98
4433,1,44
4433,2,3
4434,0,77
4434,1,28
4434,2,31
4435,0,13
4435,1,84
4435,2,28
4436,0,74
4436,1,79
4436,2,95
4437,0,0
4437,1,6
4437,2,19
4438,0,60
4438,1,4
4438,2,55
4439,0,23
4439,1,97
4439,2,19
4440,0,64
4440,1,48
4440,2,49
4441,0,68
4441,1,12
4441,2,47
4442,0,67
4442,1,29
4442,2,92
4443,0,37
4443,1,44
4443,2,27
4444,0,5
4444,1,51
4444,2,58
4445,0,16
4445,1,44
4445,2,15
4446,0,82
4446,1,24
4446,2,45
4447,0,34
4447,1,15
4447,2,65
4448,0,66
4448,1,21
4448,2,43
4449,0,86
4449,1,33
4449,2,0
4450,0,35
4450,1,13
4450,2,54
4451,0,26
4451,1,63
4451,2,39
4452,0,86
4452,1,60
4452,2,12
4453,0,56
4453,1,79
4453,2,25
4454,0,10
4454,1,15
4454,2,23
4455,0,83
4455,1,59
4455,2,7
4456,0,30
4456,1,59
4456,2,19
4457,0,40
4457,1,33
4457,2,52
4458,0,38
4458,1,64
4458,2,74
4459,0,5
4459,1,62
4459,2,7
4460,0,58
4460,1,19
4460,2,17
4461,0,90
4461,1,11
4461,2,16
4462,0,35
4462,1,11
4462,2,19
4463,0,22
4463,1,80
4463,2,71
4464,0,20
4464,1,47
4464,2,63
4465,0,70
4465,1,59
4465,2,94
4466,0,70
4466,1,33
4466,2,100
4467,0,56
4467,1,98
4467,2,68
4468,0,26
4468,1,88
4468,2,94
4469,0,3
4469,1,6
4469,2,55
4470,0,59
4470,1,80
4470,2,36
4471,0,67
4471,1,40
4471,2,14
4472,0,10
4472,1,95
4472,2,28
4473,0,43
4473,1,78
4473,2,92
4474,0,35
4474,1,56
4474,2,92
4475,0,10
4475,1,62
4475,2,50
4476,0,75
4476,1,28
4476,2,49
4477,0,52
4477,1,80
4477,2,87
4478,0,13
4478,1,94
4478,2,59
4479,0,89
4479,1,92
4479,2,29
4480,0,1
4480,1,67
4480,2,36
4481,0,13
4481,1,40
4481,2,12
4482,0,29
4482,1,1
4482,2,27
4483,0,59
4483,1,9
4483,2,49
4484,0,42
4484,1,39
4484,2,57
4485,0,35
4485,1,46
4485,2,24
4486,0,26
4486,1,51
4486,2,21
4487,0,75
4487,1,42
4487,2,69
4488,0,48
4488,1,93
4488,2,29
4489,0,1
4489,1,12
4489,2,79
4490,0,42
4490,1,90
4490,2,97
4491,0,59
4491,1,22
4491,2,56
4492,0,93
4492,1,69
4492,2,66
4493,0,69
4493,1,74
4493,2,30
4494,0,14
4494,1,35
4494,2,92
4495,0,28
4495,1,99
4495,2,11
4496,0,73
4496,1,79
4496,2,55
4497,0,69
4497,1,56
4497,2,80
4498,0,25
4498,1,20
4498,2,31
4499,0,52
4499,1,44
4499,2,27
4500,0,17
4500,1,20
4500,2,94
4501,0,36
4501,1,26
4501,2,72
4502,0,56
4502,1,41
4502,2,49
4503,0,46
4503,1,48
4503,2,5
4504,0,95
4504,1,2
4504,2,60
4505,0,2
4505,1,29
4505,2,27
4506,0,65
4506,1,75
4506,2,18
4507,0,39
4507,1,70
4507,2,76
4508,0,77
4508,1,10
4508,2,51
4509,0,70
4509,1,54
4509,2,37
4510,0,55
4510,1,37
4510,2,57
4511,0,67
4511,1,98
4511,2,40
4512,0,90
4512,1,60
4512,2,65
4513,0,54
4513,1,38
4513,2,42
4514,0,92
4514,1,47
4514,2,61
4515,0,22
4515,1,37
4515,2,42
4516,0,1
4516,1,26
4516,2,74
4517,0,93
4517,1,77
4517,2,95
4518,0,7
4518,1,55
4518,2,99
4519,0,1
4519,1,74
4519,2,71
4520,0,34
4520,1,92
4520,2,53
4521,0,56
4521,1,75
4521,2,85
4522,0,31
4522,1,75
4522,2,8
4523,0,0
4523,1,86
4523,2,45
4524,0,85
4524,1,72
4524,2,14
4525,0,82
4525,1,41
4525,2,20
4526,0,18
4526,1,73
4526,2,22
4527,0,71
4527,1,89
4527,2,83
4528,0,24
4528,1,68
4528,2,99
4529,0,22
4529,1,35
4529,2,19
4530,0,61
4530,1,13
4530,2,12
4531,0,91
4531,1,21
4531,2,32
4532,0,91
4532,1,29
4532,2,76
4533,0,62
4533,1,59
4533,2,67
4534,0,22
4534,1,93
4534,2,55
4535,0,24
4535,1,3
4535,2,77
4536,0,62
4536,1,44
4536,2,36
4537,0,26
4537,1,73
4537,2,50
4538,0,19
4538,1,7
4538,2,48
4539,0,16
4539,1,62
4539,2,44
4540,0,39
4540,1,41
4540,2,99
4541,0,96
4541,1,49
4541,2,84
4542,0,3
4542,1,49
4542,2,83
4543,0,75
4543,1,40
4543,2,15
4544,0,25
4544,1,61
4544,2,25
4545,0,30
4545,1,22
4545,2,52
4546,0,3
4546,1,43
4546,2,47
4547,0,77
4547,1,52
4547,2,32
4548,0,66
4548,1,96
4548,2,96
4549,0,77
4549,1,72
4549,2,14
4550,0,23
4550,1,79
4550,2,17
4551,0,97
4551,1,27
4551,2,6
4552,0,59
4552,1,94
4552,2,59
4553,0,7
4553,1,59
4553,2,62
4554,0,67
4554,1,69
4554,2,4
4555,0,32
4555,1,76
4555,2,38
4556,0,34
4556,1,35
4556,2,84
4557,0,29
4557,1,33
4557,2,14
4558,0,61
4558,1,98
4558,2,55
4559,0,32
4559,1,19
4559,2,64
4560,0,66
4560,1,34
4560,2,13
4561,0,12
4561,1,2
4561,2,9
4562,0,31
4562,1,68
4562,2,19
4563,0,69
4563,1,3
4563,2,6
4564,0,74
4564,1,93
4564,2,71
4565,0,8
4565,1,61
4565,2,97
4566,0,91
4566,1,0
4566,2,43
4567,0,55
4567,1,30
4567,2,32
4568,0,35
4568,1,87
4568,2,85
4569,0,93
4569,1,1
4569,2,9
4570,0,72
4570,1,59
4570,2,19
4571,0,3
4571,1,19
4571,2,5
4572,0,3
4572,1,69
4572,2,44
4573,0,0
4573,1,39
4573,2,35
4574,0,18
4574,1,15
4574,2,9
4575,0,69
4575,1,50
4575,2,25
4576,0,15
4576,1,80
4576,2,21
4577,0,57
4577,1,36
4577,2,78
4578,0,91
4578,1,60
4578,2,45
4579,0,69
4579,1,70
4579,2,5
4580,0,31
4580,1,18
4580,2,40
4581,0,86
4581,1,11
4581,2,36
4582,0,66
4582,1,46
4582,2,66
4583,0,19
4583,1,26
4583,2,77
4584,0,66
4584,1,76
4584,2,94
4585,0,3
4585,1,13
4585,2,74
4586,0,48
4586,1,24
4586,2,83
4587,0,11
4587,1,2
4587,2,76
4588,0,21
4588,1,96
4588,2,84
4589,0,13
4589,1,77
4589,2,7
4590,0,30
4590,1,41
4590,2,59
4591,0,10
4591,1,72
4591,2,22
4592,0,67
4592,1,84
4592,2,20
4593,0,32
4593,1,80
4593,2,27
4594,0,36
4594,1,66
4594,2,44
4595,0,11
4595,1,72
4595,2,91
4596,0,32
4596,1,16
4596,2,47
4597,0,69
4597,1,71
4597,2,86
4598,0,3
4598,1,78
4598,2,6
4599,0,69
4599,1,42
4599,2,13
4600,0,67
4600,1,59
4600,2,44
4601,0,53
4601,1,27
4601,2,6
4602,0,30
4602,1,88
4602,2,49
4603,0,17
4603,1,47
4603,2,63
4604,0,54
4604,1,61
4604,2,86
4605,0,9
4605,1,3
4605,2,79
4606,0,19
4606,1,41
4606,2,43
4607,0,37
4607,1,97
4607,2,38
4608,0,91
4608,1,68
4608,2,3
4609,0,47
4609,1,46
4609,2,14
4610,0,28
4610,1,52
4610,2,79
4611,0,52
4611,1,65
4611,2,95
4612,0,41
4612,1,15
4612,2,3
4613,0,33
4613,1,25
4613,2,48
4614,0,9
4614,1,93
4614,2,77
4615,0,62
4615,1,25
4615,2,59
4616,0,56
4616,1,19
4616,2,14
4617,0,19
4617,1,50
4617,2,9
4618,0,77
4618,1,44
4618,2,52
4619,0,49
4619,1,1
4619,2,99
4620,0,2
4620,1,40
4620,2,95
4621,0,33
4621,1,43
4621,2,74
4622,0,91
4622,1,80
4622,2,72
4623,0,36
4623,1,72
4623,2,84
4624,0,33
4624,1,76
4624,2,76
4625,0,52
4625,1,91
4625,2,9
4626,0,4
4626,1,71
4626,2,1
4627,0,33
4627,1,10
4627,2,75
4628,0,14
4628,1,2
4628,2,28
4629,0,54
4629,1,47
4629,2,75
4630,0,73
4630,1,30
4630,2,53
4631,0,99
4631,1,80
4631,2,28
4632,0,18
4632,1,44
4632,2,43
4633,0,24
4633,1,96
4633,2,5
4634,0,63
4634,1,18
4634,2,22
4635,0,2
4635,1,2
4635,2,58
4636,0,25
4636,1,20
4636,2,76
4637,0,16
4637,1,35
4637,2,98
4638,0,35
4638,1,48
4638,2,65
4639,0,93
4639,1,86
4639,2,65
4640,0,66
4640,1,17
4640,2,10
4641,0,4
4641,1,77
4641,2,49
4642,0,8
4642,1,58
4642,2,0
4643,0,17
4643,1,12
4643,2,59
4644,0,57
4644,1,24
4644,2,19
4645,0,42
4645,1,18
4645,2,74
4646,0,15
4646,1,55
4646,2,34
4647,0,20
4647,1,48
4647,2,73
4648,0,55
4648,1,89
4648,2,68
4649,0,61
4649,1,42
4649,2,40
4650,0,79
4650,1,60
4650,2,4
4651,0,0
4651,1,65
4651,2,79
4652,0,65
4652,1,35
4652,2,66
4653,0,66
4653,1,19
4653,2,23
4654,0,44
4654,1,26
4654,2,85
4655,0,17
4655,1,24
4655,2,67
4656,0,86
4656,1,25
4656,2,99
4657,0,100
4657,1,67
4657,2,56
4658,0,71
4658,1,23
4658,2,55
4659,0,56
4659,1,27
4659,2,59
4660,0,23
4660,1,27
4660,2,36
4661,0,91
4661,1,26
4661,2,59
4662,0,3
4662,1,77
4662,2,32
4663,0,66
4663,1,76
4663,2,30
4664,0,66
4664,1,43
4664,2,54
4665,0,59
4665,1,36
4665,2,96
4666,0,19
4666,1,38
4666,2,54
4667,0,83
4667,1,97
4667,2,20
4668,0,90
4668,1,1
4668,2,69
4669,0,13
4669,1,3
4669,2,17
4670,0,35
4670,1,55
4670,2,47
4671,0,15
4671,1,86
4671,2,19
4672,0,64
4672,1,2
4672,2,24
4673,0,69
4673,1,65
4673,2,82
4674,0,81
4674,1,52
4674,2,5
4675,0,70
4675,1,3
4675,2,8
4676,0,56
4676,1,97
4676,2,28
4677,0,80
4677,1,32
4677,2,44
4678,0,14
4678,1,12
4678,2,32
4679,0,61
4679,1,96
4679,2,3
4680,0,59
4680,1,13
4680,2,6
4681,0,86
4681,1,43
4681,2,45
4682,0,35
4682,1,53
4682,2,65
4683,0,19
4683,1,13
4683,2,86
4684,0,54
4684,1,38
4684,2,2
4685,0,6
4685,1,87
4685,2,9
4686,0,0
4686,1,65
4686,2,9
4687,0,60
4687,1,32
4687,2,91
4688,0,67
4688,1,66
4688,2,96
4689,0,89
4689,1,88
4689,2,96
4690,0,12
4690,1,48
4690,2,98
4691,0,23
4691,1,22
4691,2,59
4692,0,35
4692,1,47
4692,2,94
4693,0,57
4693,1,13
4693,2,15
4694,0,61
4694,1,66
4694,2,7
4695,0,30
4695,1,50
4695,2,92
4696,0,69
4696,1,40
4696,2,21
4697,0,67
4697,1,100
4697,2,3
4698,0,69
4698,1,30
4698,2,22
4699,0,32
4699,1,22
4699,2,57
4700,0,10
4700,1,8
4700,2,71
4701,0,9
4701,1,82
4701,2,37
4702,0,32
4702,1,49
4702,2,37
4703,0,63
4703,1,63
4703,2,12
4704,0,28
4704,1,82
4704,2,88
4705,0,79
4705,1,5
4705,2,23
4706,0,5
4706,1,89
4706,2,65
4707,0,78
4707,1,72
4707,2,29
4708,0,11
4708,1,31
4708,2,93
4709,0,89
4709,1,19
4709,2,4
4710,0,0
4710,1,68
4710,2,98
4711,0,61
4711,1,38
4711,2,17
4712,0,4
4712,1,33
4712,2,0
4713,0,74
4713,1,42
4713,2,74
4714,0,51
4714,1,71
4714,2,59
4715,0,9
4715,1,61
4715,2,14
4716,0,86
4716,1,20
4716,2,3
4717,0,0
4717,1,3
4717,2,72
4718,0,4
4718,1,93
4718,2,12
4719,0,64
4719,1,42
4719,2,80
4720,0,91
4720,1,1
4720,2,25
4721,0,61
4721,1,54
4721,2,19
4722,0,65
4722,1,16
4722,2,61
4723,0,17
4723,1,67
4723,2,94
4724,0,89
4724,1,22
4724,2,72
4725,0,12
4725,1,95
4725,2,38
4726,0,92
4726,1,43
4726,2,93
4727,0,93
4727,1,34
4727,2,27
4728,0,52
4728,1,8
4728,2,78
4729,0,50
4729,1,93
4729,2,29
4730,0,82
4730,1,80
4730,2,77
4731,0,31
4731,1,74
4731,2,8
4732,0,48
4732,1,36
4732,2,17
4733,0,72
4733,1,33
4733,2,51
4734,0,31
4734,1,45
4734,2,36
4735,0,22
4735,1,53
4735,2,98
4736,0,46
4736,1,64
4736,2,3
4737,0,61
4737,1,82
4737,2,65
4738,0,49
4738,1,37
4738,2,70
4739,0,24
4739,1,18
4739,2,47
4740,0,3
4740,1,73
4740,2,18
4741,0,18
4741,1,64
4741,2,11
4742,0,100
4742,1,98
4742,2,16
4743,0,25
4743,1,33
4743,2,74
4744,0,17
4744,1,31
4744,2,34
4745,0,40
4745,1,2
4745,2,74
4746,0,55
4746,1,75
4746,2,32
4747,0,54
4747,1,89
4747,2,75
4748,0,43
4748,1,52
4748,2,53
4749,0,46
4749,1,25
4749,2,16
4750,0,96
4750,1,0
4750,2,63
4751,0,80
4751,1,13
4751,2,62
4752,0,31
4752,1,10
4752,2,69
4753,0,82
4753,1,86
4753,2,33
4754,0,68
4754,1,46
4754,2,37
4755,0,6
4755,1,36
4755,2,99
4756,0,46
4756,1,93
4756,2,78
4757,0,33
4757,1,75
4757,2,49
4758,0,82
4758,1,91
4758,2,66
4759,0,70
4759,1,89
4759,2,72
4760,0,89
4760,1,75
4760,2,61
4761,0,44
4761,1,35
4761,2,84
4762,0,67
4762,1,11
4762,2,40
4763,0,19
4763,1,11
4763,2,38
4764,0,79
4764,1,39
4764,2,23
4765,0,70
4765,1,30
4765,2,65
4766,0,37
4766,1,26
4766,2,91
4767,0,79
4767,1,52
4767,2,65
4768,0,16
4768,1,33
4768,2,88
4769,0,72
4769,1,11
4769,2,67
4770,0,89
4770,1,26
4770,2,74
4771,0,51
4771,1,4
4771,2,77
4772,0,41
4772,1,3
4772,2,14
4773,0,83
4773,1,86
4773,2,93
4774,0,60
4774,1,40
4774,2,0
4775,0,99
4775,1,81
4775,2,11
4776,0,69
4776,1,33
4776,2,60
4777,0,47
4777,1,29
4777,2,96
4778,0,87
4778,1,75
4778,2,20
4779,0,64
4779,1,50
4779,2,15
4780,0,77
4780,1,3
4780,2,95
4781,0,72
4781,1,16
4781,2,13
4782,0,37
4782,1,30
4782,2,78
4783,0,58
4783,1,30
4783,2,77
4784,0,59
4784,1,25
4784,2,45
4785,0,27
4785,1,74
4785,2,50
4786,0,91
4786,1,95
4786,2,82
4787,0,75
4787,1,28
4787,2,66
4788,0,57
4788,1,60
4788,2,95
4789,0,30
4789,1,66
4789,2,60
4790,0,94
4790,1,54
4790,2,64
4791,0,3
4791,1,28
4791,2,35
4792,0,46
4792,1,45
4792,2,61
4793,0,88
4793,1,56
4793,2,96
4794,0,31
4794,1,66
4794,2,2
4795,0,41
4795,1,89
4795,2,59
4796,0,86
4796,1,59
4796,2,1
4797,0,42
4797,1,30
4797,2,57
4798,0,6
4798,1,42
4798,2,69
4799,0,49
4799,1,30
4799,2,28
4800,0,0
4800,1,77
4800,2,57
4801,0,24
4801,1,95
4801,2,27
4802,0,90
4802,1,30
4802,2,33
4803,0,9
4803,1,59
4803,2,11
4804,0,13
4804,1,96
4804,2,16
4805,0,22
4805,1,30
4805,2,45
4806,0,100
4806,1,51
4806,2,40
4807,0,77
4807,1,84
4807,2,94
4808,0,49
4808,1,56
4808,2,45
4809,0,57
4809,1,71
4809,2,0
4810,0,61
4810,1,70
4810,2,88
4811,0,41
4811,1,80
4811,2,4
4812,0,78
4812,1,63
4812,2,61
4813,0,72
4813,1,45
4813,2,65
4814,0,99
4814,1,22
4814,2,89
4815,0,99
4815,1,33
4815,2,38
4816,0,75
4816,1,58
4816,2,93
4817,0,14
4817,1,15
4817,2,56
4818,0,3
4818,1,72
4818,2,91
4819,0,87
4819,1,71
4819,2,82
4820,0,93
4820,1,6
4820,2,24
4821,0,63
4821,1,58
4821,2,17
4822,0,85
4822,1,1
4822,2,42
4823,0,21
4823,1,89
4823,2,70
4824,0,24
4824,1,34
4824,2,48
4825,0,69
4825,1,95
4825,2,21
4826,0,3
4826,1,26
4826,2,57
4827,0,64
4827,1,100
4827,2,9
4828,0,83
4828,1,57
4828,2,55
4829,0,58
4829,1,60
4829,2,60
4830,0,46
4830,1,52
4830,2,44
4831,0,72
4831,1,37
4831,2,22
4832,0,85
4832,1,16
4832,2,10
4833,0,72
4833,1,92
4833,2,75
4834,0,1
4834,1,48
4834,2,33
4835,0,75
4835,1,46
4835,2,86
4836,0,18
4836,1,49
4836,2,28
4837,0,85
4837,1,75
4837,2,80
4838,0,37
4838,1,42
4838,2,12
4839,0,59
4839,1,34
4839,2,85
4840,0,99
4840,1,52
4840,2,27
4841,0,70
4841,1,44
4841,2,9
4842,0,24
4842,1,39
4842,2,55
4843,0,77
4843,1,14
4843,2,58
4844,0,64
4844,1,61
4844,2,81
4845,0,51
4845,1,67
4845,2,31
4846,0,13
4846,1,60
4846,2,89
4847,0,66
4847,1,43
4847,2,47
4848,0,98
4848,1,8
4848,2,83
4849,0,58
4849,1,18
4849,2,31
4850,0,35
4850,1,15
4850,2,22
4851,0,97
4851,1,7
4851,2,61
4852,0,12
4852,1,15
4852,2,73
4853,0,60
4853,1,64
4853,2,48
4854,0,69
4854,1,38
4854,2,53
4855,0,10
4855,1,38
4855,2,49
4856,0,25
4856,1,11
4856,2,1
4857,0,65
4857,1,30
4857,2,7
4858,0,11
4858,1,62
4858,2,11
4859,0,12
4859,1,59
4859,2,68
4860,0,94
4860,1,79
4860,2,4
4861,0,47
4861,1,58
4861,2,22
4862,0,53
4862,1,57
4862,2,92
4863,0,12
4863,1,71
4863,2,27
4864,0,100
4864,1,78
4864,2,49
4865,0,20
4865,1,51
4865,2,37
4866,0,95
4866,1,88
4866,2,24
4867,0,84
4867,1,72
4867,2,5
4868,0,39
4868,1,42
4868,2,62
4869,0,91
4869,1,27
4869,2,38
4870,0,52
4870,1,83
4870,2,17
4871,0,23
4871,1,9
4871,2,37
4872,0,78
4872,1,57
4872,2,50
4873,0,89
4873,1,92
4873,2,78
4874,0,9
4874,1,84
4874,2,38
4875,0,16
4875,1,75
4875,2,36
4876,0,10
4876,1,2
4876,2,91
4877,0,54
4877,1,28
4877,2,100
4878,0,5
4878,1,43
4878,2,49
4879,0,13
4879,1,96
4879,2,31
4880,0,9
4880,1,39
4880,2,12
4881,0,22
4881,1,24
4881,2,77
4882,0,15
4882,1,7
4882,2,16
4883,0,4
4883,1,90
4883,2,73
4884,0,52
4884,1,55
4884,2,37
4885,0,27
4885,1,42
4885,2,7
4886,0,27
4886,1,57
4886,2,76
4887,0,69
4887,1,89
4887,2,78
4888,0,20
4888,1,75
4888,2,46
4889,0,62
4889,1,91
4889,2,35
4890,0,62
4890,1,9
4890,2,90
4891,0,49
4891,1,62
4891,2,20
4892,0,97
4892,1,40
4892,2,40
4893,0,36
4893,1,63
4893,2,42
4894,0,44
4894,1,50
4894,2,30
4895,0,0
4895,1,7
4895,2,73
4896,0,85
4896,1,64
4896,2,54
4897,0,45
4897,1,8
4897,2,96
4898,0,72
4898,1,16
4898,2,88
4899,0,65
4899,1,91
4899,2,25
4900,0,44
4900,1,56
4900,2,25
4901,0,11
4901,1,42
4901,2,91
4902,0,21
4902,1,22
4902,2,65
4903,0,11
4903,1,19
4903,2,41
4904,0,66
4904,1,2
4904,2,72
4905,0,6
4905,1,48
4905,2,12
4906,0,20
4906,1,48
4906,2,76
4907,0,68
4907,1,50
4907,2,50
4908,0,47
4908,1,25
4908,2,79
4909,0,44
4909,1,93
4909,2,83
4910,0,11
4910,1,24
4910,2,0
4911,0,79
4911,1,98
4911,2,79
4912,0,21
4912,1,43
4912,2,85
4913,0,24
4913,1,72
4913,2,33
4914,0,55
4914,1,11
4914,2,81
4915,0,68
4915,1,81
4915,2,91
4916,0,87
4916,1,15
4916,2,89
4917,0,20
4917,1,17
4917,2,64
4918,0,42
4918,1,20
4918,2,96
4919,0,41
4919,1,39
4919,2,58
4920,0,23
4920,1,2
4920,2,53
4921,0,20
4921,1,13
4921,2,19
4922,0,13
4922,1,96
4922,2,79
4923,0,80
4923,1,44
4923,2,52
4924,0,86
4924,1,9
4924,2,20
4925,0,13
4925,1,97
4925,2,92
4926,0,50
4926,1,67
4926,2,57
4927,0,3
4927,1,67
4927,2,51
4928,0,71
4928,1,73
4928,2,13
4929,0,62
4929,1,9
4929,2,30
4930,0,29
4930,1,27
4930,2,82
4931,0,16
4931,1,97
4931,2,18
4932,0,89
4932,1,4
4932,2,64
4933,0,29
4933,1,82
4933,2,64
4934,0,65
4934,1,20
4934,2,88
4935,0,2
4935,1,54
4935,2,62
4936,0,1
4936,1,99
4936,2,56
4937,0,8
4937,1,92
4937,2,40
4938,0,65
4938,1,36
4938,2,38
4939,0,79
4939,1,78
4939,2,82
4940,0,75
4940,1,75
4940,2,53
4941,0,27
4941,1,73
4941,2,6
4942,0,68
4942,1,55
4942,2,90
4943,0,46
4943,1,60
4943,2,6
4944,0,43
4944,1,32
4944,2,19
4945,0,52
4945,1,87
4945,2,64
4946,0,64
4946,1,19
4946,2,68
4947,0,88
4947,1,6
4947,2,7
4948,0,85
4948,1,81
4948,2,22
4949,0,73
4949,1,74
4949,2,75
4950,0,56
4950,1,26
4950,2,89
4951,0,25
4951,1,17
4951,2,71
4952,0,11
4952,1,44
4952,2,26
4953,0,14
4953,1,57
4953,2,69
4954,0,68
4954,1,71
4954,2,80
4955,0,26
4955,1,22
4955,2,59
4956,0,10
4956,1,6
4956,2,11
4957,0,10
4957,1,48
4957,2,59
4958,0,11
4958,1,62
4958,2,70
4959,0,38
4959,1,31
4959,2,94
4960,0,76
4960,1,2
4960,2,75
4961,0,31
4961,1,88
4961,2,97
4962,0,53
4962,1,33
4962,2,32
4963,0,83
4963,1,5
4963,2,81
4964,0,66
4964,1,10
4964,2,92
4965,0,9
4965,1,89
4965,2,5
4966,0,52
4966,1,38
4966,2,40
4967,0,73
4967,1,37
4967,2,28
4968,0,24
4968,1,57
4968,2,12
4969,0,89
4969,1,64
4969,2,93
4970,0,53
4970,1,10
4970,2,48
4971,0,26
4971,1,39
4971,2,55
4972,0,62
4972,1,96
4972,2,19
4973,0,43
4973,1,63
4973,2,22
4974,0,12
4974,1,22
4974,2,87
4975,0,69
4975,1,71
4975,2,42
4976,0,45
4976,1,94
4976,2,66
4977,0,78
4977,1,60
4977,2,97
4978,0,13
4978,1,26
4978,2,9
4979,0,76
4979,1,60
4979,2,18
4980,0,18
4980,1,73
4980,2,10
4981,0,85
4981,1,37
4981,2,1
4982,0,58
4982,1,39
4982,2,48
4983,0,71
4983,1,54
4983,2,36
4984,0,25
4984,1,29
4984,2,92
4985,0,29
4985,1,55
4985,2,100
4986,0,45
4986,1,41
4986,2,59
4987,0,78
4987,1,31
4987,2,56
4988,0,48
4988,1,31
4988,2,3
4989,0,94
4989,1,38
4989,2,51
4990,0,13
4990,1,83
4990,2,82
4991,0,84
4991,1,17
4991,2,29
4992,0,87
4992,1,31
4992,2,15
4993,0,58
4993,1,22
4993,2,24
4994,0,51
4994,1,8
4994,2,99
4995,0,11
4995,1,78
4995,2,84
4996,0,26
4996,1,82
4996,2,10
4997,0,34
4997,1,69
4997,2,18
4998,0,33
4998,1,46
4998,2,70
4999,0,94
4999,1,78
4999,2,91
5000,0,54
5000,1,41
5000,2,54
5001,0,34
5001,1,33
5001,2,44
5002,0,52
5002,1,86
5002,2,74
5003,0,100
5003,1,35
5003,2,69
5004,0,32
5004,1,16
5004,2,43
5005,0,82
5005,1,33
5005,2,67
5006,0,85
5006,1,9
5006,2,40
5007,0,4
5007,1,39
5007,2,99
5008,0,63
5008,1,60
5008,2,12
5009,0,25
5009,1,80
5009,2,66
5010,0,70
5010,1,69
5010,2,70
5011,0,67
5011,1,37
5011,2,43
5012,0,31
5012,1,51
5012,2,27
5013,0,3
5013,1,6
5013,2,50
5014,0,74
5014,1,16
5014,2,92
5015,0,24
5015,1,87
5015,2,34
5016,0,11
5016,1,48
5016,2,85
5017,0,35
5017,1,4
5017,2,27
5018,0,66
5018,1,83
5018,2,67
5019,0,43
5019,1,48
5019,2,23
5020,0,50
5020,1,51
5020,2,61
5021,0,59
5021,1,34
5021,2,99
5022,0,55
5022,1,73
5022,2,44
5023,0,60
5023,1,29
5023,2,16
5024,0,90
5024,1,74
5024,2,67
5025,0,40
5025,1,98
5025,2,44
5026,0,66
5026,1,98
5026,2,42
5027,0,90
5027,1,50
5027,2,35
5028,0,44
5028,1,50
5028,2,4
5029,0,15
5029,1,76
5029,2,43
5030,0,37
5030,1,76
5030,2,79
5031,0,58
5031,1,84
5031,2,19
5032,0,42
5032,1,21
5032,2,61
5033,0,92
5033,1,44
5033,2,87
5034,0,46
5034,1,63
5034,2,23
5035,0,1
5035,1,17
5035,2,71
5036,0,5
5036,1,7
5036,2,24
5037,0,36
5037,1,46
5037,2,33
5038,0,73
5038,1,19
5038,2,19
5039,0,11
5039,1,12
5039,2,61
5040,0,60
5040,1,65
5040,2,29
5041,0,46
5041,1,67
5041,2,99
5042,0,0
5042,1,63
5042,2,64
5043,0,59
5043,1,35
5043,2,35
5044,0,47
5044,1,22
5044,2,53
5045,0,59
5045,1,93
5045,2,75
5046,0,24
5046,1,42
5046,2,38
5047,0,99
5047,1,94
5047,2,18
5048,0,20
5048,1,25
5048,2,6
5049,0,46
5049,1,34
5049,2,17
5050,0,28
5050,1,80
5050,2,63
5051,0,96
5051,1,15
5051,2,50
5052,0,32
5052,1,85
5052,2,91
5053,0,12
5053,1,23
5053,2,88
5054,0,32
5054,1,23
5054,2,13
5055,0,14
5055,1,12
5055,2,82
5056,0,5
5056,1,74
5056,2,3
5057,0,57
5057,1,17
5057,2,75
5058,0,43
5058,1,80
5058,2,23
5059,0,42
5059,1,97
5059,2,36
5060,0,92
5060,1,6
5060,2,87
5061,0,99
5061,1,4
5061,2,0
5062,0,57
5062,1,73
5062,2,78
5063,0,100
5063,1,34
5063,2,44
5064,0,6
5064,1,54
5064,2,97
5065,0,98
5065,1,8
5065,2,73
5066,0,9
5066,1,9
5066,2,29
5067,0,46
5067,1,7
5067,2,94
5068,0,75
5068,1,37
5068,2,49
5069,0,38
5069,1,23
5069,2,43
5070,0,72
5070,1,18
5070,2,93
5071,0,77
5071,1,46
5071,2,36
5072,0,87
5072,1,93
5072,2,69
5073,0,11
5073,1,93
5073,2,62
5074,0,0
5074,1,56
5074,2,3
5075,0,43
5075,1,18
5075,2,16
5076,0,4
5076,1,99
5076,2,84
5077,0,98
5077,1,59
5077,2,48
5078,0,60
5078,1,87
5078,2,28
5079,0,70
5079,1,46
5079,2,98
5080,0,40
5080,1,44
5080,2,41
5081,0,99
5081,1,70
5081,2,75
5082,0,68
5082,1,33
5082,2,48
5083,0,73
5083,1,1
5083,2,44
5084,0,83
5084,1,77
5084,2,87
5085,0,29
5085,1,20
5085,2,15
5086,0,22
5086,1,65
5086,2,35
5087,0,80
5087,1,4
5087,2,40
5088,0,65
5088,1,0
5088,2,62
5089,0,12
5089,1,79
5089,2,88
5090,0,78
5090,1,29
5090,2,22
5091,0,31
5091,1,27
5091,2,87
5092,0,85
5092,1,15
5092,2,34
5093,0,88
5093,1,71
5093,2,25
5094,0,51
5094,1,100
5094,2,71
5095,0,84
5095,1,0
5095,2,94
5096,0,39
5096,1,85
5096,2,11
5097,0,28
5097,1,51
5097,2,72
5098,0,37
5098,1,72
5098,2,55
5099,0,73
5099,1,88
5099,2,20
5100,0,4
5100,1,84
5100,2,63
5101,0,5
5101,1,13
5101,2,89
5102,0,49
5102,1,40
5102,2,67
5103,0,67
5103,1,31
5103,2,50
5104,0,29
5104,1,87
5104,2,55
5105,0,12
5105,1,11
5105,2,54
5106,0,24
5106,1,87
5106,2,42
5107,0,6
5107,1,71
5107,2,72
5108,0,57
5108,1,48
5108,2,36
5109,0,22
5109,1,26
5109,2,68
5110,0,92
5110,1,73
5110,2,85
5111,0,80
5111,1,24
5111,2,52
5112,0,33
5112,1,25
5112,2,11
5113,0,29
5113,1,62
5113,2,79
5114,0,30
5114,1,75
5114,2,69
5115,0,29
5115,1,5
5115,2,24
5116,0,54
5116,1,80
5116,2,70
5117,0,30
5117,1,33
5117,2,90
5118,0,92
5118,1,11
5118,2,68
5119,0,86
5119,1,37
5119,2,61
5120,0,77
5120,1,52
5120,2,97
5121,0,15
5121,1,50
5121,2,13
5122,0,94
5122,1,24
5122,2,98
5123,0,97
5123,1,0
5123,2,50
5124,0,46
5124,1,34
5124,2,84
5125,0,19
5125,1,51
5125,2,80
5126,0,32
5126,1,42
5126,2,10
5127,0,79
5127,1,34
5127,2,77
5128,0,54
5128,1,0
5128,2,7
5129,0,2
5129,1,60
5129,2,67
5130,0,45
5130,1,57
5130,2,79
5131,0,60
5131,1,21
5131,2,13
5132,0,65
5132,1,83
5132,2,27
5133,0,16
5133,1,11
5133,2,75
5134,0,70
5134,1,37
5134,2,80
5135,0,84
5135,1,34
5135,2,85
5136,0,76
5136,1,95
5136,2,96
5137,0,75
5137,1,19
5137,2,98
5138,0,72
5138,1,8
5138,2,56
5139,0,12
5139,1,57
5139,2,53
5140,0,35
5140,1,48
5140,2,35
5141,0,49
5141,1,17
5141,2,5
5142,0,15
5142,1,77
5142,2,56
5143,0,76
5143,1,57
5143,2,5
5144,0,70
5144,1,81
5144,2,47
5145,0,69
5145,1,34
5145,2,8
5146,0,99
5146,1,94
5146,2,88
5147,0,96
5147,1,12
5147,2,63
5148,0,52
5148,1,47
5148,2,6
5149,0,94
5149,1,37
5149,2,44
5150,0,64
5150,1,69
5150,2,83
5151,0,64
5151,1,19
5151,2,53
5152,0,86
5152,1,88
5152,2,76
5153,0,94
5153,1,85
5153,2,28
5154,0,44
5154,1,96
5154,2,15
5155,0,53
5155,1,24
5155,2,25
5156,0,35
5156,1,62
5156,2,14
5157,0,47
5157,1,91
5157,2,82
5158,0,79
5158,1,65
5158,2,38
5159,0,79
5159,1,36
5159,2,47
5160,0,99
5160,1,93
5160,2,61
5161,0,88
5161,1,26
5161,2,79
5162,0,75
5162,1,32
5162,2,16
5163,0,66
5163,1,42
5163,2,49
5164,0,98
5164,1,83
5164,2,20
5165,0,52
5165,1,82
5165,2,18
5166,0,64
5166,1,25
5166,2,59
5167,0,71
5167,1,12
5167,2,92
5168,0,99
5168,1,31
5168,2,57
5169,0,98
5169,1,91
5169,2,21
5170,0,93
5170,1,78
5170,2,60
5171,0,60
5171,1,41
5171,2,48
5172,0,50
5172,1,85
5172,2,22
5173,0,61
5173,1,13
5173,2,8
5174,0,27
5174,1,77
5174,2,48
5175,0,53
5175,1,28
5175,2,43
5176,0,53
5176,1,42
5176,2,74
5177,0,95
5177,1,94
5177,2,22
5178,0,48
5178,1,1
5178,2,13
5179,0,89
5179,1,77
5179,2,12
5180,0,89
5180,1,36
5180,2,27
5181,0,69
5181,1,44
5181,2,61
5182,0,98
5182,1,28
5182,2,38
5183,0,98
5183,1,22
5183,2,63
5184,0,98
5184,1,26
5184,2,78
5185,0,70
5185,1,19
5185,2,46
5186,0,28
5186,1,28
5186,2,52
5187,0,24
5187,1,28
5187,2,91
5188,0,90
5188,1,11
5188,2,85
5189,0,20
5189,1,41
5189,2,83
5190,0,65
5190,1,18
5190,2,46
5191,0,92
5191,1,11
5191,2,34
5192,0,11
5192,1,47
5192,2,33
5193,0,55
5193,1,80
5193,2,83
5194,0,83
5194,1,89
5194,2,97
5195,0,74
5195,1,38
5195,2,52
5196,0,9
5196,1,35
5196,2,68
5197,0,6
5197,1,12
5197,2,3
5198,0,33
5198,1,15
5198,2,49
5199,0,98
5199,1,66
5199,2,36
5200,0,25
5200,1,61
5200,2,83
5201,0,52
5201,1,12
5201,2,54
5202,0,10
5202,1,90
5202,2,46
5203,0,9
5203,1,40
5203,2,75
5204,0,42
5204,1,75
5204,2,41
5205,0,42
5205,1,49
5205,2,34
5206,0,3
5206,1,4
5206,2,45
5207,0,72
5207,1,40
5207,2,89
5208,0,76
5208,1,48
5208,2,84
5209,0,4
5209,1,95
5209,2,70
5210,0,8
5210,1,6
5210,2,57
5211,0,43
5211,1,93
5211,2,67
5212,0,26
5212,1,83
5212,2,51
5213,0,6
5213,1,55
5213,2,83
5214,0,37
5214,1,27
5214,2,95
5215,0,12
5215,1,66
5215,2,87
5216,0,54
5216,1,65
5216,2,51
5217,0,43
5217,1,93
5217,2,70
5218,0,70
5218,1,8
5218,2,57
5219,0,20
5219,1,36
5219,2,65
5220,0,72
5220,1,96
5220,2,29
5221,0,18
5221,1,50
5221,2,22
5222,0,74
5222,1,100
5222,2,5
5223,0,76
5223,1,1
5223,2,52
5224,0,34
5224,1,45
5224,2,16
5225,0,72
5225,1,34
5225,2,15
5226,0,89
5226,1,58
5226,2,70
5227,0,35
5227,1,47
5227,2,7
5228,0,40
5228,1,69
5228,2,38
5229,0,27
5229,1,33
5229,2,4
5230,0,96
5230,1,13
5230,2,0
5231,0,6
5231,1,94
5231,2,74
5232,0,76
5232,1,66
5232,2,74
5233,0,43
5233,1,51
5233,2,22
5234,0,34
5234,1,50
5234,2,16
5235,0,81
5235,1,26
5235,2,50
5236,0,98
5236,1,62
5236,2,72
5237,0,28
5237,1,58
5237,2,57
5238,0,47
5238,1,99
5238,2,88
5239,0,13
5239,1,9
5239,2,95
5240,0,32
5240,1,97
5240,2,58
5241,0,5
5241,1,13
5241,2,87
5242,0,29
5242,1,12
5242,2,95
5243,0,40
5243,1,38
5243,2,16
5244,0,88
5244,1,99
5244,2,78
5245,0,48
5245,1,15
5245,2,30
5246,0,34
5246,1,10
5246,2,60
5247,0,46
5247,1,88
5247,2,88
5248,0,45
5248,1,97
5248,2,99
5249,0,74
5249,1,5
5249,2,21
5250,0,44
5250,1,72
5250,2,35
5251,0,82
5251,1,86
5251,2,13
5252,0,62
5252,1,40
5252,2,18
5253,0,62
5253,1,25
5253,2,98
5254,0,92
5254,1,81
5254,2,20
5255,0,64
5255,1,55
5255,2,52
5256,0,11
5256,1,47
5256,2,82
5257,0,28
5257,1,25
5257,2,36
5258,0,54
5258,1,15
5258,2,52
5259,0,85
5259,1,78
5259,2,73
5260,0,35
5260,1,62
5260,2,39
5261,0,33
5261,1,15
5261,2,65
5262,0,3
5262,1,46
5262,2,12
5263,0,47
5263,1,69
5263,2,74
5264,0,93
5264,1,4
5264,2,56
5265,0,66
5265,1,68
5265,2,8
5266,0,93
5266,1,45
5266,2,98
5267,0,50
5267,1,10
5267,2,48
5268,0,12
5268,1,64
5268,2,85
5269,0,28
5269,1,8
5269,2,1
5270,0,94
5270,1,17
5270,2,24
5271,0,52
5271,1,1
5271,2,35
5272,0,79
5272,1,85
5272,2,59
5273,0,23
5273,1,79
5273,2,28
5274,0,4
5274,1,48
5274,2,19
5275,0,12
5275,1,100
5275,2,3
5276,0,20
5276,1,63
5276,2,62
5277,0,92
5277,1,84
5277,2,25
5278,0,91
5278,1,92
5278,2,66
5279,0,56
5279,1,49
5279,2,8
5280,0,6
5280,1,16
5280,2,62
5281,0,31
5281,1,63
5281,2,52
5282,0,99
5282,1,26
5282,2,75
5283,0,49
5283,1,54
5283,2,61
5284,0,59
5284,1,91
5284,2,38
5285,0,37
5285,1,14
5285,2,39
5286,0,31
5286,1,71
5286,2,92
5287,0,68
5287,1,71
5287,2,36
5288,0,96
5288,1,76
5288,2,35
5289,0,98
5289,1,28
5289,2,9
5290,0,87
5290,1,28
5290,2,35
5291,0,69
5291,1,19
5291,2,83
5292,0,77
5292,1,15
5292,2,35
5293,0,1
5293,1,52
5293,2,28
5294,0,58
5294,1,26
5294,2,42
5295,0,36
5295,1,84
5295,2,67
5296,0,35
5296,1,78
5296,2,21
5297,0,5
5297,1,38
5297,2,79
5298,0,84
5298,1,2
5298,2,60
5299,0,12
5299,1,48
5299,2,92
5300,0,59
5300,1,8
5300,2,67
5301,0,94
5301,1,41
5301,2,25
5302,0,24
5302,1,34
5302,2,44
5303,0,87
5303,1,64
5303,2,81
5304,0,42
5304,1,8
5304,2,94
5305,0,49
5305,1,92
5305,2,99
5306,0,98
5306,1,93
5306,2,52
5307,0,82
5307,1,8
5307,2,51
5308,0,89
5308,1,69
5308,2,2
5309,0,83
5309,1,72
5309,2,34
5310,0,96
5310,1,95
5310,2,59
5311,0,20
5311,1,61
5311,2,57
5312,0,83
5312,1,62
5312,2,93
5313,0,83
5313,1,91
5313,2,0
5314,0,77
5314,1,55
5314,2,3
5315,0,71
5315,1,61
5315,2,60
5316,0,46
5316,1,95
5316,2,2
5317,0,56
5317,1,78
5317,2,42
5318,0,38
5318,1,66
5318,2,78
5319,0,95
5319,1,57
5319,2,30
5320,0,43
5320,1,92
5320,2,15
5321,0,62
5321,1,4
5321,2,72
5322,0,8
5322,1,42
5322,2,17
5323,0,32
5323,1,51
5323,2,94
5324,0,57
5324,1,47
5324,2,75
5325,0,21
5325,1,9
5325,2,40
5326,0,50
5326,1,78
5326,2,89
5327,0,50
5327,1,43
5327,2,62
5328,0,15
5328,1,66
5328,2,51
5329,0,14
5329,1,36
5329,2,61
5330,0,21
5330,1,21
5330,2,78
5331,0,37
5331,1,50
5331,2,84
5332,0,57
5332,1,16
5332,2,63
5333,0,13
5333,1,29
5333,2,67
5334,0,51
5334,1,44
5334,2,42
5335,0,61
5335,1,33
5335,2,56
5336,0,20
5336,1,33
5336,2,1
5337,0,59
5337,1,20
5337,2,75
5338,0,43
5338,1,40
5338,2,14
5339,0,39
5339,1,41
5339,2,4
5340,0,42
5340,1,100
5340,2,19
5341,0,37
5341,1,12
5341,2,10
5342,0,8
5342,1,9
5342,2,75
5343,0,69
5343,1,38
5343,2,47
5344,0,11
5344,1,10
5344,2,15
5345,0,4
5345,1,18
5345,2,42
5346,0,5
5346,1,77
5346,2,53
5347,0,8
5347,1,12
5347,2,64
5348,0,58
5348,1,47
5348,2,10
5349,0,13
5349,1,55
5349,2,10
5350,0,5
5350,1,90
5350,2,58
5351,0,10
5351,1,31
5351,2,99
5352,0,82
5352,1,23
5352,2,43
5353,0,12
5353,1,77
5353,2,26
5354,0,91
5354,1,85
5354,2,75
5355,0,72
5355,1,33
5355,2,23
5356,0,76
5356,1,56
5356,2,9
5357,0,43
5357,1,11
5357,2,12
5358,0,29
5358,1,14
5358,2,12
5359,0,43
5359,1,60
5359,2,14
5360,0,29
5360,1,42
5360,2,11
5361,0,4
5361,1,90
5361,2,24
5362,0,22
5362,1,96
5362,2,26
5363,0,10
5363,1,61
5363,2,43
5364,0,70
5364,1,22
5364,2,55
5365,0,39
5365,1,76
5365,2,71
5366,0,70
5366,1,74
5366,2,65
5367,0,13
5367,1,83
5367,2,22
5368,0,62
5368,1,29
5368,2,20
5369,0,91
5369,1,61
5369,2,16
5370,0,87
5370,1,52
5370,2,90
5371,0,20
5371,1,96
5371,2,6
5372,0,0
5372,1,28
5372,2,17
5373,0,92
5373,1,82
5373,2,13
5374,0,41
5374,1,45
5374,2,77
5375,0,83
5375,1,5
5375,2,29
5376,0,35
5376,1,1
5376,2,65
5377,0,58
5377,1,81
5377,2,19
5378,0,12
5378,1,94
5378,2,22
5379,0,75
5379,1,66
5379,2,23
5380,0,73
5380,1,48
5380,2,8
5381,0,63
5381,1,94
5381,2,7
5382,0,91
5382,1,53
5382,2,57
5383,0,72
5383,1,2
5383,2,7
5384,0,69
5384,1,65
5384,2,86
5385,0,14
5385,1,79
5385,2,89
5386,0,37
5386,1,61
5386,2,29
5387,0,14
5387,1,67
5387,2,99
5388,0,46
5388,1,81
5388,2,62
5389,0,31
5389,1,58
5389,2,43
5390,0,97
5390,1,50
5390,2,80
5391,0,74
5391,1,27
5391,2,88
5392,0,46
5392,1,0
5392,2,82
5393,0,89
5393,1,77
5393,2,96
5394,0,66
5394,1,15
5394,2,72
5395,0,41
5395,1,80
5395,2,87
5396,0,58
5396,1,49
5396,2,60
5397,0,5
5397,1,2
5397,2,85
5398,0,26
5398,1,35
5398,2,92
5399,0,58
5399,1,79
5399,2,27
5400,0,98
5400,1,43
5400,2,43
5401,0,63
5401,1,41
5401,2,53
5402,0,94
5402,1,26
5402,2,69
5403,0,83
5403,1,44
5403,2,34
5404,0,60
5404,1,19
5404,2,0
5405,0,49
5405,1,45
5405,2,49
5406,0,62
5406,1,53
5406,2,11
5407,0,47
5407,1,3
5407,2,63
5408,0,98
5408,1,37
5408,2,48
5409,0,88
5409,1,16
5409,2,45
5410,0,6
5410,1,97
5410,2,92
5411,0,37
5411,1,0
5411,2,88
5412,0,41
5412,1,79
5412,2,82
5413,0,82
5413,1,39
5413,2,2
5414,0,61
5414,1,73
5414,2,61
5415,0,21
5415,1,66
5415,2,9
5416,0,93
5416,1,81
5416,2,70
5417,0,44
5417,1,58
5417,2,80
5418,0,9
5418,1,86
5418,2,67
5419,0,58
5419,1,48
5419,2,94
5420,0,0
5420,1,66
5420,2,74
5421,0,87
5421,1,68
5421,2,13
5422,0,33
5422,1,0
5422,2,33
5423,0,95
5423,1,77
5423,2,81
5424,0,86
5424,1,87
5424,2,46
5425,0,61
5425,1,86
5425,2,32
5426,0,9
5426,1,82
5426,2,11
5427,0,44
5427,1,64
5427,2,57
5428,0,75
5428,1,98
5428,2,50
5429,0,90
5429,1,86
5429,2,45
5430,0,45
5430,1,24
5430,2,82
5431,0,24
5431,1,64
5431,2,62
5432,0,6
5432,1,76
5432,2,72
5433,0,14
5433,1,44
5433,2,66
5434,0,48
5434,1,42
5434,2,49
5435,0,94
5435,1,64
5435,2,68
5436,0,22
5436,1,50
5436,2,12
5437,0,3
5437,1,96
5437,2,43
5438,0,40
5438,1,55
5438,2,96
5439,0,39
5439,1,48
5439,2,52
5440,0,85
5440,1,31
5440,2,100
5441,0,35
5441,1,22
5441,2,26
5442,0,31
5442,1,69
5442,2,64
5443,0,69
5443,1,85
5443,2,76
5444,0,34
5444,1,50
5444,2,70
5445,0,69
5445,1,60
5445,2,10
5446,0,77
5446,1,41
5446,2,82
5447,0,12
5447,1,14
5447,2,94
5448,0,6
5448,1,2
5448,2,24
5449,0,2
5449,1,48
5449,2,95
5450,0,99
5450,1,64
5450,2,6
5451,0,18
5451,1,73
5451,2,48
5452,0,52
5452,1,36
5452,2,44
5453,0,82
5453,1,14
5453,2,64
5454,0,72
5454,1,19
5454,2,88
5455,0,69
5455,1,95
5455,2,14
5456,0,83
5456,1,74
5456,2,56
5457,0,23
5457,1,91
5457,2,34
5458,0,53
5458,1,15
5458,2,66
5459,0,64
5459,1,53
5459,2,40
5460,0,66
5460,1,90
5460,2,35
5461,0,6
5461,1,5
5461,2,25
5462,0,15
5462,1,19
5462,2,5
5463,0,17
5463,1,45
5463,2,53
5464,0,57
5464,1,66
5464,2,5
5465,0,3
5465,1,88
5465,2,11
5466,0,62
5466,1,48
5466,2,37
5467,0,14
5467,1,27
5467,2,3
5468,0,90
5468,1,95
5468,2,71
5469,0,81
5469,1,62
5469,2,26
5470,0,12
5470,1,41
5470,2,15
5471,0,19
5471,1,7
5471,2,33
5472,0,13
5472,1,24
5472,2,46
5473,0,4
5473,1,29
5473,2,19
5474,0,60
5474,1,38
5474,2,60
5475,0,30
5475,1,71
5475,2,92
5476,0,63
5476,1,24
5476,2,21
5477,0,66
5477,1,43
5477,2,78
5478,0,93
5478,1,32
5478,2,89
5479,0,67
5479,1,69
5479,2,3
5480,0,69
5480,1,94
5480,2,80
5481,0,69
5481,1,28
5481,2,48
5482,0,66
5482,1,77
5482,2,33
5483,0,69
5483,1,50
5483,2,28
5484,0,68
5484,1,55
5484,2,27
5485,0,13
5485,1,67
5485,2,98
5486,0,66
5486,1,19
5486,2,13
5487,0,3
5487,1,73
5487,2,69
5488,0,4
5488,1,81
5488,2,46
5489,0,97
5489,1,60
5489,2,68
5490,0,79
5490,1,58
5490,2,90
5491,0,19
5491,1,62
5491,2,44
5492,0,55
5492,1,22
5492,2,63
5493,0,24
5493,1,55
5493,2,88
5494,0,70
5494,1,85
5494,2,50
5495,0,20
5495,1,2
5495,2,69
5496,0,3
5496,1,49
5496,2,42
5497,0,16
5497,1,96
5497,2,64
5498,0,36
5498,1,6
5498,2,84
5499,0,3
5499,1,59
5499,2,57
5500,0,87
5500,1,73
5500,2,76
5501,0,41
5501,1,1
5501,2,96
5502,0,19
5502,1,45
5502,2,75
5503,0,60
5503,1,73
5503,2,38
5504,0,12
5504,1,60
5504,2,29
5505,0,23
5505,1,33
5505,2,79
5506,0,2
5506,1,9
5506,2,23
5507,0,47
5507,1,61
5507,2,84
5508,0,94
5508,1,49
5508,2,9
5509,0,54
5509,1,84
5509,2,80
5510,0,88
5510,1,9
5510,2,45
5511,0,37
5511,1,13
5511,2,86
5512,0,5
5512,1,11
5512,2,58
5513,0,8
5513,1,55
5513,2,97
5514,0,23
5514,1,78
5514,2,30
5515,0,87
5515,1,46
5515,2,72
5516,0,13
5516,1,16
5516,2,10
5517,0,90
5517,1,72
5517,2,96
5518,0,6
5518,1,64
5518,2,43
5519,0,97
5519,1,39
5519,2,42
5520,0,95
5520,1,59
5520,2,47
5521,0,10
5521,1,98
5521,2,11
5522,0,45
5522,1,89
5522,2,86
5523,0,74
5523,1,76
5523,2,74
5524,0,47
5524,1,71
5524,2,90
5525,0,50
5525,1,63
5525,2,39
5526,0,55
5526,1,26
5526,2,16
5527,0,1
5527,1,98
5527,2,86
5528,0,42
5528,1,70
5528,2,39
5529,0,23
5529,1,13
5529,2,30
5530,0,2
5530,1,67
5530,2,20
5531,0,72
5531,1,43
5531,2,53
5532,0,68
5532,1,74
5532,2,38
5533,0,52
5533,1,70
5533,2,38
5534,0,8
5534,1,4
5534,2,22
5535,0,61
5535,1,26
5535,2,47
5536,0,53
5536,1,33
5536,2,63
5537,0,61
5537,1,49
5537,2,76
5538,0,82
5538,1,0
5538,2,47
5539,0,11
5539,1,7
5539,2,29
5540,0,18
5540,1,0
5540,2,11
5541,0,69
5541,1,65
5541,2,60
5542,0,80
5542,1,23
5542,2,2
5543,0,10
5543,1,52
5543,2,98
5544,0,29
5544,1,14
5544,2,82
5545,0,13
5545,1,24
5545,2,70
5546,0,80
5546,1,99
5546,2,88
5547,0,69
5547,1,99
5547,2,60
5548,0,39
5548,1,20
5548,2,40
5549,0,100
5549,1,83
5549,2,59
5550,0,99
5550,1,60
5550,2,70
5551,0,100
5551,1,14
5551,2,53
5552,0,47
5552,1,18
5552,2,95
5553,0,59
5553,1,100
5553,2,98
5554,0,94
5554,1,88
5554,2,23
5555,0,25
5555,1,72
5555,2,24
5556,0,95
5556,1,18
5556,2,6
5557,0,27
5557,1,83
5557,2,96
5558,0,79
5558,1,59
5558,2,91
5559,0,83
5559,1,10
5559,2,9
5560,0,54
5560,1,21
5560,2,57
5561,0,82
5561,1,76
5561,2,10
5562,0,41
5562,1,61
5562,2,70
5563,0,11
5563,1,60
5563,2,81
5564,0,23
5564,1,79
5564,2,21
5565,0,91
5565,1,7
5565,2,37
5566,0,64
5566,1,67
5566,2,57
5567,0,29
5567,1,10
5567,2,2
5568,0,55
5568,1,34
5568,2,75
5569,0,24
5569,1,23
5569,2,58
5570,0,47
5570,1,69
5570,2,96
5571,0,92
5571,1,56
5571,2,52
5572,0,9
5572,1,56
5572,2,48
5573,0,69
5573,1,99
5573,2,40
5574,0,19
5574,1,50
5574,2,92
5575,0,80
5575,1,34
5575,2,26
5576,0,70
5576,1,20
5576,2,57
5577,0,43
5577,1,8
5577,2,45
5578,0,91
5578,1,5
5578,2,50
5579,0,59
5579,1,98
5579,2,52
5580,0,10
5580,1,67
5580,2,78
5581,0,15
5581,1,57
5581,2,85
5582,0,77
5582,1,3
5582,2,0
5583,0,15
5583,1,69
5583,2,58
5584,0,84
5584,1,90
5584,2,54
5585,0,30
5585,1,95
5585,2,8
5586,0,21
5586,1,15
5586,2,27
5587,0,10
5587,1,49
5587,2,47
5588,0,39
5588,1,39
5588,2,47
5589,0,63
5589,1,47
5589,2,26
5590,0,63
5590,1,30
5590,2,61
5591,0,10
5591,1,14
5591,2,90
5592,0,0
5592,1,65
5592,2,58
5593,0,9
5593,1,58
5593,2,86
5594,0,66
5594,1,20
5594,2,60
5595,0,79
5595,1,86
5595,2,78
5596,0,18
5596,1,5
5596,2,25
5597,0,4
5597,1,24
5597,2,32
5598,0,63
5598,1,88
5598,2,43
5599,0,20
5599,1,27
5599,2,44
5600,0,78
5600,1,82
5600,2,17
5601,0,44
5601,1,55
5601,2,58
5602,0,2
5602,1,48
5602,2,83
5603,0,29
5603,1,21
5603,2,85
5604,0,94
5604,1,10
5604,2,16
5605,0,37
5605,1,9
5605,2,23
5606,0,27
5606,1,64
5606,2,71
5607,0,62
5607,1,38
5607,2,16
5608,0,43
5608,1,1
5608,2,44
5609,0,60
5609,1,12
5609,2,86
5610,0,78
5610,1,49
5610,2,20
5611,0,85
5611,1,63
5611,2,100
5612,0,27
5612,1,27
5612,2,21
5613,0,53
5613,1,100
5613,2,10
5614,0,10
5614,1,73
5614,2,98
5615,0,41
5615,1,31
5615,2,11
5616,0,2
5616,1,78
5616,2,66
5617,0,51
5617,1,4
5617,2,81
5618,0,58
5618,1,29
5618,2,33
5619,0,0
5619,1,91
5619,2,83
5620,0,45
5620,1,57
5620,2,6
5621,0,34
5621,1,31
5621,2,5
5622,0,20
5622,1,53
5622,2,48
5623,0,61
5623,1,18
5623,2,21
5624,0,98
5624,1,37
5624,2,90
5625,0,33
5625,1,89
5625,2,58
5626,0,90
5626,1,22
5626,2,67
5627,0,1
5627,1,83
5627,2,72
5628,0,39
5628,1,50
5628,2,55
5629,0,15
5629,1,38
5629,2,93
5630,0,60
5630,1,42
5630,2,49
5631,0,20
5631,1,93
5631,2,47
5632,0,33
5632,1,88
5632,2,2
5633,0,97
5633,1,55
5633,2,94
5634,0,59
5634,1,64
5634,2,18
5635,0,38
5635,1,35
5635,2,35
5636,0,20
5636,1,79
5636,2,19
5637,0,0
5637,1,35
5637,2,9
5638,0,19
5638,1,54
5638,2,62
5639,0,63
5639,1,90
5639,2,42
5640,0,13
5640,1,65
5640,2,97
5641,0,2
5641,1,85
5641,2,12
5642,0,69
5642,1,71
5642,2,7
5643,0,71
5643,1,88
5643,2,58
5644,0,51
5644,1,34
5644,2,61
5645,0,41
5645,1,11
5645,2,16
5646,0,73
5646,1,81
5646,2,13
5647,0,38
5647,1,17
5647,2,5
5648,0,53
5648,1,67
5648,2,32
5649,0,0
5649,1,33
5649,2,33
5650,0,49
5650,1,7
5650,2,60
5651,0,26
5651,1,6
5651,2,25
5652,0,66
5652,1,12
5652,2,50
5653,0,91
5653,1,51
5653,2,17
5654,0,21
5654,1,49
5654,2,79
5655,0,72
5655,1,68
5655,2,83
5656,0,74
5656,1,37
5656,2,8
5657,0,66
5657,1,63
5657,2,90
5658,0,23
5658,1,86
5658,2,82
5659,0,91
5659,1,48
5659,2,39
5660,0,43
5660,1,39
5660,2,17
5661,0,40
5661,1,36
5661,2,56
5662,0,69
5662,1,55
5662,2,51
5663,0,79
5663,1,78
5663,2,44
5664,0,81
5664,1,68
5664,2,43
5665,0,90
5665,1,59
5665,2,36
5666,0,72
5666,1,2
5666,2,51
5667,0,77
5667,1,77
5667,2,62
5668,0,15
5668,1,4
5668,2,49
5669,0,6
5669,1,43
5669,2,40
5670,0,24
5670,1,43
5670,2,84
5671,0,11
5671,1,13
5671,2,87
5672,0,62
5672,1,94
5672,2,93
5673,0,85
5673,1,39
5673,2,0
5674,0,97
5674,1,76
5674,2,17
5675,0,87
5675,1,75
5675,2,97
5676,0,22
5676,1,69
5676,2,86
5677,0,24
5677,1,30
5677,2,97
5678,0,2
5678,1,17
5678,2,15
5679,0,18
5679,1,2
5679,2,47
5680,0,44
5680,1,23
5680,2,45
5681,0,79
5681,1,63
5681,2,12
5682,0,24
5682,1,58
5682,2,14
5683,0,78
5683,1,20
5683,2,6
5684,0,4
5684,1,57
5684,2,9
5685,0,27
5685,1,74
5685,2,85
5686,0,32
5686,1,65
5686,2,82
5687,0,52
5687,1,63
5687,2,46
5688,0,26
5688,1,37
5688,2,46
5689,0,76
5689,1,32
5689,2,87
5690,0,54
5690,1,70
5690,2,1
5691,0,43
5691,1,15
5691,2,2
5692,0,78
5692,1,70
5692,2,75
5693,0,68
5693,1,89
5693,2,29
5694,0,46
5694,1,32
5694,2,52
5695,0,55
5695,1,6
5695,2,9
5696,0,69
5696,1,88
5696,2,25
5697,0,50
5697,1,60
5697,2,79
5698,0,24
5698,1,81
5698,2,6
5699,0,77
5699,1,49
5699,2,8
5700,0,4
5700,1,33
5700,2,3
5701,0,12
5701,1,41
5701,2,57
5702,0,56
5702,1,42
5702,2,8
5703,0,79
5703,1,44
5703,2,77
5704,0,27
5704,1,10
5704,2,74
5705,0,47
5705,1,5
5705,2,21
5706,0,12
5706,1,59
5706,2,42
5707,0,19
5707,1,41
5707,2,72
5708,0,13
5708,1,24
5708,2,84
5709,0,40
5709,1,58
5709,2,16
5710,0,60
5710,1,37
5710,2,22
5711,0,61
5711,1,2
5711,2,100
5712,0,44
5712,1,53
5712,2,95
5713,0,15
5713,1,67
5713,2,51
5714,0,22
5714,1,75
5714,2,40
5715,0,19
5715,1,3
5715,2,51
5716,0,94
5716,1,78
5716,2,92
5717,0,50
5717,1,47
5717,2,25
5718,0,95
5718,1,25
5718,2,68
5719,0,24
5719,1,2
5719,2,75
5720,0,9
5720,1,28
5720,2,37
5721,0,69
5721,1,6
5721,2,31
5722,0,100
5722,1,67
5722,2,24
5723,0,27
5723,1,10
5723,2,22
5724,0,30
5724,1,100
5724,2,5
5725,0,21
5725,1,16
5725,2,97
5726,0,33
5726,1,90
5726,2,94
5727,0,68
5727,1,63
5727,2,54
5728,0,94
5728,1,16
5728,2,47
5729,0,35
5729,1,12
5729,2,29
5730,0,48
5730,1,71
5730,2,94
5731,0,78
5731,1,51
5731,2,77
5732,0,100
5732,1,4
5732,2,52
5733,0,21
5733,1,85
5733,2,16
5734,0,97
5734,1,23
5734,2,27
5735,0,84
5735,1,70
5735,2,5
5736,0,95
5736,1,30
5736,2,49
5737,0,38
5737,1,41
5737,2,98
5738,0,34
5738,1,38
5738,2,65
5739,0,17
5739,1,79
5739,2,19
5740,0,73
5740,1,79
5740,2,19
5741,0,24
5741,1,92
5741,2,51
5742,0,55
5742,1,23
5742,2,33
5743,0,63
5743,1,64
5743,2,95
5744,0,61
5744,1,49
5744,2,59
5745,0,15
5745,1,2
5745,2,99
5746,0,42
5746,1,54
5746,2,53
5747,0,58
5747,1,75
5747,2,87
5748,0,28
5748,1,74
5748,2,97
5749,0,44
5749,1,11
5749,2,55
5750,0,95
5750,1,95
5750,2,32
5751,0,15
5751,1,14
5751,2,35
5752,0,99
5752,1,92
5752,2,24
5753,0,79
5753,1,71
5753,2,25
5754,0,65
5754,1,38
5754,2,4
5755,0,69
5755,1,60
5755,2,28
5756,0,38
5756,1,20
5756,2,23
5757,0,12
5757,1,65
5757,2,61
5758,0,88
5758,1,7
5758,2,99
5759,0,65
5759,1,78
5759,2,75
5760,0,5
5760,1,0
5760,2,98
5761,0,25
5761,1,41
5761,2,78
5762,0,39
5762,1,72
5762,2,38
5763,0,39
5763,1,18
5763,2,14
5764,0,11
5764,1,33
5764,2,89
5765,0,58
5765,1,57
5765,2,53
5766,0,36
5766,1,75
5766,2,11
5767,0,9
5767,1,14
5767,2,74
5768,0,84
5768,1,36
5768,2,10
5769,0,20
5769,1,57
5769,2,82
5770,0,35
5770,1,87
5770,2,97
5771,0,36
5771,1,72
5771,2,37
5772,0,52
5772,1,68
5772,2,26
5773,0,14
5773,1,32
5773,2,49
5774,0,58
5774,1,68
5774,2,35
5775,0,42
5775,1,92
5775,2,94
5776,0,15
5776,1,95
5776,2,38
5777,0,24
5777,1,35
5777,2,21
5778,0,43
5778,1,27
5778,2,42
5779,0,28
5779,1,17
5779,2,79
5780,0,72
5780,1,41
5780,2,65
5781,0,76
5781,1,43
5781,2,43
5782,0,32
5782,1,10
5782,2,68
5783,0,98
5783,1,77
5783,2,12
5784,0,70
5784,1,82
5784,2,8
5785,0,58
5785,1,76
5785,2,9
5786,0,32
5786,1,71
5786,2,10
5787,0,65
5787,1,89
5787,2,52
5788,0,67
5788,1,18
5788,2,70
5789,0,58
5789,1,51
5789,2,16
5790,0,46
5790,1,85
5790,2,92
5791,0,44
5791,1,10
5791,2,40
5792,0,13
5792,1,81
5792,2,46
5793,0,32
5793,1,68
5793,2,53
5794,0,43
5794,1,50
5794,2,23
5795,0,29
5795,1,17
5795,2,36
5796,0,100
5796,1,31
5796,2,1
5797,0,34
5797,1,11
5797,2,94
5798,0,8
5798,1,11
5798,2,55
5799,0,1
5799,1,19
5799,2,46
5800,0,67
5800,1,76
5800,2,57
5801,0,19
5801,1,41
5801,2,42
5802,0,31
5802,1,54
5802,2,99
5803,0,60
5803,1,71
5803,2,64
5804,0,10
5804,1,96
5804,2,81
5805,0,37
5805,1,45
5805,2,85
5806,0,53
5806,1,92
5806,2,54
5807,0,23
5807,1,4
5807,2,58
5808,0,58
5808,1,26
5808,2,17
5809,0,69
5809,1,62
5809,2,80
5810,0,35
5810,1,12
5810,2,54
5811,0,73
5811,1,39
5811,2,62
5812,0,48
5812,1,37
5812,2,50
5813,0,54
5813,1,35
5813,2,99
5814,0,77
5814,1,22
5814,2,82
5815,0,96
5815,1,38
5815,2,82
5816,0,59
5816,1,69
5816,2,81
5817,0,7
5817,1,21
5817,2,52
5818,0,84
5818,1,50
5818,2,78
5819,0,46
5819,1,36
5819,2,93
5820,0,61
5820,1,16
5820,2,86
5821,0,28
5821,1,36
5821,2,52
5822,0,21
5822,1,16
5822,2,6
5823,0,1
5823,1,100
5823,2,14
5824,0,67
5824,1,69
5824,2,42
5825,0,26
5825,1,81
5825,2,97
5826,0,68
5826,1,16
5826,2,20
5827,0,71
5827,1,20
5827,2,52
5828,0,72
5828,1,79
5828,2,72
5829,0,34
5829,1,59
5829,2,23
5830,0,34
5830,1,72
5830,2,98
5831,0,79
5831,1,25
5831,2,78
5832,0,59
5832,1,40
5832,2,72
5833,0,32
5833,1,46
5833,2,10
5834,0,25
5834,1,87
5834,2,90
5835,0,36
5835,1,73
5835,2,97
5836,0,76
5836,1,55
5836,2,23
5837,0,37
5837,1,11
5837,2,67
5838,0,73
5838,1,49
5838,2,28
5839,0,29
5839,1,6
5839,2,57
5840,0,24
5840,1,26
5840,2,83
5841,0,76
5841,1,27
5841,2,56
5842,0,24
5842,1,6
5842,2,57
5843,0,54
5843,1,97
5843,2,54
5844,0,71
5844,1,37
5844,2,82
5845,0,43
5845,1,58
5845,2,92
5846,0,5
5846,1,71
5846,2,90
5847,0,80
5847,1,52
5847,2,26
5848,0,20
5848,1,14
5848,2,74
5849,0,62
5849,1,91
5849,2,15
5850,0,48
5850,1,73
5850,2,22
5851,0,100
5851,1,49
5851,2,78
5852,0,33
5852,1,14
5852,2,28
5853,0,8
5853,1,69
5853,2,79
5854,0,51
5854,1,18
5854,2,31
5855,0,41
5855,1,54
5855,2,76
5856,0,16
5856,1,64
5856,2,44
5857,0,8
5857,1,9
5857,2,1
5858,0,13
5858,1,41
5858,2,46
5859,0,74
5859,1,12
5859,2,66
5860,0,96
5860,1,27
5860,2,84
5861,0,26
5861,1,9
5861,2,98
5862,0,42
5862,1,80
5862,2,45
5863,0,97
5863,1,13
5863,2,57
5864,0,73
5864,1,54
5864,2,24
5865,0,18
5865,1,7
5865,2,21
5866,0,37
5866,1,54
5866,2,43
5867,0,64
5867,1,16
5867,2,10
5868,0,33
5868,1,92
5868,2,4
5869,0,78
5869,1,91
5869,2,85
5870,0,58
5870,1,19
5870,2,20
5871,0,52
5871,1,100
5871,2,15
5872,0,26
5872,1,33
5872,2,50
5873,0,70
5873,1,5
5873,2,7
5874,0,51
5874,1,10
5874,2,10
5875,0,15
5875,1,62
5875,2,54
5876,0,92
5876,1,85
5876,2,0
5877,0,33
5877,1,1
5877,2,89
5878,0,26
5878,1,43
5878,2,40
5879,0,82
5879,1,74
5879,2,93
5880,0,49
5880,1,61
5880,2,78
5881,0,60
5881,1,5
5881,2,5
5882,0,34
5882,1,99
5882,2,66
5883,0,41
5883,1,19
5883,2,19
5884,0,38
5884,1,98
5884,2,12
5885,0,22
5885,1,49
5885,2,85
5886,0,28
5886,1,53
5886,2,69
5887,0,64
5887,1,4
5887,2,45
5888,0,27
5888,1,91
5888,2,86
5889,0,59
5889,1,89
5889,2,13
5890,0,79
5890,1,87
5890,2,5
5891,0,25
5891,1,38
5891,2,82
5892,0,55
5892,1,0
5892,2,87
5893,0,14
5893,1,37
5893,2,15
5894,0,53
5894,1,71
5894,2,13
5895,0,5
5895,1,91
5895,2,73
5896,0,87
5896,1,78
5896,2,71
5897,0,72
5897,1,23
5897,2,59
5898,0,79
5898,1,66
5898,2,95
5899,0,59
5899,1,84
5899,2,51
5900,0,19
5900,1,45
5900,2,57
5901,0,49
5901,1,44
5901,2,72
5902,0,30
5902,1,18
5902,2,72
5903,0,27
5903,1,63
5903,2,89
5904,0,8
5904,1,54
5904,2,14
5905,0,86
5905,1,27
5905,2,32
5906,0,67
5906,1,56
5906,2,19
5907,0,50
5907,1,96
5907,2,11
5908,0,33
5908,1,45
5908,2,23
5909,0,48
5909,1,71
5909,2,49
5910,0,41
5910,1,34
5910,2,13
5911,0,33
5911,1,4
5911,2,76
5912,0,18
5912,1,0
5912,2,30
5913,0,33
5913,1,83
5913,2,12
5914,0,78
5914,1,95
5914,2,65
5915,0,70
5915,1,29
5915,2,77
5916,0,59
5916,1,27
5916,2,45
5917,0,81
5917,1,96
5917,2,68
5918,0,69
5918,1,56
5918,2,1
5919,0,52
5919,1,55
5919,2,18
5920,0,63
5920,1,48
5920,2,24
5921,0,6
5921,1,68
5921,2,27
5922,0,75
5922,1,38
5922,2,48
5923,0,99
5923,1,99
5923,2,4
5924,0,96
5924,1,66
5924,2,47
5925,0,69
5925,1,2
5925,2,16
5926,0,33
5926,1,83
5926,2,81
5927,0,35
5927,1,5
5927,2,38
5928,0,30
5928,1,10
5928,2,79
5929,0,59
5929,1,68
5929,2,71
5930,0,11
5930,1,79
5930,2,86
5931,0,75
5931,1,84
5931,2,99
5932,0,40
5932,1,54
5932,2,5
5933,0,3
5933,1,10
5933,2,96
5934,0,78
5934,1,97
5934,2,4
5935,0,53
5935,1,79
5935,2,38
5936,0,99
5936,1,2
5936,2,70
5937,0,81
5937,1,15
5937,2,37
5938,0,92
5938,1,43
5938,2,14
5939,0,11
5939,1,3
5939,2,84
5940,0,35
5940,1,53
5940,2,70
5941,0,86
5941,1,31
5941,2,18
5942,0,79
5942,1,93
5942,2,15
5943,0,67
5943,1,77
5943,2,11
5944,0,51
5944,1,100
5944,2,25
5945,0,70
5945,1,81
5945,2,69
5946,0,82
5946,1,11
5946,2,15
5947,0,79
5947,1,20
5947,2,87
5948,0,69
5948,1,57
5948,2,75
5949,0,56
5949,1,54
5949,2,90
5950,0,74
5950,1,57
5950,2,74
5951,0,6
5951,1,25
5951,2,79
5952,0,80
5952,1,30
5952,2,16
5953,0,84
5953,1,38
5953,2,67
5954,0,1
5954,1,9
5954,2,24
5955,0,18
5955,1,7
5955,2,51
5956,0,47
5956,1,55
5956,2,47
5957,0,35
5957,1,1
5957,2,44
5958,0,63
5958,1,11
5958,2,61
5959,0,100
5959,1,72
5959,2,63
5960,0,77
5960,1,85
5960,2,26
5961,0,27
5961,1,57
5961,2,22
5962,0,100
5962,1,31
5962,2,42
5963,0,76
5963,1,20
5963,2,20
5964,0,64
5964,1,87
5964,2,48
5965,0,65
5965,1,95
5965,2,57
5966,0,32
5966,1,65
5966,2,5
5967,0,73
5967,1,63
5967,2,42
5968,0,44
5968,1,48
5968,2,17
5969,0,48
5969,1,15
5969,2,20
5970,0,73
5970,1,85
5970,2,28
5971,0,65
5971,1,38
5971,2,82
5972,0,45
5972,1,55
5972,2,63
5973,0,20
5973,1,6
5973,2,29
5974,0,22
5974,1,93
5974,2,94
5975,0,6
5975,1,90
5975,2,12
5976,0,33
5976,1,60
5976,2,83
5977,0,20
5977,1,73
5977,2,39
5978,0,68
5978,1,53
5978,2,94
5979,0,84
5979,1,54
5979,2,91
5980,0,52
5980,1,11
5980,2,45
5981,0,7
5981,1,91
5981,2,40
5982,0,68
5982,1,88
5982,2,83
5983,0,64
5983,1,10
5983,2,82
5984,0,45
5984,1,79
5984,2,86
5985,0,1
5985,1,52
5985,2,12
5986,0,39
5986,1,16
5986,2,9
5987,0,34
5987,1,98
5987,2,46
5988,0,77
5988,1,2
5988,2,44
5989,0,73
5989,1,99
5989,2,43
5990,0,0
5990,1,52
5990,2,12
5991,0,14
5991,1,53
5991,2,5
5992,0,76
5992,1,89
5992,2,24
5993,0,19
5993,1,47
5993,2,8
5994,0,35
5994,1,10
5994,2,87
5995,0,88
5995,1,54
5995,2,51
5996,0,60
5996,1,13
5996,2,5
5997,0,26
5997,1,71
5997,2,1
5998,0,43
5998,1,27
5998,2,91
5999,0,79
5999,1,79
5999,2,33
6000,0,17
6000,1,88
6000,2,21
6001,0,93
6001,1,63
6001,2,23
6002,0,62
6002,1,32
6002,2,47
6003,0,5
6003,1,73
6003,2,80
6004,0,76
6004,1,78
6004,2,15
6005,0,3
6005,1,72
6005,2,26
6006,0,15
6006,1,49
6006,2,25
6007,0,90
6007,1,82
6007,2,18
6008,0,14
6008,1,90
6008,2,2
6009,0,11
6009,1,41
6009,2,96
6010,0,56
6010,1,43
6010,2,95
6011,0,81
6011,1,64
6011,2,2
6012,0,46
6012,1,23
6012,2,54
6013,0,10
6013,1,72
6013,2,9
6014,0,30
6014,1,4
6014,2,15
6015,0,19
6015,1,48
6015,2,53
6016,0,70
6016,1,17
6016,2,34
6017,0,4
6017,1,14
6017,2,33
6018,0,40
6018,1,12
6018,2,35
6019,0,20
6019,1,19
6019,2,3
6020,0,85
6020,1,16
6020,2,77
6021,0,19
6021,1,98
6021,2,63
6022,0,3
6022,1,40
6022,2,84
6023,0,95
6023,1,10
6023,2,51
6024,0,14
6024,1,21
6024,2,2
6025,0,8
6025,1,6
6025,2,22
6026,0,90
6026,1,88
6026,2,81
6027,0,17
6027,1,57
6027,2,66
6028,0,18
6028,1,40
6028,2,41
6029,0,3
6029,1,69
6029,2,54
6030,0,39
6030,1,78
6030,2,71
6031,0,90
6031,1,28
6031,2,36
6032,0,87
6032,1,19
6032,2,9
6033,0,97
6033,1,23
6033,2,60
6034,0,21
6034,1,90
6034,2,54
6035,0,92
6035,1,96
6035,2,52
6036,0,16
6036,1,46
6036,2,70
6037,0,60
6037,1,79
6037,2,43
6038,0,71
6038,1,87
6038,2,54
6039,0,37
6039,1,3
6039,2,97
6040,0,14
6040,1,73
6040,2,4
6041,0,56
6041,1,60
6041,2,54
6042,0,5
6042,1,13
6042,2,51
6043,0,11
6043,1,34
6043,2,42
6044,0,75
6044,1,74
6044,2,25
6045,0,15
6045,1,0
6045,2,78
6046,0,47
6046,1,49
6046,2,91
6047,0,88
6047,1,89
6047,2,42
6048,0,92
6048,1,47
6048,2,98
6049,0,26
6049,1,40
6049,2,5
6050,0,70
6050,1,50
6050,2,34
6051,0,16
6051,1,6
6051,2,9
6052,0,52
6052,1,67
6052,2,2
6053,0,97
6053,1,61
6053,2,42
6054,0,64
6054,1,8
6054,2,34
6055,0,5
6055,1,21
6055,2,83
6056,0,93
6056,1,93
6056,2,47
6057,0,7
6057,1,76
6057,2,53
6058,0,94
6058,1,60
6058,2,51
6059,0,44
6059,1,7
6059,2,97
6060,0,6
6060,1,73
6060,2,79
6061,0,51
6061,1,17
6061,2,67
6062,0,11
6062,1,7
6062,2,61
6063,0,15
6063,1,81
6063,2,1
6064,0,62
6064,1,28
6064,2,98
6065,0,12
6065,1,31
6065,2,73
6066,0,11
6066,1,18
6066,2,9
6067,0,98
6067,1,56
6067,2,89
6068,0,66
6068,1,14
6068,2,89
6069,0,93
6069,1,73
6069,2,79
6070,0,40
6070,1,41
6070,2,62
6071,0,49
6071,1,63
6071,2,51
6072,0,4
6072,1,20
6072,2,98
6073,0,29
6073,1,33
6073,2,8
6074,0,62
6074,1,35
6074,2,50
6075,0,79
6075,1,27
6075,2,79
6076,0,96
6076,1,57
6076,2,93
6077,0,49
6077,1,35
6077,2,58
6078,0,74
6078,1,2
6078,2,35
6079,0,93
6079,1,60
6079,2,42
6080,0,86
6080,1,68
6080,2,25
6081,0,78
6081,1,34
6081,2,21
6082,0,100
6082,1,55
6082,2,30
6083,0,93
6083,1,90
6083,2,27
6084,0,46
6084,1,39
6084,2,1
6085,0,13
6085,1,30
6085,2,9
6086,0,59
6086,1,9
6086,2,24
6087,0,54
6087,1,48
6087,2,18
6088,0,82
6088,1,97
6088,2,16
6089,0,16
6089,1,80
6089,2,94
6090,0,57
6090,1,33
6090,2,62
6091,0,78
6091,1,78
6091,2,58
6092,0,28
6092,1,24
6092,2,5
6093,0,44
6093,1,7
6093,2,90
6094,0,96
6094,1,82
6094,2,35
6095,0,6
6095,1,84
6095,2,1
6096,0,17
6096,1,84
6096,2,46
6097,0,84
6097,1,67
6097,2,26
6098,0,80
6098,1,67
6098,2,44
6099,0,18
6099,1,99
6099,2,46
6100,0,38
6100,1,80
6100,2,59
6101,0,79
6101,1,95
6101,2,47
6102,0,35
6102,1,61
6102,2,11
6103,0,82
6103,1,3
6103,2,86
6104,0,71
6104,1,96
6104,2,68
6105,0,51
6105,1,42
6105,2,88
6106,0,78
6106,1,63
6106,2,67
6107,0,14
6107,1,76
6107,2,68
6108,0,85
6108,1,79
6108,2,83
6109,0,35
6109,1,10
6109,2,17
6110,0,30
6110,1,10
6110,2,44
6111,0,80
6111,1,72
6111,2,74
6112,0,27
6112,1,67
6112,2,94
6113,0,49
6113,1,47
6113,2,58
6114,0,6
6114,1,96
6114,2,54
6115,0,3
6115,1,17
6115,2,54
6116,0,14
6116,1,80
6116,2,82
6117,0,16
6117,1,76
6117,2,40
6118,0,71
6118,1,7
6118,2,12
6119,0,61
6119,1,52
6119,2,20
6120,0,32
6120,1,97
6120,2,87
6121,0,96
6121,1,14
6121,2,19
6122,0,20
6122,1,55
6122,2,24
6123,0,50
6123,1,29
6123,2,1
6124,0,47
6124,1,17
6124,2,53
6125,0,73
6125,1,0
6125,2,44
6126,0,16
6126,1,46
6126,2,34
6127,0,49
6127,1,2
6127,2,93
6128,0,25
6128,1,88
6128,2,18
6129,0,98
6129,1,88
6129,2,0
6130,0,56
6130,1,39
6130,2,41
6131,0,83
6131,1,33
6131,2,84
6132,0,66
6132,1,48
6132,2,33
6133,0,43
6133,1,34
6133,2,6
6134,0,7
6134,1,20
6134,2,3
6135,0,72
6135,1,50
6135,2,3
6136,0,56
6136,1,23
6136,2,67
6137,0,50
6137,1,36
6137,2,66
6138,0,24
6138,1,41
6138,2,38
6139,0,26
6139,1,76
6139,2,56
6140,0,17
6140,1,1
6140,2,40
6141,0,17
6141,1,51
6141,2,81
6142,0,0
6142,1,98
6142,2,19
6143,0,87
6143,1,57
6143,2,61
6144,0,86
6144,1,45
6144,2,90
6145,0,70
6145,1,4
6145,2,62
6146,0,43
6146,1,87
6146,2,45
6147,0,83
6147,1,39
6147,2,30
6148,0,12
6148,1,23
6148,2,80
6149,0,42
6149,1,13
6149,2,44
6150,0,26
6150,1,42
6150,2,43
6151,0,90
6151,1,100
6151,2,61
6152,0,42
6152,1,23
6152,2,97
6153,0,95
6153,1,31
6153,2,67
6154,0,15
6154,1,33
6154,2,47
6155,0,70
6155,1,66
6155,2,77
6156,0,43
6156,1,76
6156,2,56
6157,0,22
6157,1,93
6157,2,56
6158,0,4
6158,1,60
6158,2,14
6159,0,62
6159,1,15
6159,2,37
6160,0,3
6160,1,49
6160,2,30
6161,0,17
6161,1,71
6161,2,83
6162,0,46
6162,1,76
6162,2,75
6163,0,32
6163,1,55
6163,2,33
6164,0,85
6164,1,76
6164,2,64
6165,0,80
6165,1,5
6165,2,58
6166,0,11
6166,1,68
6166,2,57
6167,0,47
6167,1,49
6167,2,91
6168,0,93
6168,1,59
6168,2,24
6169,0,26
6169,1,49
6169,2,93
6170,0,38
6170,1,73
6170,2,65
6171,0,0
6171,1,69
6171,2,33
6172,0,72
6172,1,41
6172,2,78
6173,0,28
6173,1,42
6173,2,45
6174,0,32
6174,1,21
6174,2,25
6175,0,17
6175,1,20
6175,2,12
6176,0,35
6176,1,57
6176,2,10
6177,0,60
6177,1,69
6177,2,89
6178,0,44
6178,1,37
6178,2,49
6179,0,71
6179,1,90
6179,2,14
6180,0,73
6180,1,31
6180,2,77
6181,0,0
6181,1,61
6181,2,33
6182,0,42
6182,1,7
6182,2,72
6183,0,52
6183,1,4
6183,2,25
6184,0,51
6184,1,20
6184,2,35
6185,0,2
6185,1,0
6185,2,62
6186,0,82
6186,1,76
6186,2,6
6187,0,30
6187,1,26
6187,2,29
6188,0,78
6188,1,58
6188,2,12
6189,0,54
6189,1,96
6189,2,28
6190,0,87
6190,1,20
6190,2,84
6191,0,46
6191,1,56
6191,2,75
6192,0,18
6192,1,46
6192,2,87
6193,0,68
6193,1,90
6193,2,24
6194,0,52
6194,1,36
6194,2,24
6195,0,64
6195,1,92
6195,2,27
6196,0,85
6196,1,39
6196,2,18
6197,0,36
6197,1,99
6197,2,63
6198,0,40
6198,1,15
6198,2,7
6199,0,99
6199,1,70
6199,2,59
6200,0,3
6200,1,5
6200,2,87
6201,0,82
6201,1,8
6201,2,32
6202,0,2
6202,1,13
6202,2,33
6203,0,29
6203,1,84
6203,2,86
6204,0,13
6204,1,30
6204,2,50
6205,0,91
6205,1,15
6205,2,78
6206,0,7
6206,1,34
6206,2,99
6207,0,66
6207,1,17
6207,2,54
6208,0,98
6208,1,8
6208,2,29
6209,0,76
6209,1,3
6209,2,52
6210,0,76
6210,1,93
6210,2,3
6211,0,92
6211,1,59
6211,2,71
6212,0,73
6212,1,37
6212,2,74
6213,0,41
6213,1,13
6213,2,80
6214,0,59
6214,1,61
6214,2,32
6215,0,40
6215,1,35
6215,2,97
6216,0,86
6216,1,13
6216,2,58
6217,0,6
6217,1,24
6217,2,85
6218,0,97
6218,1,89
6218,2,60
6219,0,32
6219,1,83
6219,2,1
6220,0,65
6220,1,96
6220,2,69
6221,0,96
6221,1,94
6221,2,89
6222,0,78
6222,1,35
6222,2,31
6223,0,52
6223,1,75
6223,2,97
6224,0,81
6224,1,46
6224,2,41
6225,0,71
6225,1,54
6225,2,38
6226,0,15
6226,1,84
6226,2,56
6227,0,91
6227,1,98
6227,2,79
6228,0,50
6228,1,91
6228,2,70
6229,0,95
6229,1,24
6229,2,37
6230,0,21
6230,1,24
6230,2,51
6231,0,49
6231,1,7
6231,2,89
6232,0,41
6232,1,89
6232,2,57
6233,0,40
6233,1,53
6233,2,11
6234,0,51
6234,1,11
6234,2,40
6235,0,54
6235,1,99
6235,2,37
6236,0,72
6236,1,0
6236,2,80
6237,0,19
6237,1,61
6237,2,52
6238,0,21
6238,1,51
6238,2,42
6239,0,25
6239,1,37
6239,2,6
6240,0,63
6240,1,64
6240,2,30
6241,0,77
6241,1,5
6241,2,92
6242,0,56
6242,1,46
6242,2,87
6243,0,29
6243,1,45
6243,2,44
6244,0,35
6244,1,18
6244,2,23
6245,0,90
6245,1,82
6245,2,14
6246,0,82
6246,1,56
6246,2,3
6247,0,84
6247,1,66
6247,2,73
6248,0,26
6248,1,17
6248,2,35
6249,0,37
6249,1,69
6249,2,56
6250,0,31
6250,1,45
6250,2,8
6251,0,36
6251,1,62
6251,2,3
6252,0,30
6252,1,64
6252,2,19
6253,0,3
6253,1,49
6253,2,2
6254,0,22
6254,1,67
6254,2,88
6255,0,20
6255,1,34
6255,2,27
6256,0,19
6256,1,17
6256,2,60
6257,0,52
6257,1,90
6257,2,16
6258,0,31
6258,1,63
6258,2,69
6259,0,2
6259,1,75
6259,2,58
6260,0,12
6260,1,45
6260,2,49
6261,0,67
6261,1,86
6261,2,29
6262,0,20
6262,1,59
6262,2,78
6263,0,45
6263,1,52
6263,2,44
6264,0,25
6264,1,42
6264,2,92
6265,0,18
6265,1,10
6265,2,92
6266,0,27
6266,1,31
6266,2,91
6267,0,12
6267,1,40
6267,2,22
6268,0,91
6268,1,61
6268,2,26
6269,0,91
6269,1,78
6269,2,51
6270,0,6
6270,1,86
6270,2,17
6271,0,76
6271,1,50
6271,2,27
6272,0,91
6272,1,68
6272,2,40
6273,0,24
6273,1,56
6273,2,96
6274,0,51
6274,1,40
6274,2,72
6275,0,88
6275,1,29
6275,2,60
6276,0,10
6276,1,79
6276,2,93
6277,0,72
6277,1,37
6277,2,81
6278,0,20
6278,1,26
6278,2,60
6279,0,61
6279,1,33
6279,2,53
6280,0,54
6280,1,77
6280,2,62
6281,0,67
6281,1,40
6281,2,88
6282,0,6
6282,1,27
6282,2,18
6283,0,2
6283,1,41
6283,2,59
6284,0,90
6284,1,32
6284,2,90
6285,0,1
6285,1,28
6285,2,33
6286,0,22
6286,1,44
6286,2,85
6287,0,12
6287,1,5
6287,2,28
6288,0,36
6288,1,85
6288,2,76
6289,0,4
6289,1,65
6289,2,10
6290,0,22
6290,1,48
6290,2,82
6291,0,5
6291,1,14
6291,2,99
6292,0,34
6292,1,2
6292,2,58
6293,0,21
6293,1,87
6293,2,63
6294,0,60
6294,1,30
6294,2,38
6295,0,12
6295,1,1
6295,2,29
6296,0,100
6296,1,78
6296,2,36
6297,0,47
6297,1,85
6297,2,5
6298,0,54
6298,1,31
6298,2,68
6299,0,47
6299,1,99
6299,2,47
6300,0,20
6300,1,22
6300,2,41
6301,0,99
6301,1,9
6301,2,0
6302,0,16
6302,1,71
6302,2,85
6303,0,36
6303,1,98
6303,2,66
6304,0,87
6304,1,3
6304,2,23
6305,0,67
6305,1,68
6305,2,2
6306,0,95
6306,1,66
6306,2,94
6307,0,34
6307,1,25
6307,2,40
6308,0,97
6308,1,30
6308,2,29
6309,0,52
6309,1,52
6309,2,91
6310,0,10
6310,1,94
6310,2,82
6311,0,15
6311,1,20
6311,2,10
6312,0,67
6312,1,2
6312,2,6
6313,0,14
6313,1,86
6313,2,32
6314,0,34
6314,1,2
6314,2,44
6315,0,28
6315,1,69
6315,2,30
6316,0,46
6316,1,24
6316,2,22
6317,0,13
6317,1,58
6317,2,59
6318,0,5
6318,1,3
6318,2,36
6319,0,37
6319,1,88
6319,2,88
6320,0,29
6320,1,36
6320,2,77
6321,0,63
6321,1,87
6321,2,82
6322,0,43
6322,1,65
6322,2,33
6323,0,18
6323,1,54
6323,2,72
6324,0,16
6324,1,30
6324,2,64
6325,0,89
6325,1,58
6325,2,4
6326,0,93
6326,1,15
6326,2,30
6327,0,64
6327,1,98
6327,2,85
6328,0,74
6328,1,38
6328,2,38
6329,0,18
6329,1,49
6329,2,96
6330,0,69
6330,1,42
6330,2,0
6331,0,80
6331,1,76
6331,2,26
6332,0,30
6332,1,91
6332,2,54
6333,0,13
6333,1,26
6333,2,83
6334,0,65
6334,1,98
6334,2,45
6335,0,35
6335,1,72
6335,2,9
6336,0,39
6336,1,64
6336,2,8
6337,0,21
6337,1,69
6337,2,28
6338,0,93
6338,1,53
6338,2,71
6339,0,92
6339,1,89
6339,2,100
6340,0,6
6340,1,15
6340,2,50
6341,0,18
6341,1,2
6341,2,10
6342,0,56
6342,1,19
6342,2,93
6343,0,79
6343,1,23
6343,2,24
6344,0,76
6344,1,44
6344,2,21
6345,0,17
6345,1,81
6345,2,85
6346,0,84
6346,1,41
6346,2,31
6347,0,5
6347,1,59
6347,2,82
6348,0,38
6348,1,71
6348,2,97
6349,0,50
6349,1,71
6349,2,25
6350,0,74
6350,1,38
6350,2,93
6351,0,39
6351,1,25
6351,2,76
6352,0,85
6352,1,48
6352,2,18
6353,0,15
6353,1,10
6353,2,56
6354,0,8
6354,1,39
6354,2,13
6355,0,3
6355,1,14
6355,2,54
6356,0,78
6356,1,77
6356,2,37
6357,0,66
6357,1,79
6357,2,35
6358,0,75
6358,1,81
6358,2,51
6359,0,50
6359,1,33
6359,2,19
6360,0,23
6360,1,91
6360,2,2
6361,0,2
6361,1,72
6361,2,55
6362,0,42
6362,1,80
6362,2,2
6363,0,0
6363,1,24
6363,2,93
6364,0,63
6364,1,36
6364,2,81
6365,0,74
6365,1,28
6365,2,65
6366,0,51
6366,1,57
6366,2,60
6367,0,75
6367,1,35
6367,2,48
6368,0,97
6368,1,20
6368,2,44
6369,0,66
6369,1,89
6369,2,21
6370,0,53
6370,1,36
6370,2,0
6371,0,19
6371,1,8
6371,2,40
6372,0,29
6372,1,34
6372,2,33
6373,0,21
6373,1,88
6373,2,47
6374,0,25
6374,1,3
6374,2,37
6375,0,66
6375,1,33
6375,2,21
6376,0,23
6376,1,90
6376,2,79
6377,0,22
6377,1,5
6377,2,57
6378,0,31
6378,1,26
6378,2,55
6379,0,21
6379,1,51
6379,2,95
6380,0,27
6380,1,54
6380,2,56
6381,0,38
6381,1,88
6381,2,33
6382,0,54
6382,1,7
6382,2,83
6383,0,47
6383,1,54
6383,2,1
6384,0,26
6384,1,95
6384,2,45
6385,0,18
6385,1,52
6385,2,90
6386,0,47
6386,1,14
6386,2,79
6387,0,60
6387,1,58
6387,2,52
6388,0,0
6388,1,45
6388,2,74
6389,0,77
6389,1,9
6389,2,70
6390,0,87
6390,1,62
6390,2,53
6391,0,31
6391,1,1
6391,2,58
6392,0,49
6392,1,31
6392,2,75
6393,0,63
6393,1,29
6393,2,76
6394,0,35
6394,1,3
6394,2,43
6395,0,3
6395,1,77
6395,2,86
6396,0,6
6396,1,94
6396,2,2
6397,0,42
6397,1,76
6397,2,97
6398,0,56
6398,1,91
6398,2,47
6399,0,99
6399,1,70
6399,2,85
6400,0,12
6400,1,92
6400,2,73
6401,0,96
6401,1,22
6401,2,20
6402,0,10
6402,1,24
6402,2,96
6403,0,55
6403,1,93
6403,2,7
6404,0,69
6404,1,36
6404,2,41
6405,0,31
6405,1,99
6405,2,43
6406,0,2
6406,1,60
6406,2,26
6407,0,32
6407,1,42
6407,2,66
6408,0,17
6408,1,44
6408,2,44
6409,0,64
6409,1,36
6409,2,4
6410,0,8
6410,1,81
6410,2,18
6411,0,93
6411,1,95
6411,2,95
6412,0,73
6412,1,80
6412,2,92
6413,0,25
6413,1,89
6413,2,33
6414,0,30
6414,1,67
6414,2,72
6415,0,74
6415,1,94
6415,2,45
6416,0,61
6416,1,75
6416,2,66
6417,0,24
6417,1,33
6417,2,77
6418,0,52
6418,1,29
6418,2,38
6419,0,38
6419,1,9
6419,2,99
6420,0,1
6420,1,18
6420,2,94
6421,0,91
6421,1,50
6421,2,97
6422,0,14
6422,1,65
6422,2,91
6423,0,25
6423,1,41
6423,2,53
6424,0,93
6424,1,66
6424,2,45
6425,0,81
6425,1,46
6425,2,2
6426,0,37
6426,1,39
6426,2,86
6427,0,9
6427,1,35
6427,2,80
6428,0,99
6428,1,53
6428,2,58
6429,0,1
6429,1,7
6429,2,35
6430,0,7
6430,1,67
6430,2,55
6431,0,85
6431,1,27
6431,2,66
6432,0,28
6432,1,90
6432,2,5
6433,0,66
6433,1,0
6433,2,63
6434,0,56
6434,1,3
6434,2,38
6435,0,61
6435,1,18
6435,2,21
6436,0,74
6436,1,60
6436,2,44
6437,0,43
6437,1,72
6437,2,53
6438,0,76
6438,1,12
6438,2,25
6439,0,29
6439,1,66
6439,2,67
6440,0,66
6440,1,95
6440,2,66
6441,0,56
6441,1,85
6441,2,14
6442,0,32
6442,1,83
6442,2,9
6443,0,63
6443,1,90
6443,2,82
6444,0,47
6444,1,81
6444,2,80
6445,0,69
6445,1,90
6445,2,88
6446,0,62
6446,1,79
6446,2,7
6447,0,47
6447,1,77
6447,2,23
6448,0,38
6448,1,82
6448,2,49
6449,0,51
6449,1,35
6449,2,24
6450,0,67
6450,1,20
6450,2,11
6451,0,38
6451,1,47
6451,2,33
6452,0,11
6452,1,95
6452,2,2
6453,0,31
6453,1,38
6453,2,56
6454,0,69
6454,1,66
6454,2,66
6455,0,87
6455,1,14
6455,2,22
6456,0,59
6456,1,78
6456,2,23
6457,0,41
6457,1,66
6457,2,100
6458,0,90
6458,1,16
6458,2,78
6459,0,4
6459,1,48
6459,2,1
6460,0,9
6460,1,84
6460,2,28
6461,0,30
6461,1,28
6461,2,11
6462,0,18
6462,1,56
6462,2,36
6463,0,84
6463,1,73
6463,2,70
6464,0,84
6464,1,1
6464,2,28
6465,0,3
6465,1,46
6465,2,51
6466,0,63
6466,1,73
6466,2,8
6467,0,64
6467,1,72
6467,2,31
6468,0,74
6468,1,78
6468,2,37
6469,0,88
6469,1,73
6469,2,60
6470,0,83
6470,1,74
6470,2,39
6471,0,0
6471,1,31
6471,2,56
6472,0,17
6472,1,28
6472,2,47
6473,0,7
6473,1,59
6473,2,89
6474,0,8
6474,1,93
6474,2,76
6475,0,47
6475,1,8
6475,2,3
6476,0,40
6476,1,95
6476,2,14
6477,0,45
6477,1,43
6477,2,81
6478,0,27
6478,1,57
6478,2,94
6479,0,50
6479,1,59
6479,2,41
6480,0,31
6480,1,78
6480,2,81
6481,0,38
6481,1,22
6481,2,32
6482,0,6
6482,1,50
6482,2,12
6483,0,47
6483,1,78
6483,2,36
6484,0,23
6484,1,2
6484,2,41
6485,0,82
6485,1,78
6485,2,38
6486,0,46
6486,1,73
6486,2,41
6487,0,11
6487,1,28
6487,2,63
6488,0,5
6488,1,99
6488,2,20
6489,0,32
6489,1,39
6489,2,24
6490,0,56
6490,1,26
6490,2,53
6491,0,43
6491,1,11
6491,2,9
6492,0,10
6492,1,16
6492,2,14
6493,0,62
6493,1,65
6493,2,92
6494,0,93
6494,1,80
6494,2,31
6495,0,95
6495,1,70
6495,2,32
6496,0,25
6496,1,53
6496,2,10
6497,0,7
6497,1,82
6497,2,80
6498,0,90
6498,1,76
6498,2,34
6499,0,72
6499,1,8
6499,2,14
6500,0,28
6500,1,53
6500,2,55
6501,0,47
6501,1,56
6501,2,58
6502,0,55
6502,1,8
6502,2,19
6503,0,0
6503,1,24
6503,2,64
6504,0,26
6504,1,85
6504,2,18
6505,0,5
6505,1,95
6505,2,58
6506,0,27
6506,1,1
6506,2,92
6507,0,56
6507,1,60
6507,2,33
6508,0,98
6508,1,45
6508,2,90
6509,0,30
6509,1,8
6509,2,81
6510,0,82
6510,1,8
6510,2,3
6511,0,13
6511,1,39
6511,2,94
6512,0,14
6512,1,15
6512,2,18
6513,0,91
6513,1,89
6513,2,9
6514,0,35
6514,1,3
6514,2,10
6515,0,47
6515,1,37
6515,2,52
6516,0,7
6516,1,6
6516,2,57
6517,0,70
6517,1,1
6517,2,70
6518,0,56
6518,1,38
6518,2,43
6519,0,21
6519,1,70
6519,2,93
6520,0,44
6520,1,49
6520,2,35
6521,0,80
6521,1,23
6521,2,22
6522,0,9
6522,1,72
6522,2,75
6523,0,100
6523,1,95
6523,2,13
6524,0,59
6524,1,86
6524,2,42
6525,0,83
6525,1,43
6525,2,50
6526,0,88
6526,1,0
6526,2,41
6527,0,10
6527,1,85
6527,2,3
6528,0,12
6528,1,19
6528,2,13
6529,0,52
6529,1,19
6529,2,65
6530,0,6
6530,1,95
6530,2,71
6531,0,32
6531,1,50
6531,2,68
6532,0,49
6532,1,45
6532,2,91
6533,0,76
6533,1,23
6533,2,7
6534,0,60
6534,1,54
6534,2,75
6535,0,47
6535,1,48
6535,2,78
6536,0,37
6536,1,5
6536,2,78
6537,0,57
6537,1,29
6537,2,23
6538,0,22
6538,1,32
6538,2,88
6539,0,59
6539,1,29
6539,2,72
6540,0,36
6540,1,36
6540,2,83
6541,0,52
6541,1,15
6541,2,5
6542,0,12
6542,1,19
6542,2,43
6543,0,8
6543,1,80
6543,2,98
6544,0,51
6544,1,39
6544,2,54
6545,0,64
6545,1,90
6545,2,63
6546,0,73
6546,1,78
6546,2,29
6547,0,80
6547,1,62
6547,2,99
6548,0,50
6548,1,41
6548,2,87
6549,0,40
6549,1,65
6549,2,68
6550,0,73
6550,1,7
6550,2,32
6551,0,6
6551,1,1
6551,2,89
6552,0,96
6552,1,2
6552,2,61
6553,0,96
6553,1,83
6553,2,66
6554,0,53
6554,1,91
6554,2,58
6555,0,90
6555,1,29
6555,2,31
6556,0,67
6556,1,90
6556,2,53
6557,0,3
6557,1,52
6557,2,20
6558,0,75
6558,1,12
6558,2,13
6559,0,90
6559,1,21
6559,2,24
6560,0,57
6560,1,9
6560,2,93
6561,0,70
6561,1,46
6561,2,83
6562,0,16
6562,1,74
6562,2,16
6563,0,19
6563,1,81
6563,2,79
6564,0,69
6564,1,95
6564,2,87
6565,0,89
6565,1,70
6565,2,85
6566,0,74
6566,1,53
6566,2,16
6567,0,43
6567,1,91
6567,2,4
6568,0,6
6568,1,69
6568,2,88
6569,0,28
6569,1,5
6569,2,37
6570,0,3
6570,1,76
6570,2,37
6571,0,91
6571,1,84
6571,2,65
6572,0,26
6572,1,2
6572,2,95
6573,0,23
6573,1,44
6573,2,30
6574,0,9
6574,1,36
6574,2,72
6575,0,11
6575,1,32
6575,2,7
6576,0,17
6576,1,53
6576,2,31
6577,0,66
6577,1,13
6577,2,41
6578,0,69
6578,1,86
6578,2,56
6579,0,58
6579,1,98
6579,2,18
6580,0,89
6580,1,96
6580,2,59
6581,0,71
6581,1,95
6581,2,49
6582,0,60
6582,1,7
6582,2,13
6583,0,4
6583,1,32
6583,2,94
6584,0,35
6584,1,22
6584,2,61
6585,0,88
6585,1,66
6585,2,2
6586,0,8
6586,1,98
6586,2,5
6587,0,81
6587,1,69
6587,2,51
6588,0,66
6588,1,4
6588,2,90
6589,0,12
6589,1,17
6589,2,58
6590,0,1
6590,1,82
6590,2,14
6591,0,41
6591,1,11
6591,2,43
6592,0,9
6592,1,35
6592,2,85
6593,0,75
6593,1,67
6593,2,96
6594,0,3
6594,1,63
6594,2,45
6595,0,1
6595,1,34
6595,2,95
6596,0,65
6596,1,12
6596,2,65
6597,0,17
6597,1,78
6597,2,71
6598,0,19
6598,1,15
6598,2,32
6599,0,54
6599,1,5
6599,2,21
6600,0,69
6600,1,22
6600,2,69
6601,0,15
6601,1,66
6601,2,57
6602,0,33
6602,1,35
6602,2,24
6603,0,21
6603,1,35
6603,2,96
6604,0,88
6604,1,56
6604,2,88
6605,0,0
6605,1,45
6605,2,93
6606,0,12
6606,1,1
6606,2,67
6607,0,94
6607,1,42
6607,2,93
6608,0,50
6608,1,92
6608,2,7
6609,0,25
6609,1,40
6609,2,27
6610,0,31
6610,1,56
6610,2,53
6611,0,52
6611,1,61
6611,2,73
6612,0,63
6612,1,72
6612,2,56
6613,0,60
6613,1,71
6613,2,1
6614,0,91
6614,1,1
6614,2,81
6615,0,4
6615,1,94
6615,2,20
6616,0,51
6616,1,18
6616,2,76
6617,0,56
6617,1,37
6617,2,71
6618,0,9
6618,1,64
6618,2,23
6619,0,1
6619,1,44
6619,2,22
6620,0,83
6620,1,40
6620,2,92
6621,0,93
6621,1,4
6621,2,79
6622,0,49
6622,1,82
6622,2,24
6623,0,6
6623,1,6
6623,2,27
6624,0,66
6624,1,98
6624,2,19
6625,0,29
6625,1,73
6625,2,98
6626,0,90
6626,1,5
6626,2,21
6627,0,27
6627,1,76
6627,2,7
6628,0,54
6628,1,74
6628,2,62
6629,0,98
6629,1,24
6629,2,90
6630,0,61
6630,1,11
6630,2,13
6631,0,77
6631,1,92
6631,2,42
6632,0,8
6632,1,28
6632,2,99
6633,0,42
6633,1,33
6633,2,9
6634,0,4
6634,1,37
6634,2,49
6635,0,51
6635,1,69
6635,2,5
6636,0,53
6636,1,52
6636,2,44
6637,0,18
6637,1,74
6637,2,86
6638,0,18
6638,1,13
6638,2,46
6639,0,64
6639,1,97
6639,2,67
6640,0,47
6640,1,93
6640,2,31
6641,0,65
6641,1,83
6641,2,25
6642,0,87
6642,1,33
6642,2,75
6643,0,6
6643,1,66
6643,2,2
6644,0,9
6644,1,29
6644,2,90
6645,0,65
6645,1,33
6645,2,44
6646,0,0
6646,1,41
6646,2,64
6647,0,5
6647,1,53
6647,2,76
6648,0,2
6648,1,33
6648,2,92
6649,0,85
6649,1,74
6649,2,73
6650,0,20
6650,1,68
6650,2,69
6651,0,20
6651,1,1
6651,2,8
6652,0,82
6652,1,56
6652,2,87
6653,0,85
6653,1,29
6653,2,62
6654,0,54
6654,1,6
6654,2,46
6655,0,50
6655,1,13
6655,2,3
6656,0,14
6656,1,63
6656,2,49
6657,0,33
6657,1,13
6657,2,25
6658,0,30
6658,1,8
6658,2,92
6659,0,91
6659,1,88
6659,2,65
6660,0,27
6660,1,45
6660,2,94
6661,0,63
6661,1,95
6661,2,48
6662,0,12
6662,1,9
6662,2,20
6663,0,78
6663,1,77
6663,2,93
6664,0,91
6664,1,39
6664,2,29
6665,0,0
6665,1,4
6665,2,7
6666,0,92
6666,1,17
6666,2,53
6667,0,56
6667,1,89
6667,2,97
6668,0,12
6668,1,15
6668,2,14
6669,0,79
6669,1,24
6669,2,9
6670,0,1
6670,1,4
6670,2,15
6671,0,17
6671,1,56
6671,2,37
6672,0,22
6672,1,7
6672,2,15
6673,0,97
6673,1,99
6673,2,63
6674,0,98
6674,1,99
6674,2,45
6675,0,36
6675,1,86
6675,2,22
6676,0,75
6676,1,58
6676,2,15
6677,0,30
6677,1,63
6677,2,51
6678,0,4
6678,1,15
6678,2,23
6679,0,43
6679,1,82
6679,2,7
6680,0,47
6680,1,76
6680,2,39
6681,0,69
6681,1,12
6681,2,93
6682,0,87
6682,1,69
6682,2,29
6683,0,6
6683,1,77
6683,2,72
6684,0,77
6684,1,38
6684,2,39
6685,0,64
6685,1,13
6685,2,8
6686,0,20
6686,1,98
6686,2,74
6687,0,5
6687,1,69
6687,2,90
6688,0,25
6688,1,30
6688,2,50
6689,0,32
6689,1,13
6689,2,56
6690,0,61
6690,1,68
6690,2,9
6691,0,65
6691,1,35
6691,2,48
6692,0,41
6692,1,62
6692,2,82
6693,0,12
6693,1,53
6693,2,76
6694,0,44
6694,1,76
6694,2,46
6695,0,54
6695,1,37
6695,2,5
6696,0,37
6696,1,47
6696,2,63
6697,0,34
6697,1,44
6697,2,72
6698,0,37
6698,1,51
6698,2,77
6699,0,3
6699,1,20
6699,2,33
6700,0,90
6700,1,59
6700,2,2
6701,0,26
6701,1,55
6701,2,35
6702,0,73
6702,1,83
6702,2,73
6703,0,87
6703,1,3
6703,2,43
6704,0,26
6704,1,28
6704,2,56
6705,0,0
6705,1,18
6705,2,55
6706,0,71
6706,1,82
6706,2,71
6707,0,22
6707,1,29
6707,2,77
6708,0,4
6708,1,75
6708,2,100
6709,0,59
6709,1,68
6709,2,62
6710,0,67
6710,1,24
6710,2,57
6711,0,45
6711,1,3
6711,2,39
6712,0,22
6712,1,98
6712,2,12
6713,0,92
6713,1,18
6713,2,79
6714,0,79
6714,1,38
6714,2,99
6715,0,21
6715,1,85
6715,2,18
6716,0,36
6716,1,97
6716,2,14
6717,0,7
6717,1,70
6717,2,5
6718,0,38
6718,1,25
6718,2,82
6719,0,0
6719,1,31
6719,2,86
6720,0,24
6720,1,97
6720,2,21
6721,0,66
6721,1,70
6721,2,82
6722,0,7
6722,1,77
6722,2,12
6723,0,50
6723,1,8
6723,2,65
6724,0,31
6724,1,43
6724,2,38
6725,0,33
6725,1,75
6725,2,66
6726,0,71
6726,1,99
6726,2,60
6727,0,48
6727,1,87
6727,2,92
6728,0,4
6728,1,40
6728,2,58
6729,0,31
6729,1,15
6729,2,88
6730,0,47
6730,1,41
6730,2,57
6731,0,90
6731,1,20
6731,2,50
6732,0,85
6732,1,57
6732,2,91
6733,0,20
6733,1,29
6733,2,53
6734,0,90
6734,1,94
6734,2,94
6735,0,92
6735,1,50
6735,2,22
6736,0,95
6736,1,18
6736,2,56
6737,0,74
6737,1,41
6737,2,17
6738,0,93
6738,1,84
6738,2,76
6739,0,82
6739,1,71
6739,2,38
6740,0,93
6740,1,33
6740,2,55
6741,0,33
6741,1,89
6741,2,41
6742,0,71
6742,1,59
6742,2,22
6743,0,76
6743,1,52
6743,2,18
6744,0,85
6744,1,4
6744,2,63
6745,0,62
6745,1,57
6745,2,14
6746,0,52
6746,1,56
6746,2,69
6747,0,66
6747,1,72
6747,2,23
6748,0,13
6748,1,63
6748,2,14
6749,0,49
6749,1,65
6749,2,53
6750,0,55
6750,1,16
6750,2,19
6751,0,20
6751,1,6
6751,2,10
6752,0,44
6752,1,39
6752,2,98
6753,0,61
6753,1,22
6753,2,7
6754,0,40
6754,1,53
6754,2,22
6755,0,14
6755,1,90
6755,2,52
6756,0,75
6756,1,22
6756,2,81
6757,0,13
6757,1,29
6757,2,42
6758,0,50
6758,1,69
6758,2,79
6759,0,93
6759,1,70
6759,2,41
6760,0,97
6760,1,37
6760,2,46
6761,0,84
6761,1,78
6761,2,15
6762,0,8
6762,1,97
6762,2,64
6763,0,9
6763,1,97
6763,2,85
6764,0,91
6764,1,7
6764,2,81
6765,0,87
6765,1,50
6765,2,70
6766,0,65
6766,1,22
6766,2,56
6767,0,45
6767,1,30
6767,2,44
6768,0,60
6768,1,39
6768,2,28
6769,0,60
6769,1,94
6769,2,10
6770,0,70
6770,1,11
6770,2,34
6771,0,5
6771,1,28
6771,2,43
6772,0,47
6772,1,6
6772,2,42
6773,0,83
6773,1,42
6773,2,71
6774,0,92
6774,1,42
6774,2,38
6775,0,26
6775,1,60
6775,2,33
6776,0,7
6776,1,58
6776,2,86
6777,0,26
6777,1,81
6777,2,72
6778,0,4
6778,1,35
6778,2,69
6779,0,50
6779,1,87
6779,2,21
6780,0,67
6780,1,63
6780,2,12
6781,0,91
6781,1,78
6781,2,30
6782,0,49
6782,1,78
6782,2,78
6783,0,39
6783,1,62
6783,2,88
6784,0,14
6784,1,30
6784,2,53
6785,0,72
6785,1,13
6785,2,37
6786,0,14
6786,1,2
6786,2,52
6787,0,7
6787,1,96
6787,2,76
6788,0,96
6788,1,17
6788,2,26
6789,0,88
6789,1,41
6789,2,65
6790,0,76
6790,1,5
6790,2,26
6791,0,38
6791,1,70
6791,2,1
6792,0,26
6792,1,31
6792,2,44
6793,0,73
6793,1,38
6793,2,42
6794,0,18
6794,1,76
6794,2,37
6795,0,100
6795,1,63
6795,2,63
6796,0,37
6796,1,40
6796,2,14
6797,0,57
6797,1,38
6797,2,93
6798,0,73
6798,1,23
6798,2,20
6799,0,46
6799,1,27
6799,2,12
6800,0,60
6800,1,39
6800,2,94
6801,0,24
6801,1,22
6801,2,2
6802,0,53
6802,1,9
6802,2,26
6803,0,78
6803,1,53
6803,2,87
6804,0,51
6804,1,89
6804,2,62
6805,0,57
6805,1,30
6805,2,31
6806,0,26
6806,1,81
6806,2,35
6807,0,52
6807,1,10
6807,2,3
6808,0,86
6808,1,46
6808,2,27
6809,0,98
6809,1,8
6809,2,34
6810,0,74
6810,1,38
6810,2,85
6811,0,6
6811,1,0
6811,2,96
6812,0,81
6812,1,90
6812,2,16
6813,0,41
6813,1,31
6813,2,4
6814,0,69
6814,1,76
6814,2,15
6815,0,84
6815,1,83
6815,2,95
6816,0,89
6816,1,47
6816,2,3
6817,0,23
6817,1,4
6817,2,48
6818,0,93
6818,1,38
6818,2,49
6819,0,46
6819,1,83
6819,2,69
6820,0,89
6820,1,70
6820,2,41
6821,0,82
6821,1,91
6821,2,37
6822,0,31
6822,1,90
6822,2,44
6823,0,73
6823,1,8
6823,2,89
6824,0,19
6824,1,27
6824,2,91
6825,0,48
6825,1,42
6825,2,47
6826,0,65
6826,1,98
6826,2,40
6827,0,92
6827,1,25
6827,2,26
6828,0,22
6828,1,79
6828,2,66
6829,0,28
6829,1,77
6829,2,44
6830,0,39
6830,1,82
6830,2,79
6831,0,100
6831,1,96
6831,2,11
6832,0,60
6832,1,25
6832,2,13
6833,0,17
6833,1,50
6833,2,89
6834,0,96
6834,1,53
6834,2,76
6835,0,31
6835,1,16
6835,2,32
6836,0,45
6836,1,39
6836,2,59
6837,0,38
6837,1,50
6837,2,9
6838,0,47
6838,1,50
6838,2,17
6839,0,56
6839,1,7
6839,2,40
6840,0,38
6840,1,22
6840,2,31
6841,0,92
6841,1,68
6841,2,57
6842,0,17
6842,1,6
6842,2,100
6843,0,54
6843,1,100
6843,2,64
6844,0,65
6844,1,65
6844,2,73
6845,0,81
6845,1,14
6845,2,15
6846,0,51
6846,1,0
6846,2,38
6847,0,53
6847,1,66
6847,2,99
6848,0,55
6848,1,84
6848,2,86
6849,0,94
6849,1,96
6849,2,92
6850,0,16
6850,1,37
6850,2,37
6851,0,63
6851,1,12
6851,2,2
6852,0,82
6852,1,16
6852,2,6
6853,0,34
6853,1,81
6853,2,16
6854,0,10
6854,1,88
6854,2,38
6855,0,84
6855,1,98
6855,2,67
6856,0,71
6856,1,55
6856,2,68
6857,0,8
6857,1,47
6857,2,56
6858,0,87
6858,1,33
6858,2,9
6859,0,5
6859,1,30
6859,2,52
6860,0,24
6860,1,2
6860,2,20
6861,0,24
6861,1,80
6861,2,33
6862,0,23
6862,1,97
6862,2,87
6863,0,85
6863,1,13
6863,2,14
6864,0,64
6864,1,28
6864,2,6
6865,0,62
6865,1,41
6865,2,65
6866,0,15
6866,1,50
6866,2,34
6867,0,19
6867,1,66
6867,2,35
6868,0,94
6868,1,89
6868,2,79
6869,0,17
6869,1,77
6869,2,5
6870,0,100
6870,1,42
6870,2,72
6871,0,51
6871,1,61
6871,2,87
6872,0,17
6872,1,46
6872,2,20
6873,0,42
6873,1,99
6873,2,11
6874,0,33
6874,1,3
6874,2,28
6875,0,72
6875,1,84
6875,2,60
6876,0,50
6876,1,74
6876,2,26
6877,0,90
6877,1,43
6877,2,15
6878,0,11
6878,1,97
6878,2,0
6879,0,50
6879,1,98
6879,2,83
6880,0,46
6880,1,96
6880,2,11
6881,0,90
6881,1,37
6881,2,94
6882,0,72
6882,1,78
6882,2,61
6883,0,87
6883,1,57
6883,2,52
6884,0,98
6884,1,21
6884,2,93
6885,0,37
6885,1,59
6885,2,2
6886,0,51
6886,1,81
6886,2,22
6887,0,21
6887,1,8
6887,2,22
6888,0,32
6888,1,36
6888,2,58
6889,0,15
6889,1,14
6889,2,44
6890,0,25
6890,1,10
6890,2,16
6891,0,98
6891,1,93
6891,2,58
6892,0,48
6892,1,62
6892,2,28
6893,0,29
6893,1,95
6893,2,1
6894,0,92
6894,1,67
6894,2,48
6895,0,90
6895,1,14
6895,2,68
6896,0,0
6896,1,7
6896,2,9
6897,0,83
6897,1,56
6897,2,41
6898,0,51
6898,1,81
6898,2,23
6899,0,81
6899,1,85
6899,2,12
6900,0,22
6900,1,63
6900,2,4
6901,0,0
6901,1,78
6901,2,86
6902,0,55
6902,1,59
6902,2,32
6903,0,3
6903,1,66
6903,2,78
6904,0,99
6904,1,91
6904,2,38
6905,0,25
6905,1,17
6905,2,24
6906,0,12
6906,1,1
6906,2,75
6907,0,93
6907,1,81
6907,2,79
6908,0,52
6908,1,20
6908,2,37
6909,0,93
6909,1,73
6909,2,85
6910,0,84
6910,1,62
6910,2,17
6911,0,41
6911,1,11
6911,2,90
6912,0,53
6912,1,81
6912,2,21
6913,0,12
6913,1,7
6913,2,17
6914,0,85
6914,1,55
6914,2,5
6915,0,23
6915,1,83
6915,2,95
6916,0,37
6916,1,61
6916,2,100
6917,0,95
6917,1,19
6917,2,15
6918,0,27
6918,1,44
6918,2,57
6919,0,54
6919,1,93
6919,2,65
6920,0,48
6920,1,55
6920,2,31
6921,0,70
6921,1,54
6921,2,63
6922,0,59
6922,1,41
6922,2,71
6923,0,25
6923,1,34
6923,2,42
6924,0,39
6924,1,66
6924,2,10
6925,0,20
6925,1,49
6925,2,1
6926,0,2
6926,1,59
6926,2,87
6927,0,16
6927,1,23
6927,2,100
6928,0,96
6928,1,52
6928,2,27
6929,0,91
6929,1,24
6929,2,72
6930,0,92
6930,1,15
6930,2,9
6931,0,13
6931,1,98
6931,2,66
6932,0,98
6932,1,66
6932,2,43
6933,0,79
6933,1,53
6933,2,35
6934,0,97
6934,1,86
6934,2,39
6935,0,88
6935,1,90
6935,2,25
6936,0,96
6936,1,15
6936,2,15
6937,0,41
6937,1,87
6937,2,21
6938,0,90
6938,1,14
6938,2,16
6939,0,15
6939,1,97
6939,2,67
6940,0,92
6940,1,19
6940,2,41
6941,0,50
6941,1,57
6941,2,37
6942,0,91
6942,1,6
6942,2,29
6943,0,29
6943,1,58
6943,2,75
6944,0,25
6944,1,60
6944,2,36
6945,0,69
6945,1,23
6945,2,44
6946,0,35
6946,1,41
6946,2,85
6947,0,66
6947,1,15
6947,2,64
6948,0,26
6948,1,31
6948,2,4
6949,0,5
6949,1,88
6949,2,7
6950,0,12
6950,1,61
6950,2,31
6951,0,93
6951,1,91
6951,2,92
6952,0,76
6952,1,20
6952,2,56
6953,0,67
6953,1,87
6953,2,10
6954,0,33
6954,1,44
6954,2,20
6955,0,10
6955,1,32
6955,2,1
6956,0,14
6956,1,1
6956,2,38
6957,0,18
6957,1,58
6957,2,62
6958,0,32
6958,1,97
6958,2,64
6959,0,36
6959,1,86
6959,2,86
6960,0,34
6960,1,38
6960,2,38
6961,0,17
6961,1,11
6961,2,21
6962,0,91
6962,1,16
6962,2,80
6963,0,35
6963,1,38
6963,2,21
6964,0,45
6964,1,67
6964,2,11
6965,0,67
6965,1,6
6965,2,28
6966,0,71
6966,1,19
6966,2,53
6967,0,95
6967,1,46
6967,2,41
6968,0,86
6968,1,25
6968,2,73
6969,0,13
6969,1,67
6969,2,33
6970,0,62
6970,1,33
6970,2,36
6971,0,69
6971,1,74
6971,2,46
6972,0,31
6972,1,77
6972,2,83
6973,0,32
6973,1,77
6973,2,92
6974,0,28
6974,1,66
6974,2,28
6975,0,27
6975,1,59
6975,2,87
6976,0,93
6976,1,80
6976,2,77
6977,0,81
6977,1,3
6977,2,71
6978,0,63
6978,1,62
6978,2,92
6979,0,83
6979,1,53
6979,2,32
6980,0,79
6980,1,30
6980,2,59
6981,0,20
6981,1,1
6981,2,72
6982,0,46
6982,1,72
6982,2,9
6983,0,49
6983,1,41
6983,2,44
6984,0,83
6984,1,78
6984,2,1
6985,0,2
6985,1,10
6985,2,34
6986,0,41
6986,1,5
6986,2,52
6987,0,8
6987,1,61
6987,2,88
6988,0,13
6988,1,72
6988,2,54
6989,0,37
6989,1,49
6989,2,29
6990,0,57
6990,1,30
6990,2,18
6991,0,34
6991,1,18
6991,2,32
6992,0,17
6992,1,27
6992,2,95
6993,0,44
6993,1,1
6993,2,64
6994,0,81
6994,1,27
6994,2,26
6995,0,14
6995,1,27
6995,2,67
6996,0,79
6996,1,84
6996,2,55
6997,0,7
6997,1,70
6997,2,42
6998,0,82
6998,1,14
6998,2,15
6999,0,62
6999,1,30
6999,2,66
7000,0,60
7000,1,45
7000,2,24
7001,0,23
7001,1,41
7001,2,37
7002,0,31
7002,1,73
7002,2,3
7003,0,93
7003,1,70
7003,2,47
7004,0,73
7004,1,17
7004,2,21
7005,0,27
7005,1,68
7005,2,94
7006,0,28
7006,1,91
7006,2,81
7007,0,54
7007,1,7
7007,2,87
7008,0,2
7008,1,47
7008,2,58
7009,0,90
7009,1,10
7009,2,44
7010,0,97
7010,1,7
7010,2,18
7011,0,67
7011,1,35
7011,2,17
7012,0,45
7012,1,22
7012,2,32
7013,0,66
7013,1,4
7013,2,85
7014,0,51
7014,1,96
7014,2,15
7015,0,36
7015,1,12
7015,2,39
7016,0,21
7016,1,66
7016,2,80
7017,0,73
7017,1,15
7017,2,3
7018,0,21
7018,1,13
7018,2,28
7019,0,45
7019,1,54
7019,2,20
7020,0,45
7020,1,68
7020,2,41
7021,0,74
7021,1,71
7021,2,19
7022,0,3
7022,1,30
7022,2,88
7023,0,63
7023,1,95
7023,2,57
7024,0,36
7024,1,92
7024,2,8
7025,0,87
7025,1,46
7025,2,18
7026,0,99
7026,1,35
7026,2,78
7027,0,87
7027,1,71
7027,2,57
7028,0,35
7028,1,84
7028,2,60
7029,0,28
7029,1,82
7029,2,8
7030,0,68
7030,1,59
7030,2,77
7031,0,59
7031,1,12
7031,2,46
7032,0,74
7032,1,27
7032,2,36
7033,0,6
7033,1,1
7033,2,54
7034,0,81
7034,1,67
7034,2,2
7035,0,80
7035,1,4
7035,2,46
7036,0,73
7036,1,11
7036,2,44
7037,0,89
7037,1,69
7037,2,24
7038,0,15
7038,1,34
7038,2,3
7039,0,62
7039,1,4
7039,2,2
7040,0,72
7040,1,63
7040,2,60
7041,0,28
7041,1,90
7041,2,76
7042,0,56
7042,1,32
7042,2,3
7043,0,85
7043,1,91
7043,2,78
7044,0,22
7044,1,49
7044,2,48
7045,0,86
7045,1,54
7045,2,51
7046,0,89
7046,1,68
7046,2,59
7047,0,44
7047,1,23
7047,2,9
7048,0,91
7048,1,15
7048,2,97
7049,0,82
7049,1,95
7049,2,55
7050,0,40
7050,1,7
7050,2,83
7051,0,87
7051,1,58
7051,2,83
7052,0,1
7052,1,59
7052,2,29
7053,0,100
7053,1,43
7053,2,66
7054,0,20
7054,1,48
7054,2,8
7055,0,66
7055,1,45
7055,2,40
7056,0,2
7056,1,57
7056,2,53
7057,0,77
7057,1,45
7057,2,40
7058,0,63
7058,1,78
7058,2,85
7059,0,82
7059,1,52
7059,2,11
7060,0,39
7060,1,45
7060,2,5
7061,0,59
7061,1,41
7061,2,14
7062,0,87
7062,1,33
7062,2,75
7063,0,21
7063,1,54
7063,2,31
7064,0,58
7064,1,100
7064,2,56
7065,0,55
7065,1,34
7065,2,39
7066,0,89
7066,1,26
7066,2,43
7067,0,56
7067,1,9
7067,2,26
7068,0,7
7068,1,89
7068,2,68
7069,0,92
7069,1,11
7069,2,27
7070,0,75
7070,1,48
7070,2,76
7071,0,68
7071,1,48
7071,2,91
7072,0,31
7072,1,6
7072,2,75
7073,0,49
7073,1,86
7073,2,91
7074,0,0
7074,1,0
7074,2,56
7075,0,16
7075,1,61
7075,2,54
7076,0,47
7076,1,90
7076,2,82
7077,0,87
7077,1,90
7077,2,44
7078,0,98
7078,1,3
7078,2,61
7079,0,59
7079,1,83
7079,2,77
7080,0,30
7080,1,7
7080,2,41
7081,0,16
7081,1,86
7081,2,12
7082,0,45
7082,1,6
7082,2,9
7083,0,87
7083,1,18
7083,2,62
7084,0,3
7084,1,45
7084,2,96
7085,0,63
7085,1,67
7085,2,53
7086,0,85
7086,1,76
7086,2,79
7087,0,54
7087,1,22
7087,2,22
7088,0,8
7088,1,78
7088,2,20
7089,0,75
7089,1,76
7089,2,76
7090,0,47
7090,1,49
7090,2,31
7091,0,66
7091,1,77
7091,2,51
7092,0,61
7092,1,44
7092,2,82
7093,0,10
7093,1,37
7093,2,0
7094,0,4
7094,1,97
7094,2,73
7095,0,60
7095,1,73
7095,2,56
7096,0,43
7096,1,47
7096,2,43
7097,0,58
7097,1,36
7097,2,68
7098,0,72
7098,1,91
7098,2,11
7099,0,37
7099,1,34
7099,2,56
7100,0,84
7100,1,15
7100,2,78
7101,0,73
7101,1,44
7101,2,42
7102,0,37
7102,1,0
7102,2,4
7103,0,36
7103,1,61
7103,2,52
7104,0,76
7104,1,3
7104,2,70
7105,0,76
7105,1,48
7105,2,41
7106,0,17
7106,1,42
7106,2,8
7107,0,25
7107,1,4
7107,2,56
7108,0,20
7108,1,86
7108,2,28
7109,0,85
7109,1,83
7109,2,95
7110,0,39
7110,1,1
7110,2,51
7111,0,90
7111,1,26
7111,2,31
7112,0,81
7112,1,33
7112,2,39
7113,0,51
7113,1,90
7113,2,42
7114,0,5
7114,1,24
7114,2,44
7115,0,90
7115,1,48
7115,2,86
7116,0,98
7116,1,69
7116,2,71
7117,0,10
7117,1,12
7117,2,61
7118,0,44
7118,1,77
7118,2,56
7119,0,35
7119,1,16
7119,2,2
7120,0,94
7120,1,37
7120,2,50
7121,0,9
7121,1,59
7121,2,63
7122,0,76
7122,1,80
7122,2,24
7123,0,26
7123,1,35
7123,2,13
7124,0,97
7124,1,2
7124,2,68
7125,0,91
7125,1,95
7125,2,38
7126,0,21
7126,1,23
7126,2,98
7127,0,29
7127,1,40
7127,2,66
7128,0,79
7128,1,26
7128,2,19
7129,0,73
7129,1,1
7129,2,38
7130,0,57
7130,1,93
7130,2,97
7131,0,86
7131,1,95
7131,2,70
7132,0,32
7132,1,69
7132,2,45
7133,0,17
7133,1,98
7133,2,24
7134,0,9
7134,1,9
7134,2,46
7135,0,94
7135,1,37
7135,2,85
7136,0,52
7136,1,32
7136,2,30
7137,0,98
7137,1,59
7137,2,76
7138,0,7
7138,1,77
7138,2,40
7139,0,55
7139,1,72
7139,2,4
7140,0,7
7140,1,87
7140,2,40
7141,0,100
7141,1,67
7141,2,53
7142,0,78
7142,1,52
7142,2,32
7143,0,57
7143,1,41
7143,2,5
7144,0,51
7144,1,71
7144,2,80
7145,0,63
7145,1,80
7145,2,75
7146,0,0
7146,1,8
7146,2,24
7147,0,58
7147,1,88
7147,2,85
7148,0,20
7148,1,55
7148,2,2
7149,0,12
7149,1,87
7149,2,5
7150,0,64
7150,1,26
7150,2,57
7151,0,73
7151,1,70
7151,2,22
7152,0,59
7152,1,54
7152,2,80
7153,0,28
7153,1,26
7153,2,65
7154,0,36
7154,1,58
7154,2,6
7155,0,43
7155,1,26
7155,2,90
7156,0,35
7156,1,48
7156,2,8
7157,0,98
7157,1,91
7157,2,70
7158,0,1
7158,1,4
7158,2,2
7159,0,99
7159,1,20
7159,2,5
7160,0,22
7160,1,97
7160,2,64
7161,0,49
7161,1,42
7161,2,70
7162,0,47
7162,1,1
7162,2,17
7163,0,11
7163,1,55
7163,2,4
7164,0,36
7164,1,66
7164,2,22
7165,0,69
7165,1,49
7165,2,82
7166,0,81
7166,1,99
7166,2,41
7167,0,32
7167,1,53
7167,2,77
7168,0,3
7168,1,28
7168,2,46
7169,0,61
7169,1,33
7169,2,93
7170,0,65
7170,1,72
7170,2,28
7171,0,9
7171,1,56
7171,2,44
7172,0,95
7172,1,3
7172,2,2
7173,0,3
7173,1,85
7173,2,99
7174,0,70
7174,1,57
7174,2,60
7175,0,58
7175,1,42
7175,2,76
7176,0,66
7176,1,67
7176,2,54
7177,0,35
7177,1,69
7177,2,94
7178,0,47
7178,1,15
7178,2,59
7179,0,100
7179,1,38
7179,2,5
7180,0,34
7180,1,37
7180,2,45
7181,0,45
7181,1,32
7181,2,82
7182,0,50
7182,1,41
7182,2,60
7183,0,35
7183,1,94
7183,2,34
7184,0,54
7184,1,48
7184,2,78
7185,0,21
7185,1,17
7185,2,50
7186,0,74
7186,1,76
7186,2,84
7187,0,42
7187,1,60
7187,2,9
7188,0,35
7188,1,38
7188,2,54
7189,0,18
7189,1,70
7189,2,36
7190,0,7
7190,1,87
7190,2,57
7191,0,91
7191,1,57
7191,2,72
7192,0,3
7192,1,17
7192,2,57
7193,0,1
7193,1,27
7193,2,88
7194,0,3
7194,1,67
7194,2,88
7195,0,39
7195,1,29
7195,2,79
7196,0,66
7196,1,47
7196,2,4
7197,0,11
7197,1,12
7197,2,37
7198,0,86
7198,1,27
7198,2,56
7199,0,67
7199,1,56
7199,2,37
7200,0,27
7200,1,9
7200,2,47
7201,0,84
7201,1,31
7201,2,79
7202,0,96
7202,1,37
7202,2,25
7203,0,71
7203,1,19
7203,2,18
7204,0,43
7204,1,28
7204,2,14
7205,0,28
7205,1,96
7205,2,87
7206,0,69
7206,1,89
7206,2,85
7207,0,5
7207,1,95
7207,2,13
7208,0,8
7208,1,54
7208,2,9
7209,0,9
7209,1,7
7209,2,69
7210,0,82
7210,1,34
7210,2,42
7211,0,77
7211,1,90
7211,2,73
7212,0,51
7212,1,86
7212,2,64
7213,0,59
7213,1,32
7213,2,96
7214,0,9
7214,1,48
7214,2,54
7215,0,27
7215,1,26
7215,2,94
7216,0,40
7216,1,39
7216,2,52
7217,0,34
7217,1,60
7217,2,1
7218,0,40
7218,1,32
7218,2,50
7219,0,41
7219,1,44
7219,2,75
7220,0,69
7220,1,69
7220,2,3
7221,0,67
7221,1,9
7221,2,71
7222,0,87
7222,1,97
7222,2,82
7223,0,84
7223,1,47
7223,2,23
7224,0,98
7224,1,65
7224,2,42
7225,0,98
7225,1,69
7225,2,40
7226,0,5
7226,1,39
7226,2,73
7227,0,64
7227,1,77
7227,2,79
7228,0,35
7228,1,74
7228,2,60
7229,0,26
7229,1,57
7229,2,35
7230,0,60
7230,1,21
7230,2,71
7231,0,52
7231,1,31
7231,2,94
7232,0,26
7232,1,58
7232,2,10
7233,0,24
7233,1,83
7233,2,17
7234,0,32
7234,1,81
7234,2,21
7235,0,33
7235,1,52
7235,2,7
7236,0,35
7236,1,37
7236,2,55
7237,0,18
7237,1,73
7237,2,45
7238,0,15
7238,1,40
7238,2,3
7239,0,19
7239,1,20
7239,2,97
7240,0,63
7240,1,11
7240,2,13
7241,0,13
7241,1,90
7241,2,11
7242,0,26
7242,1,11
7242,2,30
7243,0,85
7243,1,16
7243,2,46
7244,0,95
7244,1,23
7244,2,93
7245,0,75
7245,1,54
7245,2,42
7246,0,45
7246,1,38
7246,2,77
7247,0,35
7247,1,8
7247,2,66
7248,0,38
7248,1,0
7248,2,49
7249,0,60
7249,1,41
7249,2,81
7250,0,28
7250,1,63
7250,2,79
7251,0,27
7251,1,82
7251,2,90
7252,0,72
7252,1,77
7252,2,46
7253,0,35
7253,1,84
7253,2,89
7254,0,31
7254,1,97
7254,2,40
7255,0,87
7255,1,78
7255,2,91
7256,0,76
7256,1,71
7256,2,26
7257,0,26
7257,1,77
7257,2,21
7258,0,77
7258,1,3
7258,2,68
7259,0,53
7259,1,59
7259,2,12
7260,0,13
7260,1,52
7260,2,25
7261,0,71
7261,1,75
7261,2,64
7262,0,49
7262,1,29
7262,2,86
7263,0,56
7263,1,31
7263,2,96
7264,0,3
7264,1,55
7264,2,64
7265,0,52
7265,1,21
7265,2,32
7266,0,39
7266,1,55
7266,2,17
7267,0,83
7267,1,85
7267,2,44
7268,0,6
7268,1,19
7268,2,87
7269,0,25
7269,1,1
7269,2,82
7270,0,17
7270,1,20
7270,2,0
7271,0,84
7271,1,62
7271,2,18
7272,0,87
7272,1,58
7272,2,18
7273,0,49
7273,1,4
7273,2,1
7274,0,55
7274,1,27
7274,2,82
7275,0,6
7275,1,85
7275,2,40
7276,0,21
7276,1,6
7276,2,92
7277,0,86
7277,1,24
7277,2,83
7278,0,94
7278,1,1
7278,2,31
7279,0,85
7279,1,19
7279,2,91
7280,0,40
7280,1,33
7280,2,8
7281,0,0
7281,1,12
7281,2,81
7282,0,99
7282,1,55
7282,2,87
7283,0,86
7283,1,68
7283,2,14
7284,0,76
7284,1,78
7284,2,70
7285,0,4
7285,1,30
7285,2,86
7286,0,18
7286,1,24
7286,2,52
7287,0,4
7287,1,24
7287,2,14
7288,0,73
7288,1,85
7288,2,22
7289,0,2
7289,1,54
7289,2,24
7290,0,80
7290,1,65
7290,2,83
7291,0,25
7291,1,12
7291,2,23
7292,0,47
7292,1,38
7292,2,69
7293,0,20
7293,1,34
7293,2,98
7294,0,30
7294,1,96
7294,2,37
7295,0,75
7295,1,17
7295,2,46
7296,0,67
7296,1,72
7296,2,45
7297,0,35
7297,1,19
7297,2,38
7298,0,61
7298,1,64
7298,2,70
7299,0,5
7299,1,52
7299,2,94
7300,0,63
7300,1,26
7300,2,98
7301,0,85
7301,1,45
7301,2,67
7302,0,63
7302,1,53
7302,2,81
7303,0,32
7303,1,90
7303,2,83
7304,0,45
7304,1,40
7304,2,99
7305,0,48
7305,1,52
7305,2,50
7306,0,50
7306,1,53
7306,2,52
7307,0,39
7307,1,72
7307,2,79
7308,0,30
7308,1,75
7308,2,6
7309,0,10
7309,1,83
7309,2,43
7310,0,2
7310,1,76
7310,2,12
7311,0,19
7311,1,40
7311,2,70
7312,0,57
7312,1,47
7312,2,76
7313,0,47
7313,1,7
7313,2,80
7314,0,59
7314,1,35
7314,2,11
7315,0,32
7315,1,86
7315,2,69
7316,0,82
7316,1,87
7316,2,51
7317,0,42
7317,1,48
7317,2,9
7318,0,66
7318,1,6
7318,2,7
7319,0,60
7319,1,7
7319,2,68
7320,0,73
7320,1,75
7320,2,77
7321,0,2
7321,1,10
7321,2,94
7322,0,15
7322,1,63
7322,2,95
7323,0,46
7323,1,35
7323,2,20
7324,0,73
7324,1,74
7324,2,86
7325,0,40
7325,1,4
7325,2,9
7326,0,33
7326,1,45
7326,2,55
7327,0,91
7327,1,83
7327,2,49
7328,0,64
7328,1,93
7328,2,94
7329,0,83
7329,1,0
7329,2,56
7330,0,12
7330,1,86
7330,2,16
7331,0,46
7331,1,25
7331,2,48
7332,0,51
7332,1,66
7332,2,20
7333,0,24
7333,1,12
7333,2,58
7334,0,32
7334,1,9
7334,2,34
7335,0,97
7335,1,54
7335,2,46
7336,0,26
7336,1,41
7336,2,27
7337,0,1
7337,1,11
7337,2,79
7338,0,1
7338,1,7
7338,2,62
7339,0,31
7339,1,65
7339,2,42
7340,0,6
7340,1,77
7340,2,73
7341,0,49
7341,1,89
7341,2,52
7342,0,27
7342,1,10
7342,2,28
7343,0,39
7343,1,36
7343,2,56
7344,0,75
7344,1,82
7344,2,63
7345,0,88
7345,1,59
7345,2,9
7346,0,2
7346,1,34
7346,2,30
7347,0,45
7347,1,4
7347,2,27
7348,0,93
7348,1,37
7348,2,98
7349,0,40
7349,1,70
7349,2,63
7350,0,52
7350,1,38
7350,2,27
7351,0,64
7351,1,73
7351,2,31
7352,0,31
7352,1,43
7352,2,14
7353,0,22
7353,1,2
7353,2,88
7354,0,44
7354,1,42
7354,2,3
7355,0,71
7355,1,93
7355,2,13
7356,0,48
7356,1,60
7356,2,34
7357,0,70
7357,1,20
7357,2,46
7358,0,17
7358,1,54
7358,2,49
7359,0,27
7359,1,45
7359,2,96
7360,0,53
7360,1,20
7360,2,15
7361,0,20
7361,1,78
7361,2,76
7362,0,74
7362,1,28
7362,2,64
7363,0,74
7363,1,38
7363,2,16
7364,0,8
7364,1,80
7364,2,27
7365,0,78
7365,1,32
7365,2,43
7366,0,55
7366,1,92
7366,2,88
7367,0,71
7367,1,1
7367,2,90
7368,0,79
7368,1,4
7368,2,56
7369,0,9
7369,1,10
7369,2,1
7370,0,10
7370,1,36
7370,2,64
7371,0,24
7371,1,100
7371,2,98
7372,0,7
7372,1,26
7372,2,91
7373,0,67
7373,1,1
7373,2,51
7374,0,20
7374,1,73
7374,2,23
7375,0,47
7375,1,80
7375,2,84
7376,0,85
7376,1,58
7376,2,53
7377,0,42
7377,1,27
7377,2,17
7378,0,10
7378,1,87
7378,2,43
7379,0,48
7379,1,86
7379,2,71
7380,0,92
7380,1,90
7380,2,13
7381,0,29
7381,1,17
7381,2,84
7382,0,55
7382,1,50
7382,2,69
7383,0,23
7383,1,80
7383,2,28
7384,0,36
7384,1,43
7384,2,0
7385,0,41
7385,1,63
7385,2,44
7386,0,38
7386,1,44
7386,2,22
7387,0,19
7387,1,53
7387,2,79
7388,0,36
7388,1,2
7388,2,7
7389,0,42
7389,1,69
7389,2,25
7390,0,44
7390,1,35
7390,2,15
7391,0,85
7391,1,7
7391,2,72
7392,0,51
7392,1,25
7392,2,86
7393,0,84
7393,1,49
7393,2,32
7394,0,14
7394,1,31
7394,2,79
7395,0,88
7395,1,24
7395,2,44
7396,0,31
7396,1,3
7396,2,66
7397,0,8
7397,1,95
7397,2,26
7398,0,8
7398,1,54
7398,2,12
7399,0,4
7399,1,53
7399,2,46
7400,0,73
7400,1,7
7400,2,53
7401,0,73
7401,1,72
7401,2,17
7402,0,48
7402,1,14
7402,2,48
7403,0,66
7403,1,78
7403,2,42
7404,0,84
7404,1,22
7404,2,27
7405,0,39
7405,1,63
7405,2,39
7406,0,37
7406,1,90
7406,2,49
7407,0,7
7407,1,18
7407,2,42
7408,0,100
7408,1,26
7408,2,18
7409,0,13
7409,1,83
7409,2,95
7410,0,80
7410,1,75
7410,2,75
7411,0,50
7411,1,25
7411,2,30
7412,0,43
7412,1,52
7412,2,42
7413,0,13
7413,1,6
7413,2,37
7414,0,1
7414,1,81
7414,2,55
7415,0,7
7415,1,52
7415,2,4
7416,0,73
7416,1,50
7416,2,28
7417,0,73
7417,1,90
7417,2,41
7418,0,91
7418,1,54
7418,2,70
7419,0,45
7419,1,41
7419,2,34
7420,0,96
7420,1,6
7420,2,31
7421,0,48
7421,1,67
7421,2,33
7422,0,30
7422,1,46
7422,2,3
7423,0,59
7423,1,79
7423,2,40
7424,0,68
7424,1,94
7424,2,94
7425,0,8
7425,1,94
7425,2,89
7426,0,64
7426,1,36
7426,2,47
7427,0,69
7427,1,37
7427,2,16
7428,0,98
7428,1,32
7428,2,9
7429,0,65
7429,1,46
7429,2,19
7430,0,61
7430,1,12
7430,2,37
7431,0,57
7431,1,39
7431,2,54
7432,0,87
7432,1,37
7432,2,1
7433,0,0
7433,1,36
7433,2,64
7434,0,31
7434,1,5
7434,2,18
7435,0,56
7435,1,93
7435,2,87
7436,0,19
7436,1,76
7436,2,35
7437,0,43
7437,1,42
7437,2,73
7438,0,55
7438,1,52
7438,2,35
7439,0,36
7439,1,5
7439,2,17
7440,0,86
7440,1,39
7440,2,97
7441,0,25
7441,1,24
7441,2,74
7442,0,8
7442,1,0
7442,2,26
7443,0,57
7443,1,83
7443,2,57
7444,0,67
7444,1,38
7444,2,60
7445,0,91
7445,1,97
7445,2,51
7446,0,11
7446,1,84
7446,2,80
7447,0,21
7447,1,11
7447,2,6
7448,0,66
7448,1,60
7448,2,91
7449,0,3
7449,1,30
7449,2,18
7450,0,4
7450,1,38
7450,2,83
7451,0,12
7451,1,27
7451,2,40
7452,0,79
7452,1,60
7452,2,64
7453,0,3
7453,1,39
7453,2,21
7454,0,50
7454,1,3
7454,2,5
7455,0,42
7455,1,6
7455,2,16
7456,0,9
7456,1,84
7456,2,13
7457,0,59
7457,1,35
7457,2,51
7458,0,3
7458,1,3
7458,2,93
7459,0,84
7459,1,64
7459,2,60
7460,0,32
7460,1,2
7460,2,9
7461,0,81
7461,1,85
7461,2,100
7462,0,74
7462,1,95
7462,2,25
7463,0,46
7463,1,16
7463,2,92
7464,0,90
7464,1,0
7464,2,5
7465,0,6
7465,1,46
7465,2,36
7466,0,64
7466,1,12
7466,2,14
7467,0,5
7467,1,9
7467,2,83
7468,0,96
7468,1,30
7468,2,48
7469,0,40
7469,1,4
7469,2,97
7470,0,66
7470,1,2
7470,2,78
7471,0,9
7471,1,81
7471,2,65
7472,0,24
7472,1,14
7472,2,91
7473,0,26
7473,1,31
7473,2,56
7474,0,72
7474,1,13
7474,2,20
7475,0,59
7475,1,76
7475,2,6
7476,0,84
7476,1,73
7476,2,49
7477,0,69
7477,1,45
7477,2,45
7478,0,22
7478,1,82
7478,2,50
7479,0,67
7479,1,29
7479,2,56
7480,0,56
7480,1,60
7480,2,50
7481,0,92
7481,1,3
7481,2,23
7482,0,99
7482,1,89
7482,2,69
7483,0,89
7483,1,18
7483,2,99
7484,0,41
7484,1,53
7484,2,28
7485,0,12
7485,1,53
7485,2,58
7486,0,98
7486,1,80
7486,2,1
7487,0,67
7487,1,47
7487,2,38
7488,0,6
7488,1,37
7488,2,92
7489,0,76
7489,1,71
7489,2,60
7490,0,21
7490,1,65
7490,2,87
7491,0,55
7491,1,84
7491,2,92
7492,0,44
7492,1,17
7492,2,30
7493,0,56
7493,1,80
7493,2,34
7494,0,37
7494,1,87
7494,2,4
7495,0,19
7495,1,59
7495,2,87
7496,0,40
7496,1,13
7496,2,52
7497,0,32
7497,1,93
7497,2,60
7498,0,66
7498,1,34
7498,2,14
7499,0,66
7499,1,2
7499,2,34
7500,0,66
7500,1,31
7500,2,13
7501,0,39
7501,1,65
7501,2,0
7502,0,61
7502,1,42
7502,2,3
7503,0,23
7503,1,82
7503,2,20
7504,0,44
7504,1,86
7504,2,38
7505,0,28
7505,1,64
7505,2,56
7506,0,1
7506,1,35
7506,2,12
7507,0,87
7507,1,93
7507,2,83
7508,0,41
7508,1,31
7508,2,23
7509,0,81
7509,1,82
7509,2,63
7510,0,61
7510,1,1
7510,2,9
7511,0,100
7511,1,31
7511,2,51
7512,0,62
7512,1,52
7512,2,40
7513,0,52
7513,1,40
7513,2,27
7514,0,8
7514,1,32
7514,2,9
7515,0,74
7515,1,76
7515,2,80
7516,0,8
7516,1,47
7516,2,85
7517,0,100
7517,1,5
7517,2,90
7518,0,81
7518,1,81
7518,2,12
7519,0,42
7519,1,69
7519,2,71
7520,0,19
7520,1,100
7520,2,12
7521,0,30
7521,1,23
7521,2,16
7522,0,71
7522,1,37
7522,2,96
7523,0,4
7523,1,95
7523,2,41
7524,0,7
7524,1,39
7524,2,54
7525,0,12
7525,1,43
7525,2,55
7526,0,59
7526,1,34
7526,2,9
7527,0,19
7527,1,11
7527,2,82
7528,0,75
7528,1,53
7528,2,65
7529,0,46
7529,1,69
7529,2,1
7530,0,14
7530,1,35
7530,2,12
7531,0,87
7531,1,82
7531,2,63
7532,0,66
7532,1,84
7532,2,92
7533,0,37
7533,1,20
7533,2,60
7534,0,16
7534,1,62
7534,2,9
7535,0,72
7535,1,28
7535,2,89
7536,0,64
7536,1,10
7536,2,54
7537,0,4
7537,1,26
7537,2,44
7538,0,87
7538,1,2
7538,2,9
7539,0,1
7539,1,9
7539,2,85
7540,0,90
7540,1,38
7540,2,29
7541,0,50
7541,1,70
7541,2,94
7542,0,16
7542,1,9
7542,2,50
7543,0,36
7543,1,9
7543,2,42
7544,0,23
7544,1,56
7544,2,48
7545,0,14
7545,1,70
7545,2,36
7546,0,83
7546,1,1
7546,2,34
7547,0,64
7547,1,41
7547,2,7
7548,0,38
7548,1,38
7548,2,17
7549,0,41
7549,1,21
7549,2,62
7550,0,5
7550,1,53
7550,2,96
7551,0,31
7551,1,76
7551,2,70
7552,0,17
7552,1,17
7552,2,96
7553,0,84
7553,1,42
7553,2,81
7554,0,28
7554,1,29
7554,2,22
7555,0,25
7555,1,75
7555,2,48
7556,0,20
7556,1,33
7556,2,3
7557,0,92
7557,1,36
7557,2,29
7558,0,10
7558,1,66
7558,2,28
7559,0,16
7559,1,5
7559,2,14
7560,0,52
7560,1,52
7560,2,78
7561,0,99
7561,1,73
7561,2,98
7562,0,60
7562,1,76
7562,2,85
7563,0,46
7563,1,52
7563,2,59
7564,0,2
7564,1,98
7564,2,27
7565,0,50
7565,1,12
7565,2,35
7566,0,83
7566,1,59
7566,2,24
7567,0,20
7567,1,93
7567,2,31
7568,0,78
7568,1,16
7568,2,2
7569,0,26
7569,1,74
7569,2,1
7570,0,79
7570,1,37
7570,2,69
7571,0,48
7571,1,44
7571,2,77
7572,0,82
7572,1,58
7572,2,65
7573,0,33
7573,1,92
7573,2,38
7574,0,3
7574,1,45
7574,2,84
7575,0,80
7575,1,63
7575,2,23
7576,0,85
7576,1,30
7576,2,93
7577,0,58
7577,1,8
7577,2,25
7578,0,14
7578,1,86
7578,2,16
7579,0,75
7579,1,43
7579,2,93
7580,0,58
7580,1,13
7580,2,61
7581,0,2
7581,1,53
7581,2,96
7582,0,27
7582,1,0
7582,2,76
7583,0,25
7583,1,49
7583,2,14
7584,0,22
7584,1,11
7584,2,67
7585,0,100
7585,1,41
7585,2,6
7586,0,18
7586,1,27
7586,2,88
7587,0,80
7587,1,36
7587,2,4
7588,0,36
7588,1,63
7588,2,43
7589,0,74
7589,1,56
7589,2,44
7590,0,8
7590,1,0
7590,2,21
7591,0,92
7591,1,73
7591,2,99
7592,0,31
7592,1,74
7592,2,84
7593,0,78
7593,1,94
7593,2,17
7594,0,23
7594,1,96
7594,2,46
7595,0,17
7595,1,13
7595,2,47
7596,0,40
7596,1,95
7596,2,64
7597,0,63
7597,1,80
7597,2,64
7598,0,63
7598,1,22
7598,2,95
7599,0,24
7599,1,96
7599,2,45
7600,0,52
7600,1,55
7600,2,99
7601,0,4
7601,1,61
7601,2,40
7602,0,20
7602,1,71
7602,2,93
7603,0,28
7603,1,83
7603,2,100
7604,0,23
7604,1,30
7604,2,86
7605,0,8
7605,1,62
7605,2,48
7606,0,35
7606,1,43
7606,2,5
7607,0,70
7607,1,22
7607,2,27
7608,0,70
7608,1,96
7608,2,59
7609,0,89
7609,1,31
7609,2,7
7610,0,45
7610,1,55
7610,2,17
7611,0,24
7611,1,96
7611,2,88
7612,0,38
7612,1,58
7612,2,28
7613,0,79
7613,1,19
7613,2,87
7614,0,34
7614,1,21
7614,2,79
7615,0,79
7615,1,38
7615,2,78
7616,0,6
7616,1,57
7616,2,5
7617,0,93
7617,1,53
7617,2,98
7618,0,24
7618,1,61
7618,2,61
7619,0,91
7619,1,1
7619,2,43
7620,0,62
7620,1,91
7620,2,23
7621,0,30
7621,1,54
7621,2,95
7622,0,66
7622,1,71
7622,2,11
7623,0,50
7623,1,64
7623,2,47
7624,0,60
7624,1,75
7624,2,82
7625,0,12
7625,1,51
7625,2,74
7626,0,62
7626,1,9
7626,2,73
7627,0,56
7627,1,85
7627,2,40
7628,0,31
7628,1,87
7628,2,9
7629,0,34
7629,1,57
7629,2,14
7630,0,28
7630,1,89
7630,2,27
7631,0,20
7631,1,36
7631,2,85
7632,0,20
7632,1,38
7632,2,64
7633,0,28
7633,1,50
7633,2,3
7634,0,21
7634,1,45
7634,2,80
7635,0,54
7635,1,25
7635,2,47
7636,0,70
7636,1,18
7636,2,54
7637,0,4
7637,1,28
7637,2,72
7638,0,13
7638,1,10
7638,2,96
7639,0,1
7639,1,40
7639,2,85
7640,0,11
7640,1,51
7640,2,17
7641,0,22
7641,1,100
7641,2,92
7642,0,1
7642,1,3
7642,2,56
7643,0,1
7643,1,91
7643,2,60
7644,0,15
7644,1,5
7644,2,79
7645,0,29
7645,1,72
7645,2,43
7646,0,23
7646,1,44
7646,2,88
7647,0,36
7647,1,8
7647,2,33
7648,0,40
7648,1,80
7648,2,15
7649,0,6
7649,1,13
7649,2,5
7650,0,27
7650,1,82
7650,2,81
7651,0,66
7651,1,20
7651,2,53
7652,0,49
7652,1,33
7652,2,23
7653,0,87
7653,1,85
7653,2,74
7654,0,28
7654,1,67
7654,2,3
7655,0,65
7655,1,29
7655,2,46
7656,0,84
7656,1,47
7656,2,55
7657,0,73
7657,1,33
7657,2,95
7658,0,20
7658,1,84
7658,2,98
7659,0,72
7659,1,93
7659,2,9
7660,0,40
7660,1,96
7660,2,42
7661,0,23
7661,1,84
7661,2,15
7662,0,98
7662,1,60
7662,2,98
7663,0,50
7663,1,58
7663,2,60
7664,0,69
7664,1,99
7664,2,8
7665,0,34
7665,1,17
7665,2,83
7666,0,4
7666,1,72
7666,2,87
7667,0,33
7667,1,44
7667,2,40
7668,0,33
7668,1,90
7668,2,14
7669,0,89
7669,1,58
7669,2,78
7670,0,94
7670,1,25
7670,2,23
7671,0,20
7671,1,45
7671,2,91
7672,0,43
7672,1,20
7672,2,87
7673,0,54
7673,1,26
7673,2,35
7674,0,60
7674,1,78
7674,2,22
7675,0,43
7675,1,95
7675,2,97
7676,0,13
7676,1,40
7676,2,44
7677,0,25
7677,1,52
7677,2,65
7678,0,96
7678,1,56
7678,2,39
7679,0,63
7679,1,54
7679,2,77
7680,0,95
7680,1,14
7680,2,33
7681,0,13
7681,1,50
7681,2,44
7682,0,44
7682,1,52
7682,2,26
7683,0,37
7683,1,37
7683,2,49
7684,0,25
7684,1,71
7684,2,49
7685,0,21
7685,1,44
7685,2,88
7686,0,8
7686,1,92
7686,2,86
7687,0,59
7687,1,74
7687,2,29
7688,0,39
7688,1,37
7688,2,24
7689,0,17
7689,1,69
7689,2,24
7690,0,72
7690,1,24
7690,2,100
7691,0,64
7691,1,27
7691,2,80
7692,0,6
7692,1,13
7692,2,49
7693,0,9
7693,1,13
7693,2,14
7694,0,51
7694,1,69
7694,2,52
7695,0,33
7695,1,80
7695,2,12
7696,0,42
7696,1,100
7696,2,57
7697,0,40
7697,1,2
7697,2,35
7698,0,81
7698,1,95
7698,2,34
7699,0,0
7699,1,46
7699,2,79
7700,0,14
7700,1,19
7700,2,3
7701,0,33
7701,1,99
7701,2,31
7702,0,76
7702,1,90
7702,2,1
7703,0,98
7703,1,95
7703,2,27
7704,0,22
7704,1,94
7704,2,18
7705,0,26
7705,1,82
7705,2,59
7706,0,30
7706,1,32
7706,2,38
7707,0,32
7707,1,40
7707,2,45
7708,0,58
7708,1,0
7708,2,82
7709,0,24
7709,1,51
7709,2,72
7710,0,34
7710,1,19
7710,2,82
7711,0,64
7711,1,85
7711,2,87
7712,0,35
7712,1,31
7712,2,31
7713,0,32
7713,1,31
7713,2,94
7714,0,87
7714,1,60
7714,2,61
7715,0,18
7715,1,16
7715,2,3
7716,0,30
7716,1,22
7716,2,29
7717,0,62
7717,1,41
7717,2,59
7718,0,1
7718,1,92
7718,2,78
7719,0,49
7719,1,17
7719,2,29
7720,0,83
7720,1,3
7720,2,63
7721,0,77
7721,1,33
7721,2,29
7722,0,73
7722,1,50
7722,2,7
7723,0,99
7723,1,14
7723,2,57
7724,0,7
7724,1,72
7724,2,10
7725,0,80
7725,1,27
7725,2,47
7726,0,20
7726,1,62
7726,2,53
7727,0,14
7727,1,46
7727,2,15
7728,0,5
7728,1,5
7728,2,82
7729,0,67
7729,1,61
7729,2,57
7730,0,5
7730,1,18
7730,2,47
7731,0,77
7731,1,36
7731,2,60
7732,0,63
7732,1,94
7732,2,13
7733,0,77
7733,1,45
7733,2,42
7734,0,7
7734,1,11
7734,2,52
7735,0,30
7735,1,13
7735,2,61
7736,0,27
7736,1,17
7736,2,14
7737,0,74
7737,1,91
7737,2,32
7738,0,0
7738,1,4
7738,2,21
7739,0,55
7739,1,15
7739,2,42
7740,0,35
7740,1,42
7740,2,43
7741,0,37
7741,1,20
7741,2,25
7742,0,69
7742,1,58
7742,2,94
7743,0,82
7743,1,10
7743,2,93
7744,0,97
7744,1,3
7744,2,65
7745,0,80
7745,1,87
7745,2,14
7746,0,78
7746,1,64
7746,2,58
7747,0,82
7747,1,21
7747,2,85
7748,0,77
7748,1,100
7748,2,42
7749,0,87
7749,1,63
7749,2,46
7750,0,48
7750,1,34
7750,2,47
7751,0,18
7751,1,17
7751,2,94
7752,0,40
7752,1,32
7752,2,12
7753,0,13
7753,1,11
7753,2,6
7754,0,32
7754,1,27
7754,2,25
7755,0,25
7755,1,1
7755,2,51
7756,0,90
7756,1,41
7756,2,18
7757,0,78
7757,1,24
7757,2,33
7758,0,83
7758,1,96
7758,2,12
7759,0,90
7759,1,64
7759,2,60
7760,0,4
7760,1,3
7760,2,10
7761,0,41
7761,1,71
7761,2,22
7762,0,50
7762,1,43
7762,2,41
7763,0,65
7763,1,97
7763,2,20
7764,0,11
7764,1,59
7764,2,64
7765,0,19
7765,1,23
7765,2,81
7766,0,58
7766,1,14
7766,2,52
7767,0,78
7767,1,62
7767,2,0
7768,0,3
7768,1,13
7768,2,18
7769,0,70
7769,1,95
7769,2,72
7770,0,12
7770,1,53
7770,2,52
7771,0,1
7771,1,72
7771,2,27
7772,0,31
7772,1,51
7772,2,54
7773,0,74
7773,1,59
7773,2,21
7774,0,57
7774,1,12
7774,2,60
7775,0,89
7775,1,27
7775,2,79
7776,0,27
7776,1,66
7776,2,44
7777,0,29
7777,1,92
7777,2,0
7778,0,72
7778,1,95
7778,2,93
7779,0,3
7779,1,88
7779,2,56
7780,0,55
7780,1,16
7780,2,72
7781,0,99
7781,1,34
7781,2,95
7782,0,11
7782,1,76
7782,2,61
7783,0,86
7783,1,66
7783,2,48
7784,0,14
7784,1,21
7784,2,81
7785,0,98
7785,1,7
7785,2,14
7786,0,17
7786,1,62
7786,2,7
7787,0,97
7787,1,83
7787,2,74
7788,0,43
7788,1,54
7788,2,9
7789,0,6
7789,1,52
7789,2,62
7790,0,22
7790,1,12
7790,2,62
7791,0,72
7791,1,7
7791,2,97
7792,0,20
7792,1,92
7792,2,12
7793,0,54
7793,1,92
7793,2,87
7794,0,82
7794,1,7
7794,2,51
7795,0,66
7795,1,16
7795,2,90
7796,0,81
7796,1,96
7796,2,36
7797,0,39
7797,1,25
7797,2,85
7798,0,11
7798,1,12
7798,2,67
7799,0,73
7799,1,85
7799,2,71
7800,0,21
7800,1,66
7800,2,86
7801,0,69
7801,1,20
7801,2,83
7802,0,26
7802,1,64
7802,2,1
7803,0,27
7803,1,35
7803,2,57
7804,0,64
7804,1,38
7804,2,35
7805,0,9
7805,1,100
7805,2,15
7806,0,49
7806,1,25
7806,2,28
7807,0,50
7807,1,59
7807,2,45
7808,0,42
7808,1,66
7808,2,63
7809,0,23
7809,1,96
7809,2,9
7810,0,100
7810,1,71
7810,2,96
7811,0,44
7811,1,79
7811,2,5
7812,0,100
7812,1,35
7812,2,67
7813,0,46
7813,1,12
7813,2,70
7814,0,97
7814,1,78
7814,2,61
7815,0,88
7815,1,7
7815,2,67
7816,0,20
7816,1,63
7816,2,45
7817,0,5
7817,1,18
7817,2,2
7818,0,77
7818,1,68
7818,2,23
7819,0,51
7819,1,84
7819,2,47
7820,0,62
7820,1,90
7820,2,56
7821,0,30
7821,1,46
7821,2,42
7822,0,67
7822,1,15
7822,2,6
7823,0,12
7823,1,55
7823,2,67
7824,0,5
7824,1,86
7824,2,79
7825,0,76
7825,1,13
7825,2,90
7826,0,72
7826,1,9
7826,2,22
7827,0,23
7827,1,19
7827,2,50
7828,0,1
7828,1,61
7828,2,14
7829,0,90
7829,1,57
7829,2,56
7830,0,1
7830,1,54
7830,2,63
7831,0,13
7831,1,98
7831,2,32
7832,0,2
7832,1,63
7832,2,50
7833,0,8
7833,1,10
7833,2,8
7834,0,31
7834,1,55
7834,2,72
7835,0,20
7835,1,87
7835,2,45
7836,0,13
7836,1,40
7836,2,82
7837,0,40
7837,1,8
7837,2,68
7838,0,45
7838,1,96
7838,2,28
7839,0,74
7839,1,5
7839,2,67
7840,0,35
7840,1,35
7840,2,14
7841,0,31
7841,1,84
7841,2,19
7842,0,70
7842,1,85
7842,2,61
7843,0,65
7843,1,84
7843,2,0
7844,0,50
7844,1,48
7844,2,67
7845,0,51
7845,1,79
7845,2,15
7846,0,51
7846,1,76
7846,2,52
7847,0,54
7847,1,15
7847,2,7
7848,0,37
7848,1,16
7848,2,67
7849,0,26
7849,1,8
7849,2,77
7850,0,84
7850,1,59
7850,2,60
7851,0,66
7851,1,74
7851,2,62
7852,0,3
7852,1,85
7852,2,63
7853,0,100
7853,1,61
7853,2,33
7854,0,37
7854,1,47
7854,2,8
7855,0,84
7855,1,59
7855,2,49
7856,0,47
7856,1,38
7856,2,77
7857,0,5
7857,1,62
7857,2,30
7858,0,94
7858,1,39
7858,2,83
7859,0,15
7859,1,94
7859,2,26
7860,0,89
7860,1,2
7860,2,27
7861,0,63
7861,1,55
7861,2,16
7862,0,11
7862,1,37
7862,2,97
7863,0,65
7863,1,66
7863,2,18
7864,0,43
7864,1,86
7864,2,32
7865,0,56
7865,1,33
7865,2,53
